ISO-10303-21;
HEADER;
/* Generated by software containing ST-Developer
 * from STEP Tools, Inc. (www.steptools.com) 
 */

FILE_DESCRIPTION(
/* description */ (''),
/* implementation_level */ '2;1');

FILE_NAME(
/* name */ '',
/* time_stamp */ '2023-04-02T00:03:20+08:00',
/* author */ (''),
/* organization */ (''),
/* preprocessor_version */ 'ST-DEVELOPER v19.2',
/* originating_system */ 'Autodesk Translation Framework v11.17.0.187',

/* authorisation */ '');

FILE_SCHEMA (('AUTOMOTIVE_DESIGN { 1 0 10303 214 3 1 1 }'));
ENDSEC;

DATA;
#10=MECHANICAL_DESIGN_GEOMETRIC_PRESENTATION_REPRESENTATION('',(#23,#24),
#16597);
#11=ITEM_DEFINED_TRANSFORMATION($,$,#9604,#10648);
#12=ITEM_DEFINED_TRANSFORMATION($,$,#9605,#10649);
#13=(
REPRESENTATION_RELATIONSHIP($,$,#16611,#16610)
REPRESENTATION_RELATIONSHIP_WITH_TRANSFORMATION(#11)
SHAPE_REPRESENTATION_RELATIONSHIP()
);
#14=(
REPRESENTATION_RELATIONSHIP($,$,#16612,#16610)
REPRESENTATION_RELATIONSHIP_WITH_TRANSFORMATION(#12)
SHAPE_REPRESENTATION_RELATIONSHIP()
);
#15=CONTEXT_DEPENDENT_SHAPE_REPRESENTATION(#13,#16608);
#16=CONTEXT_DEPENDENT_SHAPE_REPRESENTATION(#14,#16609);
#17=NEXT_ASSEMBLY_USAGE_OCCURRENCE('\X2\96F690E84EF6\X0\1:1',
'\X2\96F690E84EF6\X0\1:1','\X2\96F690E84EF6\X0\1:1',#16614,#16615,
'\X2\96F690E84EF6\X0\1:1');
#18=NEXT_ASSEMBLY_USAGE_OCCURRENCE('\X2\96F690E84EF6\X0\2:1',
'\X2\96F690E84EF6\X0\2:1','\X2\96F690E84EF6\X0\2:1',#16614,#16616,
'\X2\96F690E84EF6\X0\2:1');
#19=SHAPE_REPRESENTATION_RELATIONSHIP('SRR','None',#16612,#21);
#20=SHAPE_REPRESENTATION_RELATIONSHIP('SRR','None',#16610,#22);
#21=ADVANCED_BREP_SHAPE_REPRESENTATION('',(#25),#16596);
#22=ADVANCED_BREP_SHAPE_REPRESENTATION('',(#26),#16594);
#23=STYLED_ITEM('',(#16630),#25);
#24=STYLED_ITEM('',(#16630),#26);
#25=MANIFOLD_SOLID_BREP('\X2\5B9E4F53\X0\2',#9578);
#26=MANIFOLD_SOLID_BREP('\X2\5B9E4F53\X0\1',#9579);
#27=SPHERICAL_SURFACE('',#10112,0.5);
#28=SPHERICAL_SURFACE('',#10138,0.5);
#29=SPHERICAL_SURFACE('',#10144,0.5);
#30=SPHERICAL_SURFACE('',#10146,0.5);
#31=SPHERICAL_SURFACE('',#10402,0.5);
#32=SPHERICAL_SURFACE('',#10408,0.5);
#33=B_SPLINE_CURVE_WITH_KNOTS('',3,(#14699,#14700,#14701,#14702,#14703,
#14704,#14705,#14706,#14707,#14708),.UNSPECIFIED.,.F.,.F.,(4,2,2,2,4),(0.420889064513925,
0.448230178257641,0.496810517834296,0.54539085741095,0.572731971154668),
 .UNSPECIFIED.);
#34=B_SPLINE_CURVE_WITH_KNOTS('',3,(#14721,#14722,#14723,#14724,#14725,
#14726),.UNSPECIFIED.,.F.,.F.,(4,2,4),(0.393187452356143,0.441473628126704,
0.442579992114172),.UNSPECIFIED.);
#35=B_SPLINE_CURVE_WITH_KNOTS('',3,(#14728,#14729,#14730,#14731,#14732,
#14733,#14734,#14735,#14736,#14737,#14738,#14739,#14740,#14741,#14742,#14743),
 .UNSPECIFIED.,.F.,.F.,(4,2,2,2,2,2,2,4),(0.442579992114172,0.514038321659767,
0.550320668426298,0.58660301519283,0.622595734120231,0.658588453047631,
0.730573890902432,0.779929018741901),.UNSPECIFIED.);
#36=B_SPLINE_CURVE_WITH_KNOTS('',3,(#14757,#14758,#14759,#14760,#14761,
#14762,#14763,#14764,#14765,#14766,#14767,#14768,#14769,#14770,#14771,#14772,
#14773,#14774),.UNSPECIFIED.,.F.,.F.,(4,2,2,2,2,2,2,2,4),(0.393375849514455,
0.442731010620748,0.51471645314013,0.550709174399821,0.586701895659512,
0.622984244227373,0.659266592795235,0.731831289930957,0.780117500950252),
 .UNSPECIFIED.);
#37=B_SPLINE_CURVE_WITH_KNOTS('',3,(#14787,#14788,#14789,#14790,#14791,
#14792,#14793,#14794,#14795,#14796),.UNSPECIFIED.,.F.,.F.,(4,2,2,2,4),(0.420889064513928,
0.448230178257641,0.496810517834295,0.545390857410949,0.572731971154664),
 .UNSPECIFIED.);
#38=B_SPLINE_CURVE_WITH_KNOTS('',3,(#15603,#15604,#15605,#15606,#15607,
#15608,#15609,#15610,#15611,#15612,#15613,#15614),.UNSPECIFIED.,.F.,.F.,
(4,2,2,2,2,4),(-0.0563063068527715,-0.0357025867452578,-0.0149794215108652,
-0.0087096101600952,-0.00353813913485034,0.),.UNSPECIFIED.);
#39=B_SPLINE_CURVE_WITH_KNOTS('',3,(#15622,#15623,#15624,#15625,#15626,
#15627,#15628,#15629,#15630,#15631),.UNSPECIFIED.,.F.,.F.,(4,2,2,2,4),(-0.052083971996852,
-0.0494079508671337,-0.0461292049591516,-0.0384089109120762,0.),
 .UNSPECIFIED.);
#40=B_SPLINE_CURVE_WITH_KNOTS('',3,(#15636,#15637,#15638,#15639,#15640,
#15641,#15642,#15643,#15644,#15645),.UNSPECIFIED.,.F.,.F.,(4,2,2,2,4),(-0.0520839719972114,
-0.0494079508671272,-0.0461292049591845,-0.0384089109121152,0.),
 .UNSPECIFIED.);
#41=B_SPLINE_CURVE_WITH_KNOTS('',3,(#15649,#15650,#15651,#15652,#15653,
#15654,#15655,#15656,#15657,#15658,#15659,#15660),.UNSPECIFIED.,.F.,.F.,
(4,2,2,2,2,4),(-0.0563063068527687,-0.0357025867452558,-0.0149794215108653,
-0.00870961016009546,-0.00353813913485037,0.),.UNSPECIFIED.);
#42=B_SPLINE_CURVE_WITH_KNOTS('',3,(#15668,#15669,#15670,#15671),
 .UNSPECIFIED.,.F.,.F.,(4,4),(0.303509592370227,0.349779142867043),
 .UNSPECIFIED.);
#43=B_SPLINE_CURVE_WITH_KNOTS('',3,(#15685,#15686,#15687,#15688),
 .UNSPECIFIED.,.F.,.F.,(4,4),(0.303509592370228,0.349779142867043),
 .UNSPECIFIED.);
#44=B_SPLINE_CURVE_WITH_KNOTS('',3,(#15695,#15696,#15697,#15698),
 .UNSPECIFIED.,.F.,.F.,(4,4),(0.,0.0462695504968148),.UNSPECIFIED.);
#45=B_SPLINE_CURVE_WITH_KNOTS('',3,(#15738,#15739,#15740,#15741),
 .UNSPECIFIED.,.F.,.F.,(4,4),(0.,0.0462695504968148),.UNSPECIFIED.);
#46=(
BOUNDED_SURFACE()
B_SPLINE_SURFACE(2,2,((#14525,#14526,#14527),(#14528,#14529,#14530),(#14531,
#14532,#14533)),.UNSPECIFIED.,.F.,.F.,.F.)
B_SPLINE_SURFACE_WITH_KNOTS((3,3),(3,3),(-1.5707963267949,-1.19028994968252),
(-3.14159265358979,-2.35619449019235),.UNSPECIFIED.)
GEOMETRIC_REPRESENTATION_ITEM()
RATIONAL_B_SPLINE_SURFACE(((1.,0.923879532511289,1.),(0.98195638673139,
0.907209407519871,0.98195638673139),(1.,0.923879532511289,1.)))
REPRESENTATION_ITEM('')
SURFACE()
);
#47=(
BOUNDED_SURFACE()
B_SPLINE_SURFACE(2,2,((#14543,#14544,#14545),(#14546,#14547,#14548),(#14549,
#14550,#14551)),.UNSPECIFIED.,.F.,.F.,.F.)
B_SPLINE_SURFACE_WITH_KNOTS((3,3),(3,3),(-1.5707963267949,-1.19028994968252),
(2.35619449019234,3.14159265358979),.UNSPECIFIED.)
GEOMETRIC_REPRESENTATION_ITEM()
RATIONAL_B_SPLINE_SURFACE(((1.,0.923879532511287,1.),(0.981956386731428,
0.907209407519904,0.981956386731428),(1.,0.923879532511287,1.)))
REPRESENTATION_ITEM('')
SURFACE()
);
#48=(
BOUNDED_SURFACE()
B_SPLINE_SURFACE(2,2,((#14558,#14559,#14560),(#14561,#14562,#14563),(#14564,
#14565,#14566)),.UNSPECIFIED.,.F.,.F.,.F.)
B_SPLINE_SURFACE_WITH_KNOTS((3,3),(3,3),(-1.5707963267949,-1.19028994968253),
(1.5707963267949,2.35619449019236),.UNSPECIFIED.)
GEOMETRIC_REPRESENTATION_ITEM()
RATIONAL_B_SPLINE_SURFACE(((1.,0.923879532511283,1.),(0.981956386731436,
0.907209407519907,0.981956386731436),(1.,0.923879532511283,1.)))
REPRESENTATION_ITEM('')
SURFACE()
);
#49=(
BOUNDED_SURFACE()
B_SPLINE_SURFACE(2,2,((#14570,#14571,#14572),(#14573,#14574,#14575),(#14576,
#14577,#14578)),.UNSPECIFIED.,.F.,.F.,.F.)
B_SPLINE_SURFACE_WITH_KNOTS((3,3),(3,3),(-1.57079632679491,-1.19028994968253),
(0.785398163397451,1.5707963267949),.UNSPECIFIED.)
GEOMETRIC_REPRESENTATION_ITEM()
RATIONAL_B_SPLINE_SURFACE(((1.,0.923879532511287,1.),(0.981956386731433,
0.907209407519909,0.981956386731433),(1.,0.923879532511287,1.)))
REPRESENTATION_ITEM('')
SURFACE()
);
#50=(
BOUNDED_SURFACE()
B_SPLINE_SURFACE(2,2,((#14583,#14584,#14585),(#14586,#14587,#14588),(#14589,
#14590,#14591)),.UNSPECIFIED.,.F.,.F.,.F.)
B_SPLINE_SURFACE_WITH_KNOTS((3,3),(3,3),(-1.5707963267949,-1.19028994968253),
(4.50430027638165E-17,0.785398163397451),.UNSPECIFIED.)
GEOMETRIC_REPRESENTATION_ITEM()
RATIONAL_B_SPLINE_SURFACE(((1.,0.923879532511286,1.),(0.981956386731446,
0.90720940751992,0.981956386731446),(1.,0.923879532511286,1.)))
REPRESENTATION_ITEM('')
SURFACE()
);
#51=(
BOUNDED_SURFACE()
B_SPLINE_SURFACE(2,2,((#14595,#14596,#14597),(#14598,#14599,#14600),(#14601,
#14602,#14603)),.UNSPECIFIED.,.F.,.F.,.F.)
B_SPLINE_SURFACE_WITH_KNOTS((3,3),(3,3),(-1.5707963267949,-1.19028994968252),
(-0.785398163397462,2.75901195480194E-16),.UNSPECIFIED.)
GEOMETRIC_REPRESENTATION_ITEM()
RATIONAL_B_SPLINE_SURFACE(((1.,0.923879532511284,1.),(0.981956386731259,
0.907209407519745,0.981956386731259),(1.,0.923879532511284,1.)))
REPRESENTATION_ITEM('')
SURFACE()
);
#52=(
BOUNDED_SURFACE()
B_SPLINE_SURFACE(2,2,((#14609,#14610,#14611),(#14612,#14613,#14614),(#14615,
#14616,#14617)),.UNSPECIFIED.,.F.,.F.,.F.)
B_SPLINE_SURFACE_WITH_KNOTS((3,3),(3,3),(-1.5707963267949,-1.19028994968253),
(-1.5707963267949,-0.785398163397428),.UNSPECIFIED.)
GEOMETRIC_REPRESENTATION_ITEM()
RATIONAL_B_SPLINE_SURFACE(((1.,0.923879532511283,1.),(0.981956386731437,
0.907209407519909,0.981956386731437),(1.,0.923879532511283,1.)))
REPRESENTATION_ITEM('')
SURFACE()
);
#53=(
BOUNDED_SURFACE()
B_SPLINE_SURFACE(2,2,((#14625,#14626,#14627),(#14628,#14629,#14630),(#14631,
#14632,#14633)),.UNSPECIFIED.,.F.,.F.,.F.)
B_SPLINE_SURFACE_WITH_KNOTS((3,3),(3,3),(-1.5707963267949,-1.19028994968252),
(-2.35619449019235,-1.5707963267949),.UNSPECIFIED.)
GEOMETRIC_REPRESENTATION_ITEM()
RATIONAL_B_SPLINE_SURFACE(((1.,0.923879532511287,1.),(0.981956386731392,
0.907209407519871,0.981956386731392),(1.,0.923879532511287,1.)))
REPRESENTATION_ITEM('')
SURFACE()
);
#54=(
BOUNDED_SURFACE()
B_SPLINE_SURFACE(2,2,((#15112,#15113,#15114),(#15115,#15116,#15117),(#15118,
#15119,#15120)),.UNSPECIFIED.,.F.,.F.,.F.)
B_SPLINE_SURFACE_WITH_KNOTS((3,3),(3,3),(-1.57079632679491,2.30483873279122E-16),
(-1.22563779363588,-2.22044604925031E-16),.UNSPECIFIED.)
GEOMETRIC_REPRESENTATION_ITEM()
RATIONAL_B_SPLINE_SURFACE(((1.,0.818029909190867,1.),(0.707106781186508,
0.578434496002246,0.707106781186508),(1.,0.818029909190867,1.)))
REPRESENTATION_ITEM('')
SURFACE()
);
#55=(
BOUNDED_SURFACE()
B_SPLINE_SURFACE(2,2,((#15142,#15143,#15144),(#15145,#15146,#15147),(#15148,
#15149,#15150)),.UNSPECIFIED.,.F.,.F.,.F.)
B_SPLINE_SURFACE_WITH_KNOTS((3,3),(3,3),(-1.5707963267949,-4.93038065763125E-32),
(-3.44509284839765E-16,1.22563779363584),.UNSPECIFIED.)
GEOMETRIC_REPRESENTATION_ITEM()
RATIONAL_B_SPLINE_SURFACE(((1.,0.818029909190877,1.),(0.707106781186509,
0.578434496002253,0.707106781186509),(1.,0.818029909190877,1.)))
REPRESENTATION_ITEM('')
SURFACE()
);
#56=(
BOUNDED_SURFACE()
B_SPLINE_SURFACE(2,2,((#15174,#15175,#15176),(#15177,#15178,#15179),(#15180,
#15181,#15182)),.UNSPECIFIED.,.F.,.F.,.F.)
B_SPLINE_SURFACE_WITH_KNOTS((3,3),(3,3),(-1.57079632679491,4.93038065763125E-32),
(1.91595485995391,3.14159265358979),.UNSPECIFIED.)
GEOMETRIC_REPRESENTATION_ITEM()
RATIONAL_B_SPLINE_SURFACE(((1.,0.818029909190864,1.),(0.707106781186508,
0.578434496002243,0.707106781186508),(1.,0.818029909190864,1.)))
REPRESENTATION_ITEM('')
SURFACE()
);
#57=(
BOUNDED_SURFACE()
B_SPLINE_SURFACE(2,2,((#15206,#15207,#15208),(#15209,#15210,#15211),(#15212,
#15213,#15214)),.UNSPECIFIED.,.F.,.F.,.F.)
B_SPLINE_SURFACE_WITH_KNOTS((3,3),(3,3),(-1.57079632679491,2.30483873279116E-16),
(-3.14159265358979,-1.91595485995391),.UNSPECIFIED.)
GEOMETRIC_REPRESENTATION_ITEM()
RATIONAL_B_SPLINE_SURFACE(((1.,0.818029909190865,1.),(0.707106781186508,
0.578434496002244,0.707106781186508),(1.,0.818029909190865,1.)))
REPRESENTATION_ITEM('')
SURFACE()
);
#58=CONICAL_SURFACE('',#9774,1.5,0.463647609000805);
#59=CONICAL_SURFACE('',#9776,1.5,0.463647609000806);
#60=CONICAL_SURFACE('',#9779,1.5,0.463647609000805);
#61=CONICAL_SURFACE('',#9781,1.5,0.463647609000806);
#62=CONICAL_SURFACE('',#9797,1.5,0.463647609000805);
#63=CONICAL_SURFACE('',#9800,1.5,0.463647609000806);
#64=CONICAL_SURFACE('',#9803,1.5,0.463647609000806);
#65=CONICAL_SURFACE('',#9805,1.5,0.463647609000806);
#66=CONICAL_SURFACE('',#9860,3.5,1.19028994968253);
#67=CONICAL_SURFACE('',#9864,3.5,1.19028994968253);
#68=CONICAL_SURFACE('',#9867,3.5,1.19028994968253);
#69=CONICAL_SURFACE('',#9871,3.5,1.19028994968253);
#70=CONICAL_SURFACE('',#9911,3.5,1.19028994968253);
#71=CONICAL_SURFACE('',#9914,3.5,1.19028994968253);
#72=CONICAL_SURFACE('',#9916,3.5,1.19028994968253);
#73=CONICAL_SURFACE('',#9919,3.5,1.19028994968253);
#74=CONICAL_SURFACE('',#9987,0.599999999999996,0.785398163397437);
#75=CONICAL_SURFACE('',#10020,0.950000000000011,0.785398163397448);
#76=CONICAL_SURFACE('',#10033,0.949999999999993,0.785398163397448);
#77=CONICAL_SURFACE('',#10037,0.949999999999993,0.785398163397448);
#78=CONICAL_SURFACE('',#10041,0.949999999999993,0.785398163397448);
#79=CONICAL_SURFACE('',#10046,1.1,0.785398163397439);
#80=CONICAL_SURFACE('',#10048,1.1,0.785398163397439);
#81=CONICAL_SURFACE('',#10050,1.1,0.785398163397429);
#82=CONICAL_SURFACE('',#10052,1.1,0.785398163397429);
#83=CONICAL_SURFACE('',#10057,0.600000000000004,0.785398163397465);
#84=CONICAL_SURFACE('',#10060,0.599999999999993,0.785398163397415);
#85=CONICAL_SURFACE('',#10071,0.600000000000004,0.785398163397465);
#86=CONICAL_SURFACE('',#10074,0.600000000000006,0.785398163397478);
#87=CONICAL_SURFACE('',#10192,17.,0.785398163397447);
#88=CONICAL_SURFACE('',#10251,1.35,0.78539816339745);
#89=CONICAL_SURFACE('',#10254,1.35,0.78539816339745);
#90=CONICAL_SURFACE('',#10295,1.25,0.982793723247332);
#91=CONICAL_SURFACE('',#10298,1.25,0.98279372324733);
#92=CONICAL_SURFACE('',#10318,1.25,0.98279372324733);
#93=CONICAL_SURFACE('',#10321,1.25,0.982793723247331);
#94=CONICAL_SURFACE('',#10323,1.35,0.78539816339745);
#95=CONICAL_SURFACE('',#10326,1.35,0.78539816339745);
#96=CONICAL_SURFACE('',#10329,1.35,0.785398163397451);
#97=CONICAL_SURFACE('',#10332,1.35,0.785398163397449);
#98=CONICAL_SURFACE('',#10364,0.75,0.785398163397448);
#99=CONICAL_SURFACE('',#10367,0.75,0.785398163397448);
#100=CONICAL_SURFACE('',#10372,0.75,0.785398163397447);
#101=CONICAL_SURFACE('',#10375,0.75,0.785398163397448);
#102=CONICAL_SURFACE('',#10392,1.35,0.785398163397449);
#103=CONICAL_SURFACE('',#10394,1.35,0.785398163397451);
#104=CONICAL_SURFACE('',#10422,2.,0.785398163397447);
#105=CONICAL_SURFACE('',#10426,2.,0.78539816339745);
#106=CONICAL_SURFACE('',#10430,2.,0.785398163397448);
#107=CONICAL_SURFACE('',#10434,2.,0.785398163397448);
#108=CONICAL_SURFACE('',#10547,4.,1.10714871779409);
#109=CONICAL_SURFACE('',#10550,4.,1.10714871779409);
#110=CONICAL_SURFACE('',#10553,4.,1.10714871779409);
#111=CONICAL_SURFACE('',#10556,4.,1.10714871779409);
#112=CONICAL_SURFACE('',#10608,4.,1.10714871779409);
#113=CONICAL_SURFACE('',#10610,4.,1.10714871779409);
#114=CONICAL_SURFACE('',#10637,4.,1.10714871779409);
#115=CONICAL_SURFACE('',#10639,4.,1.10714871779409);
#116=TOROIDAL_SURFACE('',#9721,2.,1.);
#117=TOROIDAL_SURFACE('',#9727,2.,1.);
#118=TOROIDAL_SURFACE('',#9736,2.,1.);
#119=TOROIDAL_SURFACE('',#9742,2.,1.);
#120=TOROIDAL_SURFACE('',#9749,2.,1.);
#121=TOROIDAL_SURFACE('',#9755,2.,1.);
#122=TOROIDAL_SURFACE('',#9763,2.,1.);
#123=TOROIDAL_SURFACE('',#9769,2.,1.);
#124=TOROIDAL_SURFACE('',#9921,4.,2.);
#125=TOROIDAL_SURFACE('',#9926,4.,2.);
#126=TOROIDAL_SURFACE('',#9930,4.,2.);
#127=TOROIDAL_SURFACE('',#9934,4.,2.);
#128=TOROIDAL_SURFACE('',#9938,4.,2.);
#129=TOROIDAL_SURFACE('',#9943,4.,2.);
#130=TOROIDAL_SURFACE('',#9947,4.,2.);
#131=TOROIDAL_SURFACE('',#9951,4.,2.);
#132=TOROIDAL_SURFACE('',#9982,0.782842712474614,0.2);
#133=TOROIDAL_SURFACE('',#10016,0.299999999999998,0.2);
#134=TOROIDAL_SURFACE('',#10084,13.8,0.5);
#135=TOROIDAL_SURFACE('',#10090,1.,0.5);
#136=TOROIDAL_SURFACE('',#10094,12.,0.5);
#137=TOROIDAL_SURFACE('',#10097,1.,0.5);
#138=TOROIDAL_SURFACE('',#10104,13.8,0.5);
#139=TOROIDAL_SURFACE('',#10108,1.75,0.5);
#140=TOROIDAL_SURFACE('',#10114,13.8,0.5);
#141=TOROIDAL_SURFACE('',#10122,1.,0.5);
#142=TOROIDAL_SURFACE('',#10125,12.,0.5);
#143=TOROIDAL_SURFACE('',#10128,1.,0.5);
#144=TOROIDAL_SURFACE('',#10135,13.8,0.5);
#145=TOROIDAL_SURFACE('',#10140,1.75,0.5);
#146=TOROIDAL_SURFACE('',#10230,1.80710678118654,0.5);
#147=TOROIDAL_SURFACE('',#10236,1.80710678118654,0.5);
#148=TOROIDAL_SURFACE('',#10242,1.80710678118654,0.5);
#149=TOROIDAL_SURFACE('',#10248,1.80710678118654,0.5);
#150=TOROIDAL_SURFACE('',#10268,1.,0.5);
#151=TOROIDAL_SURFACE('',#10275,1.,0.5);
#152=TOROIDAL_SURFACE('',#10284,1.,0.5);
#153=TOROIDAL_SURFACE('',#10291,1.,0.5);
#154=TOROIDAL_SURFACE('',#10303,2.29974788135467,0.99);
#155=TOROIDAL_SURFACE('',#10308,2.29974788135467,0.99);
#156=TOROIDAL_SURFACE('',#10312,2.29974788135467,0.99);
#157=TOROIDAL_SURFACE('',#10316,2.29974788135467,0.99);
#158=TOROIDAL_SURFACE('',#10343,1.20710678118655,0.5);
#159=TOROIDAL_SURFACE('',#10349,1.20710678118655,0.5);
#160=TOROIDAL_SURFACE('',#10355,1.20710678118655,0.5);
#161=TOROIDAL_SURFACE('',#10361,1.20710678118655,0.5);
#162=TOROIDAL_SURFACE('',#10498,4.5,1.5);
#163=TOROIDAL_SURFACE('',#10505,4.5,1.5);
#164=TOROIDAL_SURFACE('',#10511,4.5,1.5);
#165=TOROIDAL_SURFACE('',#10517,4.5,1.5);
#166=TOROIDAL_SURFACE('',#10523,4.5,1.5);
#167=TOROIDAL_SURFACE('',#10529,4.5,1.5);
#168=TOROIDAL_SURFACE('',#10535,4.5,1.5);
#169=TOROIDAL_SURFACE('',#10541,4.5,1.5);
#170=TOROIDAL_SURFACE('',#10567,1.64589803375031,1.5);
#171=TOROIDAL_SURFACE('',#10572,1.64589803375032,1.5);
#172=TOROIDAL_SURFACE('',#10577,1.64589803375032,1.5);
#173=TOROIDAL_SURFACE('',#10583,1.64589803375032,1.5);
#174=TOROIDAL_SURFACE('',#10589,1.64589803375032,1.5);
#175=TOROIDAL_SURFACE('',#10595,1.64589803375032,1.5);
#176=TOROIDAL_SURFACE('',#10601,1.64589803375032,1.5);
#177=TOROIDAL_SURFACE('',#10606,1.64589803375032,1.5);
#178=ELLIPSE('',#9720,1.4142135623731,1.);
#179=ELLIPSE('',#9732,1.4142135623731,1.);
#180=ELLIPSE('',#9735,1.4142135623731,1.);
#181=ELLIPSE('',#9760,1.41421356237309,1.);
#182=ELLIPSE('',#9955,1.88480768249708,1.75000000000001);
#183=ELLIPSE('',#9957,1.88480768249708,1.75000000000001);
#184=ELLIPSE('',#9958,1.88480768249708,1.75000000000001);
#185=ELLIPSE('',#9960,1.88480768249708,1.75000000000001);
#186=ELLIPSE('',#9961,1.88480768249708,1.75000000000001);
#187=ELLIPSE('',#9963,1.88480768249707,1.75);
#188=ELLIPSE('',#9964,1.88480768249707,1.75);
#189=ELLIPSE('',#10065,0.50568573774517,0.5);
#190=ELLIPSE('',#10068,0.50568573774517,0.5);
#191=ELLIPSE('',#10079,0.50568573774517,0.5);
#192=ELLIPSE('',#10082,0.50568573774517,0.5);
#193=CYLINDRICAL_SURFACE('',#9687,2.);
#194=CYLINDRICAL_SURFACE('',#9690,2.);
#195=CYLINDRICAL_SURFACE('',#9693,2.);
#196=CYLINDRICAL_SURFACE('',#9696,2.);
#197=CYLINDRICAL_SURFACE('',#9699,2.);
#198=CYLINDRICAL_SURFACE('',#9702,2.);
#199=CYLINDRICAL_SURFACE('',#9705,2.);
#200=CYLINDRICAL_SURFACE('',#9708,2.);
#201=CYLINDRICAL_SURFACE('',#9718,1.);
#202=CYLINDRICAL_SURFACE('',#9725,1.);
#203=CYLINDRICAL_SURFACE('',#9731,1.);
#204=CYLINDRICAL_SURFACE('',#9733,1.);
#205=CYLINDRICAL_SURFACE('',#9740,1.);
#206=CYLINDRICAL_SURFACE('',#9746,1.);
#207=CYLINDRICAL_SURFACE('',#9747,1.);
#208=CYLINDRICAL_SURFACE('',#9753,1.);
#209=CYLINDRICAL_SURFACE('',#9759,1.);
#210=CYLINDRICAL_SURFACE('',#9761,1.);
#211=CYLINDRICAL_SURFACE('',#9767,1.);
#212=CYLINDRICAL_SURFACE('',#9773,1.);
#213=CYLINDRICAL_SURFACE('',#9784,1.);
#214=CYLINDRICAL_SURFACE('',#9787,1.);
#215=CYLINDRICAL_SURFACE('',#9791,1.);
#216=CYLINDRICAL_SURFACE('',#9793,1.);
#217=CYLINDRICAL_SURFACE('',#9807,1.);
#218=CYLINDRICAL_SURFACE('',#9810,1.);
#219=CYLINDRICAL_SURFACE('',#9812,1.);
#220=CYLINDRICAL_SURFACE('',#9842,6.);
#221=CYLINDRICAL_SURFACE('',#9844,6.);
#222=CYLINDRICAL_SURFACE('',#9847,0.85);
#223=CYLINDRICAL_SURFACE('',#9849,0.850000000000009);
#224=CYLINDRICAL_SURFACE('',#9851,0.85);
#225=CYLINDRICAL_SURFACE('',#9853,0.850000000000009);
#226=CYLINDRICAL_SURFACE('',#9855,6.);
#227=CYLINDRICAL_SURFACE('',#9858,6.);
#228=CYLINDRICAL_SURFACE('',#9877,2.);
#229=CYLINDRICAL_SURFACE('',#9881,2.);
#230=CYLINDRICAL_SURFACE('',#9884,2.);
#231=CYLINDRICAL_SURFACE('',#9887,2.);
#232=CYLINDRICAL_SURFACE('',#9890,2.);
#233=CYLINDRICAL_SURFACE('',#9893,2.);
#234=CYLINDRICAL_SURFACE('',#9897,2.);
#235=CYLINDRICAL_SURFACE('',#9901,2.);
#236=CYLINDRICAL_SURFACE('',#9903,6.);
#237=CYLINDRICAL_SURFACE('',#9906,6.);
#238=CYLINDRICAL_SURFACE('',#9909,6.);
#239=CYLINDRICAL_SURFACE('',#9924,2.);
#240=CYLINDRICAL_SURFACE('',#9928,2.);
#241=CYLINDRICAL_SURFACE('',#9932,2.);
#242=CYLINDRICAL_SURFACE('',#9936,2.);
#243=CYLINDRICAL_SURFACE('',#9941,2.);
#244=CYLINDRICAL_SURFACE('',#9945,2.);
#245=CYLINDRICAL_SURFACE('',#9949,2.);
#246=CYLINDRICAL_SURFACE('',#9953,2.);
#247=CYLINDRICAL_SURFACE('',#9967,1.75000000000001);
#248=CYLINDRICAL_SURFACE('',#9970,1.75000000000001);
#249=CYLINDRICAL_SURFACE('',#9973,1.75000000000001);
#250=CYLINDRICAL_SURFACE('',#9976,1.75);
#251=CYLINDRICAL_SURFACE('',#9977,6.);
#252=CYLINDRICAL_SURFACE('',#10014,0.499999999999998);
#253=CYLINDRICAL_SURFACE('',#10031,0.750000000000011);
#254=CYLINDRICAL_SURFACE('',#10035,0.749999999999993);
#255=CYLINDRICAL_SURFACE('',#10039,0.749999999999993);
#256=CYLINDRICAL_SURFACE('',#10043,0.749999999999993);
#257=CYLINDRICAL_SURFACE('',#10055,1.);
#258=CYLINDRICAL_SURFACE('',#10064,0.5);
#259=CYLINDRICAL_SURFACE('',#10067,0.5);
#260=CYLINDRICAL_SURFACE('',#10078,0.5);
#261=CYLINDRICAL_SURFACE('',#10081,0.5);
#262=CYLINDRICAL_SURFACE('',#10100,0.5);
#263=CYLINDRICAL_SURFACE('',#10107,0.5);
#264=CYLINDRICAL_SURFACE('',#10120,0.5);
#265=CYLINDRICAL_SURFACE('',#10131,0.5);
#266=CYLINDRICAL_SURFACE('',#10148,0.5);
#267=CYLINDRICAL_SURFACE('',#10150,14.3);
#268=CYLINDRICAL_SURFACE('',#10152,1.);
#269=CYLINDRICAL_SURFACE('',#10155,0.5);
#270=CYLINDRICAL_SURFACE('',#10157,12.5);
#271=CYLINDRICAL_SURFACE('',#10162,0.5);
#272=CYLINDRICAL_SURFACE('',#10165,1.);
#273=CYLINDRICAL_SURFACE('',#10167,14.3);
#274=CYLINDRICAL_SURFACE('',#10169,0.5);
#275=CYLINDRICAL_SURFACE('',#10171,1.25);
#276=CYLINDRICAL_SURFACE('',#10173,0.5);
#277=CYLINDRICAL_SURFACE('',#10176,0.5);
#278=CYLINDRICAL_SURFACE('',#10178,0.5);
#279=CYLINDRICAL_SURFACE('',#10180,14.3);
#280=CYLINDRICAL_SURFACE('',#10182,0.5);
#281=CYLINDRICAL_SURFACE('',#10184,14.3);
#282=CYLINDRICAL_SURFACE('',#10189,1.);
#283=CYLINDRICAL_SURFACE('',#10191,1.);
#284=CYLINDRICAL_SURFACE('',#10195,17.5);
#285=CYLINDRICAL_SURFACE('',#10203,1.25);
#286=CYLINDRICAL_SURFACE('',#10227,0.5);
#287=CYLINDRICAL_SURFACE('',#10234,0.5);
#288=CYLINDRICAL_SURFACE('',#10240,0.5);
#289=CYLINDRICAL_SURFACE('',#10246,0.5);
#290=CYLINDRICAL_SURFACE('',#10262,7.75);
#291=CYLINDRICAL_SURFACE('',#10265,7.75);
#292=CYLINDRICAL_SURFACE('',#10272,0.5);
#293=CYLINDRICAL_SURFACE('',#10288,0.5);
#294=CYLINDRICAL_SURFACE('',#10289,0.5);
#295=CYLINDRICAL_SURFACE('',#10293,0.5);
#296=CYLINDRICAL_SURFACE('',#10300,0.99);
#297=CYLINDRICAL_SURFACE('',#10306,0.99);
#298=CYLINDRICAL_SURFACE('',#10310,0.99);
#299=CYLINDRICAL_SURFACE('',#10314,0.99);
#300=CYLINDRICAL_SURFACE('',#10336,1.1);
#301=CYLINDRICAL_SURFACE('',#10339,1.1);
#302=CYLINDRICAL_SURFACE('',#10340,0.5);
#303=CYLINDRICAL_SURFACE('',#10347,0.5);
#304=CYLINDRICAL_SURFACE('',#10353,0.5);
#305=CYLINDRICAL_SURFACE('',#10359,0.5);
#306=CYLINDRICAL_SURFACE('',#10377,0.5);
#307=CYLINDRICAL_SURFACE('',#10380,0.5);
#308=CYLINDRICAL_SURFACE('',#10383,0.5);
#309=CYLINDRICAL_SURFACE('',#10386,0.5);
#310=CYLINDRICAL_SURFACE('',#10398,1.1);
#311=CYLINDRICAL_SURFACE('',#10400,1.1);
#312=CYLINDRICAL_SURFACE('',#10406,0.5);
#313=CYLINDRICAL_SURFACE('',#10412,0.5);
#314=CYLINDRICAL_SURFACE('',#10414,0.5);
#315=CYLINDRICAL_SURFACE('',#10416,0.5);
#316=CYLINDRICAL_SURFACE('',#10417,0.5);
#317=CYLINDRICAL_SURFACE('',#10446,1.);
#318=CYLINDRICAL_SURFACE('',#10451,1.);
#319=CYLINDRICAL_SURFACE('',#10454,0.750000000000002);
#320=CYLINDRICAL_SURFACE('',#10457,0.750000000000002);
#321=CYLINDRICAL_SURFACE('',#10460,0.749999999999997);
#322=CYLINDRICAL_SURFACE('',#10463,0.75);
#323=CYLINDRICAL_SURFACE('',#10503,1.5);
#324=CYLINDRICAL_SURFACE('',#10509,1.5);
#325=CYLINDRICAL_SURFACE('',#10515,1.5);
#326=CYLINDRICAL_SURFACE('',#10521,1.5);
#327=CYLINDRICAL_SURFACE('',#10527,1.5);
#328=CYLINDRICAL_SURFACE('',#10533,1.5);
#329=CYLINDRICAL_SURFACE('',#10539,1.5);
#330=CYLINDRICAL_SURFACE('',#10545,1.5);
#331=CYLINDRICAL_SURFACE('',#10559,6.);
#332=CYLINDRICAL_SURFACE('',#10560,6.);
#333=CYLINDRICAL_SURFACE('',#10562,6.);
#334=CYLINDRICAL_SURFACE('',#10563,6.);
#335=CYLINDRICAL_SURFACE('',#10564,1.5);
#336=CYLINDRICAL_SURFACE('',#10570,1.5);
#337=CYLINDRICAL_SURFACE('',#10575,1.5);
#338=CYLINDRICAL_SURFACE('',#10581,1.5);
#339=CYLINDRICAL_SURFACE('',#10587,1.5);
#340=CYLINDRICAL_SURFACE('',#10593,1.5);
#341=CYLINDRICAL_SURFACE('',#10599,1.5);
#342=CYLINDRICAL_SURFACE('',#10604,1.5);
#343=CYLINDRICAL_SURFACE('',#10622,0.999999999999933);
#344=CYLINDRICAL_SURFACE('',#10624,1.00000000000001);
#345=CYLINDRICAL_SURFACE('',#10626,1.00000000000007);
#346=CYLINDRICAL_SURFACE('',#10628,1.00000000000002);
#347=CYLINDRICAL_SURFACE('',#10630,1.00000000000001);
#348=CYLINDRICAL_SURFACE('',#10632,1.00000000000001);
#349=CYLINDRICAL_SURFACE('',#10634,1.);
#350=CYLINDRICAL_SURFACE('',#10636,1.);
#351=CYLINDRICAL_SURFACE('',#10642,6.);
#352=CYLINDRICAL_SURFACE('',#10644,6.);
#353=CYLINDRICAL_SURFACE('',#10646,6.);
#354=CYLINDRICAL_SURFACE('',#10647,6.);
#355=FACE_BOUND('',#1480,.T.);
#356=FACE_BOUND('',#1485,.T.);
#357=FACE_BOUND('',#1486,.T.);
#358=FACE_BOUND('',#1487,.T.);
#359=FACE_BOUND('',#1488,.T.);
#360=FACE_BOUND('',#1573,.T.);
#361=FACE_BOUND('',#1657,.T.);
#362=FACE_BOUND('',#1660,.T.);
#363=FACE_BOUND('',#1663,.T.);
#364=FACE_BOUND('',#1666,.T.);
#365=FACE_BOUND('',#1676,.T.);
#366=FACE_BOUND('',#1677,.T.);
#367=FACE_BOUND('',#1678,.T.);
#368=FACE_BOUND('',#1679,.T.);
#369=FACE_BOUND('',#1685,.T.);
#370=FACE_BOUND('',#1686,.T.);
#371=FACE_BOUND('',#1687,.T.);
#372=FACE_BOUND('',#1688,.T.);
#373=FACE_BOUND('',#1705,.T.);
#374=FACE_BOUND('',#1706,.T.);
#375=FACE_BOUND('',#1707,.T.);
#376=FACE_BOUND('',#1708,.T.);
#377=FACE_BOUND('',#1779,.T.);
#378=FACE_BOUND('',#1791,.T.);
#379=FACE_BOUND('',#1792,.T.);
#380=FACE_BOUND('',#1793,.T.);
#381=FACE_BOUND('',#1794,.T.);
#382=FACE_BOUND('',#1815,.T.);
#383=FACE_BOUND('',#1816,.T.);
#384=FACE_BOUND('',#1824,.T.);
#385=FACE_BOUND('',#1825,.T.);
#386=FACE_BOUND('',#1873,.T.);
#387=FACE_BOUND('',#1888,.T.);
#388=FACE_BOUND('',#1917,.T.);
#389=FACE_BOUND('',#1940,.T.);
#390=FACE_BOUND('',#2014,.T.);
#391=CIRCLE('',#9656,2.);
#392=CIRCLE('',#9657,2.);
#393=CIRCLE('',#9658,2.);
#394=CIRCLE('',#9659,2.);
#395=CIRCLE('',#9660,2.);
#396=CIRCLE('',#9661,2.);
#397=CIRCLE('',#9662,2.);
#398=CIRCLE('',#9663,2.);
#399=CIRCLE('',#9668,6.);
#400=CIRCLE('',#9669,6.);
#401=CIRCLE('',#9670,6.);
#402=CIRCLE('',#9671,6.);
#403=CIRCLE('',#9672,6.);
#404=CIRCLE('',#9673,6.);
#405=CIRCLE('',#9674,6.);
#406=CIRCLE('',#9675,6.);
#407=CIRCLE('',#9676,0.850000000000009);
#408=CIRCLE('',#9677,0.85);
#409=CIRCLE('',#9678,0.850000000000009);
#410=CIRCLE('',#9679,0.85);
#411=CIRCLE('',#9688,2.);
#412=CIRCLE('',#9691,2.);
#413=CIRCLE('',#9694,2.);
#414=CIRCLE('',#9697,2.);
#415=CIRCLE('',#9700,2.);
#416=CIRCLE('',#9703,2.);
#417=CIRCLE('',#9706,2.);
#418=CIRCLE('',#9709,2.);
#419=CIRCLE('',#9712,1.);
#420=CIRCLE('',#9713,1.);
#421=CIRCLE('',#9716,1.);
#422=CIRCLE('',#9717,1.);
#423=CIRCLE('',#9719,0.999999999999996);
#424=CIRCLE('',#9722,1.);
#425=CIRCLE('',#9723,1.00000000000001);
#426=CIRCLE('',#9724,1.10557280900008);
#427=CIRCLE('',#9726,0.999999999999996);
#428=CIRCLE('',#9728,1.);
#429=CIRCLE('',#9729,0.999999999999979);
#430=CIRCLE('',#9730,1.10557280900009);
#431=CIRCLE('',#9734,0.999999523162849);
#432=CIRCLE('',#9737,1.);
#433=CIRCLE('',#9738,1.00000000000001);
#434=CIRCLE('',#9739,1.10557280900008);
#435=CIRCLE('',#9741,0.999999999999996);
#436=CIRCLE('',#9743,1.);
#437=CIRCLE('',#9744,1.00000000000001);
#438=CIRCLE('',#9745,1.10557280900008);
#439=CIRCLE('',#9748,0.999999999999996);
#440=CIRCLE('',#9750,1.);
#441=CIRCLE('',#9751,1.00000000000001);
#442=CIRCLE('',#9752,1.10557280900008);
#443=CIRCLE('',#9754,0.999999999999996);
#444=CIRCLE('',#9756,1.);
#445=CIRCLE('',#9757,1.00000000000001);
#446=CIRCLE('',#9758,1.10557280900008);
#447=CIRCLE('',#9762,0.999999999999996);
#448=CIRCLE('',#9764,1.);
#449=CIRCLE('',#9765,0.999999999999979);
#450=CIRCLE('',#9766,1.10557280900008);
#451=CIRCLE('',#9768,0.999999999999996);
#452=CIRCLE('',#9770,1.);
#453=CIRCLE('',#9771,0.999999999999979);
#454=CIRCLE('',#9772,1.10557280900009);
#455=CIRCLE('',#9785,1.);
#456=CIRCLE('',#9788,1.);
#457=CIRCLE('',#9808,1.);
#458=CIRCLE('',#9815,0.614835192865497);
#459=CIRCLE('',#9816,0.6148351928655);
#460=CIRCLE('',#9817,0.6148351928655);
#461=CIRCLE('',#9818,0.6148351928655);
#462=CIRCLE('',#9819,0.6148351928655);
#463=CIRCLE('',#9820,0.614835192865493);
#464=CIRCLE('',#9821,0.614835192865504);
#465=CIRCLE('',#9822,0.614835192865502);
#466=CIRCLE('',#9823,17.5);
#467=CIRCLE('',#9843,6.);
#468=CIRCLE('',#9845,6.);
#469=CIRCLE('',#9848,0.85);
#470=CIRCLE('',#9850,0.850000000000009);
#471=CIRCLE('',#9852,0.85);
#472=CIRCLE('',#9854,0.850000000000009);
#473=CIRCLE('',#9856,6.);
#474=CIRCLE('',#9859,6.);
#475=CIRCLE('',#9861,4.74278135270821);
#476=CIRCLE('',#9862,1.35761654557371);
#477=CIRCLE('',#9865,4.74278135270821);
#478=CIRCLE('',#9866,1.3576165455737);
#479=CIRCLE('',#9868,4.74278135270822);
#480=CIRCLE('',#9869,1.35761654557371);
#481=CIRCLE('',#9872,4.74278135270821);
#482=CIRCLE('',#9873,1.35761654557371);
#483=CIRCLE('',#9874,1.99999999999999);
#484=CIRCLE('',#9875,1.3576165455737);
#485=CIRCLE('',#9876,2.);
#486=CIRCLE('',#9878,2.);
#487=CIRCLE('',#9879,1.35761654557371);
#488=CIRCLE('',#9880,2.);
#489=CIRCLE('',#9882,2.);
#490=CIRCLE('',#9883,2.);
#491=CIRCLE('',#9885,2.);
#492=CIRCLE('',#9886,2.);
#493=CIRCLE('',#9888,2.);
#494=CIRCLE('',#9889,2.);
#495=CIRCLE('',#9891,2.);
#496=CIRCLE('',#9892,2.);
#497=CIRCLE('',#9894,2.);
#498=CIRCLE('',#9895,1.35761654557372);
#499=CIRCLE('',#9896,2.);
#500=CIRCLE('',#9898,2.);
#501=CIRCLE('',#9899,1.35761654557372);
#502=CIRCLE('',#9900,2.);
#503=CIRCLE('',#9904,6.);
#504=CIRCLE('',#9907,6.);
#505=CIRCLE('',#9910,6.);
#506=CIRCLE('',#9912,4.74278135270821);
#507=CIRCLE('',#9915,4.74278135270821);
#508=CIRCLE('',#9917,4.74278135270821);
#509=CIRCLE('',#9920,4.74278135270821);
#510=CIRCLE('',#9922,2.);
#511=CIRCLE('',#9923,2.);
#512=CIRCLE('',#9925,2.00000000000001);
#513=CIRCLE('',#9927,1.99999999999999);
#514=CIRCLE('',#9929,2.);
#515=CIRCLE('',#9931,1.99999999999999);
#516=CIRCLE('',#9933,1.99999999999999);
#517=CIRCLE('',#9935,2.);
#518=CIRCLE('',#9937,2.);
#519=CIRCLE('',#9939,2.);
#520=CIRCLE('',#9940,6.);
#521=CIRCLE('',#9942,2.);
#522=CIRCLE('',#9944,2.);
#523=CIRCLE('',#9946,1.99999999999999);
#524=CIRCLE('',#9948,2.);
#525=CIRCLE('',#9950,1.99999999999999);
#526=CIRCLE('',#9952,2.);
#527=CIRCLE('',#9966,1.75000000000001);
#528=CIRCLE('',#9969,1.75000000000001);
#529=CIRCLE('',#9972,1.75000000000001);
#530=CIRCLE('',#9975,1.75);
#531=CIRCLE('',#9983,0.641421356237304);
#532=CIRCLE('',#9984,0.2);
#533=CIRCLE('',#9985,0.782842712474614);
#534=CIRCLE('',#9986,0.641421356237304);
#535=CIRCLE('',#9988,0.499999999999998);
#536=CIRCLE('',#9990,1.);
#537=CIRCLE('',#9991,0.5);
#538=CIRCLE('',#9992,13.8);
#539=CIRCLE('',#9993,1.75);
#540=CIRCLE('',#9994,13.8);
#541=CIRCLE('',#9995,0.5);
#542=CIRCLE('',#9996,1.);
#543=CIRCLE('',#9997,12.);
#544=CIRCLE('',#9998,1.);
#545=CIRCLE('',#9999,0.5);
#546=CIRCLE('',#10000,13.8);
#547=CIRCLE('',#10001,1.75);
#548=CIRCLE('',#10002,13.8);
#549=CIRCLE('',#10003,0.5);
#550=CIRCLE('',#10004,1.);
#551=CIRCLE('',#10005,12.);
#552=CIRCLE('',#10006,0.700000000000007);
#553=CIRCLE('',#10007,0.700000000000012);
#554=CIRCLE('',#10008,0.700000000000007);
#555=CIRCLE('',#10009,0.699999999999987);
#556=CIRCLE('',#10010,1.19999999999999);
#557=CIRCLE('',#10011,1.19999999999999);
#558=CIRCLE('',#10012,1.19999999999999);
#559=CIRCLE('',#10013,1.19999999999999);
#560=CIRCLE('',#10015,0.499999999999998);
#561=CIRCLE('',#10017,0.299999999999998);
#562=CIRCLE('',#10018,0.2);
#563=CIRCLE('',#10021,0.750000000000011);
#564=CIRCLE('',#10022,1.15000000000001);
#565=CIRCLE('',#10024,1.);
#566=CIRCLE('',#10025,1.);
#567=CIRCLE('',#10026,1.);
#568=CIRCLE('',#10027,1.);
#569=CIRCLE('',#10028,1.14999999999999);
#570=CIRCLE('',#10029,1.14999999999999);
#571=CIRCLE('',#10030,1.14999999999999);
#572=CIRCLE('',#10032,0.750000000000011);
#573=CIRCLE('',#10034,0.749999999999993);
#574=CIRCLE('',#10036,0.749999999999993);
#575=CIRCLE('',#10038,0.749999999999993);
#576=CIRCLE('',#10040,0.749999999999993);
#577=CIRCLE('',#10042,0.749999999999993);
#578=CIRCLE('',#10044,0.749999999999993);
#579=CIRCLE('',#10054,1.);
#580=CIRCLE('',#10058,0.5);
#581=CIRCLE('',#10061,0.5);
#582=CIRCLE('',#10072,0.5);
#583=CIRCLE('',#10075,0.5);
#584=CIRCLE('',#10085,0.5);
#585=CIRCLE('',#10086,14.3);
#586=CIRCLE('',#10087,0.500000000000006);
#587=CIRCLE('',#10088,0.5);
#588=CIRCLE('',#10089,1.);
#589=CIRCLE('',#10091,0.500000000000003);
#590=CIRCLE('',#10092,0.5);
#591=CIRCLE('',#10093,0.5);
#592=CIRCLE('',#10095,0.5);
#593=CIRCLE('',#10096,12.5);
#594=CIRCLE('',#10098,0.5);
#595=CIRCLE('',#10099,0.5);
#596=CIRCLE('',#10101,0.5);
#597=CIRCLE('',#10102,0.5);
#598=CIRCLE('',#10103,1.);
#599=CIRCLE('',#10105,0.5);
#600=CIRCLE('',#10106,14.3);
#601=CIRCLE('',#10109,0.499999999999998);
#602=CIRCLE('',#10110,0.5);
#603=CIRCLE('',#10111,1.25);
#604=CIRCLE('',#10113,0.499999999999998);
#605=CIRCLE('',#10115,0.5);
#606=CIRCLE('',#10116,14.3);
#607=CIRCLE('',#10117,0.499999999999988);
#608=CIRCLE('',#10118,0.5);
#609=CIRCLE('',#10119,1.);
#610=CIRCLE('',#10121,0.5);
#611=CIRCLE('',#10123,0.5);
#612=CIRCLE('',#10124,0.5);
#613=CIRCLE('',#10126,0.5);
#614=CIRCLE('',#10127,12.5);
#615=CIRCLE('',#10129,0.5);
#616=CIRCLE('',#10130,0.5);
#617=CIRCLE('',#10132,0.5);
#618=CIRCLE('',#10133,0.5);
#619=CIRCLE('',#10134,1.);
#620=CIRCLE('',#10136,0.5);
#621=CIRCLE('',#10137,14.3);
#622=CIRCLE('',#10139,0.500000000000005);
#623=CIRCLE('',#10141,0.499999999999983);
#624=CIRCLE('',#10142,0.5);
#625=CIRCLE('',#10143,1.25);
#626=CIRCLE('',#10145,0.500000000000003);
#627=CIRCLE('',#10147,0.499999999999997);
#628=CIRCLE('',#10149,0.5);
#629=CIRCLE('',#10151,14.3);
#630=CIRCLE('',#10153,1.);
#631=CIRCLE('',#10156,0.5);
#632=CIRCLE('',#10158,12.5);
#633=CIRCLE('',#10159,12.5);
#634=CIRCLE('',#10160,12.5);
#635=CIRCLE('',#10161,12.5);
#636=CIRCLE('',#10163,0.5);
#637=CIRCLE('',#10166,1.);
#638=CIRCLE('',#10168,14.3);
#639=CIRCLE('',#10170,0.5);
#640=CIRCLE('',#10172,1.25);
#641=CIRCLE('',#10174,0.5);
#642=CIRCLE('',#10177,0.5);
#643=CIRCLE('',#10179,0.5);
#644=CIRCLE('',#10181,14.3);
#645=CIRCLE('',#10183,0.5);
#646=CIRCLE('',#10185,14.3);
#647=CIRCLE('',#10187,1.);
#648=CIRCLE('',#10188,1.25);
#649=CIRCLE('',#10190,1.);
#650=CIRCLE('',#10193,16.5);
#651=CIRCLE('',#10194,17.5);
#652=CIRCLE('',#10208,6.);
#653=CIRCLE('',#10209,5.99999999999999);
#654=CIRCLE('',#10210,6.);
#655=CIRCLE('',#10211,5.99999999999996);
#656=CIRCLE('',#10212,5.99999999999997);
#657=CIRCLE('',#10213,6.00000000000001);
#658=CIRCLE('',#10214,5.99999999999997);
#659=CIRCLE('',#10215,5.99999999999998);
#660=CIRCLE('',#10216,0.750000000000002);
#661=CIRCLE('',#10217,0.75);
#662=CIRCLE('',#10218,0.749999999999997);
#663=CIRCLE('',#10219,0.750000000000002);
#664=CIRCLE('',#10228,0.499999999999999);
#665=CIRCLE('',#10229,0.499999999999998);
#666=CIRCLE('',#10231,0.499999999999998);
#667=CIRCLE('',#10232,1.45355339059327);
#668=CIRCLE('',#10233,1.80710678118654);
#669=CIRCLE('',#10235,0.499999999999998);
#670=CIRCLE('',#10237,0.499999999999998);
#671=CIRCLE('',#10238,1.45355339059327);
#672=CIRCLE('',#10239,1.80710678118654);
#673=CIRCLE('',#10241,0.499999999999998);
#674=CIRCLE('',#10243,0.499999999999998);
#675=CIRCLE('',#10244,1.45355339059327);
#676=CIRCLE('',#10245,1.80710678118654);
#677=CIRCLE('',#10247,0.499999999999998);
#678=CIRCLE('',#10249,1.45355339059327);
#679=CIRCLE('',#10250,1.80710678118654);
#680=CIRCLE('',#10252,1.1);
#681=CIRCLE('',#10255,1.1);
#682=CIRCLE('',#10258,2.29974788135467);
#683=CIRCLE('',#10259,2.29974788135467);
#684=CIRCLE('',#10260,2.29974788135467);
#685=CIRCLE('',#10261,2.29974788135467);
#686=CIRCLE('',#10263,7.75);
#687=CIRCLE('',#10264,7.75);
#688=CIRCLE('',#10266,7.75);
#689=CIRCLE('',#10267,7.75);
#690=CIRCLE('',#10269,0.5);
#691=CIRCLE('',#10270,0.722649901887387);
#692=CIRCLE('',#10271,0.499999999999998);
#693=CIRCLE('',#10273,0.499999999999998);
#694=CIRCLE('',#10274,0.500000000000007);
#695=CIRCLE('',#10276,0.499999999999999);
#696=CIRCLE('',#10277,0.722649901887387);
#697=CIRCLE('',#10280,1.6);
#698=CIRCLE('',#10281,1.6);
#699=CIRCLE('',#10282,1.6);
#700=CIRCLE('',#10283,1.6);
#701=CIRCLE('',#10285,0.500000000000007);
#702=CIRCLE('',#10286,0.722649901887387);
#703=CIRCLE('',#10287,0.500000000000001);
#704=CIRCLE('',#10290,0.5);
#705=CIRCLE('',#10292,0.722649901887386);
#706=CIRCLE('',#10296,1.7505946870917);
#707=CIRCLE('',#10299,1.75059468709169);
#708=CIRCLE('',#10301,0.989999999999996);
#709=CIRCLE('',#10302,0.990000000000002);
#710=CIRCLE('',#10304,0.990000000000002);
#711=CIRCLE('',#10305,1.7505946870917);
#712=CIRCLE('',#10307,0.990000000000002);
#713=CIRCLE('',#10309,0.990000000000002);
#714=CIRCLE('',#10311,0.990000000000002);
#715=CIRCLE('',#10313,0.990000000000002);
#716=CIRCLE('',#10315,0.990000000000002);
#717=CIRCLE('',#10317,1.75059468709169);
#718=CIRCLE('',#10324,1.1);
#719=CIRCLE('',#10327,1.1);
#720=CIRCLE('',#10330,1.1);
#721=CIRCLE('',#10333,1.1);
#722=CIRCLE('',#10337,1.1);
#723=CIRCLE('',#10341,0.499999999999999);
#724=CIRCLE('',#10342,0.499999999999999);
#725=CIRCLE('',#10344,0.5);
#726=CIRCLE('',#10345,0.853553390593273);
#727=CIRCLE('',#10346,1.20710678118655);
#728=CIRCLE('',#10348,0.5);
#729=CIRCLE('',#10350,0.5);
#730=CIRCLE('',#10351,0.853553390593272);
#731=CIRCLE('',#10352,1.20710678118655);
#732=CIRCLE('',#10354,0.5);
#733=CIRCLE('',#10356,0.5);
#734=CIRCLE('',#10357,0.853553390593272);
#735=CIRCLE('',#10358,1.20710678118655);
#736=CIRCLE('',#10360,0.5);
#737=CIRCLE('',#10362,0.853553390593272);
#738=CIRCLE('',#10363,1.20710678118655);
#739=CIRCLE('',#10365,0.5);
#740=CIRCLE('',#10368,0.5);
#741=CIRCLE('',#10373,0.5);
#742=CIRCLE('',#10376,0.5);
#743=CIRCLE('',#10378,0.5);
#744=CIRCLE('',#10381,0.5);
#745=CIRCLE('',#10384,0.5);
#746=CIRCLE('',#10387,0.5);
#747=CIRCLE('',#10395,1.1);
#748=CIRCLE('',#10403,0.499999999999998);
#749=CIRCLE('',#10404,0.5);
#750=CIRCLE('',#10405,0.5);
#751=CIRCLE('',#10407,0.5);
#752=CIRCLE('',#10409,0.500000000000002);
#753=CIRCLE('',#10410,0.5);
#754=CIRCLE('',#10411,0.5);
#755=CIRCLE('',#10413,0.5);
#756=CIRCLE('',#10415,0.5);
#757=CIRCLE('',#10418,0.5);
#758=CIRCLE('',#10423,1.5);
#759=CIRCLE('',#10424,2.5);
#760=CIRCLE('',#10427,1.5);
#761=CIRCLE('',#10428,2.5);
#762=CIRCLE('',#10431,1.5);
#763=CIRCLE('',#10432,2.5);
#764=CIRCLE('',#10435,1.5);
#765=CIRCLE('',#10436,2.5);
#766=CIRCLE('',#10438,1.);
#767=CIRCLE('',#10439,0.999999999999933);
#768=CIRCLE('',#10440,1.00000000000001);
#769=CIRCLE('',#10441,1.00000000000007);
#770=CIRCLE('',#10442,1.00000000000002);
#771=CIRCLE('',#10443,1.00000000000001);
#772=CIRCLE('',#10444,1.00000000000001);
#773=CIRCLE('',#10445,1.);
#774=CIRCLE('',#10447,1.);
#775=CIRCLE('',#10448,1.);
#776=CIRCLE('',#10450,1.);
#777=CIRCLE('',#10452,1.);
#778=CIRCLE('',#10455,0.750000000000002);
#779=CIRCLE('',#10458,0.750000000000002);
#780=CIRCLE('',#10461,0.749999999999997);
#781=CIRCLE('',#10464,0.75);
#782=CIRCLE('',#10499,1.5);
#783=CIRCLE('',#10500,6.);
#784=CIRCLE('',#10501,1.5);
#785=CIRCLE('',#10502,5.17082039324994);
#786=CIRCLE('',#10504,1.5);
#787=CIRCLE('',#10506,6.);
#788=CIRCLE('',#10507,1.5);
#789=CIRCLE('',#10508,5.17082039324994);
#790=CIRCLE('',#10510,1.5);
#791=CIRCLE('',#10512,6.);
#792=CIRCLE('',#10513,1.5);
#793=CIRCLE('',#10514,5.17082039324994);
#794=CIRCLE('',#10516,1.5);
#795=CIRCLE('',#10518,6.);
#796=CIRCLE('',#10519,1.50000000000001);
#797=CIRCLE('',#10520,5.17082039324994);
#798=CIRCLE('',#10522,1.5);
#799=CIRCLE('',#10524,6.);
#800=CIRCLE('',#10525,1.5);
#801=CIRCLE('',#10526,5.17082039324993);
#802=CIRCLE('',#10528,1.5);
#803=CIRCLE('',#10530,6.);
#804=CIRCLE('',#10531,1.5);
#805=CIRCLE('',#10532,5.17082039324994);
#806=CIRCLE('',#10534,1.49999999999999);
#807=CIRCLE('',#10536,6.);
#808=CIRCLE('',#10537,1.5);
#809=CIRCLE('',#10538,5.17082039324993);
#810=CIRCLE('',#10540,1.5);
#811=CIRCLE('',#10542,6.);
#812=CIRCLE('',#10543,1.5);
#813=CIRCLE('',#10544,5.17082039324993);
#814=CIRCLE('',#10548,2.31671842700025);
#815=CIRCLE('',#10551,2.31671842700025);
#816=CIRCLE('',#10554,2.31671842700025);
#817=CIRCLE('',#10557,2.31671842700026);
#818=CIRCLE('',#10565,1.5);
#819=CIRCLE('',#10566,1.5);
#820=CIRCLE('',#10568,1.5);
#821=CIRCLE('',#10569,1.64589803375031);
#822=CIRCLE('',#10571,1.5);
#823=CIRCLE('',#10573,1.5);
#824=CIRCLE('',#10574,1.64589803375032);
#825=CIRCLE('',#10576,1.5);
#826=CIRCLE('',#10578,1.5);
#827=CIRCLE('',#10579,2.31671842700025);
#828=CIRCLE('',#10580,1.64589803375032);
#829=CIRCLE('',#10582,1.5);
#830=CIRCLE('',#10584,1.5);
#831=CIRCLE('',#10585,2.31671842700025);
#832=CIRCLE('',#10586,1.64589803375032);
#833=CIRCLE('',#10588,1.5);
#834=CIRCLE('',#10590,1.5);
#835=CIRCLE('',#10591,2.31671842700025);
#836=CIRCLE('',#10592,1.64589803375032);
#837=CIRCLE('',#10594,1.5);
#838=CIRCLE('',#10596,1.5);
#839=CIRCLE('',#10597,2.31671842700025);
#840=CIRCLE('',#10598,1.64589803375032);
#841=CIRCLE('',#10600,1.5);
#842=CIRCLE('',#10602,1.5);
#843=CIRCLE('',#10603,1.64589803375032);
#844=CIRCLE('',#10605,1.5);
#845=CIRCLE('',#10607,1.64589803375032);
#846=CIRCLE('',#10613,1.);
#847=CIRCLE('',#10614,1.);
#848=CIRCLE('',#10615,1.00000000000001);
#849=CIRCLE('',#10616,1.00000000000001);
#850=CIRCLE('',#10617,1.00000000000002);
#851=CIRCLE('',#10618,1.00000000000007);
#852=CIRCLE('',#10619,1.00000000000001);
#853=CIRCLE('',#10620,0.999999999999933);
#854=FACE_OUTER_BOUND('',#1430,.T.);
#855=FACE_OUTER_BOUND('',#1431,.T.);
#856=FACE_OUTER_BOUND('',#1432,.T.);
#857=FACE_OUTER_BOUND('',#1433,.T.);
#858=FACE_OUTER_BOUND('',#1434,.T.);
#859=FACE_OUTER_BOUND('',#1435,.T.);
#860=FACE_OUTER_BOUND('',#1436,.T.);
#861=FACE_OUTER_BOUND('',#1437,.T.);
#862=FACE_OUTER_BOUND('',#1438,.T.);
#863=FACE_OUTER_BOUND('',#1439,.T.);
#864=FACE_OUTER_BOUND('',#1440,.T.);
#865=FACE_OUTER_BOUND('',#1441,.T.);
#866=FACE_OUTER_BOUND('',#1442,.T.);
#867=FACE_OUTER_BOUND('',#1443,.T.);
#868=FACE_OUTER_BOUND('',#1444,.T.);
#869=FACE_OUTER_BOUND('',#1445,.T.);
#870=FACE_OUTER_BOUND('',#1446,.T.);
#871=FACE_OUTER_BOUND('',#1447,.T.);
#872=FACE_OUTER_BOUND('',#1448,.T.);
#873=FACE_OUTER_BOUND('',#1449,.T.);
#874=FACE_OUTER_BOUND('',#1450,.T.);
#875=FACE_OUTER_BOUND('',#1451,.T.);
#876=FACE_OUTER_BOUND('',#1452,.T.);
#877=FACE_OUTER_BOUND('',#1453,.T.);
#878=FACE_OUTER_BOUND('',#1454,.T.);
#879=FACE_OUTER_BOUND('',#1455,.T.);
#880=FACE_OUTER_BOUND('',#1456,.T.);
#881=FACE_OUTER_BOUND('',#1457,.T.);
#882=FACE_OUTER_BOUND('',#1458,.T.);
#883=FACE_OUTER_BOUND('',#1459,.T.);
#884=FACE_OUTER_BOUND('',#1460,.T.);
#885=FACE_OUTER_BOUND('',#1461,.T.);
#886=FACE_OUTER_BOUND('',#1462,.T.);
#887=FACE_OUTER_BOUND('',#1463,.T.);
#888=FACE_OUTER_BOUND('',#1464,.T.);
#889=FACE_OUTER_BOUND('',#1465,.T.);
#890=FACE_OUTER_BOUND('',#1466,.T.);
#891=FACE_OUTER_BOUND('',#1467,.T.);
#892=FACE_OUTER_BOUND('',#1468,.T.);
#893=FACE_OUTER_BOUND('',#1469,.T.);
#894=FACE_OUTER_BOUND('',#1470,.T.);
#895=FACE_OUTER_BOUND('',#1471,.T.);
#896=FACE_OUTER_BOUND('',#1472,.T.);
#897=FACE_OUTER_BOUND('',#1473,.T.);
#898=FACE_OUTER_BOUND('',#1474,.T.);
#899=FACE_OUTER_BOUND('',#1475,.T.);
#900=FACE_OUTER_BOUND('',#1476,.T.);
#901=FACE_OUTER_BOUND('',#1477,.T.);
#902=FACE_OUTER_BOUND('',#1478,.T.);
#903=FACE_OUTER_BOUND('',#1479,.T.);
#904=FACE_OUTER_BOUND('',#1481,.T.);
#905=FACE_OUTER_BOUND('',#1482,.T.);
#906=FACE_OUTER_BOUND('',#1483,.T.);
#907=FACE_OUTER_BOUND('',#1484,.T.);
#908=FACE_OUTER_BOUND('',#1489,.T.);
#909=FACE_OUTER_BOUND('',#1490,.T.);
#910=FACE_OUTER_BOUND('',#1491,.T.);
#911=FACE_OUTER_BOUND('',#1492,.T.);
#912=FACE_OUTER_BOUND('',#1493,.T.);
#913=FACE_OUTER_BOUND('',#1494,.T.);
#914=FACE_OUTER_BOUND('',#1495,.T.);
#915=FACE_OUTER_BOUND('',#1496,.T.);
#916=FACE_OUTER_BOUND('',#1497,.T.);
#917=FACE_OUTER_BOUND('',#1498,.T.);
#918=FACE_OUTER_BOUND('',#1499,.T.);
#919=FACE_OUTER_BOUND('',#1500,.T.);
#920=FACE_OUTER_BOUND('',#1501,.T.);
#921=FACE_OUTER_BOUND('',#1502,.T.);
#922=FACE_OUTER_BOUND('',#1503,.T.);
#923=FACE_OUTER_BOUND('',#1504,.T.);
#924=FACE_OUTER_BOUND('',#1505,.T.);
#925=FACE_OUTER_BOUND('',#1506,.T.);
#926=FACE_OUTER_BOUND('',#1507,.T.);
#927=FACE_OUTER_BOUND('',#1508,.T.);
#928=FACE_OUTER_BOUND('',#1509,.T.);
#929=FACE_OUTER_BOUND('',#1510,.T.);
#930=FACE_OUTER_BOUND('',#1511,.T.);
#931=FACE_OUTER_BOUND('',#1512,.T.);
#932=FACE_OUTER_BOUND('',#1513,.T.);
#933=FACE_OUTER_BOUND('',#1514,.T.);
#934=FACE_OUTER_BOUND('',#1515,.T.);
#935=FACE_OUTER_BOUND('',#1516,.T.);
#936=FACE_OUTER_BOUND('',#1517,.T.);
#937=FACE_OUTER_BOUND('',#1518,.T.);
#938=FACE_OUTER_BOUND('',#1519,.T.);
#939=FACE_OUTER_BOUND('',#1520,.T.);
#940=FACE_OUTER_BOUND('',#1521,.T.);
#941=FACE_OUTER_BOUND('',#1522,.T.);
#942=FACE_OUTER_BOUND('',#1523,.T.);
#943=FACE_OUTER_BOUND('',#1524,.T.);
#944=FACE_OUTER_BOUND('',#1525,.T.);
#945=FACE_OUTER_BOUND('',#1526,.T.);
#946=FACE_OUTER_BOUND('',#1527,.T.);
#947=FACE_OUTER_BOUND('',#1528,.T.);
#948=FACE_OUTER_BOUND('',#1529,.T.);
#949=FACE_OUTER_BOUND('',#1530,.T.);
#950=FACE_OUTER_BOUND('',#1531,.T.);
#951=FACE_OUTER_BOUND('',#1532,.T.);
#952=FACE_OUTER_BOUND('',#1533,.T.);
#953=FACE_OUTER_BOUND('',#1534,.T.);
#954=FACE_OUTER_BOUND('',#1535,.T.);
#955=FACE_OUTER_BOUND('',#1536,.T.);
#956=FACE_OUTER_BOUND('',#1537,.T.);
#957=FACE_OUTER_BOUND('',#1538,.T.);
#958=FACE_OUTER_BOUND('',#1539,.T.);
#959=FACE_OUTER_BOUND('',#1540,.T.);
#960=FACE_OUTER_BOUND('',#1541,.T.);
#961=FACE_OUTER_BOUND('',#1542,.T.);
#962=FACE_OUTER_BOUND('',#1543,.T.);
#963=FACE_OUTER_BOUND('',#1544,.T.);
#964=FACE_OUTER_BOUND('',#1545,.T.);
#965=FACE_OUTER_BOUND('',#1546,.T.);
#966=FACE_OUTER_BOUND('',#1547,.T.);
#967=FACE_OUTER_BOUND('',#1548,.T.);
#968=FACE_OUTER_BOUND('',#1549,.T.);
#969=FACE_OUTER_BOUND('',#1550,.T.);
#970=FACE_OUTER_BOUND('',#1551,.T.);
#971=FACE_OUTER_BOUND('',#1552,.T.);
#972=FACE_OUTER_BOUND('',#1553,.T.);
#973=FACE_OUTER_BOUND('',#1554,.T.);
#974=FACE_OUTER_BOUND('',#1555,.T.);
#975=FACE_OUTER_BOUND('',#1556,.T.);
#976=FACE_OUTER_BOUND('',#1557,.T.);
#977=FACE_OUTER_BOUND('',#1558,.T.);
#978=FACE_OUTER_BOUND('',#1559,.T.);
#979=FACE_OUTER_BOUND('',#1560,.T.);
#980=FACE_OUTER_BOUND('',#1561,.T.);
#981=FACE_OUTER_BOUND('',#1562,.T.);
#982=FACE_OUTER_BOUND('',#1563,.T.);
#983=FACE_OUTER_BOUND('',#1564,.T.);
#984=FACE_OUTER_BOUND('',#1565,.T.);
#985=FACE_OUTER_BOUND('',#1566,.T.);
#986=FACE_OUTER_BOUND('',#1567,.T.);
#987=FACE_OUTER_BOUND('',#1568,.T.);
#988=FACE_OUTER_BOUND('',#1569,.T.);
#989=FACE_OUTER_BOUND('',#1570,.T.);
#990=FACE_OUTER_BOUND('',#1571,.T.);
#991=FACE_OUTER_BOUND('',#1572,.T.);
#992=FACE_OUTER_BOUND('',#1574,.T.);
#993=FACE_OUTER_BOUND('',#1575,.T.);
#994=FACE_OUTER_BOUND('',#1576,.T.);
#995=FACE_OUTER_BOUND('',#1577,.T.);
#996=FACE_OUTER_BOUND('',#1578,.T.);
#997=FACE_OUTER_BOUND('',#1579,.T.);
#998=FACE_OUTER_BOUND('',#1580,.T.);
#999=FACE_OUTER_BOUND('',#1581,.T.);
#1000=FACE_OUTER_BOUND('',#1582,.T.);
#1001=FACE_OUTER_BOUND('',#1583,.T.);
#1002=FACE_OUTER_BOUND('',#1584,.T.);
#1003=FACE_OUTER_BOUND('',#1585,.T.);
#1004=FACE_OUTER_BOUND('',#1586,.T.);
#1005=FACE_OUTER_BOUND('',#1587,.T.);
#1006=FACE_OUTER_BOUND('',#1588,.T.);
#1007=FACE_OUTER_BOUND('',#1589,.T.);
#1008=FACE_OUTER_BOUND('',#1590,.T.);
#1009=FACE_OUTER_BOUND('',#1591,.T.);
#1010=FACE_OUTER_BOUND('',#1592,.T.);
#1011=FACE_OUTER_BOUND('',#1593,.T.);
#1012=FACE_OUTER_BOUND('',#1594,.T.);
#1013=FACE_OUTER_BOUND('',#1595,.T.);
#1014=FACE_OUTER_BOUND('',#1596,.T.);
#1015=FACE_OUTER_BOUND('',#1597,.T.);
#1016=FACE_OUTER_BOUND('',#1598,.T.);
#1017=FACE_OUTER_BOUND('',#1599,.T.);
#1018=FACE_OUTER_BOUND('',#1600,.T.);
#1019=FACE_OUTER_BOUND('',#1601,.T.);
#1020=FACE_OUTER_BOUND('',#1602,.T.);
#1021=FACE_OUTER_BOUND('',#1603,.T.);
#1022=FACE_OUTER_BOUND('',#1604,.T.);
#1023=FACE_OUTER_BOUND('',#1605,.T.);
#1024=FACE_OUTER_BOUND('',#1606,.T.);
#1025=FACE_OUTER_BOUND('',#1607,.T.);
#1026=FACE_OUTER_BOUND('',#1608,.T.);
#1027=FACE_OUTER_BOUND('',#1609,.T.);
#1028=FACE_OUTER_BOUND('',#1610,.T.);
#1029=FACE_OUTER_BOUND('',#1611,.T.);
#1030=FACE_OUTER_BOUND('',#1612,.T.);
#1031=FACE_OUTER_BOUND('',#1613,.T.);
#1032=FACE_OUTER_BOUND('',#1614,.T.);
#1033=FACE_OUTER_BOUND('',#1615,.T.);
#1034=FACE_OUTER_BOUND('',#1616,.T.);
#1035=FACE_OUTER_BOUND('',#1617,.T.);
#1036=FACE_OUTER_BOUND('',#1618,.T.);
#1037=FACE_OUTER_BOUND('',#1619,.T.);
#1038=FACE_OUTER_BOUND('',#1620,.T.);
#1039=FACE_OUTER_BOUND('',#1621,.T.);
#1040=FACE_OUTER_BOUND('',#1622,.T.);
#1041=FACE_OUTER_BOUND('',#1623,.T.);
#1042=FACE_OUTER_BOUND('',#1624,.T.);
#1043=FACE_OUTER_BOUND('',#1625,.T.);
#1044=FACE_OUTER_BOUND('',#1626,.T.);
#1045=FACE_OUTER_BOUND('',#1627,.T.);
#1046=FACE_OUTER_BOUND('',#1628,.T.);
#1047=FACE_OUTER_BOUND('',#1629,.T.);
#1048=FACE_OUTER_BOUND('',#1630,.T.);
#1049=FACE_OUTER_BOUND('',#1631,.T.);
#1050=FACE_OUTER_BOUND('',#1632,.T.);
#1051=FACE_OUTER_BOUND('',#1633,.T.);
#1052=FACE_OUTER_BOUND('',#1634,.T.);
#1053=FACE_OUTER_BOUND('',#1635,.T.);
#1054=FACE_OUTER_BOUND('',#1636,.T.);
#1055=FACE_OUTER_BOUND('',#1637,.T.);
#1056=FACE_OUTER_BOUND('',#1638,.T.);
#1057=FACE_OUTER_BOUND('',#1639,.T.);
#1058=FACE_OUTER_BOUND('',#1640,.T.);
#1059=FACE_OUTER_BOUND('',#1641,.T.);
#1060=FACE_OUTER_BOUND('',#1642,.T.);
#1061=FACE_OUTER_BOUND('',#1643,.T.);
#1062=FACE_OUTER_BOUND('',#1644,.T.);
#1063=FACE_OUTER_BOUND('',#1645,.T.);
#1064=FACE_OUTER_BOUND('',#1646,.T.);
#1065=FACE_OUTER_BOUND('',#1647,.T.);
#1066=FACE_OUTER_BOUND('',#1648,.T.);
#1067=FACE_OUTER_BOUND('',#1649,.T.);
#1068=FACE_OUTER_BOUND('',#1650,.T.);
#1069=FACE_OUTER_BOUND('',#1651,.T.);
#1070=FACE_OUTER_BOUND('',#1652,.T.);
#1071=FACE_OUTER_BOUND('',#1653,.T.);
#1072=FACE_OUTER_BOUND('',#1654,.T.);
#1073=FACE_OUTER_BOUND('',#1655,.T.);
#1074=FACE_OUTER_BOUND('',#1656,.T.);
#1075=FACE_OUTER_BOUND('',#1658,.T.);
#1076=FACE_OUTER_BOUND('',#1659,.T.);
#1077=FACE_OUTER_BOUND('',#1661,.T.);
#1078=FACE_OUTER_BOUND('',#1662,.T.);
#1079=FACE_OUTER_BOUND('',#1664,.T.);
#1080=FACE_OUTER_BOUND('',#1665,.T.);
#1081=FACE_OUTER_BOUND('',#1667,.T.);
#1082=FACE_OUTER_BOUND('',#1668,.T.);
#1083=FACE_OUTER_BOUND('',#1669,.T.);
#1084=FACE_OUTER_BOUND('',#1670,.T.);
#1085=FACE_OUTER_BOUND('',#1671,.T.);
#1086=FACE_OUTER_BOUND('',#1672,.T.);
#1087=FACE_OUTER_BOUND('',#1673,.T.);
#1088=FACE_OUTER_BOUND('',#1674,.T.);
#1089=FACE_OUTER_BOUND('',#1675,.T.);
#1090=FACE_OUTER_BOUND('',#1680,.T.);
#1091=FACE_OUTER_BOUND('',#1681,.T.);
#1092=FACE_OUTER_BOUND('',#1682,.T.);
#1093=FACE_OUTER_BOUND('',#1683,.T.);
#1094=FACE_OUTER_BOUND('',#1684,.T.);
#1095=FACE_OUTER_BOUND('',#1689,.T.);
#1096=FACE_OUTER_BOUND('',#1690,.T.);
#1097=FACE_OUTER_BOUND('',#1691,.T.);
#1098=FACE_OUTER_BOUND('',#1692,.T.);
#1099=FACE_OUTER_BOUND('',#1693,.T.);
#1100=FACE_OUTER_BOUND('',#1694,.T.);
#1101=FACE_OUTER_BOUND('',#1695,.T.);
#1102=FACE_OUTER_BOUND('',#1696,.T.);
#1103=FACE_OUTER_BOUND('',#1697,.T.);
#1104=FACE_OUTER_BOUND('',#1698,.T.);
#1105=FACE_OUTER_BOUND('',#1699,.T.);
#1106=FACE_OUTER_BOUND('',#1700,.T.);
#1107=FACE_OUTER_BOUND('',#1701,.T.);
#1108=FACE_OUTER_BOUND('',#1702,.T.);
#1109=FACE_OUTER_BOUND('',#1703,.T.);
#1110=FACE_OUTER_BOUND('',#1704,.T.);
#1111=FACE_OUTER_BOUND('',#1709,.T.);
#1112=FACE_OUTER_BOUND('',#1710,.T.);
#1113=FACE_OUTER_BOUND('',#1711,.T.);
#1114=FACE_OUTER_BOUND('',#1712,.T.);
#1115=FACE_OUTER_BOUND('',#1713,.T.);
#1116=FACE_OUTER_BOUND('',#1714,.T.);
#1117=FACE_OUTER_BOUND('',#1715,.T.);
#1118=FACE_OUTER_BOUND('',#1716,.T.);
#1119=FACE_OUTER_BOUND('',#1717,.T.);
#1120=FACE_OUTER_BOUND('',#1718,.T.);
#1121=FACE_OUTER_BOUND('',#1719,.T.);
#1122=FACE_OUTER_BOUND('',#1720,.T.);
#1123=FACE_OUTER_BOUND('',#1721,.T.);
#1124=FACE_OUTER_BOUND('',#1722,.T.);
#1125=FACE_OUTER_BOUND('',#1723,.T.);
#1126=FACE_OUTER_BOUND('',#1724,.T.);
#1127=FACE_OUTER_BOUND('',#1725,.T.);
#1128=FACE_OUTER_BOUND('',#1726,.T.);
#1129=FACE_OUTER_BOUND('',#1727,.T.);
#1130=FACE_OUTER_BOUND('',#1728,.T.);
#1131=FACE_OUTER_BOUND('',#1729,.T.);
#1132=FACE_OUTER_BOUND('',#1730,.T.);
#1133=FACE_OUTER_BOUND('',#1731,.T.);
#1134=FACE_OUTER_BOUND('',#1732,.T.);
#1135=FACE_OUTER_BOUND('',#1733,.T.);
#1136=FACE_OUTER_BOUND('',#1734,.T.);
#1137=FACE_OUTER_BOUND('',#1735,.T.);
#1138=FACE_OUTER_BOUND('',#1736,.T.);
#1139=FACE_OUTER_BOUND('',#1737,.T.);
#1140=FACE_OUTER_BOUND('',#1738,.T.);
#1141=FACE_OUTER_BOUND('',#1739,.T.);
#1142=FACE_OUTER_BOUND('',#1740,.T.);
#1143=FACE_OUTER_BOUND('',#1741,.T.);
#1144=FACE_OUTER_BOUND('',#1742,.T.);
#1145=FACE_OUTER_BOUND('',#1743,.T.);
#1146=FACE_OUTER_BOUND('',#1744,.T.);
#1147=FACE_OUTER_BOUND('',#1745,.T.);
#1148=FACE_OUTER_BOUND('',#1746,.T.);
#1149=FACE_OUTER_BOUND('',#1747,.T.);
#1150=FACE_OUTER_BOUND('',#1748,.T.);
#1151=FACE_OUTER_BOUND('',#1749,.T.);
#1152=FACE_OUTER_BOUND('',#1750,.T.);
#1153=FACE_OUTER_BOUND('',#1751,.T.);
#1154=FACE_OUTER_BOUND('',#1752,.T.);
#1155=FACE_OUTER_BOUND('',#1753,.T.);
#1156=FACE_OUTER_BOUND('',#1754,.T.);
#1157=FACE_OUTER_BOUND('',#1755,.T.);
#1158=FACE_OUTER_BOUND('',#1756,.T.);
#1159=FACE_OUTER_BOUND('',#1757,.T.);
#1160=FACE_OUTER_BOUND('',#1758,.T.);
#1161=FACE_OUTER_BOUND('',#1759,.T.);
#1162=FACE_OUTER_BOUND('',#1760,.T.);
#1163=FACE_OUTER_BOUND('',#1761,.T.);
#1164=FACE_OUTER_BOUND('',#1762,.T.);
#1165=FACE_OUTER_BOUND('',#1763,.T.);
#1166=FACE_OUTER_BOUND('',#1764,.T.);
#1167=FACE_OUTER_BOUND('',#1765,.T.);
#1168=FACE_OUTER_BOUND('',#1766,.T.);
#1169=FACE_OUTER_BOUND('',#1767,.T.);
#1170=FACE_OUTER_BOUND('',#1768,.T.);
#1171=FACE_OUTER_BOUND('',#1769,.T.);
#1172=FACE_OUTER_BOUND('',#1770,.T.);
#1173=FACE_OUTER_BOUND('',#1771,.T.);
#1174=FACE_OUTER_BOUND('',#1772,.T.);
#1175=FACE_OUTER_BOUND('',#1773,.T.);
#1176=FACE_OUTER_BOUND('',#1774,.T.);
#1177=FACE_OUTER_BOUND('',#1775,.T.);
#1178=FACE_OUTER_BOUND('',#1776,.T.);
#1179=FACE_OUTER_BOUND('',#1777,.T.);
#1180=FACE_OUTER_BOUND('',#1778,.T.);
#1181=FACE_OUTER_BOUND('',#1780,.T.);
#1182=FACE_OUTER_BOUND('',#1781,.T.);
#1183=FACE_OUTER_BOUND('',#1782,.T.);
#1184=FACE_OUTER_BOUND('',#1783,.T.);
#1185=FACE_OUTER_BOUND('',#1784,.T.);
#1186=FACE_OUTER_BOUND('',#1785,.T.);
#1187=FACE_OUTER_BOUND('',#1786,.T.);
#1188=FACE_OUTER_BOUND('',#1787,.T.);
#1189=FACE_OUTER_BOUND('',#1788,.T.);
#1190=FACE_OUTER_BOUND('',#1789,.T.);
#1191=FACE_OUTER_BOUND('',#1790,.T.);
#1192=FACE_OUTER_BOUND('',#1795,.T.);
#1193=FACE_OUTER_BOUND('',#1796,.T.);
#1194=FACE_OUTER_BOUND('',#1797,.T.);
#1195=FACE_OUTER_BOUND('',#1798,.T.);
#1196=FACE_OUTER_BOUND('',#1799,.T.);
#1197=FACE_OUTER_BOUND('',#1800,.T.);
#1198=FACE_OUTER_BOUND('',#1801,.T.);
#1199=FACE_OUTER_BOUND('',#1802,.T.);
#1200=FACE_OUTER_BOUND('',#1803,.T.);
#1201=FACE_OUTER_BOUND('',#1804,.T.);
#1202=FACE_OUTER_BOUND('',#1805,.T.);
#1203=FACE_OUTER_BOUND('',#1806,.T.);
#1204=FACE_OUTER_BOUND('',#1807,.T.);
#1205=FACE_OUTER_BOUND('',#1808,.T.);
#1206=FACE_OUTER_BOUND('',#1809,.T.);
#1207=FACE_OUTER_BOUND('',#1810,.T.);
#1208=FACE_OUTER_BOUND('',#1811,.T.);
#1209=FACE_OUTER_BOUND('',#1812,.T.);
#1210=FACE_OUTER_BOUND('',#1813,.T.);
#1211=FACE_OUTER_BOUND('',#1814,.T.);
#1212=FACE_OUTER_BOUND('',#1817,.T.);
#1213=FACE_OUTER_BOUND('',#1818,.T.);
#1214=FACE_OUTER_BOUND('',#1819,.T.);
#1215=FACE_OUTER_BOUND('',#1820,.T.);
#1216=FACE_OUTER_BOUND('',#1821,.T.);
#1217=FACE_OUTER_BOUND('',#1822,.T.);
#1218=FACE_OUTER_BOUND('',#1823,.T.);
#1219=FACE_OUTER_BOUND('',#1826,.T.);
#1220=FACE_OUTER_BOUND('',#1827,.T.);
#1221=FACE_OUTER_BOUND('',#1828,.T.);
#1222=FACE_OUTER_BOUND('',#1829,.T.);
#1223=FACE_OUTER_BOUND('',#1830,.T.);
#1224=FACE_OUTER_BOUND('',#1831,.T.);
#1225=FACE_OUTER_BOUND('',#1832,.T.);
#1226=FACE_OUTER_BOUND('',#1833,.T.);
#1227=FACE_OUTER_BOUND('',#1834,.T.);
#1228=FACE_OUTER_BOUND('',#1835,.T.);
#1229=FACE_OUTER_BOUND('',#1836,.T.);
#1230=FACE_OUTER_BOUND('',#1837,.T.);
#1231=FACE_OUTER_BOUND('',#1838,.T.);
#1232=FACE_OUTER_BOUND('',#1839,.T.);
#1233=FACE_OUTER_BOUND('',#1840,.T.);
#1234=FACE_OUTER_BOUND('',#1841,.T.);
#1235=FACE_OUTER_BOUND('',#1842,.T.);
#1236=FACE_OUTER_BOUND('',#1843,.T.);
#1237=FACE_OUTER_BOUND('',#1844,.T.);
#1238=FACE_OUTER_BOUND('',#1845,.T.);
#1239=FACE_OUTER_BOUND('',#1846,.T.);
#1240=FACE_OUTER_BOUND('',#1847,.T.);
#1241=FACE_OUTER_BOUND('',#1848,.T.);
#1242=FACE_OUTER_BOUND('',#1849,.T.);
#1243=FACE_OUTER_BOUND('',#1850,.T.);
#1244=FACE_OUTER_BOUND('',#1851,.T.);
#1245=FACE_OUTER_BOUND('',#1852,.T.);
#1246=FACE_OUTER_BOUND('',#1853,.T.);
#1247=FACE_OUTER_BOUND('',#1854,.T.);
#1248=FACE_OUTER_BOUND('',#1855,.T.);
#1249=FACE_OUTER_BOUND('',#1856,.T.);
#1250=FACE_OUTER_BOUND('',#1857,.T.);
#1251=FACE_OUTER_BOUND('',#1858,.T.);
#1252=FACE_OUTER_BOUND('',#1859,.T.);
#1253=FACE_OUTER_BOUND('',#1860,.T.);
#1254=FACE_OUTER_BOUND('',#1861,.T.);
#1255=FACE_OUTER_BOUND('',#1862,.T.);
#1256=FACE_OUTER_BOUND('',#1863,.T.);
#1257=FACE_OUTER_BOUND('',#1864,.T.);
#1258=FACE_OUTER_BOUND('',#1865,.T.);
#1259=FACE_OUTER_BOUND('',#1866,.T.);
#1260=FACE_OUTER_BOUND('',#1867,.T.);
#1261=FACE_OUTER_BOUND('',#1868,.T.);
#1262=FACE_OUTER_BOUND('',#1869,.T.);
#1263=FACE_OUTER_BOUND('',#1870,.T.);
#1264=FACE_OUTER_BOUND('',#1871,.T.);
#1265=FACE_OUTER_BOUND('',#1872,.T.);
#1266=FACE_OUTER_BOUND('',#1874,.T.);
#1267=FACE_OUTER_BOUND('',#1875,.T.);
#1268=FACE_OUTER_BOUND('',#1876,.T.);
#1269=FACE_OUTER_BOUND('',#1877,.T.);
#1270=FACE_OUTER_BOUND('',#1878,.T.);
#1271=FACE_OUTER_BOUND('',#1879,.T.);
#1272=FACE_OUTER_BOUND('',#1880,.T.);
#1273=FACE_OUTER_BOUND('',#1881,.T.);
#1274=FACE_OUTER_BOUND('',#1882,.T.);
#1275=FACE_OUTER_BOUND('',#1883,.T.);
#1276=FACE_OUTER_BOUND('',#1884,.T.);
#1277=FACE_OUTER_BOUND('',#1885,.T.);
#1278=FACE_OUTER_BOUND('',#1886,.T.);
#1279=FACE_OUTER_BOUND('',#1887,.T.);
#1280=FACE_OUTER_BOUND('',#1889,.T.);
#1281=FACE_OUTER_BOUND('',#1890,.T.);
#1282=FACE_OUTER_BOUND('',#1891,.T.);
#1283=FACE_OUTER_BOUND('',#1892,.T.);
#1284=FACE_OUTER_BOUND('',#1893,.T.);
#1285=FACE_OUTER_BOUND('',#1894,.T.);
#1286=FACE_OUTER_BOUND('',#1895,.T.);
#1287=FACE_OUTER_BOUND('',#1896,.T.);
#1288=FACE_OUTER_BOUND('',#1897,.T.);
#1289=FACE_OUTER_BOUND('',#1898,.T.);
#1290=FACE_OUTER_BOUND('',#1899,.T.);
#1291=FACE_OUTER_BOUND('',#1900,.T.);
#1292=FACE_OUTER_BOUND('',#1901,.T.);
#1293=FACE_OUTER_BOUND('',#1902,.T.);
#1294=FACE_OUTER_BOUND('',#1903,.T.);
#1295=FACE_OUTER_BOUND('',#1904,.T.);
#1296=FACE_OUTER_BOUND('',#1905,.T.);
#1297=FACE_OUTER_BOUND('',#1906,.T.);
#1298=FACE_OUTER_BOUND('',#1907,.T.);
#1299=FACE_OUTER_BOUND('',#1908,.T.);
#1300=FACE_OUTER_BOUND('',#1909,.T.);
#1301=FACE_OUTER_BOUND('',#1910,.T.);
#1302=FACE_OUTER_BOUND('',#1911,.T.);
#1303=FACE_OUTER_BOUND('',#1912,.T.);
#1304=FACE_OUTER_BOUND('',#1913,.T.);
#1305=FACE_OUTER_BOUND('',#1914,.T.);
#1306=FACE_OUTER_BOUND('',#1915,.T.);
#1307=FACE_OUTER_BOUND('',#1916,.T.);
#1308=FACE_OUTER_BOUND('',#1918,.T.);
#1309=FACE_OUTER_BOUND('',#1919,.T.);
#1310=FACE_OUTER_BOUND('',#1920,.T.);
#1311=FACE_OUTER_BOUND('',#1921,.T.);
#1312=FACE_OUTER_BOUND('',#1922,.T.);
#1313=FACE_OUTER_BOUND('',#1923,.T.);
#1314=FACE_OUTER_BOUND('',#1924,.T.);
#1315=FACE_OUTER_BOUND('',#1925,.T.);
#1316=FACE_OUTER_BOUND('',#1926,.T.);
#1317=FACE_OUTER_BOUND('',#1927,.T.);
#1318=FACE_OUTER_BOUND('',#1928,.T.);
#1319=FACE_OUTER_BOUND('',#1929,.T.);
#1320=FACE_OUTER_BOUND('',#1930,.T.);
#1321=FACE_OUTER_BOUND('',#1931,.T.);
#1322=FACE_OUTER_BOUND('',#1932,.T.);
#1323=FACE_OUTER_BOUND('',#1933,.T.);
#1324=FACE_OUTER_BOUND('',#1934,.T.);
#1325=FACE_OUTER_BOUND('',#1935,.T.);
#1326=FACE_OUTER_BOUND('',#1936,.T.);
#1327=FACE_OUTER_BOUND('',#1937,.T.);
#1328=FACE_OUTER_BOUND('',#1938,.T.);
#1329=FACE_OUTER_BOUND('',#1939,.T.);
#1330=FACE_OUTER_BOUND('',#1941,.T.);
#1331=FACE_OUTER_BOUND('',#1942,.T.);
#1332=FACE_OUTER_BOUND('',#1943,.T.);
#1333=FACE_OUTER_BOUND('',#1944,.T.);
#1334=FACE_OUTER_BOUND('',#1945,.T.);
#1335=FACE_OUTER_BOUND('',#1946,.T.);
#1336=FACE_OUTER_BOUND('',#1947,.T.);
#1337=FACE_OUTER_BOUND('',#1948,.T.);
#1338=FACE_OUTER_BOUND('',#1949,.T.);
#1339=FACE_OUTER_BOUND('',#1950,.T.);
#1340=FACE_OUTER_BOUND('',#1951,.T.);
#1341=FACE_OUTER_BOUND('',#1952,.T.);
#1342=FACE_OUTER_BOUND('',#1953,.T.);
#1343=FACE_OUTER_BOUND('',#1954,.T.);
#1344=FACE_OUTER_BOUND('',#1955,.T.);
#1345=FACE_OUTER_BOUND('',#1956,.T.);
#1346=FACE_OUTER_BOUND('',#1957,.T.);
#1347=FACE_OUTER_BOUND('',#1958,.T.);
#1348=FACE_OUTER_BOUND('',#1959,.T.);
#1349=FACE_OUTER_BOUND('',#1960,.T.);
#1350=FACE_OUTER_BOUND('',#1961,.T.);
#1351=FACE_OUTER_BOUND('',#1962,.T.);
#1352=FACE_OUTER_BOUND('',#1963,.T.);
#1353=FACE_OUTER_BOUND('',#1964,.T.);
#1354=FACE_OUTER_BOUND('',#1965,.T.);
#1355=FACE_OUTER_BOUND('',#1966,.T.);
#1356=FACE_OUTER_BOUND('',#1967,.T.);
#1357=FACE_OUTER_BOUND('',#1968,.T.);
#1358=FACE_OUTER_BOUND('',#1969,.T.);
#1359=FACE_OUTER_BOUND('',#1970,.T.);
#1360=FACE_OUTER_BOUND('',#1971,.T.);
#1361=FACE_OUTER_BOUND('',#1972,.T.);
#1362=FACE_OUTER_BOUND('',#1973,.T.);
#1363=FACE_OUTER_BOUND('',#1974,.T.);
#1364=FACE_OUTER_BOUND('',#1975,.T.);
#1365=FACE_OUTER_BOUND('',#1976,.T.);
#1366=FACE_OUTER_BOUND('',#1977,.T.);
#1367=FACE_OUTER_BOUND('',#1978,.T.);
#1368=FACE_OUTER_BOUND('',#1979,.T.);
#1369=FACE_OUTER_BOUND('',#1980,.T.);
#1370=FACE_OUTER_BOUND('',#1981,.T.);
#1371=FACE_OUTER_BOUND('',#1982,.T.);
#1372=FACE_OUTER_BOUND('',#1983,.T.);
#1373=FACE_OUTER_BOUND('',#1984,.T.);
#1374=FACE_OUTER_BOUND('',#1985,.T.);
#1375=FACE_OUTER_BOUND('',#1986,.T.);
#1376=FACE_OUTER_BOUND('',#1987,.T.);
#1377=FACE_OUTER_BOUND('',#1988,.T.);
#1378=FACE_OUTER_BOUND('',#1989,.T.);
#1379=FACE_OUTER_BOUND('',#1990,.T.);
#1380=FACE_OUTER_BOUND('',#1991,.T.);
#1381=FACE_OUTER_BOUND('',#1992,.T.);
#1382=FACE_OUTER_BOUND('',#1993,.T.);
#1383=FACE_OUTER_BOUND('',#1994,.T.);
#1384=FACE_OUTER_BOUND('',#1995,.T.);
#1385=FACE_OUTER_BOUND('',#1996,.T.);
#1386=FACE_OUTER_BOUND('',#1997,.T.);
#1387=FACE_OUTER_BOUND('',#1998,.T.);
#1388=FACE_OUTER_BOUND('',#1999,.T.);
#1389=FACE_OUTER_BOUND('',#2000,.T.);
#1390=FACE_OUTER_BOUND('',#2001,.T.);
#1391=FACE_OUTER_BOUND('',#2002,.T.);
#1392=FACE_OUTER_BOUND('',#2003,.T.);
#1393=FACE_OUTER_BOUND('',#2004,.T.);
#1394=FACE_OUTER_BOUND('',#2005,.T.);
#1395=FACE_OUTER_BOUND('',#2006,.T.);
#1396=FACE_OUTER_BOUND('',#2007,.T.);
#1397=FACE_OUTER_BOUND('',#2008,.T.);
#1398=FACE_OUTER_BOUND('',#2009,.T.);
#1399=FACE_OUTER_BOUND('',#2010,.T.);
#1400=FACE_OUTER_BOUND('',#2011,.T.);
#1401=FACE_OUTER_BOUND('',#2012,.T.);
#1402=FACE_OUTER_BOUND('',#2013,.T.);
#1403=FACE_OUTER_BOUND('',#2015,.T.);
#1404=FACE_OUTER_BOUND('',#2016,.T.);
#1405=FACE_OUTER_BOUND('',#2017,.T.);
#1406=FACE_OUTER_BOUND('',#2018,.T.);
#1407=FACE_OUTER_BOUND('',#2019,.T.);
#1408=FACE_OUTER_BOUND('',#2020,.T.);
#1409=FACE_OUTER_BOUND('',#2021,.T.);
#1410=FACE_OUTER_BOUND('',#2022,.T.);
#1411=FACE_OUTER_BOUND('',#2023,.T.);
#1412=FACE_OUTER_BOUND('',#2024,.T.);
#1413=FACE_OUTER_BOUND('',#2025,.T.);
#1414=FACE_OUTER_BOUND('',#2026,.T.);
#1415=FACE_OUTER_BOUND('',#2027,.T.);
#1416=FACE_OUTER_BOUND('',#2028,.T.);
#1417=FACE_OUTER_BOUND('',#2029,.T.);
#1418=FACE_OUTER_BOUND('',#2030,.T.);
#1419=FACE_OUTER_BOUND('',#2031,.T.);
#1420=FACE_OUTER_BOUND('',#2032,.T.);
#1421=FACE_OUTER_BOUND('',#2033,.T.);
#1422=FACE_OUTER_BOUND('',#2034,.T.);
#1423=FACE_OUTER_BOUND('',#2035,.T.);
#1424=FACE_OUTER_BOUND('',#2036,.T.);
#1425=FACE_OUTER_BOUND('',#2037,.T.);
#1426=FACE_OUTER_BOUND('',#2038,.T.);
#1427=FACE_OUTER_BOUND('',#2039,.T.);
#1428=FACE_OUTER_BOUND('',#2040,.T.);
#1429=FACE_OUTER_BOUND('',#2041,.T.);
#1430=EDGE_LOOP('',(#5984,#5985,#5986,#5987));
#1431=EDGE_LOOP('',(#5988,#5989,#5990,#5991,#5992,#5993,#5994,#5995,#5996,
#5997));
#1432=EDGE_LOOP('',(#5998,#5999,#6000,#6001,#6002,#6003,#6004,#6005,#6006,
#6007,#6008,#6009,#6010,#6011));
#1433=EDGE_LOOP('',(#6012,#6013,#6014,#6015,#6016));
#1434=EDGE_LOOP('',(#6017,#6018,#6019,#6020));
#1435=EDGE_LOOP('',(#6021,#6022,#6023));
#1436=EDGE_LOOP('',(#6024,#6025,#6026,#6027));
#1437=EDGE_LOOP('',(#6028,#6029,#6030));
#1438=EDGE_LOOP('',(#6031,#6032,#6033,#6034));
#1439=EDGE_LOOP('',(#6035,#6036,#6037));
#1440=EDGE_LOOP('',(#6038,#6039,#6040,#6041));
#1441=EDGE_LOOP('',(#6042,#6043,#6044));
#1442=EDGE_LOOP('',(#6045,#6046,#6047,#6048));
#1443=EDGE_LOOP('',(#6049,#6050,#6051,#6052,#6053));
#1444=EDGE_LOOP('',(#6054,#6055,#6056,#6057));
#1445=EDGE_LOOP('',(#6058,#6059,#6060,#6061));
#1446=EDGE_LOOP('',(#6062,#6063,#6064,#6065));
#1447=EDGE_LOOP('',(#6066,#6067,#6068,#6069));
#1448=EDGE_LOOP('',(#6070,#6071,#6072,#6073));
#1449=EDGE_LOOP('',(#6074,#6075,#6076,#6077));
#1450=EDGE_LOOP('',(#6078,#6079,#6080,#6081));
#1451=EDGE_LOOP('',(#6082,#6083,#6084,#6085));
#1452=EDGE_LOOP('',(#6086,#6087,#6088,#6089));
#1453=EDGE_LOOP('',(#6090,#6091,#6092,#6093));
#1454=EDGE_LOOP('',(#6094,#6095,#6096,#6097));
#1455=EDGE_LOOP('',(#6098,#6099,#6100,#6101));
#1456=EDGE_LOOP('',(#6102,#6103,#6104,#6105));
#1457=EDGE_LOOP('',(#6106,#6107,#6108,#6109));
#1458=EDGE_LOOP('',(#6110,#6111,#6112,#6113));
#1459=EDGE_LOOP('',(#6114,#6115,#6116,#6117));
#1460=EDGE_LOOP('',(#6118,#6119,#6120,#6121));
#1461=EDGE_LOOP('',(#6122,#6123,#6124,#6125));
#1462=EDGE_LOOP('',(#6126,#6127,#6128,#6129));
#1463=EDGE_LOOP('',(#6130,#6131,#6132,#6133));
#1464=EDGE_LOOP('',(#6134,#6135,#6136,#6137));
#1465=EDGE_LOOP('',(#6138,#6139,#6140,#6141));
#1466=EDGE_LOOP('',(#6142,#6143,#6144,#6145));
#1467=EDGE_LOOP('',(#6146,#6147,#6148,#6149));
#1468=EDGE_LOOP('',(#6150,#6151,#6152,#6153));
#1469=EDGE_LOOP('',(#6154,#6155,#6156,#6157));
#1470=EDGE_LOOP('',(#6158,#6159,#6160,#6161));
#1471=EDGE_LOOP('',(#6162,#6163,#6164,#6165));
#1472=EDGE_LOOP('',(#6166,#6167,#6168,#6169));
#1473=EDGE_LOOP('',(#6170,#6171,#6172,#6173));
#1474=EDGE_LOOP('',(#6174,#6175,#6176,#6177));
#1475=EDGE_LOOP('',(#6178,#6179,#6180,#6181));
#1476=EDGE_LOOP('',(#6182,#6183,#6184,#6185));
#1477=EDGE_LOOP('',(#6186,#6187,#6188,#6189,#6190,#6191));
#1478=EDGE_LOOP('',(#6192,#6193,#6194,#6195,#6196,#6197));
#1479=EDGE_LOOP('',(#6198,#6199,#6200,#6201,#6202,#6203,#6204,#6205,#6206,
#6207,#6208,#6209,#6210,#6211,#6212,#6213,#6214,#6215,#6216,#6217,#6218,
#6219,#6220,#6221,#6222,#6223,#6224,#6225));
#1480=EDGE_LOOP('',(#6226,#6227,#6228,#6229,#6230,#6231,#6232,#6233,#6234,
#6235,#6236,#6237,#6238,#6239,#6240,#6241));
#1481=EDGE_LOOP('',(#6242,#6243,#6244,#6245,#6246,#6247));
#1482=EDGE_LOOP('',(#6248,#6249,#6250,#6251,#6252));
#1483=EDGE_LOOP('',(#6253,#6254,#6255,#6256,#6257));
#1484=EDGE_LOOP('',(#6258,#6259,#6260,#6261,#6262,#6263,#6264,#6265,#6266,
#6267,#6268,#6269,#6270,#6271,#6272,#6273,#6274,#6275,#6276,#6277,#6278,
#6279,#6280,#6281,#6282,#6283,#6284,#6285,#6286,#6287,#6288,#6289,#6290,
#6291,#6292,#6293,#6294,#6295,#6296,#6297,#6298,#6299,#6300,#6301));
#1485=EDGE_LOOP('',(#6302));
#1486=EDGE_LOOP('',(#6303));
#1487=EDGE_LOOP('',(#6304));
#1488=EDGE_LOOP('',(#6305));
#1489=EDGE_LOOP('',(#6306,#6307,#6308,#6309));
#1490=EDGE_LOOP('',(#6310,#6311,#6312,#6313));
#1491=EDGE_LOOP('',(#6314,#6315,#6316,#6317));
#1492=EDGE_LOOP('',(#6318,#6319,#6320,#6321));
#1493=EDGE_LOOP('',(#6322,#6323,#6324,#6325));
#1494=EDGE_LOOP('',(#6326,#6327,#6328,#6329));
#1495=EDGE_LOOP('',(#6330,#6331,#6332,#6333));
#1496=EDGE_LOOP('',(#6334,#6335,#6336,#6337));
#1497=EDGE_LOOP('',(#6338,#6339,#6340,#6341));
#1498=EDGE_LOOP('',(#6342,#6343,#6344,#6345));
#1499=EDGE_LOOP('',(#6346,#6347,#6348,#6349));
#1500=EDGE_LOOP('',(#6350,#6351,#6352,#6353));
#1501=EDGE_LOOP('',(#6354,#6355,#6356,#6357));
#1502=EDGE_LOOP('',(#6358,#6359,#6360,#6361));
#1503=EDGE_LOOP('',(#6362,#6363,#6364,#6365));
#1504=EDGE_LOOP('',(#6366,#6367,#6368,#6369));
#1505=EDGE_LOOP('',(#6370,#6371,#6372,#6373));
#1506=EDGE_LOOP('',(#6374,#6375,#6376,#6377));
#1507=EDGE_LOOP('',(#6378,#6379,#6380,#6381));
#1508=EDGE_LOOP('',(#6382,#6383,#6384,#6385));
#1509=EDGE_LOOP('',(#6386,#6387,#6388,#6389));
#1510=EDGE_LOOP('',(#6390,#6391,#6392,#6393));
#1511=EDGE_LOOP('',(#6394,#6395,#6396,#6397));
#1512=EDGE_LOOP('',(#6398,#6399,#6400,#6401));
#1513=EDGE_LOOP('',(#6402,#6403,#6404,#6405));
#1514=EDGE_LOOP('',(#6406,#6407,#6408,#6409));
#1515=EDGE_LOOP('',(#6410,#6411,#6412,#6413));
#1516=EDGE_LOOP('',(#6414,#6415,#6416,#6417));
#1517=EDGE_LOOP('',(#6418,#6419,#6420,#6421));
#1518=EDGE_LOOP('',(#6422,#6423,#6424,#6425));
#1519=EDGE_LOOP('',(#6426,#6427,#6428,#6429));
#1520=EDGE_LOOP('',(#6430,#6431,#6432,#6433));
#1521=EDGE_LOOP('',(#6434,#6435,#6436,#6437));
#1522=EDGE_LOOP('',(#6438,#6439,#6440,#6441));
#1523=EDGE_LOOP('',(#6442,#6443,#6444,#6445));
#1524=EDGE_LOOP('',(#6446,#6447,#6448,#6449));
#1525=EDGE_LOOP('',(#6450,#6451,#6452,#6453));
#1526=EDGE_LOOP('',(#6454,#6455,#6456,#6457));
#1527=EDGE_LOOP('',(#6458,#6459,#6460,#6461));
#1528=EDGE_LOOP('',(#6462,#6463,#6464,#6465));
#1529=EDGE_LOOP('',(#6466,#6467,#6468,#6469));
#1530=EDGE_LOOP('',(#6470,#6471,#6472,#6473));
#1531=EDGE_LOOP('',(#6474,#6475,#6476,#6477));
#1532=EDGE_LOOP('',(#6478,#6479,#6480,#6481));
#1533=EDGE_LOOP('',(#6482,#6483,#6484,#6485));
#1534=EDGE_LOOP('',(#6486,#6487,#6488,#6489));
#1535=EDGE_LOOP('',(#6490,#6491,#6492,#6493));
#1536=EDGE_LOOP('',(#6494,#6495,#6496,#6497));
#1537=EDGE_LOOP('',(#6498,#6499,#6500,#6501));
#1538=EDGE_LOOP('',(#6502,#6503,#6504));
#1539=EDGE_LOOP('',(#6505,#6506,#6507,#6508));
#1540=EDGE_LOOP('',(#6509,#6510,#6511,#6512));
#1541=EDGE_LOOP('',(#6513,#6514,#6515,#6516));
#1542=EDGE_LOOP('',(#6517,#6518,#6519,#6520));
#1543=EDGE_LOOP('',(#6521,#6522,#6523,#6524));
#1544=EDGE_LOOP('',(#6525,#6526,#6527));
#1545=EDGE_LOOP('',(#6528,#6529,#6530,#6531));
#1546=EDGE_LOOP('',(#6532,#6533,#6534,#6535));
#1547=EDGE_LOOP('',(#6536,#6537,#6538,#6539));
#1548=EDGE_LOOP('',(#6540,#6541,#6542,#6543,#6544,#6545,#6546,#6547));
#1549=EDGE_LOOP('',(#6548,#6549,#6550,#6551));
#1550=EDGE_LOOP('',(#6552,#6553,#6554,#6555));
#1551=EDGE_LOOP('',(#6556,#6557,#6558,#6559));
#1552=EDGE_LOOP('',(#6560,#6561,#6562,#6563));
#1553=EDGE_LOOP('',(#6564,#6565,#6566,#6567,#6568,#6569,#6570,#6571));
#1554=EDGE_LOOP('',(#6572,#6573,#6574,#6575));
#1555=EDGE_LOOP('',(#6576,#6577,#6578));
#1556=EDGE_LOOP('',(#6579,#6580,#6581,#6582));
#1557=EDGE_LOOP('',(#6583,#6584,#6585,#6586));
#1558=EDGE_LOOP('',(#6587,#6588,#6589,#6590));
#1559=EDGE_LOOP('',(#6591,#6592,#6593,#6594));
#1560=EDGE_LOOP('',(#6595,#6596,#6597,#6598));
#1561=EDGE_LOOP('',(#6599,#6600,#6601));
#1562=EDGE_LOOP('',(#6602,#6603,#6604,#6605));
#1563=EDGE_LOOP('',(#6606,#6607,#6608,#6609));
#1564=EDGE_LOOP('',(#6610,#6611,#6612,#6613));
#1565=EDGE_LOOP('',(#6614,#6615,#6616,#6617));
#1566=EDGE_LOOP('',(#6618,#6619,#6620,#6621));
#1567=EDGE_LOOP('',(#6622,#6623,#6624,#6625));
#1568=EDGE_LOOP('',(#6626,#6627,#6628,#6629));
#1569=EDGE_LOOP('',(#6630,#6631,#6632,#6633));
#1570=EDGE_LOOP('',(#6634,#6635,#6636,#6637));
#1571=EDGE_LOOP('',(#6638,#6639,#6640,#6641));
#1572=EDGE_LOOP('',(#6642,#6643,#6644,#6645,#6646,#6647,#6648,#6649,#6650,
#6651,#6652,#6653,#6654,#6655,#6656,#6657));
#1573=EDGE_LOOP('',(#6658));
#1574=EDGE_LOOP('',(#6659,#6660,#6661,#6662));
#1575=EDGE_LOOP('',(#6663,#6664,#6665,#6666));
#1576=EDGE_LOOP('',(#6667,#6668,#6669,#6670));
#1577=EDGE_LOOP('',(#6671,#6672,#6673,#6674));
#1578=EDGE_LOOP('',(#6675,#6676,#6677,#6678));
#1579=EDGE_LOOP('',(#6679,#6680,#6681,#6682));
#1580=EDGE_LOOP('',(#6683,#6684,#6685,#6686,#6687));
#1581=EDGE_LOOP('',(#6688,#6689,#6690,#6691,#6692));
#1582=EDGE_LOOP('',(#6693,#6694,#6695,#6696));
#1583=EDGE_LOOP('',(#6697,#6698,#6699,#6700));
#1584=EDGE_LOOP('',(#6701,#6702,#6703,#6704));
#1585=EDGE_LOOP('',(#6705,#6706,#6707,#6708));
#1586=EDGE_LOOP('',(#6709,#6710,#6711,#6712));
#1587=EDGE_LOOP('',(#6713,#6714,#6715,#6716));
#1588=EDGE_LOOP('',(#6717,#6718,#6719,#6720));
#1589=EDGE_LOOP('',(#6721,#6722,#6723,#6724,#6725,#6726));
#1590=EDGE_LOOP('',(#6727,#6728,#6729,#6730));
#1591=EDGE_LOOP('',(#6731,#6732,#6733,#6734));
#1592=EDGE_LOOP('',(#6735,#6736,#6737,#6738));
#1593=EDGE_LOOP('',(#6739,#6740,#6741,#6742));
#1594=EDGE_LOOP('',(#6743,#6744,#6745,#6746));
#1595=EDGE_LOOP('',(#6747,#6748,#6749,#6750));
#1596=EDGE_LOOP('',(#6751,#6752,#6753,#6754));
#1597=EDGE_LOOP('',(#6755,#6756,#6757,#6758));
#1598=EDGE_LOOP('',(#6759,#6760,#6761,#6762));
#1599=EDGE_LOOP('',(#6763,#6764,#6765,#6766));
#1600=EDGE_LOOP('',(#6767,#6768,#6769,#6770));
#1601=EDGE_LOOP('',(#6771,#6772,#6773,#6774));
#1602=EDGE_LOOP('',(#6775,#6776,#6777,#6778));
#1603=EDGE_LOOP('',(#6779,#6780,#6781,#6782));
#1604=EDGE_LOOP('',(#6783,#6784,#6785,#6786));
#1605=EDGE_LOOP('',(#6787,#6788,#6789,#6790));
#1606=EDGE_LOOP('',(#6791,#6792,#6793,#6794));
#1607=EDGE_LOOP('',(#6795,#6796,#6797,#6798));
#1608=EDGE_LOOP('',(#6799,#6800,#6801,#6802));
#1609=EDGE_LOOP('',(#6803,#6804,#6805,#6806));
#1610=EDGE_LOOP('',(#6807,#6808,#6809,#6810));
#1611=EDGE_LOOP('',(#6811,#6812,#6813,#6814));
#1612=EDGE_LOOP('',(#6815,#6816,#6817,#6818));
#1613=EDGE_LOOP('',(#6819,#6820,#6821,#6822));
#1614=EDGE_LOOP('',(#6823,#6824,#6825,#6826));
#1615=EDGE_LOOP('',(#6827,#6828,#6829,#6830));
#1616=EDGE_LOOP('',(#6831,#6832,#6833,#6834));
#1617=EDGE_LOOP('',(#6835,#6836,#6837,#6838));
#1618=EDGE_LOOP('',(#6839,#6840,#6841,#6842));
#1619=EDGE_LOOP('',(#6843,#6844,#6845,#6846));
#1620=EDGE_LOOP('',(#6847,#6848,#6849,#6850));
#1621=EDGE_LOOP('',(#6851,#6852,#6853,#6854));
#1622=EDGE_LOOP('',(#6855,#6856,#6857,#6858));
#1623=EDGE_LOOP('',(#6859,#6860,#6861,#6862));
#1624=EDGE_LOOP('',(#6863,#6864,#6865,#6866));
#1625=EDGE_LOOP('',(#6867,#6868,#6869,#6870));
#1626=EDGE_LOOP('',(#6871,#6872,#6873,#6874));
#1627=EDGE_LOOP('',(#6875,#6876,#6877,#6878));
#1628=EDGE_LOOP('',(#6879,#6880,#6881,#6882));
#1629=EDGE_LOOP('',(#6883,#6884,#6885,#6886));
#1630=EDGE_LOOP('',(#6887,#6888,#6889,#6890));
#1631=EDGE_LOOP('',(#6891,#6892,#6893,#6894));
#1632=EDGE_LOOP('',(#6895,#6896,#6897,#6898));
#1633=EDGE_LOOP('',(#6899,#6900,#6901,#6902));
#1634=EDGE_LOOP('',(#6903,#6904,#6905,#6906));
#1635=EDGE_LOOP('',(#6907,#6908,#6909,#6910));
#1636=EDGE_LOOP('',(#6911,#6912,#6913,#6914));
#1637=EDGE_LOOP('',(#6915,#6916,#6917,#6918));
#1638=EDGE_LOOP('',(#6919,#6920,#6921,#6922));
#1639=EDGE_LOOP('',(#6923,#6924,#6925,#6926,#6927,#6928));
#1640=EDGE_LOOP('',(#6929,#6930,#6931,#6932));
#1641=EDGE_LOOP('',(#6933,#6934,#6935,#6936));
#1642=EDGE_LOOP('',(#6937,#6938,#6939,#6940));
#1643=EDGE_LOOP('',(#6941,#6942,#6943,#6944,#6945,#6946,#6947));
#1644=EDGE_LOOP('',(#6948,#6949,#6950,#6951));
#1645=EDGE_LOOP('',(#6952,#6953,#6954,#6955));
#1646=EDGE_LOOP('',(#6956,#6957,#6958,#6959));
#1647=EDGE_LOOP('',(#6960,#6961,#6962,#6963,#6964,#6965));
#1648=EDGE_LOOP('',(#6966,#6967,#6968,#6969));
#1649=EDGE_LOOP('',(#6970,#6971,#6972,#6973));
#1650=EDGE_LOOP('',(#6974,#6975,#6976,#6977));
#1651=EDGE_LOOP('',(#6978,#6979,#6980,#6981,#6982,#6983));
#1652=EDGE_LOOP('',(#6984,#6985,#6986,#6987,#6988,#6989));
#1653=EDGE_LOOP('',(#6990,#6991,#6992,#6993,#6994,#6995,#6996));
#1654=EDGE_LOOP('',(#6997,#6998,#6999,#7000,#7001,#7002,#7003));
#1655=EDGE_LOOP('',(#7004,#7005,#7006,#7007,#7008,#7009,#7010));
#1656=EDGE_LOOP('',(#7011));
#1657=EDGE_LOOP('',(#7012));
#1658=EDGE_LOOP('',(#7013,#7014,#7015,#7016,#7017,#7018));
#1659=EDGE_LOOP('',(#7019));
#1660=EDGE_LOOP('',(#7020));
#1661=EDGE_LOOP('',(#7021,#7022,#7023,#7024,#7025,#7026));
#1662=EDGE_LOOP('',(#7027));
#1663=EDGE_LOOP('',(#7028));
#1664=EDGE_LOOP('',(#7029,#7030,#7031,#7032,#7033,#7034));
#1665=EDGE_LOOP('',(#7035));
#1666=EDGE_LOOP('',(#7036));
#1667=EDGE_LOOP('',(#7037,#7038,#7039,#7040,#7041,#7042));
#1668=EDGE_LOOP('',(#7043,#7044,#7045,#7046));
#1669=EDGE_LOOP('',(#7047,#7048,#7049,#7050));
#1670=EDGE_LOOP('',(#7051,#7052,#7053,#7054,#7055,#7056));
#1671=EDGE_LOOP('',(#7057,#7058,#7059,#7060));
#1672=EDGE_LOOP('',(#7061,#7062,#7063,#7064));
#1673=EDGE_LOOP('',(#7065,#7066,#7067,#7068,#7069));
#1674=EDGE_LOOP('',(#7070,#7071,#7072,#7073,#7074));
#1675=EDGE_LOOP('',(#7075,#7076,#7077,#7078,#7079,#7080,#7081,#7082,#7083,
#7084,#7085,#7086,#7087,#7088,#7089,#7090,#7091,#7092,#7093,#7094));
#1676=EDGE_LOOP('',(#7095,#7096,#7097,#7098,#7099,#7100));
#1677=EDGE_LOOP('',(#7101,#7102,#7103,#7104,#7105,#7106));
#1678=EDGE_LOOP('',(#7107,#7108,#7109,#7110,#7111,#7112,#7113,#7114));
#1679=EDGE_LOOP('',(#7115));
#1680=EDGE_LOOP('',(#7116,#7117,#7118,#7119));
#1681=EDGE_LOOP('',(#7120,#7121,#7122,#7123));
#1682=EDGE_LOOP('',(#7124));
#1683=EDGE_LOOP('',(#7125,#7126,#7127,#7128));
#1684=EDGE_LOOP('',(#7129,#7130,#7131,#7132,#7133,#7134,#7135,#7136));
#1685=EDGE_LOOP('',(#7137));
#1686=EDGE_LOOP('',(#7138));
#1687=EDGE_LOOP('',(#7139));
#1688=EDGE_LOOP('',(#7140));
#1689=EDGE_LOOP('',(#7141,#7142,#7143,#7144));
#1690=EDGE_LOOP('',(#7145,#7146,#7147,#7148));
#1691=EDGE_LOOP('',(#7149,#7150,#7151,#7152));
#1692=EDGE_LOOP('',(#7153,#7154,#7155,#7156));
#1693=EDGE_LOOP('',(#7157,#7158,#7159,#7160));
#1694=EDGE_LOOP('',(#7161,#7162,#7163,#7164));
#1695=EDGE_LOOP('',(#7165,#7166,#7167,#7168));
#1696=EDGE_LOOP('',(#7169,#7170,#7171,#7172));
#1697=EDGE_LOOP('',(#7173,#7174,#7175,#7176));
#1698=EDGE_LOOP('',(#7177,#7178,#7179,#7180));
#1699=EDGE_LOOP('',(#7181,#7182,#7183,#7184));
#1700=EDGE_LOOP('',(#7185,#7186,#7187,#7188));
#1701=EDGE_LOOP('',(#7189,#7190,#7191,#7192));
#1702=EDGE_LOOP('',(#7193,#7194,#7195,#7196));
#1703=EDGE_LOOP('',(#7197,#7198,#7199,#7200));
#1704=EDGE_LOOP('',(#7201,#7202,#7203,#7204,#7205,#7206,#7207,#7208));
#1705=EDGE_LOOP('',(#7209));
#1706=EDGE_LOOP('',(#7210));
#1707=EDGE_LOOP('',(#7211));
#1708=EDGE_LOOP('',(#7212));
#1709=EDGE_LOOP('',(#7213,#7214,#7215,#7216));
#1710=EDGE_LOOP('',(#7217,#7218,#7219,#7220,#7221));
#1711=EDGE_LOOP('',(#7222,#7223,#7224,#7225));
#1712=EDGE_LOOP('',(#7226,#7227,#7228,#7229));
#1713=EDGE_LOOP('',(#7230,#7231,#7232,#7233));
#1714=EDGE_LOOP('',(#7234,#7235,#7236,#7237,#7238));
#1715=EDGE_LOOP('',(#7239,#7240,#7241));
#1716=EDGE_LOOP('',(#7242,#7243,#7244,#7245));
#1717=EDGE_LOOP('',(#7246,#7247,#7248,#7249));
#1718=EDGE_LOOP('',(#7250,#7251,#7252,#7253));
#1719=EDGE_LOOP('',(#7254,#7255,#7256));
#1720=EDGE_LOOP('',(#7257,#7258,#7259,#7260,#7261));
#1721=EDGE_LOOP('',(#7262,#7263,#7264,#7265));
#1722=EDGE_LOOP('',(#7266,#7267,#7268,#7269));
#1723=EDGE_LOOP('',(#7270,#7271,#7272,#7273));
#1724=EDGE_LOOP('',(#7274,#7275,#7276,#7277,#7278));
#1725=EDGE_LOOP('',(#7279,#7280,#7281));
#1726=EDGE_LOOP('',(#7282,#7283,#7284,#7285));
#1727=EDGE_LOOP('',(#7286,#7287,#7288,#7289));
#1728=EDGE_LOOP('',(#7290,#7291,#7292,#7293));
#1729=EDGE_LOOP('',(#7294,#7295,#7296));
#1730=EDGE_LOOP('',(#7297,#7298,#7299,#7300));
#1731=EDGE_LOOP('',(#7301,#7302,#7303,#7304));
#1732=EDGE_LOOP('',(#7305,#7306,#7307,#7308));
#1733=EDGE_LOOP('',(#7309,#7310,#7311,#7312));
#1734=EDGE_LOOP('',(#7313,#7314,#7315,#7316));
#1735=EDGE_LOOP('',(#7317,#7318,#7319,#7320));
#1736=EDGE_LOOP('',(#7321,#7322,#7323,#7324));
#1737=EDGE_LOOP('',(#7325,#7326,#7327,#7328));
#1738=EDGE_LOOP('',(#7329,#7330,#7331,#7332));
#1739=EDGE_LOOP('',(#7333,#7334,#7335,#7336));
#1740=EDGE_LOOP('',(#7337,#7338,#7339));
#1741=EDGE_LOOP('',(#7340,#7341,#7342,#7343));
#1742=EDGE_LOOP('',(#7344,#7345,#7346,#7347));
#1743=EDGE_LOOP('',(#7348,#7349,#7350,#7351));
#1744=EDGE_LOOP('',(#7352,#7353,#7354,#7355));
#1745=EDGE_LOOP('',(#7356,#7357,#7358,#7359));
#1746=EDGE_LOOP('',(#7360,#7361,#7362,#7363));
#1747=EDGE_LOOP('',(#7364,#7365,#7366,#7367));
#1748=EDGE_LOOP('',(#7368,#7369,#7370,#7371));
#1749=EDGE_LOOP('',(#7372,#7373,#7374,#7375));
#1750=EDGE_LOOP('',(#7376,#7377,#7378));
#1751=EDGE_LOOP('',(#7379,#7380,#7381,#7382));
#1752=EDGE_LOOP('',(#7383,#7384,#7385));
#1753=EDGE_LOOP('',(#7386,#7387,#7388));
#1754=EDGE_LOOP('',(#7389,#7390,#7391,#7392));
#1755=EDGE_LOOP('',(#7393,#7394,#7395,#7396));
#1756=EDGE_LOOP('',(#7397,#7398,#7399,#7400));
#1757=EDGE_LOOP('',(#7401,#7402,#7403,#7404));
#1758=EDGE_LOOP('',(#7405,#7406,#7407,#7408));
#1759=EDGE_LOOP('',(#7409,#7410,#7411,#7412,#7413,#7414,#7415,#7416,#7417,
#7418,#7419,#7420));
#1760=EDGE_LOOP('',(#7421,#7422,#7423,#7424));
#1761=EDGE_LOOP('',(#7425,#7426,#7427,#7428));
#1762=EDGE_LOOP('',(#7429,#7430,#7431,#7432));
#1763=EDGE_LOOP('',(#7433,#7434,#7435,#7436));
#1764=EDGE_LOOP('',(#7437,#7438,#7439,#7440));
#1765=EDGE_LOOP('',(#7441,#7442,#7443,#7444));
#1766=EDGE_LOOP('',(#7445,#7446,#7447,#7448));
#1767=EDGE_LOOP('',(#7449,#7450,#7451,#7452));
#1768=EDGE_LOOP('',(#7453,#7454,#7455,#7456));
#1769=EDGE_LOOP('',(#7457,#7458,#7459,#7460));
#1770=EDGE_LOOP('',(#7461,#7462,#7463,#7464));
#1771=EDGE_LOOP('',(#7465,#7466,#7467,#7468));
#1772=EDGE_LOOP('',(#7469,#7470,#7471,#7472));
#1773=EDGE_LOOP('',(#7473,#7474,#7475,#7476,#7477,#7478,#7479,#7480,#7481,
#7482,#7483,#7484));
#1774=EDGE_LOOP('',(#7485,#7486,#7487,#7488));
#1775=EDGE_LOOP('',(#7489,#7490,#7491,#7492));
#1776=EDGE_LOOP('',(#7493,#7494,#7495,#7496));
#1777=EDGE_LOOP('',(#7497,#7498,#7499,#7500));
#1778=EDGE_LOOP('',(#7501));
#1779=EDGE_LOOP('',(#7502));
#1780=EDGE_LOOP('',(#7503,#7504,#7505,#7506));
#1781=EDGE_LOOP('',(#7507,#7508,#7509,#7510,#7511,#7512,#7513,#7514));
#1782=EDGE_LOOP('',(#7515,#7516,#7517,#7518));
#1783=EDGE_LOOP('',(#7519,#7520,#7521,#7522,#7523,#7524,#7525,#7526));
#1784=EDGE_LOOP('',(#7527,#7528,#7529,#7530,#7531,#7532,#7533,#7534,#7535,
#7536,#7537,#7538,#7539));
#1785=EDGE_LOOP('',(#7540,#7541,#7542,#7543));
#1786=EDGE_LOOP('',(#7544,#7545,#7546,#7547));
#1787=EDGE_LOOP('',(#7548,#7549,#7550,#7551));
#1788=EDGE_LOOP('',(#7552,#7553,#7554,#7555));
#1789=EDGE_LOOP('',(#7556,#7557,#7558,#7559,#7560,#7561,#7562));
#1790=EDGE_LOOP('',(#7563,#7564,#7565,#7566,#7567,#7568,#7569,#7570,#7571,
#7572,#7573,#7574,#7575,#7576,#7577,#7578,#7579,#7580,#7581,#7582,#7583,
#7584,#7585,#7586,#7587,#7588,#7589,#7590,#7591,#7592,#7593,#7594,#7595,
#7596,#7597,#7598,#7599,#7600,#7601,#7602,#7603,#7604,#7605));
#1791=EDGE_LOOP('',(#7606));
#1792=EDGE_LOOP('',(#7607));
#1793=EDGE_LOOP('',(#7608));
#1794=EDGE_LOOP('',(#7609));
#1795=EDGE_LOOP('',(#7610,#7611,#7612,#7613));
#1796=EDGE_LOOP('',(#7614,#7615,#7616,#7617));
#1797=EDGE_LOOP('',(#7618,#7619,#7620,#7621,#7622,#7623,#7624,#7625));
#1798=EDGE_LOOP('',(#7626,#7627,#7628,#7629));
#1799=EDGE_LOOP('',(#7630,#7631,#7632,#7633));
#1800=EDGE_LOOP('',(#7634,#7635,#7636,#7637));
#1801=EDGE_LOOP('',(#7638,#7639,#7640,#7641));
#1802=EDGE_LOOP('',(#7642,#7643,#7644,#7645));
#1803=EDGE_LOOP('',(#7646,#7647,#7648,#7649));
#1804=EDGE_LOOP('',(#7650,#7651,#7652,#7653));
#1805=EDGE_LOOP('',(#7654,#7655,#7656,#7657));
#1806=EDGE_LOOP('',(#7658,#7659,#7660,#7661));
#1807=EDGE_LOOP('',(#7662,#7663,#7664,#7665));
#1808=EDGE_LOOP('',(#7666,#7667,#7668,#7669));
#1809=EDGE_LOOP('',(#7670,#7671,#7672,#7673));
#1810=EDGE_LOOP('',(#7674,#7675,#7676,#7677));
#1811=EDGE_LOOP('',(#7678,#7679,#7680,#7681));
#1812=EDGE_LOOP('',(#7682,#7683,#7684,#7685));
#1813=EDGE_LOOP('',(#7686,#7687,#7688,#7689));
#1814=EDGE_LOOP('',(#7690,#7691,#7692,#7693));
#1815=EDGE_LOOP('',(#7694,#7695,#7696,#7697,#7698,#7699,#7700,#7701));
#1816=EDGE_LOOP('',(#7702,#7703,#7704,#7705,#7706,#7707,#7708,#7709));
#1817=EDGE_LOOP('',(#7710,#7711,#7712,#7713,#7714,#7715));
#1818=EDGE_LOOP('',(#7716,#7717,#7718,#7719,#7720,#7721));
#1819=EDGE_LOOP('',(#7722,#7723,#7724,#7725,#7726));
#1820=EDGE_LOOP('',(#7727,#7728,#7729,#7730));
#1821=EDGE_LOOP('',(#7731,#7732,#7733,#7734,#7735));
#1822=EDGE_LOOP('',(#7736,#7737,#7738,#7739,#7740,#7741));
#1823=EDGE_LOOP('',(#7742,#7743,#7744,#7745,#7746,#7747,#7748,#7749));
#1824=EDGE_LOOP('',(#7750,#7751,#7752,#7753,#7754,#7755,#7756,#7757));
#1825=EDGE_LOOP('',(#7758,#7759,#7760,#7761));
#1826=EDGE_LOOP('',(#7762,#7763,#7764,#7765,#7766));
#1827=EDGE_LOOP('',(#7767,#7768,#7769,#7770));
#1828=EDGE_LOOP('',(#7771,#7772,#7773,#7774));
#1829=EDGE_LOOP('',(#7775,#7776,#7777,#7778,#7779));
#1830=EDGE_LOOP('',(#7780,#7781,#7782,#7783));
#1831=EDGE_LOOP('',(#7784,#7785,#7786,#7787));
#1832=EDGE_LOOP('',(#7788,#7789,#7790,#7791));
#1833=EDGE_LOOP('',(#7792,#7793,#7794,#7795));
#1834=EDGE_LOOP('',(#7796,#7797,#7798,#7799));
#1835=EDGE_LOOP('',(#7800,#7801,#7802,#7803));
#1836=EDGE_LOOP('',(#7804,#7805,#7806,#7807));
#1837=EDGE_LOOP('',(#7808,#7809,#7810,#7811));
#1838=EDGE_LOOP('',(#7812,#7813,#7814,#7815));
#1839=EDGE_LOOP('',(#7816,#7817,#7818,#7819));
#1840=EDGE_LOOP('',(#7820,#7821,#7822,#7823));
#1841=EDGE_LOOP('',(#7824,#7825,#7826,#7827));
#1842=EDGE_LOOP('',(#7828,#7829,#7830,#7831));
#1843=EDGE_LOOP('',(#7832,#7833,#7834,#7835));
#1844=EDGE_LOOP('',(#7836,#7837,#7838,#7839));
#1845=EDGE_LOOP('',(#7840,#7841,#7842,#7843));
#1846=EDGE_LOOP('',(#7844,#7845,#7846,#7847));
#1847=EDGE_LOOP('',(#7848,#7849,#7850,#7851,#7852,#7853));
#1848=EDGE_LOOP('',(#7854,#7855,#7856,#7857));
#1849=EDGE_LOOP('',(#7858,#7859,#7860,#7861));
#1850=EDGE_LOOP('',(#7862,#7863,#7864,#7865));
#1851=EDGE_LOOP('',(#7866,#7867,#7868,#7869));
#1852=EDGE_LOOP('',(#7870,#7871,#7872,#7873));
#1853=EDGE_LOOP('',(#7874,#7875,#7876,#7877));
#1854=EDGE_LOOP('',(#7878,#7879,#7880,#7881));
#1855=EDGE_LOOP('',(#7882,#7883,#7884,#7885));
#1856=EDGE_LOOP('',(#7886,#7887,#7888,#7889));
#1857=EDGE_LOOP('',(#7890,#7891,#7892,#7893));
#1858=EDGE_LOOP('',(#7894,#7895,#7896,#7897));
#1859=EDGE_LOOP('',(#7898,#7899,#7900,#7901));
#1860=EDGE_LOOP('',(#7902,#7903,#7904,#7905));
#1861=EDGE_LOOP('',(#7906,#7907,#7908,#7909));
#1862=EDGE_LOOP('',(#7910,#7911,#7912,#7913));
#1863=EDGE_LOOP('',(#7914,#7915,#7916,#7917));
#1864=EDGE_LOOP('',(#7918,#7919,#7920,#7921));
#1865=EDGE_LOOP('',(#7922,#7923,#7924,#7925));
#1866=EDGE_LOOP('',(#7926,#7927,#7928,#7929));
#1867=EDGE_LOOP('',(#7930,#7931,#7932,#7933));
#1868=EDGE_LOOP('',(#7934,#7935,#7936,#7937));
#1869=EDGE_LOOP('',(#7938,#7939,#7940,#7941));
#1870=EDGE_LOOP('',(#7942,#7943,#7944,#7945));
#1871=EDGE_LOOP('',(#7946,#7947,#7948,#7949));
#1872=EDGE_LOOP('',(#7950,#7951,#7952,#7953));
#1873=EDGE_LOOP('',(#7954,#7955,#7956,#7957,#7958,#7959,#7960,#7961));
#1874=EDGE_LOOP('',(#7962,#7963,#7964,#7965));
#1875=EDGE_LOOP('',(#7966,#7967,#7968,#7969));
#1876=EDGE_LOOP('',(#7970,#7971,#7972,#7973));
#1877=EDGE_LOOP('',(#7974,#7975,#7976,#7977));
#1878=EDGE_LOOP('',(#7978,#7979,#7980,#7981));
#1879=EDGE_LOOP('',(#7982,#7983,#7984,#7985));
#1880=EDGE_LOOP('',(#7986,#7987,#7988,#7989));
#1881=EDGE_LOOP('',(#7990,#7991,#7992,#7993));
#1882=EDGE_LOOP('',(#7994,#7995,#7996,#7997));
#1883=EDGE_LOOP('',(#7998,#7999,#8000,#8001));
#1884=EDGE_LOOP('',(#8002,#8003,#8004,#8005));
#1885=EDGE_LOOP('',(#8006,#8007,#8008,#8009));
#1886=EDGE_LOOP('',(#8010,#8011,#8012,#8013));
#1887=EDGE_LOOP('',(#8014,#8015,#8016,#8017));
#1888=EDGE_LOOP('',(#8018,#8019,#8020,#8021,#8022,#8023,#8024,#8025));
#1889=EDGE_LOOP('',(#8026,#8027,#8028,#8029));
#1890=EDGE_LOOP('',(#8030,#8031,#8032,#8033));
#1891=EDGE_LOOP('',(#8034,#8035,#8036,#8037));
#1892=EDGE_LOOP('',(#8038,#8039,#8040,#8041));
#1893=EDGE_LOOP('',(#8042,#8043,#8044,#8045));
#1894=EDGE_LOOP('',(#8046,#8047,#8048,#8049));
#1895=EDGE_LOOP('',(#8050,#8051,#8052,#8053));
#1896=EDGE_LOOP('',(#8054,#8055,#8056,#8057));
#1897=EDGE_LOOP('',(#8058,#8059,#8060,#8061));
#1898=EDGE_LOOP('',(#8062,#8063,#8064,#8065,#8066,#8067,#8068,#8069,#8070,
#8071));
#1899=EDGE_LOOP('',(#8072,#8073,#8074));
#1900=EDGE_LOOP('',(#8075,#8076,#8077,#8078));
#1901=EDGE_LOOP('',(#8079,#8080,#8081));
#1902=EDGE_LOOP('',(#8082,#8083,#8084,#8085));
#1903=EDGE_LOOP('',(#8086,#8087,#8088,#8089));
#1904=EDGE_LOOP('',(#8090,#8091,#8092,#8093));
#1905=EDGE_LOOP('',(#8094,#8095,#8096,#8097));
#1906=EDGE_LOOP('',(#8098,#8099,#8100,#8101));
#1907=EDGE_LOOP('',(#8102,#8103,#8104,#8105));
#1908=EDGE_LOOP('',(#8106,#8107,#8108,#8109));
#1909=EDGE_LOOP('',(#8110,#8111,#8112,#8113));
#1910=EDGE_LOOP('',(#8114,#8115,#8116,#8117));
#1911=EDGE_LOOP('',(#8118,#8119,#8120,#8121));
#1912=EDGE_LOOP('',(#8122,#8123,#8124,#8125));
#1913=EDGE_LOOP('',(#8126,#8127,#8128,#8129));
#1914=EDGE_LOOP('',(#8130,#8131,#8132,#8133));
#1915=EDGE_LOOP('',(#8134,#8135,#8136,#8137));
#1916=EDGE_LOOP('',(#8138,#8139,#8140,#8141,#8142,#8143,#8144,#8145,#8146,
#8147,#8148,#8149,#8150,#8151,#8152,#8153));
#1917=EDGE_LOOP('',(#8154,#8155,#8156,#8157,#8158,#8159,#8160,#8161));
#1918=EDGE_LOOP('',(#8162,#8163,#8164,#8165));
#1919=EDGE_LOOP('',(#8166,#8167,#8168,#8169,#8170,#8171));
#1920=EDGE_LOOP('',(#8172,#8173,#8174,#8175));
#1921=EDGE_LOOP('',(#8176,#8177,#8178,#8179,#8180,#8181,#8182));
#1922=EDGE_LOOP('',(#8183,#8184,#8185,#8186));
#1923=EDGE_LOOP('',(#8187));
#1924=EDGE_LOOP('',(#8188,#8189,#8190,#8191));
#1925=EDGE_LOOP('',(#8192));
#1926=EDGE_LOOP('',(#8193,#8194,#8195,#8196));
#1927=EDGE_LOOP('',(#8197));
#1928=EDGE_LOOP('',(#8198,#8199,#8200,#8201));
#1929=EDGE_LOOP('',(#8202));
#1930=EDGE_LOOP('',(#8203,#8204,#8205,#8206));
#1931=EDGE_LOOP('',(#8207,#8208,#8209,#8210));
#1932=EDGE_LOOP('',(#8211,#8212,#8213,#8214));
#1933=EDGE_LOOP('',(#8215,#8216,#8217,#8218));
#1934=EDGE_LOOP('',(#8219,#8220,#8221,#8222));
#1935=EDGE_LOOP('',(#8223,#8224,#8225,#8226,#8227));
#1936=EDGE_LOOP('',(#8228,#8229,#8230,#8231));
#1937=EDGE_LOOP('',(#8232,#8233,#8234,#8235,#8236));
#1938=EDGE_LOOP('',(#8237,#8238,#8239,#8240,#8241));
#1939=EDGE_LOOP('',(#8242,#8243,#8244,#8245,#8246,#8247,#8248,#8249,#8250,
#8251,#8252,#8253,#8254));
#1940=EDGE_LOOP('',(#8255,#8256,#8257,#8258,#8259,#8260,#8261,#8262));
#1941=EDGE_LOOP('',(#8263,#8264,#8265,#8266,#8267));
#1942=EDGE_LOOP('',(#8268,#8269,#8270,#8271));
#1943=EDGE_LOOP('',(#8272,#8273,#8274,#8275));
#1944=EDGE_LOOP('',(#8276,#8277,#8278,#8279,#8280,#8281,#8282,#8283,#8284,
#8285,#8286,#8287,#8288,#8289,#8290,#8291,#8292,#8293,#8294,#8295,#8296,
#8297,#8298,#8299,#8300));
#1945=EDGE_LOOP('',(#8301,#8302,#8303,#8304));
#1946=EDGE_LOOP('',(#8305,#8306,#8307,#8308));
#1947=EDGE_LOOP('',(#8309,#8310,#8311,#8312));
#1948=EDGE_LOOP('',(#8313,#8314,#8315,#8316));
#1949=EDGE_LOOP('',(#8317,#8318,#8319,#8320,#8321));
#1950=EDGE_LOOP('',(#8322,#8323,#8324,#8325,#8326,#8327));
#1951=EDGE_LOOP('',(#8328,#8329,#8330,#8331,#8332));
#1952=EDGE_LOOP('',(#8333,#8334,#8335,#8336));
#1953=EDGE_LOOP('',(#8337,#8338,#8339,#8340));
#1954=EDGE_LOOP('',(#8341,#8342,#8343,#8344));
#1955=EDGE_LOOP('',(#8345,#8346,#8347,#8348));
#1956=EDGE_LOOP('',(#8349,#8350,#8351,#8352));
#1957=EDGE_LOOP('',(#8353,#8354,#8355,#8356,#8357,#8358,#8359,#8360,#8361));
#1958=EDGE_LOOP('',(#8362,#8363,#8364,#8365));
#1959=EDGE_LOOP('',(#8366,#8367,#8368,#8369));
#1960=EDGE_LOOP('',(#8370,#8371,#8372,#8373));
#1961=EDGE_LOOP('',(#8374,#8375,#8376,#8377));
#1962=EDGE_LOOP('',(#8378,#8379,#8380,#8381,#8382,#8383,#8384,#8385));
#1963=EDGE_LOOP('',(#8386,#8387,#8388,#8389));
#1964=EDGE_LOOP('',(#8390,#8391,#8392,#8393));
#1965=EDGE_LOOP('',(#8394,#8395,#8396,#8397));
#1966=EDGE_LOOP('',(#8398,#8399,#8400,#8401));
#1967=EDGE_LOOP('',(#8402,#8403,#8404,#8405));
#1968=EDGE_LOOP('',(#8406,#8407,#8408,#8409));
#1969=EDGE_LOOP('',(#8410,#8411,#8412,#8413));
#1970=EDGE_LOOP('',(#8414,#8415,#8416,#8417));
#1971=EDGE_LOOP('',(#8418,#8419,#8420,#8421));
#1972=EDGE_LOOP('',(#8422,#8423,#8424,#8425));
#1973=EDGE_LOOP('',(#8426,#8427,#8428,#8429));
#1974=EDGE_LOOP('',(#8430,#8431,#8432,#8433));
#1975=EDGE_LOOP('',(#8434,#8435,#8436,#8437));
#1976=EDGE_LOOP('',(#8438,#8439,#8440,#8441));
#1977=EDGE_LOOP('',(#8442,#8443,#8444,#8445));
#1978=EDGE_LOOP('',(#8446,#8447,#8448,#8449));
#1979=EDGE_LOOP('',(#8450,#8451,#8452,#8453));
#1980=EDGE_LOOP('',(#8454,#8455,#8456,#8457));
#1981=EDGE_LOOP('',(#8458,#8459,#8460,#8461));
#1982=EDGE_LOOP('',(#8462,#8463,#8464,#8465));
#1983=EDGE_LOOP('',(#8466,#8467,#8468,#8469));
#1984=EDGE_LOOP('',(#8470,#8471,#8472,#8473));
#1985=EDGE_LOOP('',(#8474,#8475,#8476,#8477));
#1986=EDGE_LOOP('',(#8478,#8479,#8480,#8481));
#1987=EDGE_LOOP('',(#8482,#8483,#8484,#8485));
#1988=EDGE_LOOP('',(#8486,#8487,#8488,#8489));
#1989=EDGE_LOOP('',(#8490,#8491,#8492,#8493));
#1990=EDGE_LOOP('',(#8494,#8495,#8496,#8497));
#1991=EDGE_LOOP('',(#8498,#8499,#8500,#8501));
#1992=EDGE_LOOP('',(#8502,#8503,#8504,#8505));
#1993=EDGE_LOOP('',(#8506,#8507,#8508,#8509));
#1994=EDGE_LOOP('',(#8510,#8511,#8512,#8513));
#1995=EDGE_LOOP('',(#8514,#8515,#8516,#8517));
#1996=EDGE_LOOP('',(#8518,#8519,#8520,#8521));
#1997=EDGE_LOOP('',(#8522,#8523,#8524,#8525));
#1998=EDGE_LOOP('',(#8526,#8527,#8528,#8529));
#1999=EDGE_LOOP('',(#8530,#8531,#8532,#8533));
#2000=EDGE_LOOP('',(#8534,#8535,#8536,#8537));
#2001=EDGE_LOOP('',(#8538,#8539,#8540,#8541));
#2002=EDGE_LOOP('',(#8542,#8543,#8544,#8545));
#2003=EDGE_LOOP('',(#8546,#8547,#8548,#8549));
#2004=EDGE_LOOP('',(#8550,#8551,#8552,#8553));
#2005=EDGE_LOOP('',(#8554,#8555,#8556,#8557));
#2006=EDGE_LOOP('',(#8558,#8559,#8560,#8561));
#2007=EDGE_LOOP('',(#8562,#8563,#8564,#8565));
#2008=EDGE_LOOP('',(#8566,#8567,#8568,#8569));
#2009=EDGE_LOOP('',(#8570,#8571,#8572,#8573));
#2010=EDGE_LOOP('',(#8574,#8575,#8576,#8577));
#2011=EDGE_LOOP('',(#8578,#8579,#8580,#8581));
#2012=EDGE_LOOP('',(#8582,#8583,#8584,#8585));
#2013=EDGE_LOOP('',(#8586,#8587,#8588,#8589,#8590,#8591,#8592,#8593,#8594,
#8595,#8596,#8597,#8598,#8599,#8600,#8601));
#2014=EDGE_LOOP('',(#8602,#8603,#8604,#8605,#8606,#8607,#8608,#8609,#8610,
#8611,#8612,#8613,#8614,#8615,#8616,#8617));
#2015=EDGE_LOOP('',(#8618,#8619,#8620,#8621));
#2016=EDGE_LOOP('',(#8622,#8623,#8624,#8625));
#2017=EDGE_LOOP('',(#8626,#8627,#8628,#8629));
#2018=EDGE_LOOP('',(#8630,#8631,#8632,#8633));
#2019=EDGE_LOOP('',(#8634,#8635,#8636,#8637));
#2020=EDGE_LOOP('',(#8638,#8639,#8640,#8641));
#2021=EDGE_LOOP('',(#8642,#8643,#8644,#8645));
#2022=EDGE_LOOP('',(#8646,#8647,#8648,#8649));
#2023=EDGE_LOOP('',(#8650,#8651,#8652,#8653));
#2024=EDGE_LOOP('',(#8654,#8655,#8656,#8657));
#2025=EDGE_LOOP('',(#8658,#8659,#8660,#8661));
#2026=EDGE_LOOP('',(#8662,#8663,#8664,#8665));
#2027=EDGE_LOOP('',(#8666,#8667,#8668,#8669));
#2028=EDGE_LOOP('',(#8670,#8671,#8672,#8673));
#2029=EDGE_LOOP('',(#8674,#8675,#8676,#8677));
#2030=EDGE_LOOP('',(#8678,#8679,#8680,#8681));
#2031=EDGE_LOOP('',(#8682,#8683,#8684,#8685));
#2032=EDGE_LOOP('',(#8686,#8687,#8688,#8689));
#2033=EDGE_LOOP('',(#8690,#8691,#8692,#8693));
#2034=EDGE_LOOP('',(#8694,#8695,#8696,#8697));
#2035=EDGE_LOOP('',(#8698,#8699,#8700,#8701));
#2036=EDGE_LOOP('',(#8702,#8703,#8704,#8705));
#2037=EDGE_LOOP('',(#8706,#8707,#8708,#8709));
#2038=EDGE_LOOP('',(#8710,#8711,#8712,#8713));
#2039=EDGE_LOOP('',(#8714,#8715,#8716,#8717));
#2040=EDGE_LOOP('',(#8718,#8719,#8720,#8721));
#2041=EDGE_LOOP('',(#8722,#8723,#8724,#8725));
#2042=LINE('',#13630,#2922);
#2043=LINE('',#13632,#2923);
#2044=LINE('',#13634,#2924);
#2045=LINE('',#13635,#2925);
#2046=LINE('',#13638,#2926);
#2047=LINE('',#13640,#2927);
#2048=LINE('',#13642,#2928);
#2049=LINE('',#13644,#2929);
#2050=LINE('',#13646,#2930);
#2051=LINE('',#13648,#2931);
#2052=LINE('',#13650,#2932);
#2053=LINE('',#13652,#2933);
#2054=LINE('',#13653,#2934);
#2055=LINE('',#13656,#2935);
#2056=LINE('',#13658,#2936);
#2057=LINE('',#13660,#2937);
#2058=LINE('',#13662,#2938);
#2059=LINE('',#13664,#2939);
#2060=LINE('',#13666,#2940);
#2061=LINE('',#13668,#2941);
#2062=LINE('',#13670,#2942);
#2063=LINE('',#13672,#2943);
#2064=LINE('',#13674,#2944);
#2065=LINE('',#13676,#2945);
#2066=LINE('',#13677,#2946);
#2067=LINE('',#13680,#2947);
#2068=LINE('',#13682,#2948);
#2069=LINE('',#13683,#2949);
#2070=LINE('',#13686,#2950);
#2071=LINE('',#13687,#2951);
#2072=LINE('',#13691,#2952);
#2073=LINE('',#13693,#2953);
#2074=LINE('',#13694,#2954);
#2075=LINE('',#13696,#2955);
#2076=LINE('',#13697,#2956);
#2077=LINE('',#13701,#2957);
#2078=LINE('',#13703,#2958);
#2079=LINE('',#13704,#2959);
#2080=LINE('',#13706,#2960);
#2081=LINE('',#13707,#2961);
#2082=LINE('',#13711,#2962);
#2083=LINE('',#13713,#2963);
#2084=LINE('',#13714,#2964);
#2085=LINE('',#13716,#2965);
#2086=LINE('',#13717,#2966);
#2087=LINE('',#13721,#2967);
#2088=LINE('',#13723,#2968);
#2089=LINE('',#13724,#2969);
#2090=LINE('',#13726,#2970);
#2091=LINE('',#13727,#2971);
#2092=LINE('',#13731,#2972);
#2093=LINE('',#13733,#2973);
#2094=LINE('',#13735,#2974);
#2095=LINE('',#13737,#2975);
#2096=LINE('',#13738,#2976);
#2097=LINE('',#13741,#2977);
#2098=LINE('',#13743,#2978);
#2099=LINE('',#13744,#2979);
#2100=LINE('',#13747,#2980);
#2101=LINE('',#13749,#2981);
#2102=LINE('',#13750,#2982);
#2103=LINE('',#13753,#2983);
#2104=LINE('',#13755,#2984);
#2105=LINE('',#13756,#2985);
#2106=LINE('',#13759,#2986);
#2107=LINE('',#13761,#2987);
#2108=LINE('',#13762,#2988);
#2109=LINE('',#13765,#2989);
#2110=LINE('',#13767,#2990);
#2111=LINE('',#13768,#2991);
#2112=LINE('',#13771,#2992);
#2113=LINE('',#13773,#2993);
#2114=LINE('',#13774,#2994);
#2115=LINE('',#13777,#2995);
#2116=LINE('',#13779,#2996);
#2117=LINE('',#13780,#2997);
#2118=LINE('',#13783,#2998);
#2119=LINE('',#13785,#2999);
#2120=LINE('',#13786,#3000);
#2121=LINE('',#13788,#3001);
#2122=LINE('',#13789,#3002);
#2123=LINE('',#13792,#3003);
#2124=LINE('',#13794,#3004);
#2125=LINE('',#13795,#3005);
#2126=LINE('',#13798,#3006);
#2127=LINE('',#13800,#3007);
#2128=LINE('',#13801,#3008);
#2129=LINE('',#13803,#3009);
#2130=LINE('',#13804,#3010);
#2131=LINE('',#13806,#3011);
#2132=LINE('',#13807,#3012);
#2133=LINE('',#13810,#3013);
#2134=LINE('',#13812,#3014);
#2135=LINE('',#13813,#3015);
#2136=LINE('',#13816,#3016);
#2137=LINE('',#13818,#3017);
#2138=LINE('',#13819,#3018);
#2139=LINE('',#13821,#3019);
#2140=LINE('',#13822,#3020);
#2141=LINE('',#13825,#3021);
#2142=LINE('',#13827,#3022);
#2143=LINE('',#13828,#3023);
#2144=LINE('',#13831,#3024);
#2145=LINE('',#13833,#3025);
#2146=LINE('',#13834,#3026);
#2147=LINE('',#13837,#3027);
#2148=LINE('',#13839,#3028);
#2149=LINE('',#13840,#3029);
#2150=LINE('',#13843,#3030);
#2151=LINE('',#13845,#3031);
#2152=LINE('',#13846,#3032);
#2153=LINE('',#13849,#3033);
#2154=LINE('',#13851,#3034);
#2155=LINE('',#13852,#3035);
#2156=LINE('',#13855,#3036);
#2157=LINE('',#13857,#3037);
#2158=LINE('',#13858,#3038);
#2159=LINE('',#13861,#3039);
#2160=LINE('',#13863,#3040);
#2161=LINE('',#13864,#3041);
#2162=LINE('',#13867,#3042);
#2163=LINE('',#13869,#3043);
#2164=LINE('',#13870,#3044);
#2165=LINE('',#13873,#3045);
#2166=LINE('',#13875,#3046);
#2167=LINE('',#13876,#3047);
#2168=LINE('',#13879,#3048);
#2169=LINE('',#13881,#3049);
#2170=LINE('',#13882,#3050);
#2171=LINE('',#13885,#3051);
#2172=LINE('',#13886,#3052);
#2173=LINE('',#13887,#3053);
#2174=LINE('',#13890,#3054);
#2175=LINE('',#13891,#3055);
#2176=LINE('',#13894,#3056);
#2177=LINE('',#13895,#3057);
#2178=LINE('',#13898,#3058);
#2179=LINE('',#13899,#3059);
#2180=LINE('',#13902,#3060);
#2181=LINE('',#13903,#3061);
#2182=LINE('',#13906,#3062);
#2183=LINE('',#13907,#3063);
#2184=LINE('',#13910,#3064);
#2185=LINE('',#13911,#3065);
#2186=LINE('',#13914,#3066);
#2187=LINE('',#13916,#3067);
#2188=LINE('',#13918,#3068);
#2189=LINE('',#13919,#3069);
#2190=LINE('',#13922,#3070);
#2191=LINE('',#13924,#3071);
#2192=LINE('',#13926,#3072);
#2193=LINE('',#13927,#3073);
#2194=LINE('',#13929,#3074);
#2195=LINE('',#13934,#3075);
#2196=LINE('',#13938,#3076);
#2197=LINE('',#13942,#3077);
#2198=LINE('',#13946,#3078);
#2199=LINE('',#13950,#3079);
#2200=LINE('',#13954,#3080);
#2201=LINE('',#13958,#3081);
#2202=LINE('',#13961,#3082);
#2203=LINE('',#13964,#3083);
#2204=LINE('',#13965,#3084);
#2205=LINE('',#13969,#3085);
#2206=LINE('',#13971,#3086);
#2207=LINE('',#13973,#3087);
#2208=LINE('',#13975,#3088);
#2209=LINE('',#13976,#3089);
#2210=LINE('',#13980,#3090);
#2211=LINE('',#13981,#3091);
#2212=LINE('',#13982,#3092);
#2213=LINE('',#13987,#3093);
#2214=LINE('',#13989,#3094);
#2215=LINE('',#13990,#3095);
#2216=LINE('',#13992,#3096);
#2217=LINE('',#13994,#3097);
#2218=LINE('',#13996,#3098);
#2219=LINE('',#13998,#3099);
#2220=LINE('',#14000,#3100);
#2221=LINE('',#14002,#3101);
#2222=LINE('',#14004,#3102);
#2223=LINE('',#14006,#3103);
#2224=LINE('',#14008,#3104);
#2225=LINE('',#14010,#3105);
#2226=LINE('',#14012,#3106);
#2227=LINE('',#14014,#3107);
#2228=LINE('',#14015,#3108);
#2229=LINE('',#14019,#3109);
#2230=LINE('',#14023,#3110);
#2231=LINE('',#14027,#3111);
#2232=LINE('',#14031,#3112);
#2233=LINE('',#14035,#3113);
#2234=LINE('',#14039,#3114);
#2235=LINE('',#14042,#3115);
#2236=LINE('',#14052,#3116);
#2237=LINE('',#14053,#3117);
#2238=LINE('',#14055,#3118);
#2239=LINE('',#14057,#3119);
#2240=LINE('',#14059,#3120);
#2241=LINE('',#14061,#3121);
#2242=LINE('',#14066,#3122);
#2243=LINE('',#14067,#3123);
#2244=LINE('',#14068,#3124);
#2245=LINE('',#14072,#3125);
#2246=LINE('',#14075,#3126);
#2247=LINE('',#14076,#3127);
#2248=LINE('',#14080,#3128);
#2249=LINE('',#14083,#3129);
#2250=LINE('',#14084,#3130);
#2251=LINE('',#14088,#3131);
#2252=LINE('',#14091,#3132);
#2253=LINE('',#14092,#3133);
#2254=LINE('',#14096,#3134);
#2255=LINE('',#14099,#3135);
#2256=LINE('',#14100,#3136);
#2257=LINE('',#14104,#3137);
#2258=LINE('',#14107,#3138);
#2259=LINE('',#14108,#3139);
#2260=LINE('',#14112,#3140);
#2261=LINE('',#14115,#3141);
#2262=LINE('',#14116,#3142);
#2263=LINE('',#14120,#3143);
#2264=LINE('',#14123,#3144);
#2265=LINE('',#14124,#3145);
#2266=LINE('',#14130,#3146);
#2267=LINE('',#14132,#3147);
#2268=LINE('',#14134,#3148);
#2269=LINE('',#14135,#3149);
#2270=LINE('',#14140,#3150);
#2271=LINE('',#14145,#3151);
#2272=LINE('',#14147,#3152);
#2273=LINE('',#14149,#3153);
#2274=LINE('',#14150,#3154);
#2275=LINE('',#14155,#3155);
#2276=LINE('',#14160,#3156);
#2277=LINE('',#14164,#3157);
#2278=LINE('',#14174,#3158);
#2279=LINE('',#14177,#3159);
#2280=LINE('',#14186,#3160);
#2281=LINE('',#14188,#3161);
#2282=LINE('',#14193,#3162);
#2283=LINE('',#14197,#3163);
#2284=LINE('',#14207,#3164);
#2285=LINE('',#14210,#3165);
#2286=LINE('',#14218,#3166);
#2287=LINE('',#14219,#3167);
#2288=LINE('',#14222,#3168);
#2289=LINE('',#14225,#3169);
#2290=LINE('',#14234,#3170);
#2291=LINE('',#14237,#3171);
#2292=LINE('',#14246,#3172);
#2293=LINE('',#14249,#3173);
#2294=LINE('',#14252,#3174);
#2295=LINE('',#14255,#3175);
#2296=LINE('',#14264,#3176);
#2297=LINE('',#14267,#3177);
#2298=LINE('',#14275,#3178);
#2299=LINE('',#14276,#3179);
#2300=LINE('',#14278,#3180);
#2301=LINE('',#14279,#3181);
#2302=LINE('',#14281,#3182);
#2303=LINE('',#14283,#3183);
#2304=LINE('',#14285,#3184);
#2305=LINE('',#14287,#3185);
#2306=LINE('',#14289,#3186);
#2307=LINE('',#14291,#3187);
#2308=LINE('',#14293,#3188);
#2309=LINE('',#14295,#3189);
#2310=LINE('',#14297,#3190);
#2311=LINE('',#14300,#3191);
#2312=LINE('',#14303,#3192);
#2313=LINE('',#14306,#3193);
#2314=LINE('',#14307,#3194);
#2315=LINE('',#14310,#3195);
#2316=LINE('',#14313,#3196);
#2317=LINE('',#14315,#3197);
#2318=LINE('',#14316,#3198);
#2319=LINE('',#14317,#3199);
#2320=LINE('',#14319,#3200);
#2321=LINE('',#14320,#3201);
#2322=LINE('',#14322,#3202);
#2323=LINE('',#14324,#3203);
#2324=LINE('',#14326,#3204);
#2325=LINE('',#14328,#3205);
#2326=LINE('',#14330,#3206);
#2327=LINE('',#14331,#3207);
#2328=LINE('',#14334,#3208);
#2329=LINE('',#14336,#3209);
#2330=LINE('',#14337,#3210);
#2331=LINE('',#14339,#3211);
#2332=LINE('',#14342,#3212);
#2333=LINE('',#14344,#3213);
#2334=LINE('',#14346,#3214);
#2335=LINE('',#14348,#3215);
#2336=LINE('',#14350,#3216);
#2337=LINE('',#14354,#3217);
#2338=LINE('',#14356,#3218);
#2339=LINE('',#14357,#3219);
#2340=LINE('',#14361,#3220);
#2341=LINE('',#14363,#3221);
#2342=LINE('',#14365,#3222);
#2343=LINE('',#14367,#3223);
#2344=LINE('',#14372,#3224);
#2345=LINE('',#14376,#3225);
#2346=LINE('',#14380,#3226);
#2347=LINE('',#14384,#3227);
#2348=LINE('',#14388,#3228);
#2349=LINE('',#14392,#3229);
#2350=LINE('',#14396,#3230);
#2351=LINE('',#14400,#3231);
#2352=LINE('',#14406,#3232);
#2353=LINE('',#14408,#3233);
#2354=LINE('',#14409,#3234);
#2355=LINE('',#14411,#3235);
#2356=LINE('',#14412,#3236);
#2357=LINE('',#14414,#3237);
#2358=LINE('',#14416,#3238);
#2359=LINE('',#14418,#3239);
#2360=LINE('',#14420,#3240);
#2361=LINE('',#14422,#3241);
#2362=LINE('',#14423,#3242);
#2363=LINE('',#14426,#3243);
#2364=LINE('',#14428,#3244);
#2365=LINE('',#14432,#3245);
#2366=LINE('',#14434,#3246);
#2367=LINE('',#14437,#3247);
#2368=LINE('',#14441,#3248);
#2369=LINE('',#14443,#3249);
#2370=LINE('',#14444,#3250);
#2371=LINE('',#14450,#3251);
#2372=LINE('',#14453,#3252);
#2373=LINE('',#14454,#3253);
#2374=LINE('',#14457,#3254);
#2375=LINE('',#14461,#3255);
#2376=LINE('',#14465,#3256);
#2377=LINE('',#14469,#3257);
#2378=LINE('',#14473,#3258);
#2379=LINE('',#14477,#3259);
#2380=LINE('',#14478,#3260);
#2381=LINE('',#14481,#3261);
#2382=LINE('',#14488,#3262);
#2383=LINE('',#14491,#3263);
#2384=LINE('',#14494,#3264);
#2385=LINE('',#14496,#3265);
#2386=LINE('',#14497,#3266);
#2387=LINE('',#14502,#3267);
#2388=LINE('',#14509,#3268);
#2389=LINE('',#14512,#3269);
#2390=LINE('',#14515,#3270);
#2391=LINE('',#14517,#3271);
#2392=LINE('',#14518,#3272);
#2393=LINE('',#14523,#3273);
#2394=LINE('',#14541,#3274);
#2395=LINE('',#14556,#3275);
#2396=LINE('',#14581,#3276);
#2397=LINE('',#14607,#3277);
#2398=LINE('',#14623,#3278);
#2399=LINE('',#14638,#3279);
#2400=LINE('',#14641,#3280);
#2401=LINE('',#14642,#3281);
#2402=LINE('',#14645,#3282);
#2403=LINE('',#14649,#3283);
#2404=LINE('',#14650,#3284);
#2405=LINE('',#14653,#3285);
#2406=LINE('',#14657,#3286);
#2407=LINE('',#14658,#3287);
#2408=LINE('',#14665,#3288);
#2409=LINE('',#14666,#3289);
#2410=LINE('',#14669,#3290);
#2411=LINE('',#14670,#3291);
#2412=LINE('',#14674,#3292);
#2413=LINE('',#14679,#3293);
#2414=LINE('',#14680,#3294);
#2415=LINE('',#14683,#3295);
#2416=LINE('',#14684,#3296);
#2417=LINE('',#14688,#3297);
#2418=LINE('',#14709,#3298);
#2419=LINE('',#14711,#3299);
#2420=LINE('',#14744,#3300);
#2421=LINE('',#14746,#3301);
#2422=LINE('',#14775,#3302);
#2423=LINE('',#14777,#3303);
#2424=LINE('',#14797,#3304);
#2425=LINE('',#14798,#3305);
#2426=LINE('',#14817,#3306);
#2427=LINE('',#14822,#3307);
#2428=LINE('',#14827,#3308);
#2429=LINE('',#14832,#3309);
#2430=LINE('',#14836,#3310);
#2431=LINE('',#14838,#3311);
#2432=LINE('',#14850,#3312);
#2433=LINE('',#14857,#3313);
#2434=LINE('',#14869,#3314);
#2435=LINE('',#14877,#3315);
#2436=LINE('',#14889,#3316);
#2437=LINE('',#14895,#3317);
#2438=LINE('',#14897,#3318);
#2439=LINE('',#14901,#3319);
#2440=LINE('',#14904,#3320);
#2441=LINE('',#14907,#3321);
#2442=LINE('',#14909,#3322);
#2443=LINE('',#14913,#3323);
#2444=LINE('',#14916,#3324);
#2445=LINE('',#14919,#3325);
#2446=LINE('',#14923,#3326);
#2447=LINE('',#14927,#3327);
#2448=LINE('',#14931,#3328);
#2449=LINE('',#14935,#3329);
#2450=LINE('',#14946,#3330);
#2451=LINE('',#14953,#3331);
#2452=LINE('',#14957,#3332);
#2453=LINE('',#14961,#3333);
#2454=LINE('',#14964,#3334);
#2455=LINE('',#14973,#3335);
#2456=LINE('',#14978,#3336);
#2457=LINE('',#14981,#3337);
#2458=LINE('',#14986,#3338);
#2459=LINE('',#14989,#3339);
#2460=LINE('',#14994,#3340);
#2461=LINE('',#14997,#3341);
#2462=LINE('',#15000,#3342);
#2463=LINE('',#15001,#3343);
#2464=LINE('',#15003,#3344);
#2465=LINE('',#15005,#3345);
#2466=LINE('',#15007,#3346);
#2467=LINE('',#15009,#3347);
#2468=LINE('',#15011,#3348);
#2469=LINE('',#15013,#3349);
#2470=LINE('',#15021,#3350);
#2471=LINE('',#15023,#3351);
#2472=LINE('',#15024,#3352);
#2473=LINE('',#15025,#3353);
#2474=LINE('',#15029,#3354);
#2475=LINE('',#15032,#3355);
#2476=LINE('',#15033,#3356);
#2477=LINE('',#15037,#3357);
#2478=LINE('',#15040,#3358);
#2479=LINE('',#15042,#3359);
#2480=LINE('',#15043,#3360);
#2481=LINE('',#15046,#3361);
#2482=LINE('',#15047,#3362);
#2483=LINE('',#15050,#3363);
#2484=LINE('',#15054,#3364);
#2485=LINE('',#15055,#3365);
#2486=LINE('',#15058,#3366);
#2487=LINE('',#15061,#3367);
#2488=LINE('',#15065,#3368);
#2489=LINE('',#15067,#3369);
#2490=LINE('',#15068,#3370);
#2491=LINE('',#15069,#3371);
#2492=LINE('',#15073,#3372);
#2493=LINE('',#15076,#3373);
#2494=LINE('',#15077,#3374);
#2495=LINE('',#15081,#3375);
#2496=LINE('',#15084,#3376);
#2497=LINE('',#15086,#3377);
#2498=LINE('',#15087,#3378);
#2499=LINE('',#15090,#3379);
#2500=LINE('',#15091,#3380);
#2501=LINE('',#15094,#3381);
#2502=LINE('',#15098,#3382);
#2503=LINE('',#15099,#3383);
#2504=LINE('',#15102,#3384);
#2505=LINE('',#15105,#3385);
#2506=LINE('',#15141,#3386);
#2507=LINE('',#15159,#3387);
#2508=LINE('',#15189,#3388);
#2509=LINE('',#15205,#3389);
#2510=LINE('',#15236,#3390);
#2511=LINE('',#15239,#3391);
#2512=LINE('',#15242,#3392);
#2513=LINE('',#15246,#3393);
#2514=LINE('',#15250,#3394);
#2515=LINE('',#15251,#3395);
#2516=LINE('',#15254,#3396);
#2517=LINE('',#15258,#3397);
#2518=LINE('',#15262,#3398);
#2519=LINE('',#15266,#3399);
#2520=LINE('',#15268,#3400);
#2521=LINE('',#15272,#3401);
#2522=LINE('',#15276,#3402);
#2523=LINE('',#15277,#3403);
#2524=LINE('',#15280,#3404);
#2525=LINE('',#15284,#3405);
#2526=LINE('',#15288,#3406);
#2527=LINE('',#15292,#3407);
#2528=LINE('',#15297,#3408);
#2529=LINE('',#15300,#3409);
#2530=LINE('',#15301,#3410);
#2531=LINE('',#15304,#3411);
#2532=LINE('',#15308,#3412);
#2533=LINE('',#15312,#3413);
#2534=LINE('',#15316,#3414);
#2535=LINE('',#15319,#3415);
#2536=LINE('',#15323,#3416);
#2537=LINE('',#15326,#3417);
#2538=LINE('',#15332,#3418);
#2539=LINE('',#15337,#3419);
#2540=LINE('',#15340,#3420);
#2541=LINE('',#15343,#3421);
#2542=LINE('',#15346,#3422);
#2543=LINE('',#15354,#3423);
#2544=LINE('',#15356,#3424);
#2545=LINE('',#15358,#3425);
#2546=LINE('',#15359,#3426);
#2547=LINE('',#15362,#3427);
#2548=LINE('',#15364,#3428);
#2549=LINE('',#15365,#3429);
#2550=LINE('',#15368,#3430);
#2551=LINE('',#15370,#3431);
#2552=LINE('',#15372,#3432);
#2553=LINE('',#15374,#3433);
#2554=LINE('',#15376,#3434);
#2555=LINE('',#15377,#3435);
#2556=LINE('',#15380,#3436);
#2557=LINE('',#15382,#3437);
#2558=LINE('',#15384,#3438);
#2559=LINE('',#15386,#3439);
#2560=LINE('',#15388,#3440);
#2561=LINE('',#15390,#3441);
#2562=LINE('',#15392,#3442);
#2563=LINE('',#15394,#3443);
#2564=LINE('',#15396,#3444);
#2565=LINE('',#15398,#3445);
#2566=LINE('',#15400,#3446);
#2567=LINE('',#15404,#3447);
#2568=LINE('',#15408,#3448);
#2569=LINE('',#15412,#3449);
#2570=LINE('',#15416,#3450);
#2571=LINE('',#15420,#3451);
#2572=LINE('',#15424,#3452);
#2573=LINE('',#15428,#3453);
#2574=LINE('',#15432,#3454);
#2575=LINE('',#15434,#3455);
#2576=LINE('',#15436,#3456);
#2577=LINE('',#15438,#3457);
#2578=LINE('',#15440,#3458);
#2579=LINE('',#15442,#3459);
#2580=LINE('',#15444,#3460);
#2581=LINE('',#15446,#3461);
#2582=LINE('',#15448,#3462);
#2583=LINE('',#15450,#3463);
#2584=LINE('',#15452,#3464);
#2585=LINE('',#15454,#3465);
#2586=LINE('',#15456,#3466);
#2587=LINE('',#15457,#3467);
#2588=LINE('',#15469,#3468);
#2589=LINE('',#15470,#3469);
#2590=LINE('',#15471,#3470);
#2591=LINE('',#15474,#3471);
#2592=LINE('',#15475,#3472);
#2593=LINE('',#15478,#3473);
#2594=LINE('',#15480,#3474);
#2595=LINE('',#15482,#3475);
#2596=LINE('',#15484,#3476);
#2597=LINE('',#15486,#3477);
#2598=LINE('',#15487,#3478);
#2599=LINE('',#15491,#3479);
#2600=LINE('',#15493,#3480);
#2601=LINE('',#15495,#3481);
#2602=LINE('',#15496,#3482);
#2603=LINE('',#15498,#3483);
#2604=LINE('',#15499,#3484);
#2605=LINE('',#15503,#3485);
#2606=LINE('',#15505,#3486);
#2607=LINE('',#15507,#3487);
#2608=LINE('',#15508,#3488);
#2609=LINE('',#15510,#3489);
#2610=LINE('',#15511,#3490);
#2611=LINE('',#15517,#3491);
#2612=LINE('',#15520,#3492);
#2613=LINE('',#15531,#3493);
#2614=LINE('',#15532,#3494);
#2615=LINE('',#15543,#3495);
#2616=LINE('',#15544,#3496);
#2617=LINE('',#15555,#3497);
#2618=LINE('',#15556,#3498);
#2619=LINE('',#15562,#3499);
#2620=LINE('',#15565,#3500);
#2621=LINE('',#15568,#3501);
#2622=LINE('',#15569,#3502);
#2623=LINE('',#15572,#3503);
#2624=LINE('',#15576,#3504);
#2625=LINE('',#15577,#3505);
#2626=LINE('',#15580,#3506);
#2627=LINE('',#15582,#3507);
#2628=LINE('',#15583,#3508);
#2629=LINE('',#15586,#3509);
#2630=LINE('',#15590,#3510);
#2631=LINE('',#15594,#3511);
#2632=LINE('',#15598,#3512);
#2633=LINE('',#15618,#3513);
#2634=LINE('',#15632,#3514);
#2635=LINE('',#15647,#3515);
#2636=LINE('',#15664,#3516);
#2637=LINE('',#15681,#3517);
#2638=LINE('',#15693,#3518);
#2639=LINE('',#15699,#3519);
#2640=LINE('',#15702,#3520);
#2641=LINE('',#15704,#3521);
#2642=LINE('',#15706,#3522);
#2643=LINE('',#15708,#3523);
#2644=LINE('',#15710,#3524);
#2645=LINE('',#15712,#3525);
#2646=LINE('',#15713,#3526);
#2647=LINE('',#15718,#3527);
#2648=LINE('',#15722,#3528);
#2649=LINE('',#15726,#3529);
#2650=LINE('',#15729,#3530);
#2651=LINE('',#15730,#3531);
#2652=LINE('',#15743,#3532);
#2653=LINE('',#15747,#3533);
#2654=LINE('',#15751,#3534);
#2655=LINE('',#15752,#3535);
#2656=LINE('',#15755,#3536);
#2657=LINE('',#15757,#3537);
#2658=LINE('',#15758,#3538);
#2659=LINE('',#15761,#3539);
#2660=LINE('',#15765,#3540);
#2661=LINE('',#15766,#3541);
#2662=LINE('',#15769,#3542);
#2663=LINE('',#15776,#3543);
#2664=LINE('',#15783,#3544);
#2665=LINE('',#15795,#3545);
#2666=LINE('',#15797,#3546);
#2667=LINE('',#15799,#3547);
#2668=LINE('',#15804,#3548);
#2669=LINE('',#15807,#3549);
#2670=LINE('',#15810,#3550);
#2671=LINE('',#15811,#3551);
#2672=LINE('',#15814,#3552);
#2673=LINE('',#15818,#3553);
#2674=LINE('',#15819,#3554);
#2675=LINE('',#15822,#3555);
#2676=LINE('',#15826,#3556);
#2677=LINE('',#15827,#3557);
#2678=LINE('',#15830,#3558);
#2679=LINE('',#15833,#3559);
#2680=LINE('',#15836,#3560);
#2681=LINE('',#15838,#3561);
#2682=LINE('',#15839,#3562);
#2683=LINE('',#15841,#3563);
#2684=LINE('',#15844,#3564);
#2685=LINE('',#15846,#3565);
#2686=LINE('',#15852,#3566);
#2687=LINE('',#15855,#3567);
#2688=LINE('',#15866,#3568);
#2689=LINE('',#15867,#3569);
#2690=LINE('',#15878,#3570);
#2691=LINE('',#15879,#3571);
#2692=LINE('',#15890,#3572);
#2693=LINE('',#15891,#3573);
#2694=LINE('',#15897,#3574);
#2695=LINE('',#15900,#3575);
#2696=LINE('',#15903,#3576);
#2697=LINE('',#15904,#3577);
#2698=LINE('',#15907,#3578);
#2699=LINE('',#15911,#3579);
#2700=LINE('',#15912,#3580);
#2701=LINE('',#15915,#3581);
#2702=LINE('',#15917,#3582);
#2703=LINE('',#15918,#3583);
#2704=LINE('',#15921,#3584);
#2705=LINE('',#15922,#3585);
#2706=LINE('',#15926,#3586);
#2707=LINE('',#15929,#3587);
#2708=LINE('',#15930,#3588);
#2709=LINE('',#15935,#3589);
#2710=LINE('',#15938,#3590);
#2711=LINE('',#15941,#3591);
#2712=LINE('',#15942,#3592);
#2713=LINE('',#15945,#3593);
#2714=LINE('',#15949,#3594);
#2715=LINE('',#15950,#3595);
#2716=LINE('',#15953,#3596);
#2717=LINE('',#15956,#3597);
#2718=LINE('',#15958,#3598);
#2719=LINE('',#15961,#3599);
#2720=LINE('',#15964,#3600);
#2721=LINE('',#15968,#3601);
#2722=LINE('',#15969,#3602);
#2723=LINE('',#15970,#3603);
#2724=LINE('',#15973,#3604);
#2725=LINE('',#15974,#3605);
#2726=LINE('',#15976,#3606);
#2727=LINE('',#15978,#3607);
#2728=LINE('',#15980,#3608);
#2729=LINE('',#15983,#3609);
#2730=LINE('',#15986,#3610);
#2731=LINE('',#15988,#3611);
#2732=LINE('',#15989,#3612);
#2733=LINE('',#15991,#3613);
#2734=LINE('',#15996,#3614);
#2735=LINE('',#15997,#3615);
#2736=LINE('',#15999,#3616);
#2737=LINE('',#16000,#3617);
#2738=LINE('',#16012,#3618);
#2739=LINE('',#16013,#3619);
#2740=LINE('',#16025,#3620);
#2741=LINE('',#16026,#3621);
#2742=LINE('',#16031,#3622);
#2743=LINE('',#16032,#3623);
#2744=LINE('',#16034,#3624);
#2745=LINE('',#16035,#3625);
#2746=LINE('',#16040,#3626);
#2747=LINE('',#16041,#3627);
#2748=LINE('',#16043,#3628);
#2749=LINE('',#16046,#3629);
#2750=LINE('',#16047,#3630);
#2751=LINE('',#16051,#3631);
#2752=LINE('',#16053,#3632);
#2753=LINE('',#16055,#3633);
#2754=LINE('',#16056,#3634);
#2755=LINE('',#16060,#3635);
#2756=LINE('',#16066,#3636);
#2757=LINE('',#16067,#3637);
#2758=LINE('',#16068,#3638);
#2759=LINE('',#16072,#3639);
#2760=LINE('',#16078,#3640);
#2761=LINE('',#16079,#3641);
#2762=LINE('',#16080,#3642);
#2763=LINE('',#16084,#3643);
#2764=LINE('',#16090,#3644);
#2765=LINE('',#16091,#3645);
#2766=LINE('',#16092,#3646);
#2767=LINE('',#16101,#3647);
#2768=LINE('',#16105,#3648);
#2769=LINE('',#16109,#3649);
#2770=LINE('',#16113,#3650);
#2771=LINE('',#16117,#3651);
#2772=LINE('',#16121,#3652);
#2773=LINE('',#16125,#3653);
#2774=LINE('',#16128,#3654);
#2775=LINE('',#16133,#3655);
#2776=LINE('',#16137,#3656);
#2777=LINE('',#16140,#3657);
#2778=LINE('',#16143,#3658);
#2779=LINE('',#16146,#3659);
#2780=LINE('',#16149,#3660);
#2781=LINE('',#16151,#3661);
#2782=LINE('',#16152,#3662);
#2783=LINE('',#16155,#3663);
#2784=LINE('',#16160,#3664);
#2785=LINE('',#16165,#3665);
#2786=LINE('',#16170,#3666);
#2787=LINE('',#16175,#3667);
#2788=LINE('',#16177,#3668);
#2789=LINE('',#16178,#3669);
#2790=LINE('',#16181,#3670);
#2791=LINE('',#16183,#3671);
#2792=LINE('',#16184,#3672);
#2793=LINE('',#16186,#3673);
#2794=LINE('',#16188,#3674);
#2795=LINE('',#16192,#3675);
#2796=LINE('',#16194,#3676);
#2797=LINE('',#16196,#3677);
#2798=LINE('',#16197,#3678);
#2799=LINE('',#16200,#3679);
#2800=LINE('',#16201,#3680);
#2801=LINE('',#16202,#3681);
#2802=LINE('',#16204,#3682);
#2803=LINE('',#16207,#3683);
#2804=LINE('',#16209,#3684);
#2805=LINE('',#16210,#3685);
#2806=LINE('',#16212,#3686);
#2807=LINE('',#16213,#3687);
#2808=LINE('',#16215,#3688);
#2809=LINE('',#16216,#3689);
#2810=LINE('',#16218,#3690);
#2811=LINE('',#16221,#3691);
#2812=LINE('',#16222,#3692);
#2813=LINE('',#16225,#3693);
#2814=LINE('',#16227,#3694);
#2815=LINE('',#16228,#3695);
#2816=LINE('',#16230,#3696);
#2817=LINE('',#16231,#3697);
#2818=LINE('',#16233,#3698);
#2819=LINE('',#16235,#3699);
#2820=LINE('',#16237,#3700);
#2821=LINE('',#16239,#3701);
#2822=LINE('',#16241,#3702);
#2823=LINE('',#16243,#3703);
#2824=LINE('',#16245,#3704);
#2825=LINE('',#16247,#3705);
#2826=LINE('',#16249,#3706);
#2827=LINE('',#16251,#3707);
#2828=LINE('',#16252,#3708);
#2829=LINE('',#16254,#3709);
#2830=LINE('',#16256,#3710);
#2831=LINE('',#16258,#3711);
#2832=LINE('',#16260,#3712);
#2833=LINE('',#16262,#3713);
#2834=LINE('',#16264,#3714);
#2835=LINE('',#16266,#3715);
#2836=LINE('',#16268,#3716);
#2837=LINE('',#16270,#3717);
#2838=LINE('',#16272,#3718);
#2839=LINE('',#16275,#3719);
#2840=LINE('',#16277,#3720);
#2841=LINE('',#16279,#3721);
#2842=LINE('',#16282,#3722);
#2843=LINE('',#16296,#3723);
#2844=LINE('',#16305,#3724);
#2845=LINE('',#16308,#3725);
#2846=LINE('',#16317,#3726);
#2847=LINE('',#16326,#3727);
#2848=LINE('',#16329,#3728);
#2849=LINE('',#16338,#3729);
#2850=LINE('',#16347,#3730);
#2851=LINE('',#16350,#3731);
#2852=LINE('',#16359,#3732);
#2853=LINE('',#16362,#3733);
#2854=LINE('',#16370,#3734);
#2855=LINE('',#16371,#3735);
#2856=LINE('',#16374,#3736);
#2857=LINE('',#16376,#3737);
#2858=LINE('',#16377,#3738);
#2859=LINE('',#16380,#3739);
#2860=LINE('',#16384,#3740);
#2861=LINE('',#16385,#3741);
#2862=LINE('',#16388,#3742);
#2863=LINE('',#16392,#3743);
#2864=LINE('',#16393,#3744);
#2865=LINE('',#16396,#3745);
#2866=LINE('',#16400,#3746);
#2867=LINE('',#16401,#3747);
#2868=LINE('',#16404,#3748);
#2869=LINE('',#16407,#3749);
#2870=LINE('',#16408,#3750);
#2871=LINE('',#16411,#3751);
#2872=LINE('',#16413,#3752);
#2873=LINE('',#16416,#3753);
#2874=LINE('',#16421,#3754);
#2875=LINE('',#16430,#3755);
#2876=LINE('',#16438,#3756);
#2877=LINE('',#16449,#3757);
#2878=LINE('',#16450,#3758);
#2879=LINE('',#16461,#3759);
#2880=LINE('',#16462,#3760);
#2881=LINE('',#16473,#3761);
#2882=LINE('',#16474,#3762);
#2883=LINE('',#16484,#3763);
#2884=LINE('',#16485,#3764);
#2885=LINE('',#16493,#3765);
#2886=LINE('',#16497,#3766);
#2887=LINE('',#16498,#3767);
#2888=LINE('',#16500,#3768);
#2889=LINE('',#16502,#3769);
#2890=LINE('',#16507,#3770);
#2891=LINE('',#16511,#3771);
#2892=LINE('',#16515,#3772);
#2893=LINE('',#16519,#3773);
#2894=LINE('',#16523,#3774);
#2895=LINE('',#16527,#3775);
#2896=LINE('',#16531,#3776);
#2897=LINE('',#16535,#3777);
#2898=LINE('',#16538,#3778);
#2899=LINE('',#16539,#3779);
#2900=LINE('',#16541,#3780);
#2901=LINE('',#16543,#3781);
#2902=LINE('',#16545,#3782);
#2903=LINE('',#16547,#3783);
#2904=LINE('',#16549,#3784);
#2905=LINE('',#16551,#3785);
#2906=LINE('',#16553,#3786);
#2907=LINE('',#16555,#3787);
#2908=LINE('',#16557,#3788);
#2909=LINE('',#16559,#3789);
#2910=LINE('',#16561,#3790);
#2911=LINE('',#16563,#3791);
#2912=LINE('',#16565,#3792);
#2913=LINE('',#16567,#3793);
#2914=LINE('',#16570,#3794);
#2915=LINE('',#16572,#3795);
#2916=LINE('',#16574,#3796);
#2917=LINE('',#16577,#3797);
#2918=LINE('',#16579,#3798);
#2919=LINE('',#16581,#3799);
#2920=LINE('',#16583,#3800);
#2921=LINE('',#16585,#3801);
#2922=VECTOR('',#10658,10.);
#2923=VECTOR('',#10659,10.);
#2924=VECTOR('',#10660,10.);
#2925=VECTOR('',#10661,10.);
#2926=VECTOR('',#10664,10.);
#2927=VECTOR('',#10665,10.);
#2928=VECTOR('',#10666,10.);
#2929=VECTOR('',#10667,10.);
#2930=VECTOR('',#10668,10.);
#2931=VECTOR('',#10669,10.);
#2932=VECTOR('',#10670,10.);
#2933=VECTOR('',#10671,10.);
#2934=VECTOR('',#10672,10.);
#2935=VECTOR('',#10675,10.);
#2936=VECTOR('',#10676,10.);
#2937=VECTOR('',#10677,10.);
#2938=VECTOR('',#10678,10.);
#2939=VECTOR('',#10679,10.);
#2940=VECTOR('',#10680,10.);
#2941=VECTOR('',#10681,10.);
#2942=VECTOR('',#10682,10.);
#2943=VECTOR('',#10683,10.);
#2944=VECTOR('',#10684,10.);
#2945=VECTOR('',#10685,10.);
#2946=VECTOR('',#10686,10.);
#2947=VECTOR('',#10689,10.);
#2948=VECTOR('',#10690,10.);
#2949=VECTOR('',#10691,10.);
#2950=VECTOR('',#10694,10.);
#2951=VECTOR('',#10695,10.);
#2952=VECTOR('',#10698,10.);
#2953=VECTOR('',#10699,10.);
#2954=VECTOR('',#10700,10.);
#2955=VECTOR('',#10703,10.);
#2956=VECTOR('',#10704,10.);
#2957=VECTOR('',#10707,10.);
#2958=VECTOR('',#10708,10.);
#2959=VECTOR('',#10709,10.);
#2960=VECTOR('',#10712,10.);
#2961=VECTOR('',#10713,10.);
#2962=VECTOR('',#10716,10.);
#2963=VECTOR('',#10717,10.);
#2964=VECTOR('',#10718,10.);
#2965=VECTOR('',#10721,10.);
#2966=VECTOR('',#10722,10.);
#2967=VECTOR('',#10725,10.);
#2968=VECTOR('',#10726,10.);
#2969=VECTOR('',#10727,10.);
#2970=VECTOR('',#10730,10.);
#2971=VECTOR('',#10731,10.);
#2972=VECTOR('',#10734,10.);
#2973=VECTOR('',#10735,10.);
#2974=VECTOR('',#10736,10.);
#2975=VECTOR('',#10737,10.);
#2976=VECTOR('',#10738,10.);
#2977=VECTOR('',#10741,10.);
#2978=VECTOR('',#10742,10.);
#2979=VECTOR('',#10743,10.);
#2980=VECTOR('',#10746,10.);
#2981=VECTOR('',#10747,10.);
#2982=VECTOR('',#10748,10.);
#2983=VECTOR('',#10751,10.);
#2984=VECTOR('',#10752,10.);
#2985=VECTOR('',#10753,10.);
#2986=VECTOR('',#10756,10.);
#2987=VECTOR('',#10757,10.);
#2988=VECTOR('',#10758,10.);
#2989=VECTOR('',#10761,10.);
#2990=VECTOR('',#10762,10.);
#2991=VECTOR('',#10763,10.);
#2992=VECTOR('',#10766,10.);
#2993=VECTOR('',#10767,10.);
#2994=VECTOR('',#10768,10.);
#2995=VECTOR('',#10771,10.);
#2996=VECTOR('',#10772,10.);
#2997=VECTOR('',#10773,10.);
#2998=VECTOR('',#10776,10.);
#2999=VECTOR('',#10777,10.);
#3000=VECTOR('',#10778,10.);
#3001=VECTOR('',#10781,10.);
#3002=VECTOR('',#10782,10.);
#3003=VECTOR('',#10785,10.);
#3004=VECTOR('',#10786,10.);
#3005=VECTOR('',#10787,10.);
#3006=VECTOR('',#10790,10.);
#3007=VECTOR('',#10791,10.);
#3008=VECTOR('',#10792,10.);
#3009=VECTOR('',#10795,10.);
#3010=VECTOR('',#10796,10.);
#3011=VECTOR('',#10799,10.);
#3012=VECTOR('',#10800,10.);
#3013=VECTOR('',#10803,10.);
#3014=VECTOR('',#10804,10.);
#3015=VECTOR('',#10805,10.);
#3016=VECTOR('',#10808,10.);
#3017=VECTOR('',#10809,10.);
#3018=VECTOR('',#10810,10.);
#3019=VECTOR('',#10813,10.);
#3020=VECTOR('',#10814,10.);
#3021=VECTOR('',#10817,10.);
#3022=VECTOR('',#10818,10.);
#3023=VECTOR('',#10819,10.);
#3024=VECTOR('',#10822,10.);
#3025=VECTOR('',#10823,10.);
#3026=VECTOR('',#10824,10.);
#3027=VECTOR('',#10827,10.);
#3028=VECTOR('',#10828,10.);
#3029=VECTOR('',#10829,10.);
#3030=VECTOR('',#10832,10.);
#3031=VECTOR('',#10833,10.);
#3032=VECTOR('',#10834,10.);
#3033=VECTOR('',#10837,10.);
#3034=VECTOR('',#10838,10.);
#3035=VECTOR('',#10839,10.);
#3036=VECTOR('',#10842,10.);
#3037=VECTOR('',#10843,10.);
#3038=VECTOR('',#10844,10.);
#3039=VECTOR('',#10847,10.);
#3040=VECTOR('',#10848,10.);
#3041=VECTOR('',#10849,10.);
#3042=VECTOR('',#10852,10.);
#3043=VECTOR('',#10853,10.);
#3044=VECTOR('',#10854,10.);
#3045=VECTOR('',#10857,10.);
#3046=VECTOR('',#10858,10.);
#3047=VECTOR('',#10859,10.);
#3048=VECTOR('',#10862,10.);
#3049=VECTOR('',#10863,10.);
#3050=VECTOR('',#10864,10.);
#3051=VECTOR('',#10867,10.);
#3052=VECTOR('',#10868,10.);
#3053=VECTOR('',#10869,10.);
#3054=VECTOR('',#10872,10.);
#3055=VECTOR('',#10873,10.);
#3056=VECTOR('',#10876,10.);
#3057=VECTOR('',#10877,10.);
#3058=VECTOR('',#10880,10.);
#3059=VECTOR('',#10881,10.);
#3060=VECTOR('',#10884,10.);
#3061=VECTOR('',#10885,10.);
#3062=VECTOR('',#10888,10.);
#3063=VECTOR('',#10889,10.);
#3064=VECTOR('',#10892,10.);
#3065=VECTOR('',#10893,10.);
#3066=VECTOR('',#10896,10.);
#3067=VECTOR('',#10897,10.);
#3068=VECTOR('',#10898,10.);
#3069=VECTOR('',#10899,10.);
#3070=VECTOR('',#10902,10.);
#3071=VECTOR('',#10903,10.);
#3072=VECTOR('',#10904,10.);
#3073=VECTOR('',#10905,10.);
#3074=VECTOR('',#10908,10.);
#3075=VECTOR('',#10911,10.);
#3076=VECTOR('',#10914,10.);
#3077=VECTOR('',#10917,10.);
#3078=VECTOR('',#10920,10.);
#3079=VECTOR('',#10923,10.);
#3080=VECTOR('',#10926,10.);
#3081=VECTOR('',#10929,10.);
#3082=VECTOR('',#10932,10.);
#3083=VECTOR('',#10935,10.);
#3084=VECTOR('',#10936,10.);
#3085=VECTOR('',#10939,10.);
#3086=VECTOR('',#10940,10.);
#3087=VECTOR('',#10941,10.);
#3088=VECTOR('',#10942,10.);
#3089=VECTOR('',#10943,10.);
#3090=VECTOR('',#10946,10.);
#3091=VECTOR('',#10947,10.);
#3092=VECTOR('',#10948,10.);
#3093=VECTOR('',#10953,10.);
#3094=VECTOR('',#10954,10.);
#3095=VECTOR('',#10955,10.);
#3096=VECTOR('',#10956,10.);
#3097=VECTOR('',#10957,10.);
#3098=VECTOR('',#10958,10.);
#3099=VECTOR('',#10959,10.);
#3100=VECTOR('',#10960,10.);
#3101=VECTOR('',#10961,10.);
#3102=VECTOR('',#10962,10.);
#3103=VECTOR('',#10963,10.);
#3104=VECTOR('',#10964,10.);
#3105=VECTOR('',#10965,10.);
#3106=VECTOR('',#10966,10.);
#3107=VECTOR('',#10967,10.);
#3108=VECTOR('',#10968,10.);
#3109=VECTOR('',#10971,10.);
#3110=VECTOR('',#10974,10.);
#3111=VECTOR('',#10977,10.);
#3112=VECTOR('',#10980,10.);
#3113=VECTOR('',#10983,10.);
#3114=VECTOR('',#10986,10.);
#3115=VECTOR('',#10989,10.);
#3116=VECTOR('',#11000,10.);
#3117=VECTOR('',#11001,10.);
#3118=VECTOR('',#11004,10.);
#3119=VECTOR('',#11007,10.);
#3120=VECTOR('',#11010,10.);
#3121=VECTOR('',#11013,10.);
#3122=VECTOR('',#11018,10.);
#3123=VECTOR('',#11019,10.);
#3124=VECTOR('',#11020,10.);
#3125=VECTOR('',#11025,10.);
#3126=VECTOR('',#11028,10.);
#3127=VECTOR('',#11029,10.);
#3128=VECTOR('',#11034,10.);
#3129=VECTOR('',#11037,10.);
#3130=VECTOR('',#11038,10.);
#3131=VECTOR('',#11043,10.);
#3132=VECTOR('',#11046,10.);
#3133=VECTOR('',#11047,10.);
#3134=VECTOR('',#11052,10.);
#3135=VECTOR('',#11055,10.);
#3136=VECTOR('',#11056,10.);
#3137=VECTOR('',#11061,10.);
#3138=VECTOR('',#11064,10.);
#3139=VECTOR('',#11065,10.);
#3140=VECTOR('',#11070,10.);
#3141=VECTOR('',#11073,10.);
#3142=VECTOR('',#11074,10.);
#3143=VECTOR('',#11079,10.);
#3144=VECTOR('',#11082,10.);
#3145=VECTOR('',#11083,10.);
#3146=VECTOR('',#11090,10.);
#3147=VECTOR('',#11091,10.);
#3148=VECTOR('',#11092,10.);
#3149=VECTOR('',#11093,10.);
#3150=VECTOR('',#11098,10.);
#3151=VECTOR('',#11103,10.);
#3152=VECTOR('',#11104,10.);
#3153=VECTOR('',#11105,10.);
#3154=VECTOR('',#11106,10.);
#3155=VECTOR('',#11111,10.);
#3156=VECTOR('',#11116,10.);
#3157=VECTOR('',#11119,10.);
#3158=VECTOR('',#11132,10.);
#3159=VECTOR('',#11135,10.);
#3160=VECTOR('',#11146,10.);
#3161=VECTOR('',#11147,10.);
#3162=VECTOR('',#11152,10.);
#3163=VECTOR('',#11155,10.);
#3164=VECTOR('',#11168,10.);
#3165=VECTOR('',#11171,10.);
#3166=VECTOR('',#11182,10.);
#3167=VECTOR('',#11183,10.);
#3168=VECTOR('',#11186,10.);
#3169=VECTOR('',#11189,10.);
#3170=VECTOR('',#11200,10.);
#3171=VECTOR('',#11203,10.);
#3172=VECTOR('',#11214,10.);
#3173=VECTOR('',#11217,10.);
#3174=VECTOR('',#11220,10.);
#3175=VECTOR('',#11223,10.);
#3176=VECTOR('',#11234,10.);
#3177=VECTOR('',#11237,10.);
#3178=VECTOR('',#11248,10.);
#3179=VECTOR('',#11249,10.);
#3180=VECTOR('',#11252,10.);
#3181=VECTOR('',#11253,10.);
#3182=VECTOR('',#11256,10.);
#3183=VECTOR('',#11259,10.);
#3184=VECTOR('',#11262,10.);
#3185=VECTOR('',#11265,10.);
#3186=VECTOR('',#11268,10.);
#3187=VECTOR('',#11271,10.);
#3188=VECTOR('',#11274,10.);
#3189=VECTOR('',#11277,10.);
#3190=VECTOR('',#11280,10.);
#3191=VECTOR('',#11283,10.);
#3192=VECTOR('',#11286,10.);
#3193=VECTOR('',#11289,10.);
#3194=VECTOR('',#11290,10.);
#3195=VECTOR('',#11293,10.);
#3196=VECTOR('',#11298,10.);
#3197=VECTOR('',#11299,10.);
#3198=VECTOR('',#11300,10.);
#3199=VECTOR('',#11301,10.);
#3200=VECTOR('',#11304,10.);
#3201=VECTOR('',#11305,10.);
#3202=VECTOR('',#11308,10.);
#3203=VECTOR('',#11311,10.);
#3204=VECTOR('',#11314,10.);
#3205=VECTOR('',#11317,10.);
#3206=VECTOR('',#11318,10.);
#3207=VECTOR('',#11319,10.);
#3208=VECTOR('',#11324,10.);
#3209=VECTOR('',#11327,10.);
#3210=VECTOR('',#11328,10.);
#3211=VECTOR('',#11331,10.);
#3212=VECTOR('',#11336,10.);
#3213=VECTOR('',#11339,10.);
#3214=VECTOR('',#11342,10.);
#3215=VECTOR('',#11345,10.);
#3216=VECTOR('',#11348,10.);
#3217=VECTOR('',#11353,10.);
#3218=VECTOR('',#11354,10.);
#3219=VECTOR('',#11355,10.);
#3220=VECTOR('',#11362,10.);
#3221=VECTOR('',#11365,10.);
#3222=VECTOR('',#11368,10.);
#3223=VECTOR('',#11371,10.);
#3224=VECTOR('',#11376,10.);
#3225=VECTOR('',#11379,10.);
#3226=VECTOR('',#11382,10.);
#3227=VECTOR('',#11385,10.);
#3228=VECTOR('',#11388,10.);
#3229=VECTOR('',#11391,10.);
#3230=VECTOR('',#11394,10.);
#3231=VECTOR('',#11397,10.);
#3232=VECTOR('',#11404,10.);
#3233=VECTOR('',#11405,10.);
#3234=VECTOR('',#11406,10.);
#3235=VECTOR('',#11409,10.);
#3236=VECTOR('',#11410,10.);
#3237=VECTOR('',#11413,10.);
#3238=VECTOR('',#11416,10.);
#3239=VECTOR('',#11419,10.);
#3240=VECTOR('',#11422,10.);
#3241=VECTOR('',#11425,10.);
#3242=VECTOR('',#11426,10.);
#3243=VECTOR('',#11431,10.);
#3244=VECTOR('',#11434,10.);
#3245=VECTOR('',#11441,10.);
#3246=VECTOR('',#11444,10.);
#3247=VECTOR('',#11449,10.);
#3248=VECTOR('',#11454,10.);
#3249=VECTOR('',#11455,10.);
#3250=VECTOR('',#11456,10.);
#3251=VECTOR('',#11465,10.);
#3252=VECTOR('',#11468,10.);
#3253=VECTOR('',#11469,10.);
#3254=VECTOR('',#11472,0.85);
#3255=VECTOR('',#11477,0.850000000000009);
#3256=VECTOR('',#11482,0.85);
#3257=VECTOR('',#11487,0.850000000000009);
#3258=VECTOR('',#11492,10.);
#3259=VECTOR('',#11497,10.);
#3260=VECTOR('',#11498,10.);
#3261=VECTOR('',#11501,10.);
#3262=VECTOR('',#11508,10.);
#3263=VECTOR('',#11511,10.);
#3264=VECTOR('',#11514,10.);
#3265=VECTOR('',#11515,10.);
#3266=VECTOR('',#11516,10.);
#3267=VECTOR('',#11521,10.);
#3268=VECTOR('',#11528,10.);
#3269=VECTOR('',#11531,10.);
#3270=VECTOR('',#11534,10.);
#3271=VECTOR('',#11535,10.);
#3272=VECTOR('',#11536,10.);
#3273=VECTOR('',#11541,10.);
#3274=VECTOR('',#11552,10.);
#3275=VECTOR('',#11561,10.);
#3276=VECTOR('',#11574,10.);
#3277=VECTOR('',#11587,10.);
#3278=VECTOR('',#11596,10.);
#3279=VECTOR('',#11605,10.);
#3280=VECTOR('',#11608,10.);
#3281=VECTOR('',#11609,10.);
#3282=VECTOR('',#11612,10.);
#3283=VECTOR('',#11617,10.);
#3284=VECTOR('',#11618,10.);
#3285=VECTOR('',#11621,10.);
#3286=VECTOR('',#11626,10.);
#3287=VECTOR('',#11627,10.);
#3288=VECTOR('',#11636,10.);
#3289=VECTOR('',#11637,10.);
#3290=VECTOR('',#11640,10.);
#3291=VECTOR('',#11641,10.);
#3292=VECTOR('',#11646,10.);
#3293=VECTOR('',#11651,10.);
#3294=VECTOR('',#11652,10.);
#3295=VECTOR('',#11655,10.);
#3296=VECTOR('',#11656,10.);
#3297=VECTOR('',#11661,10.);
#3298=VECTOR('',#11678,10.);
#3299=VECTOR('',#11681,10.);
#3300=VECTOR('',#11696,10.);
#3301=VECTOR('',#11699,10.);
#3302=VECTOR('',#11716,10.);
#3303=VECTOR('',#11719,10.);
#3304=VECTOR('',#11734,10.);
#3305=VECTOR('',#11735,10.);
#3306=VECTOR('',#11764,1.75000000000001);
#3307=VECTOR('',#11771,1.75000000000001);
#3308=VECTOR('',#11778,1.75000000000001);
#3309=VECTOR('',#11785,1.75);
#3310=VECTOR('',#11792,10.);
#3311=VECTOR('',#11795,10.);
#3312=VECTOR('',#11810,0.599999999999996);
#3313=VECTOR('',#11817,10.);
#3314=VECTOR('',#11828,10.);
#3315=VECTOR('',#11835,10.);
#3316=VECTOR('',#11846,10.);
#3317=VECTOR('',#11851,10.);
#3318=VECTOR('',#11852,10.);
#3319=VECTOR('',#11855,10.);
#3320=VECTOR('',#11858,10.);
#3321=VECTOR('',#11859,10.);
#3322=VECTOR('',#11860,10.);
#3323=VECTOR('',#11863,10.);
#3324=VECTOR('',#11866,10.);
#3325=VECTOR('',#11867,10.);
#3326=VECTOR('',#11870,10.);
#3327=VECTOR('',#11873,10.);
#3328=VECTOR('',#11876,10.);
#3329=VECTOR('',#11881,0.499999999999998);
#3330=VECTOR('',#11896,0.950000000000011);
#3331=VECTOR('',#11903,10.);
#3332=VECTOR('',#11906,10.);
#3333=VECTOR('',#11909,10.);
#3334=VECTOR('',#11912,10.);
#3335=VECTOR('',#11921,0.750000000000011);
#3336=VECTOR('',#11928,0.949999999999993);
#3337=VECTOR('',#11931,0.749999999999993);
#3338=VECTOR('',#11938,0.949999999999993);
#3339=VECTOR('',#11941,0.749999999999993);
#3340=VECTOR('',#11948,0.949999999999993);
#3341=VECTOR('',#11951,0.749999999999993);
#3342=VECTOR('',#11956,10.);
#3343=VECTOR('',#11957,10.);
#3344=VECTOR('',#11960,10.);
#3345=VECTOR('',#11963,10.);
#3346=VECTOR('',#11966,10.);
#3347=VECTOR('',#11969,10.);
#3348=VECTOR('',#11972,10.);
#3349=VECTOR('',#11975,10.);
#3350=VECTOR('',#11986,10.);
#3351=VECTOR('',#11987,10.);
#3352=VECTOR('',#11988,10.);
#3353=VECTOR('',#11989,10.);
#3354=VECTOR('',#11994,10.);
#3355=VECTOR('',#11997,10.);
#3356=VECTOR('',#11998,10.);
#3357=VECTOR('',#12003,10.);
#3358=VECTOR('',#12006,10.);
#3359=VECTOR('',#12007,10.);
#3360=VECTOR('',#12008,10.);
#3361=VECTOR('',#12011,10.);
#3362=VECTOR('',#12012,10.);
#3363=VECTOR('',#12015,10.);
#3364=VECTOR('',#12020,10.);
#3365=VECTOR('',#12021,10.);
#3366=VECTOR('',#12024,10.);
#3367=VECTOR('',#12029,10.);
#3368=VECTOR('',#12032,10.);
#3369=VECTOR('',#12033,10.);
#3370=VECTOR('',#12034,10.);
#3371=VECTOR('',#12035,10.);
#3372=VECTOR('',#12040,10.);
#3373=VECTOR('',#12043,10.);
#3374=VECTOR('',#12044,10.);
#3375=VECTOR('',#12049,10.);
#3376=VECTOR('',#12052,10.);
#3377=VECTOR('',#12053,10.);
#3378=VECTOR('',#12054,10.);
#3379=VECTOR('',#12057,10.);
#3380=VECTOR('',#12058,10.);
#3381=VECTOR('',#12061,10.);
#3382=VECTOR('',#12066,10.);
#3383=VECTOR('',#12067,10.);
#3384=VECTOR('',#12070,10.);
#3385=VECTOR('',#12075,10.);
#3386=VECTOR('',#12112,10.);
#3387=VECTOR('',#12125,10.);
#3388=VECTOR('',#12154,10.);
#3389=VECTOR('',#12177,10.);
#3390=VECTOR('',#12210,10.);
#3391=VECTOR('',#12213,10.);
#3392=VECTOR('',#12216,10.);
#3393=VECTOR('',#12221,10.);
#3394=VECTOR('',#12226,10.);
#3395=VECTOR('',#12227,10.);
#3396=VECTOR('',#12230,10.);
#3397=VECTOR('',#12235,10.);
#3398=VECTOR('',#12238,12.5);
#3399=VECTOR('',#12243,10.);
#3400=VECTOR('',#12244,10.);
#3401=VECTOR('',#12249,10.);
#3402=VECTOR('',#12254,10.);
#3403=VECTOR('',#12255,10.);
#3404=VECTOR('',#12258,10.);
#3405=VECTOR('',#12263,10.);
#3406=VECTOR('',#12268,10.);
#3407=VECTOR('',#12273,10.);
#3408=VECTOR('',#12280,10.);
#3409=VECTOR('',#12283,10.);
#3410=VECTOR('',#12284,10.);
#3411=VECTOR('',#12287,10.);
#3412=VECTOR('',#12292,10.);
#3413=VECTOR('',#12297,10.);
#3414=VECTOR('',#12302,10.);
#3415=VECTOR('',#12305,10.);
#3416=VECTOR('',#12310,10.);
#3417=VECTOR('',#12313,10.);
#3418=VECTOR('',#12324,10.);
#3419=VECTOR('',#12329,17.);
#3420=VECTOR('',#12334,17.5);
#3421=VECTOR('',#12339,10.);
#3422=VECTOR('',#12344,10.);
#3423=VECTOR('',#12355,10.);
#3424=VECTOR('',#12356,10.);
#3425=VECTOR('',#12357,10.);
#3426=VECTOR('',#12358,10.);
#3427=VECTOR('',#12361,10.);
#3428=VECTOR('',#12362,10.);
#3429=VECTOR('',#12363,10.);
#3430=VECTOR('',#12366,10.);
#3431=VECTOR('',#12367,10.);
#3432=VECTOR('',#12368,10.);
#3433=VECTOR('',#12369,10.);
#3434=VECTOR('',#12370,10.);
#3435=VECTOR('',#12371,10.);
#3436=VECTOR('',#12374,10.);
#3437=VECTOR('',#12375,10.);
#3438=VECTOR('',#12376,10.);
#3439=VECTOR('',#12377,10.);
#3440=VECTOR('',#12378,10.);
#3441=VECTOR('',#12379,10.);
#3442=VECTOR('',#12380,10.);
#3443=VECTOR('',#12381,10.);
#3444=VECTOR('',#12382,10.);
#3445=VECTOR('',#12383,10.);
#3446=VECTOR('',#12384,10.);
#3447=VECTOR('',#12387,10.);
#3448=VECTOR('',#12390,10.);
#3449=VECTOR('',#12393,10.);
#3450=VECTOR('',#12396,10.);
#3451=VECTOR('',#12399,10.);
#3452=VECTOR('',#12402,10.);
#3453=VECTOR('',#12405,10.);
#3454=VECTOR('',#12408,10.);
#3455=VECTOR('',#12409,10.);
#3456=VECTOR('',#12410,10.);
#3457=VECTOR('',#12411,10.);
#3458=VECTOR('',#12412,10.);
#3459=VECTOR('',#12413,10.);
#3460=VECTOR('',#12414,10.);
#3461=VECTOR('',#12415,10.);
#3462=VECTOR('',#12416,10.);
#3463=VECTOR('',#12417,10.);
#3464=VECTOR('',#12418,10.);
#3465=VECTOR('',#12419,10.);
#3466=VECTOR('',#12420,10.);
#3467=VECTOR('',#12421,10.);
#3468=VECTOR('',#12432,10.);
#3469=VECTOR('',#12433,10.);
#3470=VECTOR('',#12434,10.);
#3471=VECTOR('',#12437,10.);
#3472=VECTOR('',#12438,10.);
#3473=VECTOR('',#12441,10.);
#3474=VECTOR('',#12442,10.);
#3475=VECTOR('',#12443,10.);
#3476=VECTOR('',#12444,10.);
#3477=VECTOR('',#12445,10.);
#3478=VECTOR('',#12446,10.);
#3479=VECTOR('',#12449,10.);
#3480=VECTOR('',#12450,10.);
#3481=VECTOR('',#12451,10.);
#3482=VECTOR('',#12452,10.);
#3483=VECTOR('',#12455,10.);
#3484=VECTOR('',#12456,10.);
#3485=VECTOR('',#12459,10.);
#3486=VECTOR('',#12460,10.);
#3487=VECTOR('',#12461,10.);
#3488=VECTOR('',#12462,10.);
#3489=VECTOR('',#12465,10.);
#3490=VECTOR('',#12466,10.);
#3491=VECTOR('',#12471,10.);
#3492=VECTOR('',#12474,10.);
#3493=VECTOR('',#12487,10.);
#3494=VECTOR('',#12488,10.);
#3495=VECTOR('',#12501,10.);
#3496=VECTOR('',#12502,10.);
#3497=VECTOR('',#12515,10.);
#3498=VECTOR('',#12516,10.);
#3499=VECTOR('',#12525,10.);
#3500=VECTOR('',#12528,10.);
#3501=VECTOR('',#12531,10.);
#3502=VECTOR('',#12532,10.);
#3503=VECTOR('',#12535,10.);
#3504=VECTOR('',#12540,10.);
#3505=VECTOR('',#12541,10.);
#3506=VECTOR('',#12544,10.);
#3507=VECTOR('',#12545,10.);
#3508=VECTOR('',#12546,10.);
#3509=VECTOR('',#12547,10.);
#3510=VECTOR('',#12550,10.);
#3511=VECTOR('',#12553,10.);
#3512=VECTOR('',#12556,10.);
#3513=VECTOR('',#12563,10.);
#3514=VECTOR('',#12566,10.);
#3515=VECTOR('',#12569,10.);
#3516=VECTOR('',#12572,10.);
#3517=VECTOR('',#12587,10.);
#3518=VECTOR('',#12598,10.);
#3519=VECTOR('',#12599,10.);
#3520=VECTOR('',#12602,10.);
#3521=VECTOR('',#12603,10.);
#3522=VECTOR('',#12604,10.);
#3523=VECTOR('',#12605,10.);
#3524=VECTOR('',#12606,10.);
#3525=VECTOR('',#12607,10.);
#3526=VECTOR('',#12608,10.);
#3527=VECTOR('',#12611,10.);
#3528=VECTOR('',#12614,10.);
#3529=VECTOR('',#12617,10.);
#3530=VECTOR('',#12620,10.);
#3531=VECTOR('',#12621,10.);
#3532=VECTOR('',#12632,10.);
#3533=VECTOR('',#12637,10.);
#3534=VECTOR('',#12644,10.);
#3535=VECTOR('',#12645,10.);
#3536=VECTOR('',#12648,10.);
#3537=VECTOR('',#12649,10.);
#3538=VECTOR('',#12650,10.);
#3539=VECTOR('',#12653,10.);
#3540=VECTOR('',#12658,10.);
#3541=VECTOR('',#12659,10.);
#3542=VECTOR('',#12662,10.);
#3543=VECTOR('',#12671,10.);
#3544=VECTOR('',#12682,10.);
#3545=VECTOR('',#12705,10.);
#3546=VECTOR('',#12708,10.);
#3547=VECTOR('',#12711,10.);
#3548=VECTOR('',#12718,10.);
#3549=VECTOR('',#12721,10.);
#3550=VECTOR('',#12724,10.);
#3551=VECTOR('',#12725,10.);
#3552=VECTOR('',#12728,10.);
#3553=VECTOR('',#12733,10.);
#3554=VECTOR('',#12734,10.);
#3555=VECTOR('',#12737,10.);
#3556=VECTOR('',#12742,10.);
#3557=VECTOR('',#12743,10.);
#3558=VECTOR('',#12746,10.);
#3559=VECTOR('',#12751,10.);
#3560=VECTOR('',#12754,10.);
#3561=VECTOR('',#12755,10.);
#3562=VECTOR('',#12756,10.);
#3563=VECTOR('',#12759,10.);
#3564=VECTOR('',#12764,10.);
#3565=VECTOR('',#12767,10.);
#3566=VECTOR('',#12772,10.);
#3567=VECTOR('',#12775,10.);
#3568=VECTOR('',#12788,10.);
#3569=VECTOR('',#12789,10.);
#3570=VECTOR('',#12802,10.);
#3571=VECTOR('',#12803,10.);
#3572=VECTOR('',#12816,10.);
#3573=VECTOR('',#12817,10.);
#3574=VECTOR('',#12826,10.);
#3575=VECTOR('',#12829,10.);
#3576=VECTOR('',#12832,10.);
#3577=VECTOR('',#12833,10.);
#3578=VECTOR('',#12836,10.);
#3579=VECTOR('',#12841,10.);
#3580=VECTOR('',#12842,10.);
#3581=VECTOR('',#12845,10.);
#3582=VECTOR('',#12846,10.);
#3583=VECTOR('',#12847,10.);
#3584=VECTOR('',#12850,10.);
#3585=VECTOR('',#12851,10.);
#3586=VECTOR('',#12856,10.);
#3587=VECTOR('',#12859,10.);
#3588=VECTOR('',#12860,10.);
#3589=VECTOR('',#12867,10.);
#3590=VECTOR('',#12870,10.);
#3591=VECTOR('',#12873,10.);
#3592=VECTOR('',#12874,10.);
#3593=VECTOR('',#12877,10.);
#3594=VECTOR('',#12882,10.);
#3595=VECTOR('',#12883,10.);
#3596=VECTOR('',#12886,10.);
#3597=VECTOR('',#12889,10.);
#3598=VECTOR('',#12892,10.);
#3599=VECTOR('',#12895,10.);
#3600=VECTOR('',#12900,10.);
#3601=VECTOR('',#12903,10.);
#3602=VECTOR('',#12904,10.);
#3603=VECTOR('',#12905,10.);
#3604=VECTOR('',#12908,10.);
#3605=VECTOR('',#12909,10.);
#3606=VECTOR('',#12912,10.);
#3607=VECTOR('',#12915,10.);
#3608=VECTOR('',#12918,10.);
#3609=VECTOR('',#12921,10.);
#3610=VECTOR('',#12926,10.);
#3611=VECTOR('',#12929,10.);
#3612=VECTOR('',#12930,10.);
#3613=VECTOR('',#12933,10.);
#3614=VECTOR('',#12940,10.);
#3615=VECTOR('',#12941,10.);
#3616=VECTOR('',#12942,10.);
#3617=VECTOR('',#12943,10.);
#3618=VECTOR('',#12956,10.);
#3619=VECTOR('',#12957,10.);
#3620=VECTOR('',#12970,10.);
#3621=VECTOR('',#12971,10.);
#3622=VECTOR('',#12976,10.);
#3623=VECTOR('',#12977,10.);
#3624=VECTOR('',#12980,10.);
#3625=VECTOR('',#12981,10.);
#3626=VECTOR('',#12986,10.);
#3627=VECTOR('',#12987,10.);
#3628=VECTOR('',#12990,10.);
#3629=VECTOR('',#12993,10.);
#3630=VECTOR('',#12994,10.);
#3631=VECTOR('',#12997,10.);
#3632=VECTOR('',#12998,10.);
#3633=VECTOR('',#12999,10.);
#3634=VECTOR('',#13000,10.);
#3635=VECTOR('',#13003,10.);
#3636=VECTOR('',#13010,10.);
#3637=VECTOR('',#13011,10.);
#3638=VECTOR('',#13012,10.);
#3639=VECTOR('',#13015,10.);
#3640=VECTOR('',#13022,10.);
#3641=VECTOR('',#13023,10.);
#3642=VECTOR('',#13024,10.);
#3643=VECTOR('',#13027,10.);
#3644=VECTOR('',#13034,10.);
#3645=VECTOR('',#13035,10.);
#3646=VECTOR('',#13036,10.);
#3647=VECTOR('',#13047,10.);
#3648=VECTOR('',#13050,10.);
#3649=VECTOR('',#13053,10.);
#3650=VECTOR('',#13056,10.);
#3651=VECTOR('',#13059,10.);
#3652=VECTOR('',#13062,10.);
#3653=VECTOR('',#13065,10.);
#3654=VECTOR('',#13068,10.);
#3655=VECTOR('',#13073,10.);
#3656=VECTOR('',#13078,10.);
#3657=VECTOR('',#13081,10.);
#3658=VECTOR('',#13084,10.);
#3659=VECTOR('',#13087,10.);
#3660=VECTOR('',#13090,10.);
#3661=VECTOR('',#13091,10.);
#3662=VECTOR('',#13092,10.);
#3663=VECTOR('',#13095,0.750000000000002);
#3664=VECTOR('',#13102,0.750000000000002);
#3665=VECTOR('',#13109,0.749999999999997);
#3666=VECTOR('',#13116,0.75);
#3667=VECTOR('',#13123,10.);
#3668=VECTOR('',#13124,10.);
#3669=VECTOR('',#13125,10.);
#3670=VECTOR('',#13128,10.);
#3671=VECTOR('',#13129,10.);
#3672=VECTOR('',#13130,10.);
#3673=VECTOR('',#13133,10.);
#3674=VECTOR('',#13136,10.);
#3675=VECTOR('',#13139,10.);
#3676=VECTOR('',#13140,10.);
#3677=VECTOR('',#13141,10.);
#3678=VECTOR('',#13142,10.);
#3679=VECTOR('',#13145,10.);
#3680=VECTOR('',#13146,10.);
#3681=VECTOR('',#13147,10.);
#3682=VECTOR('',#13150,10.);
#3683=VECTOR('',#13153,10.);
#3684=VECTOR('',#13154,10.);
#3685=VECTOR('',#13155,10.);
#3686=VECTOR('',#13158,10.);
#3687=VECTOR('',#13159,10.);
#3688=VECTOR('',#13162,10.);
#3689=VECTOR('',#13163,10.);
#3690=VECTOR('',#13166,10.);
#3691=VECTOR('',#13169,10.);
#3692=VECTOR('',#13170,10.);
#3693=VECTOR('',#13173,10.);
#3694=VECTOR('',#13174,10.);
#3695=VECTOR('',#13175,10.);
#3696=VECTOR('',#13178,10.);
#3697=VECTOR('',#13179,10.);
#3698=VECTOR('',#13180,10.);
#3699=VECTOR('',#13181,10.);
#3700=VECTOR('',#13182,10.);
#3701=VECTOR('',#13183,10.);
#3702=VECTOR('',#13184,10.);
#3703=VECTOR('',#13185,10.);
#3704=VECTOR('',#13186,10.);
#3705=VECTOR('',#13187,10.);
#3706=VECTOR('',#13188,10.);
#3707=VECTOR('',#13189,10.);
#3708=VECTOR('',#13190,10.);
#3709=VECTOR('',#13193,10.);
#3710=VECTOR('',#13196,10.);
#3711=VECTOR('',#13199,10.);
#3712=VECTOR('',#13202,10.);
#3713=VECTOR('',#13205,10.);
#3714=VECTOR('',#13208,10.);
#3715=VECTOR('',#13211,10.);
#3716=VECTOR('',#13214,10.);
#3717=VECTOR('',#13217,10.);
#3718=VECTOR('',#13220,10.);
#3719=VECTOR('',#13225,10.);
#3720=VECTOR('',#13228,10.);
#3721=VECTOR('',#13231,10.);
#3722=VECTOR('',#13236,10.);
#3723=VECTOR('',#13255,10.);
#3724=VECTOR('',#13266,10.);
#3725=VECTOR('',#13269,10.);
#3726=VECTOR('',#13282,10.);
#3727=VECTOR('',#13293,10.);
#3728=VECTOR('',#13296,10.);
#3729=VECTOR('',#13309,10.);
#3730=VECTOR('',#13320,10.);
#3731=VECTOR('',#13323,10.);
#3732=VECTOR('',#13334,10.);
#3733=VECTOR('',#13337,10.);
#3734=VECTOR('',#13348,10.);
#3735=VECTOR('',#13349,10.);
#3736=VECTOR('',#13352,10.);
#3737=VECTOR('',#13353,10.);
#3738=VECTOR('',#13354,10.);
#3739=VECTOR('',#13357,10.);
#3740=VECTOR('',#13362,10.);
#3741=VECTOR('',#13363,10.);
#3742=VECTOR('',#13366,10.);
#3743=VECTOR('',#13371,10.);
#3744=VECTOR('',#13372,10.);
#3745=VECTOR('',#13375,10.);
#3746=VECTOR('',#13380,10.);
#3747=VECTOR('',#13381,10.);
#3748=VECTOR('',#13384,10.);
#3749=VECTOR('',#13389,10.);
#3750=VECTOR('',#13390,10.);
#3751=VECTOR('',#13395,10.);
#3752=VECTOR('',#13398,10.);
#3753=VECTOR('',#13403,10.);
#3754=VECTOR('',#13408,10.);
#3755=VECTOR('',#13421,10.);
#3756=VECTOR('',#13432,10.);
#3757=VECTOR('',#13445,10.);
#3758=VECTOR('',#13446,10.);
#3759=VECTOR('',#13459,10.);
#3760=VECTOR('',#13460,10.);
#3761=VECTOR('',#13473,10.);
#3762=VECTOR('',#13474,10.);
#3763=VECTOR('',#13487,10.);
#3764=VECTOR('',#13488,10.);
#3765=VECTOR('',#13499,10.);
#3766=VECTOR('',#13506,10.);
#3767=VECTOR('',#13507,10.);
#3768=VECTOR('',#13510,10.);
#3769=VECTOR('',#13513,10.);
#3770=VECTOR('',#13518,10.);
#3771=VECTOR('',#13521,10.);
#3772=VECTOR('',#13524,10.);
#3773=VECTOR('',#13527,10.);
#3774=VECTOR('',#13530,10.);
#3775=VECTOR('',#13533,10.);
#3776=VECTOR('',#13536,10.);
#3777=VECTOR('',#13539,10.);
#3778=VECTOR('',#13544,10.);
#3779=VECTOR('',#13545,10.);
#3780=VECTOR('',#13548,10.);
#3781=VECTOR('',#13551,10.);
#3782=VECTOR('',#13554,10.);
#3783=VECTOR('',#13557,10.);
#3784=VECTOR('',#13560,10.);
#3785=VECTOR('',#13563,10.);
#3786=VECTOR('',#13566,10.);
#3787=VECTOR('',#13569,10.);
#3788=VECTOR('',#13572,10.);
#3789=VECTOR('',#13575,10.);
#3790=VECTOR('',#13578,10.);
#3791=VECTOR('',#13581,10.);
#3792=VECTOR('',#13584,10.);
#3793=VECTOR('',#13587,10.);
#3794=VECTOR('',#13592,10.);
#3795=VECTOR('',#13595,10.);
#3796=VECTOR('',#13598,10.);
#3797=VECTOR('',#13603,10.);
#3798=VECTOR('',#13606,10.);
#3799=VECTOR('',#13609,10.);
#3800=VECTOR('',#13612,10.);
#3801=VECTOR('',#13615,10.);
#3802=VERTEX_POINT('',#13628);
#3803=VERTEX_POINT('',#13629);
#3804=VERTEX_POINT('',#13631);
#3805=VERTEX_POINT('',#13633);
#3806=VERTEX_POINT('',#13637);
#3807=VERTEX_POINT('',#13639);
#3808=VERTEX_POINT('',#13641);
#3809=VERTEX_POINT('',#13643);
#3810=VERTEX_POINT('',#13645);
#3811=VERTEX_POINT('',#13647);
#3812=VERTEX_POINT('',#13649);
#3813=VERTEX_POINT('',#13651);
#3814=VERTEX_POINT('',#13655);
#3815=VERTEX_POINT('',#13657);
#3816=VERTEX_POINT('',#13659);
#3817=VERTEX_POINT('',#13661);
#3818=VERTEX_POINT('',#13663);
#3819=VERTEX_POINT('',#13665);
#3820=VERTEX_POINT('',#13667);
#3821=VERTEX_POINT('',#13669);
#3822=VERTEX_POINT('',#13671);
#3823=VERTEX_POINT('',#13673);
#3824=VERTEX_POINT('',#13675);
#3825=VERTEX_POINT('',#13679);
#3826=VERTEX_POINT('',#13681);
#3827=VERTEX_POINT('',#13685);
#3828=VERTEX_POINT('',#13689);
#3829=VERTEX_POINT('',#13690);
#3830=VERTEX_POINT('',#13692);
#3831=VERTEX_POINT('',#13699);
#3832=VERTEX_POINT('',#13700);
#3833=VERTEX_POINT('',#13702);
#3834=VERTEX_POINT('',#13709);
#3835=VERTEX_POINT('',#13710);
#3836=VERTEX_POINT('',#13712);
#3837=VERTEX_POINT('',#13719);
#3838=VERTEX_POINT('',#13720);
#3839=VERTEX_POINT('',#13722);
#3840=VERTEX_POINT('',#13729);
#3841=VERTEX_POINT('',#13730);
#3842=VERTEX_POINT('',#13732);
#3843=VERTEX_POINT('',#13734);
#3844=VERTEX_POINT('',#13736);
#3845=VERTEX_POINT('',#13740);
#3846=VERTEX_POINT('',#13742);
#3847=VERTEX_POINT('',#13746);
#3848=VERTEX_POINT('',#13748);
#3849=VERTEX_POINT('',#13752);
#3850=VERTEX_POINT('',#13754);
#3851=VERTEX_POINT('',#13758);
#3852=VERTEX_POINT('',#13760);
#3853=VERTEX_POINT('',#13764);
#3854=VERTEX_POINT('',#13766);
#3855=VERTEX_POINT('',#13770);
#3856=VERTEX_POINT('',#13772);
#3857=VERTEX_POINT('',#13776);
#3858=VERTEX_POINT('',#13778);
#3859=VERTEX_POINT('',#13782);
#3860=VERTEX_POINT('',#13784);
#3861=VERTEX_POINT('',#13791);
#3862=VERTEX_POINT('',#13793);
#3863=VERTEX_POINT('',#13797);
#3864=VERTEX_POINT('',#13799);
#3865=VERTEX_POINT('',#13809);
#3866=VERTEX_POINT('',#13811);
#3867=VERTEX_POINT('',#13815);
#3868=VERTEX_POINT('',#13817);
#3869=VERTEX_POINT('',#13824);
#3870=VERTEX_POINT('',#13826);
#3871=VERTEX_POINT('',#13830);
#3872=VERTEX_POINT('',#13832);
#3873=VERTEX_POINT('',#13836);
#3874=VERTEX_POINT('',#13838);
#3875=VERTEX_POINT('',#13842);
#3876=VERTEX_POINT('',#13844);
#3877=VERTEX_POINT('',#13848);
#3878=VERTEX_POINT('',#13850);
#3879=VERTEX_POINT('',#13854);
#3880=VERTEX_POINT('',#13856);
#3881=VERTEX_POINT('',#13860);
#3882=VERTEX_POINT('',#13862);
#3883=VERTEX_POINT('',#13866);
#3884=VERTEX_POINT('',#13868);
#3885=VERTEX_POINT('',#13872);
#3886=VERTEX_POINT('',#13874);
#3887=VERTEX_POINT('',#13878);
#3888=VERTEX_POINT('',#13880);
#3889=VERTEX_POINT('',#13884);
#3890=VERTEX_POINT('',#13889);
#3891=VERTEX_POINT('',#13893);
#3892=VERTEX_POINT('',#13897);
#3893=VERTEX_POINT('',#13901);
#3894=VERTEX_POINT('',#13905);
#3895=VERTEX_POINT('',#13909);
#3896=VERTEX_POINT('',#13913);
#3897=VERTEX_POINT('',#13915);
#3898=VERTEX_POINT('',#13917);
#3899=VERTEX_POINT('',#13921);
#3900=VERTEX_POINT('',#13923);
#3901=VERTEX_POINT('',#13925);
#3902=VERTEX_POINT('',#13930);
#3903=VERTEX_POINT('',#13931);
#3904=VERTEX_POINT('',#13933);
#3905=VERTEX_POINT('',#13935);
#3906=VERTEX_POINT('',#13937);
#3907=VERTEX_POINT('',#13939);
#3908=VERTEX_POINT('',#13941);
#3909=VERTEX_POINT('',#13943);
#3910=VERTEX_POINT('',#13945);
#3911=VERTEX_POINT('',#13947);
#3912=VERTEX_POINT('',#13949);
#3913=VERTEX_POINT('',#13951);
#3914=VERTEX_POINT('',#13953);
#3915=VERTEX_POINT('',#13955);
#3916=VERTEX_POINT('',#13957);
#3917=VERTEX_POINT('',#13959);
#3918=VERTEX_POINT('',#13963);
#3919=VERTEX_POINT('',#13967);
#3920=VERTEX_POINT('',#13968);
#3921=VERTEX_POINT('',#13970);
#3922=VERTEX_POINT('',#13972);
#3923=VERTEX_POINT('',#13974);
#3924=VERTEX_POINT('',#13978);
#3925=VERTEX_POINT('',#13979);
#3926=VERTEX_POINT('',#13984);
#3927=VERTEX_POINT('',#13986);
#3928=VERTEX_POINT('',#13988);
#3929=VERTEX_POINT('',#13991);
#3930=VERTEX_POINT('',#13993);
#3931=VERTEX_POINT('',#13995);
#3932=VERTEX_POINT('',#13997);
#3933=VERTEX_POINT('',#13999);
#3934=VERTEX_POINT('',#14001);
#3935=VERTEX_POINT('',#14003);
#3936=VERTEX_POINT('',#14005);
#3937=VERTEX_POINT('',#14007);
#3938=VERTEX_POINT('',#14009);
#3939=VERTEX_POINT('',#14011);
#3940=VERTEX_POINT('',#14013);
#3941=VERTEX_POINT('',#14016);
#3942=VERTEX_POINT('',#14018);
#3943=VERTEX_POINT('',#14020);
#3944=VERTEX_POINT('',#14022);
#3945=VERTEX_POINT('',#14024);
#3946=VERTEX_POINT('',#14026);
#3947=VERTEX_POINT('',#14028);
#3948=VERTEX_POINT('',#14030);
#3949=VERTEX_POINT('',#14032);
#3950=VERTEX_POINT('',#14034);
#3951=VERTEX_POINT('',#14036);
#3952=VERTEX_POINT('',#14038);
#3953=VERTEX_POINT('',#14040);
#3954=VERTEX_POINT('',#14043);
#3955=VERTEX_POINT('',#14045);
#3956=VERTEX_POINT('',#14047);
#3957=VERTEX_POINT('',#14049);
#3958=VERTEX_POINT('',#14064);
#3959=VERTEX_POINT('',#14065);
#3960=VERTEX_POINT('',#14070);
#3961=VERTEX_POINT('',#14074);
#3962=VERTEX_POINT('',#14078);
#3963=VERTEX_POINT('',#14082);
#3964=VERTEX_POINT('',#14086);
#3965=VERTEX_POINT('',#14090);
#3966=VERTEX_POINT('',#14094);
#3967=VERTEX_POINT('',#14098);
#3968=VERTEX_POINT('',#14102);
#3969=VERTEX_POINT('',#14106);
#3970=VERTEX_POINT('',#14110);
#3971=VERTEX_POINT('',#14114);
#3972=VERTEX_POINT('',#14118);
#3973=VERTEX_POINT('',#14122);
#3974=VERTEX_POINT('',#14128);
#3975=VERTEX_POINT('',#14129);
#3976=VERTEX_POINT('',#14131);
#3977=VERTEX_POINT('',#14133);
#3978=VERTEX_POINT('',#14137);
#3979=VERTEX_POINT('',#14139);
#3980=VERTEX_POINT('',#14143);
#3981=VERTEX_POINT('',#14144);
#3982=VERTEX_POINT('',#14146);
#3983=VERTEX_POINT('',#14148);
#3984=VERTEX_POINT('',#14152);
#3985=VERTEX_POINT('',#14154);
#3986=VERTEX_POINT('',#14158);
#3987=VERTEX_POINT('',#14159);
#3988=VERTEX_POINT('',#14161);
#3989=VERTEX_POINT('',#14163);
#3990=VERTEX_POINT('',#14167);
#3991=VERTEX_POINT('',#14169);
#3992=VERTEX_POINT('',#14173);
#3993=VERTEX_POINT('',#14175);
#3994=VERTEX_POINT('',#14179);
#3995=VERTEX_POINT('',#14181);
#3996=VERTEX_POINT('',#14185);
#3997=VERTEX_POINT('',#14187);
#3998=VERTEX_POINT('',#14191);
#3999=VERTEX_POINT('',#14192);
#4000=VERTEX_POINT('',#14194);
#4001=VERTEX_POINT('',#14196);
#4002=VERTEX_POINT('',#14200);
#4003=VERTEX_POINT('',#14202);
#4004=VERTEX_POINT('',#14206);
#4005=VERTEX_POINT('',#14208);
#4006=VERTEX_POINT('',#14212);
#4007=VERTEX_POINT('',#14214);
#4008=VERTEX_POINT('',#14221);
#4009=VERTEX_POINT('',#14223);
#4010=VERTEX_POINT('',#14227);
#4011=VERTEX_POINT('',#14229);
#4012=VERTEX_POINT('',#14233);
#4013=VERTEX_POINT('',#14235);
#4014=VERTEX_POINT('',#14239);
#4015=VERTEX_POINT('',#14241);
#4016=VERTEX_POINT('',#14245);
#4017=VERTEX_POINT('',#14247);
#4018=VERTEX_POINT('',#14251);
#4019=VERTEX_POINT('',#14253);
#4020=VERTEX_POINT('',#14257);
#4021=VERTEX_POINT('',#14259);
#4022=VERTEX_POINT('',#14263);
#4023=VERTEX_POINT('',#14265);
#4024=VERTEX_POINT('',#14269);
#4025=VERTEX_POINT('',#14271);
#4026=VERTEX_POINT('',#14299);
#4027=VERTEX_POINT('',#14301);
#4028=VERTEX_POINT('',#14305);
#4029=VERTEX_POINT('',#14309);
#4030=VERTEX_POINT('',#14314);
#4031=VERTEX_POINT('',#14329);
#4032=VERTEX_POINT('',#14353);
#4033=VERTEX_POINT('',#14355);
#4034=VERTEX_POINT('',#14370);
#4035=VERTEX_POINT('',#14371);
#4036=VERTEX_POINT('',#14373);
#4037=VERTEX_POINT('',#14375);
#4038=VERTEX_POINT('',#14377);
#4039=VERTEX_POINT('',#14379);
#4040=VERTEX_POINT('',#14381);
#4041=VERTEX_POINT('',#14383);
#4042=VERTEX_POINT('',#14385);
#4043=VERTEX_POINT('',#14387);
#4044=VERTEX_POINT('',#14389);
#4045=VERTEX_POINT('',#14391);
#4046=VERTEX_POINT('',#14393);
#4047=VERTEX_POINT('',#14395);
#4048=VERTEX_POINT('',#14397);
#4049=VERTEX_POINT('',#14399);
#4050=VERTEX_POINT('',#14402);
#4051=VERTEX_POINT('',#14405);
#4052=VERTEX_POINT('',#14407);
#4053=VERTEX_POINT('',#14440);
#4054=VERTEX_POINT('',#14442);
#4055=VERTEX_POINT('',#14448);
#4056=VERTEX_POINT('',#14452);
#4057=VERTEX_POINT('',#14456);
#4058=VERTEX_POINT('',#14460);
#4059=VERTEX_POINT('',#14464);
#4060=VERTEX_POINT('',#14468);
#4061=VERTEX_POINT('',#14472);
#4062=VERTEX_POINT('',#14476);
#4063=VERTEX_POINT('',#14480);
#4064=VERTEX_POINT('',#14484);
#4065=VERTEX_POINT('',#14485);
#4066=VERTEX_POINT('',#14487);
#4067=VERTEX_POINT('',#14489);
#4068=VERTEX_POINT('',#14493);
#4069=VERTEX_POINT('',#14495);
#4070=VERTEX_POINT('',#14499);
#4071=VERTEX_POINT('',#14501);
#4072=VERTEX_POINT('',#14505);
#4073=VERTEX_POINT('',#14506);
#4074=VERTEX_POINT('',#14508);
#4075=VERTEX_POINT('',#14510);
#4076=VERTEX_POINT('',#14514);
#4077=VERTEX_POINT('',#14516);
#4078=VERTEX_POINT('',#14520);
#4079=VERTEX_POINT('',#14522);
#4080=VERTEX_POINT('',#14534);
#4081=VERTEX_POINT('',#14536);
#4082=VERTEX_POINT('',#14540);
#4083=VERTEX_POINT('',#14552);
#4084=VERTEX_POINT('',#14606);
#4085=VERTEX_POINT('',#14618);
#4086=VERTEX_POINT('',#14622);
#4087=VERTEX_POINT('',#14634);
#4088=VERTEX_POINT('',#14640);
#4089=VERTEX_POINT('',#14644);
#4090=VERTEX_POINT('',#14648);
#4091=VERTEX_POINT('',#14652);
#4092=VERTEX_POINT('',#14656);
#4093=VERTEX_POINT('',#14662);
#4094=VERTEX_POINT('',#14663);
#4095=VERTEX_POINT('',#14668);
#4096=VERTEX_POINT('',#14672);
#4097=VERTEX_POINT('',#14676);
#4098=VERTEX_POINT('',#14677);
#4099=VERTEX_POINT('',#14682);
#4100=VERTEX_POINT('',#14686);
#4101=VERTEX_POINT('',#14697);
#4102=VERTEX_POINT('',#14698);
#4103=VERTEX_POINT('',#14719);
#4104=VERTEX_POINT('',#14720);
#4105=VERTEX_POINT('',#14727);
#4106=VERTEX_POINT('',#14755);
#4107=VERTEX_POINT('',#14756);
#4108=VERTEX_POINT('',#14785);
#4109=VERTEX_POINT('',#14786);
#4110=VERTEX_POINT('',#14802);
#4111=VERTEX_POINT('',#14806);
#4112=VERTEX_POINT('',#14810);
#4113=VERTEX_POINT('',#14814);
#4114=VERTEX_POINT('',#14819);
#4115=VERTEX_POINT('',#14824);
#4116=VERTEX_POINT('',#14829);
#4117=VERTEX_POINT('',#14841);
#4118=VERTEX_POINT('',#14842);
#4119=VERTEX_POINT('',#14844);
#4120=VERTEX_POINT('',#14849);
#4121=VERTEX_POINT('',#14853);
#4122=VERTEX_POINT('',#14854);
#4123=VERTEX_POINT('',#14856);
#4124=VERTEX_POINT('',#14858);
#4125=VERTEX_POINT('',#14860);
#4126=VERTEX_POINT('',#14862);
#4127=VERTEX_POINT('',#14864);
#4128=VERTEX_POINT('',#14866);
#4129=VERTEX_POINT('',#14868);
#4130=VERTEX_POINT('',#14870);
#4131=VERTEX_POINT('',#14872);
#4132=VERTEX_POINT('',#14874);
#4133=VERTEX_POINT('',#14876);
#4134=VERTEX_POINT('',#14878);
#4135=VERTEX_POINT('',#14880);
#4136=VERTEX_POINT('',#14882);
#4137=VERTEX_POINT('',#14884);
#4138=VERTEX_POINT('',#14886);
#4139=VERTEX_POINT('',#14888);
#4140=VERTEX_POINT('',#14890);
#4141=VERTEX_POINT('',#14893);
#4142=VERTEX_POINT('',#14894);
#4143=VERTEX_POINT('',#14896);
#4144=VERTEX_POINT('',#14898);
#4145=VERTEX_POINT('',#14900);
#4146=VERTEX_POINT('',#14902);
#4147=VERTEX_POINT('',#14905);
#4148=VERTEX_POINT('',#14906);
#4149=VERTEX_POINT('',#14908);
#4150=VERTEX_POINT('',#14910);
#4151=VERTEX_POINT('',#14912);
#4152=VERTEX_POINT('',#14914);
#4153=VERTEX_POINT('',#14917);
#4154=VERTEX_POINT('',#14918);
#4155=VERTEX_POINT('',#14920);
#4156=VERTEX_POINT('',#14922);
#4157=VERTEX_POINT('',#14924);
#4158=VERTEX_POINT('',#14926);
#4159=VERTEX_POINT('',#14928);
#4160=VERTEX_POINT('',#14930);
#4161=VERTEX_POINT('',#14934);
#4162=VERTEX_POINT('',#14938);
#4163=VERTEX_POINT('',#14943);
#4164=VERTEX_POINT('',#14945);
#4165=VERTEX_POINT('',#14949);
#4166=VERTEX_POINT('',#14950);
#4167=VERTEX_POINT('',#14952);
#4168=VERTEX_POINT('',#14954);
#4169=VERTEX_POINT('',#14956);
#4170=VERTEX_POINT('',#14958);
#4171=VERTEX_POINT('',#14960);
#4172=VERTEX_POINT('',#14962);
#4173=VERTEX_POINT('',#14965);
#4174=VERTEX_POINT('',#14967);
#4175=VERTEX_POINT('',#14969);
#4176=VERTEX_POINT('',#14972);
#4177=VERTEX_POINT('',#14976);
#4178=VERTEX_POINT('',#14980);
#4179=VERTEX_POINT('',#14984);
#4180=VERTEX_POINT('',#14988);
#4181=VERTEX_POINT('',#14992);
#4182=VERTEX_POINT('',#14996);
#4183=VERTEX_POINT('',#15019);
#4184=VERTEX_POINT('',#15020);
#4185=VERTEX_POINT('',#15022);
#4186=VERTEX_POINT('',#15027);
#4187=VERTEX_POINT('',#15031);
#4188=VERTEX_POINT('',#15035);
#4189=VERTEX_POINT('',#15039);
#4190=VERTEX_POINT('',#15041);
#4191=VERTEX_POINT('',#15045);
#4192=VERTEX_POINT('',#15049);
#4193=VERTEX_POINT('',#15053);
#4194=VERTEX_POINT('',#15057);
#4195=VERTEX_POINT('',#15063);
#4196=VERTEX_POINT('',#15064);
#4197=VERTEX_POINT('',#15066);
#4198=VERTEX_POINT('',#15071);
#4199=VERTEX_POINT('',#15075);
#4200=VERTEX_POINT('',#15079);
#4201=VERTEX_POINT('',#15083);
#4202=VERTEX_POINT('',#15085);
#4203=VERTEX_POINT('',#15089);
#4204=VERTEX_POINT('',#15093);
#4205=VERTEX_POINT('',#15097);
#4206=VERTEX_POINT('',#15101);
#4207=VERTEX_POINT('',#15107);
#4208=VERTEX_POINT('',#15109);
#4209=VERTEX_POINT('',#15121);
#4210=VERTEX_POINT('',#15125);
#4211=VERTEX_POINT('',#15127);
#4212=VERTEX_POINT('',#15131);
#4213=VERTEX_POINT('',#15135);
#4214=VERTEX_POINT('',#15139);
#4215=VERTEX_POINT('',#15151);
#4216=VERTEX_POINT('',#15155);
#4217=VERTEX_POINT('',#15161);
#4218=VERTEX_POINT('',#15163);
#4219=VERTEX_POINT('',#15169);
#4220=VERTEX_POINT('',#15171);
#4221=VERTEX_POINT('',#15183);
#4222=VERTEX_POINT('',#15187);
#4223=VERTEX_POINT('',#15191);
#4224=VERTEX_POINT('',#15195);
#4225=VERTEX_POINT('',#15199);
#4226=VERTEX_POINT('',#15203);
#4227=VERTEX_POINT('',#15215);
#4228=VERTEX_POINT('',#15219);
#4229=VERTEX_POINT('',#15225);
#4230=VERTEX_POINT('',#15227);
#4231=VERTEX_POINT('',#15235);
#4232=VERTEX_POINT('',#15237);
#4233=VERTEX_POINT('',#15241);
#4234=VERTEX_POINT('',#15245);
#4235=VERTEX_POINT('',#15249);
#4236=VERTEX_POINT('',#15253);
#4237=VERTEX_POINT('',#15257);
#4238=VERTEX_POINT('',#15259);
#4239=VERTEX_POINT('',#15261);
#4240=VERTEX_POINT('',#15264);
#4241=VERTEX_POINT('',#15267);
#4242=VERTEX_POINT('',#15271);
#4243=VERTEX_POINT('',#15275);
#4244=VERTEX_POINT('',#15279);
#4245=VERTEX_POINT('',#15283);
#4246=VERTEX_POINT('',#15287);
#4247=VERTEX_POINT('',#15291);
#4248=VERTEX_POINT('',#15295);
#4249=VERTEX_POINT('',#15299);
#4250=VERTEX_POINT('',#15303);
#4251=VERTEX_POINT('',#15307);
#4252=VERTEX_POINT('',#15311);
#4253=VERTEX_POINT('',#15315);
#4254=VERTEX_POINT('',#15317);
#4255=VERTEX_POINT('',#15321);
#4256=VERTEX_POINT('',#15325);
#4257=VERTEX_POINT('',#15334);
#4258=VERTEX_POINT('',#15336);
#4259=VERTEX_POINT('',#15352);
#4260=VERTEX_POINT('',#15353);
#4261=VERTEX_POINT('',#15355);
#4262=VERTEX_POINT('',#15357);
#4263=VERTEX_POINT('',#15361);
#4264=VERTEX_POINT('',#15363);
#4265=VERTEX_POINT('',#15367);
#4266=VERTEX_POINT('',#15369);
#4267=VERTEX_POINT('',#15371);
#4268=VERTEX_POINT('',#15373);
#4269=VERTEX_POINT('',#15375);
#4270=VERTEX_POINT('',#15379);
#4271=VERTEX_POINT('',#15381);
#4272=VERTEX_POINT('',#15383);
#4273=VERTEX_POINT('',#15385);
#4274=VERTEX_POINT('',#15387);
#4275=VERTEX_POINT('',#15389);
#4276=VERTEX_POINT('',#15391);
#4277=VERTEX_POINT('',#15393);
#4278=VERTEX_POINT('',#15395);
#4279=VERTEX_POINT('',#15397);
#4280=VERTEX_POINT('',#15399);
#4281=VERTEX_POINT('',#15401);
#4282=VERTEX_POINT('',#15403);
#4283=VERTEX_POINT('',#15405);
#4284=VERTEX_POINT('',#15407);
#4285=VERTEX_POINT('',#15409);
#4286=VERTEX_POINT('',#15411);
#4287=VERTEX_POINT('',#15413);
#4288=VERTEX_POINT('',#15415);
#4289=VERTEX_POINT('',#15417);
#4290=VERTEX_POINT('',#15419);
#4291=VERTEX_POINT('',#15421);
#4292=VERTEX_POINT('',#15423);
#4293=VERTEX_POINT('',#15425);
#4294=VERTEX_POINT('',#15427);
#4295=VERTEX_POINT('',#15429);
#4296=VERTEX_POINT('',#15431);
#4297=VERTEX_POINT('',#15433);
#4298=VERTEX_POINT('',#15435);
#4299=VERTEX_POINT('',#15437);
#4300=VERTEX_POINT('',#15439);
#4301=VERTEX_POINT('',#15441);
#4302=VERTEX_POINT('',#15443);
#4303=VERTEX_POINT('',#15445);
#4304=VERTEX_POINT('',#15447);
#4305=VERTEX_POINT('',#15449);
#4306=VERTEX_POINT('',#15451);
#4307=VERTEX_POINT('',#15453);
#4308=VERTEX_POINT('',#15455);
#4309=VERTEX_POINT('',#15458);
#4310=VERTEX_POINT('',#15460);
#4311=VERTEX_POINT('',#15462);
#4312=VERTEX_POINT('',#15464);
#4313=VERTEX_POINT('',#15467);
#4314=VERTEX_POINT('',#15468);
#4315=VERTEX_POINT('',#15473);
#4316=VERTEX_POINT('',#15477);
#4317=VERTEX_POINT('',#15479);
#4318=VERTEX_POINT('',#15481);
#4319=VERTEX_POINT('',#15483);
#4320=VERTEX_POINT('',#15485);
#4321=VERTEX_POINT('',#15489);
#4322=VERTEX_POINT('',#15490);
#4323=VERTEX_POINT('',#15492);
#4324=VERTEX_POINT('',#15494);
#4325=VERTEX_POINT('',#15501);
#4326=VERTEX_POINT('',#15502);
#4327=VERTEX_POINT('',#15504);
#4328=VERTEX_POINT('',#15506);
#4329=VERTEX_POINT('',#15513);
#4330=VERTEX_POINT('',#15514);
#4331=VERTEX_POINT('',#15516);
#4332=VERTEX_POINT('',#15518);
#4333=VERTEX_POINT('',#15522);
#4334=VERTEX_POINT('',#15523);
#4335=VERTEX_POINT('',#15528);
#4336=VERTEX_POINT('',#15529);
#4337=VERTEX_POINT('',#15534);
#4338=VERTEX_POINT('',#15535);
#4339=VERTEX_POINT('',#15540);
#4340=VERTEX_POINT('',#15541);
#4341=VERTEX_POINT('',#15546);
#4342=VERTEX_POINT('',#15547);
#4343=VERTEX_POINT('',#15552);
#4344=VERTEX_POINT('',#15553);
#4345=VERTEX_POINT('',#15561);
#4346=VERTEX_POINT('',#15563);
#4347=VERTEX_POINT('',#15567);
#4348=VERTEX_POINT('',#15571);
#4349=VERTEX_POINT('',#15575);
#4350=VERTEX_POINT('',#15579);
#4351=VERTEX_POINT('',#15581);
#4352=VERTEX_POINT('',#15584);
#4353=VERTEX_POINT('',#15585);
#4354=VERTEX_POINT('',#15587);
#4355=VERTEX_POINT('',#15589);
#4356=VERTEX_POINT('',#15591);
#4357=VERTEX_POINT('',#15593);
#4358=VERTEX_POINT('',#15595);
#4359=VERTEX_POINT('',#15597);
#4360=VERTEX_POINT('',#15601);
#4361=VERTEX_POINT('',#15602);
#4362=VERTEX_POINT('',#15615);
#4363=VERTEX_POINT('',#15617);
#4364=VERTEX_POINT('',#15619);
#4365=VERTEX_POINT('',#15621);
#4366=VERTEX_POINT('',#15634);
#4367=VERTEX_POINT('',#15635);
#4368=VERTEX_POINT('',#15646);
#4369=VERTEX_POINT('',#15648);
#4370=VERTEX_POINT('',#15661);
#4371=VERTEX_POINT('',#15663);
#4372=VERTEX_POINT('',#15667);
#4373=VERTEX_POINT('',#15672);
#4374=VERTEX_POINT('',#15674);
#4375=VERTEX_POINT('',#15678);
#4376=VERTEX_POINT('',#15680);
#4377=VERTEX_POINT('',#15684);
#4378=VERTEX_POINT('',#15689);
#4379=VERTEX_POINT('',#15694);
#4380=VERTEX_POINT('',#15701);
#4381=VERTEX_POINT('',#15703);
#4382=VERTEX_POINT('',#15705);
#4383=VERTEX_POINT('',#15707);
#4384=VERTEX_POINT('',#15709);
#4385=VERTEX_POINT('',#15711);
#4386=VERTEX_POINT('',#15714);
#4387=VERTEX_POINT('',#15715);
#4388=VERTEX_POINT('',#15717);
#4389=VERTEX_POINT('',#15719);
#4390=VERTEX_POINT('',#15721);
#4391=VERTEX_POINT('',#15723);
#4392=VERTEX_POINT('',#15725);
#4393=VERTEX_POINT('',#15727);
#4394=VERTEX_POINT('',#15732);
#4395=VERTEX_POINT('',#15734);
#4396=VERTEX_POINT('',#15736);
#4397=VERTEX_POINT('',#15745);
#4398=VERTEX_POINT('',#15754);
#4399=VERTEX_POINT('',#15756);
#4400=VERTEX_POINT('',#15760);
#4401=VERTEX_POINT('',#15764);
#4402=VERTEX_POINT('',#15768);
#4403=VERTEX_POINT('',#15772);
#4404=VERTEX_POINT('',#15774);
#4405=VERTEX_POINT('',#15778);
#4406=VERTEX_POINT('',#15803);
#4407=VERTEX_POINT('',#15805);
#4408=VERTEX_POINT('',#15809);
#4409=VERTEX_POINT('',#15813);
#4410=VERTEX_POINT('',#15817);
#4411=VERTEX_POINT('',#15821);
#4412=VERTEX_POINT('',#15825);
#4413=VERTEX_POINT('',#15829);
#4414=VERTEX_POINT('',#15835);
#4415=VERTEX_POINT('',#15837);
#4416=VERTEX_POINT('',#15848);
#4417=VERTEX_POINT('',#15849);
#4418=VERTEX_POINT('',#15851);
#4419=VERTEX_POINT('',#15853);
#4420=VERTEX_POINT('',#15857);
#4421=VERTEX_POINT('',#15858);
#4422=VERTEX_POINT('',#15863);
#4423=VERTEX_POINT('',#15864);
#4424=VERTEX_POINT('',#15869);
#4425=VERTEX_POINT('',#15870);
#4426=VERTEX_POINT('',#15875);
#4427=VERTEX_POINT('',#15876);
#4428=VERTEX_POINT('',#15881);
#4429=VERTEX_POINT('',#15882);
#4430=VERTEX_POINT('',#15887);
#4431=VERTEX_POINT('',#15888);
#4432=VERTEX_POINT('',#15896);
#4433=VERTEX_POINT('',#15898);
#4434=VERTEX_POINT('',#15902);
#4435=VERTEX_POINT('',#15906);
#4436=VERTEX_POINT('',#15910);
#4437=VERTEX_POINT('',#15914);
#4438=VERTEX_POINT('',#15916);
#4439=VERTEX_POINT('',#15920);
#4440=VERTEX_POINT('',#15924);
#4441=VERTEX_POINT('',#15928);
#4442=VERTEX_POINT('',#15934);
#4443=VERTEX_POINT('',#15936);
#4444=VERTEX_POINT('',#15940);
#4445=VERTEX_POINT('',#15944);
#4446=VERTEX_POINT('',#15948);
#4447=VERTEX_POINT('',#15952);
#4448=VERTEX_POINT('',#15954);
#4449=VERTEX_POINT('',#15960);
#4450=VERTEX_POINT('',#15966);
#4451=VERTEX_POINT('',#15967);
#4452=VERTEX_POINT('',#15972);
#4453=VERTEX_POINT('',#15982);
#4454=VERTEX_POINT('',#15995);
#4455=VERTEX_POINT('',#15998);
#4456=VERTEX_POINT('',#16002);
#4457=VERTEX_POINT('',#16003);
#4458=VERTEX_POINT('',#16005);
#4459=VERTEX_POINT('',#16009);
#4460=VERTEX_POINT('',#16010);
#4461=VERTEX_POINT('',#16015);
#4462=VERTEX_POINT('',#16016);
#4463=VERTEX_POINT('',#16018);
#4464=VERTEX_POINT('',#16022);
#4465=VERTEX_POINT('',#16023);
#4466=VERTEX_POINT('',#16028);
#4467=VERTEX_POINT('',#16029);
#4468=VERTEX_POINT('',#16037);
#4469=VERTEX_POINT('',#16038);
#4470=VERTEX_POINT('',#16045);
#4471=VERTEX_POINT('',#16049);
#4472=VERTEX_POINT('',#16050);
#4473=VERTEX_POINT('',#16052);
#4474=VERTEX_POINT('',#16054);
#4475=VERTEX_POINT('',#16058);
#4476=VERTEX_POINT('',#16059);
#4477=VERTEX_POINT('',#16064);
#4478=VERTEX_POINT('',#16065);
#4479=VERTEX_POINT('',#16070);
#4480=VERTEX_POINT('',#16071);
#4481=VERTEX_POINT('',#16076);
#4482=VERTEX_POINT('',#16077);
#4483=VERTEX_POINT('',#16082);
#4484=VERTEX_POINT('',#16083);
#4485=VERTEX_POINT('',#16088);
#4486=VERTEX_POINT('',#16089);
#4487=VERTEX_POINT('',#16097);
#4488=VERTEX_POINT('',#16098);
#4489=VERTEX_POINT('',#16100);
#4490=VERTEX_POINT('',#16102);
#4491=VERTEX_POINT('',#16104);
#4492=VERTEX_POINT('',#16106);
#4493=VERTEX_POINT('',#16108);
#4494=VERTEX_POINT('',#16110);
#4495=VERTEX_POINT('',#16112);
#4496=VERTEX_POINT('',#16114);
#4497=VERTEX_POINT('',#16116);
#4498=VERTEX_POINT('',#16118);
#4499=VERTEX_POINT('',#16120);
#4500=VERTEX_POINT('',#16122);
#4501=VERTEX_POINT('',#16124);
#4502=VERTEX_POINT('',#16126);
#4503=VERTEX_POINT('',#16130);
#4504=VERTEX_POINT('',#16132);
#4505=VERTEX_POINT('',#16136);
#4506=VERTEX_POINT('',#16138);
#4507=VERTEX_POINT('',#16142);
#4508=VERTEX_POINT('',#16144);
#4509=VERTEX_POINT('',#16148);
#4510=VERTEX_POINT('',#16150);
#4511=VERTEX_POINT('',#16154);
#4512=VERTEX_POINT('',#16159);
#4513=VERTEX_POINT('',#16164);
#4514=VERTEX_POINT('',#16169);
#4515=VERTEX_POINT('',#16174);
#4516=VERTEX_POINT('',#16176);
#4517=VERTEX_POINT('',#16180);
#4518=VERTEX_POINT('',#16182);
#4519=VERTEX_POINT('',#16190);
#4520=VERTEX_POINT('',#16191);
#4521=VERTEX_POINT('',#16193);
#4522=VERTEX_POINT('',#16195);
#4523=VERTEX_POINT('',#16199);
#4524=VERTEX_POINT('',#16206);
#4525=VERTEX_POINT('',#16208);
#4526=VERTEX_POINT('',#16220);
#4527=VERTEX_POINT('',#16224);
#4528=VERTEX_POINT('',#16226);
#4529=VERTEX_POINT('',#16232);
#4530=VERTEX_POINT('',#16234);
#4531=VERTEX_POINT('',#16236);
#4532=VERTEX_POINT('',#16238);
#4533=VERTEX_POINT('',#16240);
#4534=VERTEX_POINT('',#16242);
#4535=VERTEX_POINT('',#16244);
#4536=VERTEX_POINT('',#16246);
#4537=VERTEX_POINT('',#16248);
#4538=VERTEX_POINT('',#16250);
#4539=VERTEX_POINT('',#16286);
#4540=VERTEX_POINT('',#16287);
#4541=VERTEX_POINT('',#16290);
#4542=VERTEX_POINT('',#16294);
#4543=VERTEX_POINT('',#16298);
#4544=VERTEX_POINT('',#16300);
#4545=VERTEX_POINT('',#16304);
#4546=VERTEX_POINT('',#16306);
#4547=VERTEX_POINT('',#16311);
#4548=VERTEX_POINT('',#16315);
#4549=VERTEX_POINT('',#16319);
#4550=VERTEX_POINT('',#16321);
#4551=VERTEX_POINT('',#16325);
#4552=VERTEX_POINT('',#16327);
#4553=VERTEX_POINT('',#16332);
#4554=VERTEX_POINT('',#16336);
#4555=VERTEX_POINT('',#16340);
#4556=VERTEX_POINT('',#16342);
#4557=VERTEX_POINT('',#16346);
#4558=VERTEX_POINT('',#16348);
#4559=VERTEX_POINT('',#16352);
#4560=VERTEX_POINT('',#16354);
#4561=VERTEX_POINT('',#16358);
#4562=VERTEX_POINT('',#16360);
#4563=VERTEX_POINT('',#16364);
#4564=VERTEX_POINT('',#16366);
#4565=VERTEX_POINT('',#16373);
#4566=VERTEX_POINT('',#16375);
#4567=VERTEX_POINT('',#16379);
#4568=VERTEX_POINT('',#16383);
#4569=VERTEX_POINT('',#16387);
#4570=VERTEX_POINT('',#16391);
#4571=VERTEX_POINT('',#16395);
#4572=VERTEX_POINT('',#16399);
#4573=VERTEX_POINT('',#16403);
#4574=VERTEX_POINT('',#16418);
#4575=VERTEX_POINT('',#16420);
#4576=VERTEX_POINT('',#16424);
#4577=VERTEX_POINT('',#16428);
#4578=VERTEX_POINT('',#16432);
#4579=VERTEX_POINT('',#16436);
#4580=VERTEX_POINT('',#16440);
#4581=VERTEX_POINT('',#16441);
#4582=VERTEX_POINT('',#16446);
#4583=VERTEX_POINT('',#16447);
#4584=VERTEX_POINT('',#16452);
#4585=VERTEX_POINT('',#16453);
#4586=VERTEX_POINT('',#16458);
#4587=VERTEX_POINT('',#16459);
#4588=VERTEX_POINT('',#16464);
#4589=VERTEX_POINT('',#16465);
#4590=VERTEX_POINT('',#16470);
#4591=VERTEX_POINT('',#16471);
#4592=VERTEX_POINT('',#16476);
#4593=VERTEX_POINT('',#16477);
#4594=VERTEX_POINT('',#16482);
#4595=VERTEX_POINT('',#16487);
#4596=VERTEX_POINT('',#16491);
#4597=VERTEX_POINT('',#16505);
#4598=VERTEX_POINT('',#16506);
#4599=VERTEX_POINT('',#16508);
#4600=VERTEX_POINT('',#16510);
#4601=VERTEX_POINT('',#16512);
#4602=VERTEX_POINT('',#16514);
#4603=VERTEX_POINT('',#16516);
#4604=VERTEX_POINT('',#16518);
#4605=VERTEX_POINT('',#16520);
#4606=VERTEX_POINT('',#16522);
#4607=VERTEX_POINT('',#16524);
#4608=VERTEX_POINT('',#16526);
#4609=VERTEX_POINT('',#16528);
#4610=VERTEX_POINT('',#16530);
#4611=VERTEX_POINT('',#16532);
#4612=VERTEX_POINT('',#16534);
#4613=EDGE_CURVE('',#3802,#3803,#2042,.T.);
#4614=EDGE_CURVE('',#3803,#3804,#2043,.T.);
#4615=EDGE_CURVE('',#3804,#3805,#2044,.T.);
#4616=EDGE_CURVE('',#3805,#3802,#2045,.T.);
#4617=EDGE_CURVE('',#3806,#3804,#2046,.T.);
#4618=EDGE_CURVE('',#3807,#3806,#2047,.T.);
#4619=EDGE_CURVE('',#3807,#3808,#2048,.T.);
#4620=EDGE_CURVE('',#3809,#3808,#2049,.T.);
#4621=EDGE_CURVE('',#3810,#3809,#2050,.T.);
#4622=EDGE_CURVE('',#3811,#3810,#2051,.T.);
#4623=EDGE_CURVE('',#3812,#3811,#2052,.T.);
#4624=EDGE_CURVE('',#3813,#3812,#2053,.T.);
#4625=EDGE_CURVE('',#3813,#3805,#2054,.T.);
#4626=EDGE_CURVE('',#3803,#3814,#2055,.T.);
#4627=EDGE_CURVE('',#3815,#3814,#2056,.T.);
#4628=EDGE_CURVE('',#3815,#3816,#2057,.T.);
#4629=EDGE_CURVE('',#3816,#3817,#2058,.T.);
#4630=EDGE_CURVE('',#3817,#3818,#2059,.T.);
#4631=EDGE_CURVE('',#3819,#3818,#2060,.T.);
#4632=EDGE_CURVE('',#3819,#3820,#2061,.T.);
#4633=EDGE_CURVE('',#3821,#3820,#2062,.T.);
#4634=EDGE_CURVE('',#3821,#3822,#2063,.T.);
#4635=EDGE_CURVE('',#3822,#3823,#2064,.T.);
#4636=EDGE_CURVE('',#3823,#3824,#2065,.T.);
#4637=EDGE_CURVE('',#3806,#3824,#2066,.T.);
#4638=EDGE_CURVE('',#3824,#3825,#2067,.T.);
#4639=EDGE_CURVE('',#3825,#3826,#2068,.T.);
#4640=EDGE_CURVE('',#3826,#3807,#2069,.T.);
#4641=EDGE_CURVE('',#3827,#3826,#2070,.T.);
#4642=EDGE_CURVE('',#3827,#3808,#2071,.T.);
#4643=EDGE_CURVE('',#3828,#3829,#2072,.T.);
#4644=EDGE_CURVE('',#3830,#3828,#2073,.T.);
#4645=EDGE_CURVE('',#3829,#3830,#2074,.T.);
#4646=EDGE_CURVE('',#3824,#3830,#2075,.T.);
#4647=EDGE_CURVE('',#3828,#3825,#2076,.T.);
#4648=EDGE_CURVE('',#3831,#3832,#2077,.T.);
#4649=EDGE_CURVE('',#3833,#3831,#2078,.T.);
#4650=EDGE_CURVE('',#3832,#3833,#2079,.T.);
#4651=EDGE_CURVE('',#3820,#3833,#2080,.T.);
#4652=EDGE_CURVE('',#3831,#3821,#2081,.T.);
#4653=EDGE_CURVE('',#3834,#3835,#2082,.T.);
#4654=EDGE_CURVE('',#3836,#3834,#2083,.T.);
#4655=EDGE_CURVE('',#3835,#3836,#2084,.T.);
#4656=EDGE_CURVE('',#3818,#3836,#2085,.T.);
#4657=EDGE_CURVE('',#3834,#3819,#2086,.T.);
#4658=EDGE_CURVE('',#3837,#3838,#2087,.T.);
#4659=EDGE_CURVE('',#3839,#3837,#2088,.T.);
#4660=EDGE_CURVE('',#3838,#3839,#2089,.T.);
#4661=EDGE_CURVE('',#3814,#3839,#2090,.T.);
#4662=EDGE_CURVE('',#3837,#3815,#2091,.T.);
#4663=EDGE_CURVE('',#3840,#3841,#2092,.T.);
#4664=EDGE_CURVE('',#3842,#3841,#2093,.T.);
#4665=EDGE_CURVE('',#3843,#3842,#2094,.T.);
#4666=EDGE_CURVE('',#3843,#3844,#2095,.T.);
#4667=EDGE_CURVE('',#3844,#3840,#2096,.T.);
#4668=EDGE_CURVE('',#3844,#3845,#2097,.T.);
#4669=EDGE_CURVE('',#3845,#3846,#2098,.T.);
#4670=EDGE_CURVE('',#3846,#3840,#2099,.T.);
#4671=EDGE_CURVE('',#3847,#3846,#2100,.T.);
#4672=EDGE_CURVE('',#3845,#3848,#2101,.T.);
#4673=EDGE_CURVE('',#3848,#3847,#2102,.T.);
#4674=EDGE_CURVE('',#3849,#3847,#2103,.T.);
#4675=EDGE_CURVE('',#3848,#3850,#2104,.T.);
#4676=EDGE_CURVE('',#3850,#3849,#2105,.T.);
#4677=EDGE_CURVE('',#3851,#3849,#2106,.T.);
#4678=EDGE_CURVE('',#3850,#3852,#2107,.T.);
#4679=EDGE_CURVE('',#3852,#3851,#2108,.T.);
#4680=EDGE_CURVE('',#3853,#3851,#2109,.T.);
#4681=EDGE_CURVE('',#3852,#3854,#2110,.T.);
#4682=EDGE_CURVE('',#3854,#3853,#2111,.T.);
#4683=EDGE_CURVE('',#3855,#3853,#2112,.T.);
#4684=EDGE_CURVE('',#3854,#3856,#2113,.T.);
#4685=EDGE_CURVE('',#3856,#3855,#2114,.T.);
#4686=EDGE_CURVE('',#3857,#3855,#2115,.T.);
#4687=EDGE_CURVE('',#3856,#3858,#2116,.T.);
#4688=EDGE_CURVE('',#3858,#3857,#2117,.T.);
#4689=EDGE_CURVE('',#3859,#3857,#2118,.T.);
#4690=EDGE_CURVE('',#3858,#3860,#2119,.T.);
#4691=EDGE_CURVE('',#3860,#3859,#2120,.T.);
#4692=EDGE_CURVE('',#3860,#3838,#2121,.T.);
#4693=EDGE_CURVE('',#3839,#3859,#2122,.T.);
#4694=EDGE_CURVE('',#3861,#3837,#2123,.T.);
#4695=EDGE_CURVE('',#3838,#3862,#2124,.T.);
#4696=EDGE_CURVE('',#3862,#3861,#2125,.T.);
#4697=EDGE_CURVE('',#3863,#3861,#2126,.T.);
#4698=EDGE_CURVE('',#3862,#3864,#2127,.T.);
#4699=EDGE_CURVE('',#3864,#3863,#2128,.T.);
#4700=EDGE_CURVE('',#3864,#3835,#2129,.T.);
#4701=EDGE_CURVE('',#3836,#3863,#2130,.T.);
#4702=EDGE_CURVE('',#3833,#3834,#2131,.T.);
#4703=EDGE_CURVE('',#3835,#3832,#2132,.T.);
#4704=EDGE_CURVE('',#3865,#3831,#2133,.T.);
#4705=EDGE_CURVE('',#3832,#3866,#2134,.T.);
#4706=EDGE_CURVE('',#3866,#3865,#2135,.T.);
#4707=EDGE_CURVE('',#3867,#3865,#2136,.T.);
#4708=EDGE_CURVE('',#3866,#3868,#2137,.T.);
#4709=EDGE_CURVE('',#3868,#3867,#2138,.T.);
#4710=EDGE_CURVE('',#3868,#3829,#2139,.T.);
#4711=EDGE_CURVE('',#3830,#3867,#2140,.T.);
#4712=EDGE_CURVE('',#3869,#3828,#2141,.T.);
#4713=EDGE_CURVE('',#3829,#3870,#2142,.T.);
#4714=EDGE_CURVE('',#3870,#3869,#2143,.T.);
#4715=EDGE_CURVE('',#3871,#3869,#2144,.T.);
#4716=EDGE_CURVE('',#3870,#3872,#2145,.T.);
#4717=EDGE_CURVE('',#3872,#3871,#2146,.T.);
#4718=EDGE_CURVE('',#3873,#3871,#2147,.T.);
#4719=EDGE_CURVE('',#3872,#3874,#2148,.T.);
#4720=EDGE_CURVE('',#3874,#3873,#2149,.T.);
#4721=EDGE_CURVE('',#3875,#3873,#2150,.T.);
#4722=EDGE_CURVE('',#3874,#3876,#2151,.T.);
#4723=EDGE_CURVE('',#3876,#3875,#2152,.T.);
#4724=EDGE_CURVE('',#3877,#3875,#2153,.T.);
#4725=EDGE_CURVE('',#3876,#3878,#2154,.T.);
#4726=EDGE_CURVE('',#3878,#3877,#2155,.T.);
#4727=EDGE_CURVE('',#3879,#3877,#2156,.T.);
#4728=EDGE_CURVE('',#3878,#3880,#2157,.T.);
#4729=EDGE_CURVE('',#3880,#3879,#2158,.T.);
#4730=EDGE_CURVE('',#3881,#3879,#2159,.T.);
#4731=EDGE_CURVE('',#3880,#3882,#2160,.T.);
#4732=EDGE_CURVE('',#3882,#3881,#2161,.T.);
#4733=EDGE_CURVE('',#3883,#3881,#2162,.T.);
#4734=EDGE_CURVE('',#3882,#3884,#2163,.T.);
#4735=EDGE_CURVE('',#3884,#3883,#2164,.T.);
#4736=EDGE_CURVE('',#3885,#3883,#2165,.T.);
#4737=EDGE_CURVE('',#3884,#3886,#2166,.T.);
#4738=EDGE_CURVE('',#3886,#3885,#2167,.T.);
#4739=EDGE_CURVE('',#3886,#3887,#2168,.T.);
#4740=EDGE_CURVE('',#3888,#3887,#2169,.T.);
#4741=EDGE_CURVE('',#3888,#3885,#2170,.T.);
#4742=EDGE_CURVE('',#3871,#3889,#2171,.T.);
#4743=EDGE_CURVE('',#3827,#3889,#2172,.T.);
#4744=EDGE_CURVE('',#3869,#3827,#2173,.T.);
#4745=EDGE_CURVE('',#3873,#3890,#2174,.T.);
#4746=EDGE_CURVE('',#3889,#3890,#2175,.T.);
#4747=EDGE_CURVE('',#3875,#3891,#2176,.T.);
#4748=EDGE_CURVE('',#3890,#3891,#2177,.T.);
#4749=EDGE_CURVE('',#3877,#3892,#2178,.T.);
#4750=EDGE_CURVE('',#3891,#3892,#2179,.T.);
#4751=EDGE_CURVE('',#3879,#3893,#2180,.T.);
#4752=EDGE_CURVE('',#3892,#3893,#2181,.T.);
#4753=EDGE_CURVE('',#3894,#3881,#2182,.T.);
#4754=EDGE_CURVE('',#3893,#3894,#2183,.T.);
#4755=EDGE_CURVE('',#3883,#3895,#2184,.T.);
#4756=EDGE_CURVE('',#3894,#3895,#2185,.T.);
#4757=EDGE_CURVE('',#3885,#3896,#2186,.T.);
#4758=EDGE_CURVE('',#3897,#3896,#2187,.T.);
#4759=EDGE_CURVE('',#3897,#3898,#2188,.T.);
#4760=EDGE_CURVE('',#3895,#3898,#2189,.T.);
#4761=EDGE_CURVE('',#3888,#3899,#2190,.T.);
#4762=EDGE_CURVE('',#3900,#3899,#2191,.T.);
#4763=EDGE_CURVE('',#3900,#3901,#2192,.T.);
#4764=EDGE_CURVE('',#3896,#3901,#2193,.T.);
#4765=EDGE_CURVE('',#3887,#3843,#2194,.T.);
#4766=EDGE_CURVE('',#3902,#3903,#391,.T.);
#4767=EDGE_CURVE('',#3904,#3902,#2195,.T.);
#4768=EDGE_CURVE('',#3905,#3904,#392,.T.);
#4769=EDGE_CURVE('',#3906,#3905,#2196,.T.);
#4770=EDGE_CURVE('',#3907,#3906,#393,.T.);
#4771=EDGE_CURVE('',#3908,#3907,#2197,.T.);
#4772=EDGE_CURVE('',#3909,#3908,#394,.T.);
#4773=EDGE_CURVE('',#3910,#3909,#2198,.T.);
#4774=EDGE_CURVE('',#3911,#3910,#395,.T.);
#4775=EDGE_CURVE('',#3912,#3911,#2199,.T.);
#4776=EDGE_CURVE('',#3913,#3912,#396,.T.);
#4777=EDGE_CURVE('',#3914,#3913,#2200,.T.);
#4778=EDGE_CURVE('',#3915,#3914,#397,.T.);
#4779=EDGE_CURVE('',#3916,#3915,#2201,.T.);
#4780=EDGE_CURVE('',#3917,#3916,#398,.T.);
#4781=EDGE_CURVE('',#3903,#3917,#2202,.T.);
#4782=EDGE_CURVE('',#3842,#3918,#2203,.T.);
#4783=EDGE_CURVE('',#3899,#3918,#2204,.T.);
#4784=EDGE_CURVE('',#3919,#3920,#2205,.T.);
#4785=EDGE_CURVE('',#3920,#3921,#2206,.T.);
#4786=EDGE_CURVE('',#3921,#3922,#2207,.T.);
#4787=EDGE_CURVE('',#3922,#3923,#2208,.T.);
#4788=EDGE_CURVE('',#3923,#3919,#2209,.T.);
#4789=EDGE_CURVE('',#3924,#3925,#2210,.T.);
#4790=EDGE_CURVE('',#3925,#3897,#2211,.T.);
#4791=EDGE_CURVE('',#3901,#3924,#2212,.T.);
#4792=EDGE_CURVE('',#3926,#3809,#399,.T.);
#4793=EDGE_CURVE('',#3927,#3898,#2213,.T.);
#4794=EDGE_CURVE('',#3928,#3927,#2214,.T.);
#4795=EDGE_CURVE('',#3900,#3928,#2215,.T.);
#4796=EDGE_CURVE('',#3918,#3929,#2216,.T.);
#4797=EDGE_CURVE('',#3930,#3929,#2217,.T.);
#4798=EDGE_CURVE('',#3931,#3930,#2218,.T.);
#4799=EDGE_CURVE('',#3932,#3931,#2219,.T.);
#4800=EDGE_CURVE('',#3932,#3933,#2220,.T.);
#4801=EDGE_CURVE('',#3933,#3934,#2221,.T.);
#4802=EDGE_CURVE('',#3934,#3935,#2222,.T.);
#4803=EDGE_CURVE('',#3935,#3936,#2223,.T.);
#4804=EDGE_CURVE('',#3936,#3937,#2224,.T.);
#4805=EDGE_CURVE('',#3937,#3938,#2225,.T.);
#4806=EDGE_CURVE('',#3938,#3939,#2226,.T.);
#4807=EDGE_CURVE('',#3939,#3940,#2227,.T.);
#4808=EDGE_CURVE('',#3813,#3940,#2228,.T.);
#4809=EDGE_CURVE('',#3812,#3941,#400,.T.);
#4810=EDGE_CURVE('',#3941,#3942,#2229,.T.);
#4811=EDGE_CURVE('',#3942,#3943,#401,.T.);
#4812=EDGE_CURVE('',#3943,#3944,#2230,.T.);
#4813=EDGE_CURVE('',#3944,#3945,#402,.T.);
#4814=EDGE_CURVE('',#3945,#3946,#2231,.T.);
#4815=EDGE_CURVE('',#3946,#3947,#403,.T.);
#4816=EDGE_CURVE('',#3947,#3948,#2232,.T.);
#4817=EDGE_CURVE('',#3948,#3949,#404,.T.);
#4818=EDGE_CURVE('',#3949,#3950,#2233,.T.);
#4819=EDGE_CURVE('',#3950,#3951,#405,.T.);
#4820=EDGE_CURVE('',#3951,#3952,#2234,.T.);
#4821=EDGE_CURVE('',#3952,#3953,#406,.T.);
#4822=EDGE_CURVE('',#3953,#3926,#2235,.T.);
#4823=EDGE_CURVE('',#3954,#3954,#407,.T.);
#4824=EDGE_CURVE('',#3955,#3955,#408,.T.);
#4825=EDGE_CURVE('',#3956,#3956,#409,.T.);
#4826=EDGE_CURVE('',#3957,#3957,#410,.T.);
#4827=EDGE_CURVE('',#3919,#3931,#2236,.T.);
#4828=EDGE_CURVE('',#3932,#3923,#2237,.T.);
#4829=EDGE_CURVE('',#3930,#3920,#2238,.T.);
#4830=EDGE_CURVE('',#3929,#3921,#2239,.T.);
#4831=EDGE_CURVE('',#3924,#3928,#2240,.T.);
#4832=EDGE_CURVE('',#3927,#3925,#2241,.T.);
#4833=EDGE_CURVE('',#3958,#3959,#2242,.T.);
#4834=EDGE_CURVE('',#3958,#3904,#2243,.T.);
#4835=EDGE_CURVE('',#3959,#3902,#2244,.T.);
#4836=EDGE_CURVE('',#3960,#3958,#411,.T.);
#4837=EDGE_CURVE('',#3960,#3905,#2245,.T.);
#4838=EDGE_CURVE('',#3961,#3960,#2246,.T.);
#4839=EDGE_CURVE('',#3961,#3906,#2247,.T.);
#4840=EDGE_CURVE('',#3962,#3961,#412,.T.);
#4841=EDGE_CURVE('',#3962,#3907,#2248,.T.);
#4842=EDGE_CURVE('',#3963,#3962,#2249,.T.);
#4843=EDGE_CURVE('',#3963,#3908,#2250,.T.);
#4844=EDGE_CURVE('',#3964,#3963,#413,.T.);
#4845=EDGE_CURVE('',#3964,#3909,#2251,.T.);
#4846=EDGE_CURVE('',#3965,#3964,#2252,.T.);
#4847=EDGE_CURVE('',#3965,#3910,#2253,.T.);
#4848=EDGE_CURVE('',#3966,#3965,#414,.T.);
#4849=EDGE_CURVE('',#3966,#3911,#2254,.T.);
#4850=EDGE_CURVE('',#3967,#3966,#2255,.T.);
#4851=EDGE_CURVE('',#3967,#3912,#2256,.T.);
#4852=EDGE_CURVE('',#3968,#3967,#415,.T.);
#4853=EDGE_CURVE('',#3968,#3913,#2257,.T.);
#4854=EDGE_CURVE('',#3969,#3968,#2258,.T.);
#4855=EDGE_CURVE('',#3969,#3914,#2259,.T.);
#4856=EDGE_CURVE('',#3970,#3969,#416,.T.);
#4857=EDGE_CURVE('',#3970,#3915,#2260,.T.);
#4858=EDGE_CURVE('',#3971,#3970,#2261,.T.);
#4859=EDGE_CURVE('',#3971,#3916,#2262,.T.);
#4860=EDGE_CURVE('',#3972,#3971,#417,.T.);
#4861=EDGE_CURVE('',#3972,#3917,#2263,.T.);
#4862=EDGE_CURVE('',#3973,#3972,#2264,.T.);
#4863=EDGE_CURVE('',#3973,#3903,#2265,.T.);
#4864=EDGE_CURVE('',#3959,#3973,#418,.T.);
#4865=EDGE_CURVE('',#3974,#3975,#2266,.F.);
#4866=EDGE_CURVE('',#3975,#3976,#2267,.T.);
#4867=EDGE_CURVE('',#3976,#3977,#2268,.F.);
#4868=EDGE_CURVE('',#3977,#3974,#2269,.T.);
#4869=EDGE_CURVE('',#3975,#3978,#419,.T.);
#4870=EDGE_CURVE('',#3979,#3978,#2270,.T.);
#4871=EDGE_CURVE('',#3979,#3976,#420,.T.);
#4872=EDGE_CURVE('',#3980,#3981,#2271,.F.);
#4873=EDGE_CURVE('',#3981,#3982,#2272,.T.);
#4874=EDGE_CURVE('',#3982,#3983,#2273,.F.);
#4875=EDGE_CURVE('',#3983,#3980,#2274,.T.);
#4876=EDGE_CURVE('',#3981,#3984,#421,.T.);
#4877=EDGE_CURVE('',#3985,#3984,#2275,.T.);
#4878=EDGE_CURVE('',#3985,#3982,#422,.T.);
#4879=EDGE_CURVE('',#3986,#3987,#2276,.T.);
#4880=EDGE_CURVE('',#3987,#3988,#423,.T.);
#4881=EDGE_CURVE('',#3988,#3989,#2277,.T.);
#4882=EDGE_CURVE('',#3989,#3986,#178,.T.);
#4883=EDGE_CURVE('',#3987,#3990,#424,.T.);
#4884=EDGE_CURVE('',#3990,#3991,#425,.T.);
#4885=EDGE_CURVE('',#3991,#3988,#426,.T.);
#4886=EDGE_CURVE('',#3990,#3992,#2278,.T.);
#4887=EDGE_CURVE('',#3992,#3993,#427,.T.);
#4888=EDGE_CURVE('',#3993,#3991,#2279,.T.);
#4889=EDGE_CURVE('',#3992,#3994,#428,.T.);
#4890=EDGE_CURVE('',#3994,#3995,#429,.T.);
#4891=EDGE_CURVE('',#3995,#3993,#430,.T.);
#4892=EDGE_CURVE('',#3996,#3995,#2280,.T.);
#4893=EDGE_CURVE('',#3994,#3997,#2281,.T.);
#4894=EDGE_CURVE('',#3997,#3996,#179,.T.);
#4895=EDGE_CURVE('',#3998,#3999,#2282,.T.);
#4896=EDGE_CURVE('',#3999,#4000,#431,.T.);
#4897=EDGE_CURVE('',#4000,#4001,#2283,.T.);
#4898=EDGE_CURVE('',#4001,#3998,#180,.T.);
#4899=EDGE_CURVE('',#3999,#4002,#432,.T.);
#4900=EDGE_CURVE('',#4002,#4003,#433,.T.);
#4901=EDGE_CURVE('',#4003,#4000,#434,.T.);
#4902=EDGE_CURVE('',#4002,#4004,#2284,.T.);
#4903=EDGE_CURVE('',#4004,#4005,#435,.T.);
#4904=EDGE_CURVE('',#4005,#4003,#2285,.T.);
#4905=EDGE_CURVE('',#4004,#4006,#436,.T.);
#4906=EDGE_CURVE('',#4006,#4007,#437,.T.);
#4907=EDGE_CURVE('',#4007,#4005,#438,.T.);
#4908=EDGE_CURVE('',#4006,#3986,#2286,.T.);
#4909=EDGE_CURVE('',#3989,#4007,#2287,.T.);
#4910=EDGE_CURVE('',#3997,#4008,#2288,.T.);
#4911=EDGE_CURVE('',#4008,#4009,#439,.T.);
#4912=EDGE_CURVE('',#4009,#3996,#2289,.T.);
#4913=EDGE_CURVE('',#4008,#4010,#440,.T.);
#4914=EDGE_CURVE('',#4010,#4011,#441,.T.);
#4915=EDGE_CURVE('',#4011,#4009,#442,.T.);
#4916=EDGE_CURVE('',#4010,#4012,#2290,.T.);
#4917=EDGE_CURVE('',#4012,#4013,#443,.T.);
#4918=EDGE_CURVE('',#4013,#4011,#2291,.T.);
#4919=EDGE_CURVE('',#4012,#4014,#444,.T.);
#4920=EDGE_CURVE('',#4014,#4015,#445,.T.);
#4921=EDGE_CURVE('',#4015,#4013,#446,.T.);
#4922=EDGE_CURVE('',#4014,#4016,#2292,.T.);
#4923=EDGE_CURVE('',#4016,#4017,#181,.T.);
#4924=EDGE_CURVE('',#4017,#4015,#2293,.T.);
#4925=EDGE_CURVE('',#4016,#4018,#2294,.T.);
#4926=EDGE_CURVE('',#4018,#4019,#447,.T.);
#4927=EDGE_CURVE('',#4019,#4017,#2295,.T.);
#4928=EDGE_CURVE('',#4018,#4020,#448,.T.);
#4929=EDGE_CURVE('',#4020,#4021,#449,.T.);
#4930=EDGE_CURVE('',#4021,#4019,#450,.T.);
#4931=EDGE_CURVE('',#4020,#4022,#2296,.T.);
#4932=EDGE_CURVE('',#4022,#4023,#451,.T.);
#4933=EDGE_CURVE('',#4023,#4021,#2297,.T.);
#4934=EDGE_CURVE('',#4022,#4024,#452,.T.);
#4935=EDGE_CURVE('',#4024,#4025,#453,.T.);
#4936=EDGE_CURVE('',#4025,#4023,#454,.T.);
#4937=EDGE_CURVE('',#4001,#4025,#2298,.T.);
#4938=EDGE_CURVE('',#4024,#3998,#2299,.T.);
#4939=EDGE_CURVE('',#4011,#3960,#2300,.T.);
#4940=EDGE_CURVE('',#4009,#3958,#2301,.T.);
#4941=EDGE_CURVE('',#4013,#3961,#2302,.T.);
#4942=EDGE_CURVE('',#4015,#3962,#2303,.T.);
#4943=EDGE_CURVE('',#3962,#4017,#2304,.T.);
#4944=EDGE_CURVE('',#4019,#3963,#2305,.T.);
#4945=EDGE_CURVE('',#4021,#3964,#2306,.T.);
#4946=EDGE_CURVE('',#4023,#3965,#2307,.T.);
#4947=EDGE_CURVE('',#3966,#4025,#2308,.T.);
#4948=EDGE_CURVE('',#3967,#4001,#2309,.T.);
#4949=EDGE_CURVE('',#3967,#4000,#2310,.T.);
#4950=EDGE_CURVE('',#3992,#4026,#2311,.T.);
#4951=EDGE_CURVE('',#4027,#4026,#455,.T.);
#4952=EDGE_CURVE('',#4027,#3994,#2312,.T.);
#4953=EDGE_CURVE('',#4028,#3990,#2313,.T.);
#4954=EDGE_CURVE('',#4028,#4026,#2314,.T.);
#4955=EDGE_CURVE('',#4029,#3987,#2315,.T.);
#4956=EDGE_CURVE('',#4028,#4029,#456,.T.);
#4957=EDGE_CURVE('',#3977,#3997,#2316,.T.);
#4958=EDGE_CURVE('',#4030,#4027,#2317,.T.);
#4959=EDGE_CURVE('',#4030,#4018,#2318,.T.);
#4960=EDGE_CURVE('',#3974,#4016,#2319,.T.);
#4961=EDGE_CURVE('',#3981,#4006,#2320,.T.);
#4962=EDGE_CURVE('',#3986,#3980,#2321,.T.);
#4963=EDGE_CURVE('',#3984,#4004,#2322,.T.);
#4964=EDGE_CURVE('',#3985,#4002,#2323,.T.);
#4965=EDGE_CURVE('',#3982,#3999,#2324,.T.);
#4966=EDGE_CURVE('',#3983,#3998,#2325,.T.);
#4967=EDGE_CURVE('',#4031,#4024,#2326,.T.);
#4968=EDGE_CURVE('',#4031,#4029,#2327,.T.);
#4969=EDGE_CURVE('',#3958,#3996,#2328,.T.);
#4970=EDGE_CURVE('',#3995,#3959,#2329,.T.);
#4971=EDGE_CURVE('',#3973,#3993,#2330,.T.);
#4972=EDGE_CURVE('',#3972,#3991,#2331,.T.);
#4973=EDGE_CURVE('',#3971,#3988,#2332,.T.);
#4974=EDGE_CURVE('',#3970,#3989,#2333,.T.);
#4975=EDGE_CURVE('',#3970,#4007,#2334,.T.);
#4976=EDGE_CURVE('',#3969,#4005,#2335,.T.);
#4977=EDGE_CURVE('',#3968,#4003,#2336,.T.);
#4978=EDGE_CURVE('',#4032,#4020,#2337,.T.);
#4979=EDGE_CURVE('',#4032,#4033,#2338,.T.);
#4980=EDGE_CURVE('',#4033,#4022,#2339,.T.);
#4981=EDGE_CURVE('',#4032,#4030,#457,.T.);
#4982=EDGE_CURVE('',#3975,#4014,#2340,.T.);
#4983=EDGE_CURVE('',#4012,#3978,#2341,.T.);
#4984=EDGE_CURVE('',#3979,#4010,#2342,.T.);
#4985=EDGE_CURVE('',#4008,#3976,#2343,.T.);
#4986=EDGE_CURVE('',#4034,#4035,#2344,.T.);
#4987=EDGE_CURVE('',#4036,#4034,#458,.T.);
#4988=EDGE_CURVE('',#4037,#4036,#2345,.T.);
#4989=EDGE_CURVE('',#4038,#4037,#459,.T.);
#4990=EDGE_CURVE('',#4039,#4038,#2346,.T.);
#4991=EDGE_CURVE('',#4040,#4039,#460,.T.);
#4992=EDGE_CURVE('',#4041,#4040,#2347,.T.);
#4993=EDGE_CURVE('',#4042,#4041,#461,.T.);
#4994=EDGE_CURVE('',#4043,#4042,#2348,.T.);
#4995=EDGE_CURVE('',#4044,#4043,#462,.T.);
#4996=EDGE_CURVE('',#4045,#4044,#2349,.T.);
#4997=EDGE_CURVE('',#4046,#4045,#463,.T.);
#4998=EDGE_CURVE('',#4047,#4046,#2350,.T.);
#4999=EDGE_CURVE('',#4048,#4047,#464,.T.);
#5000=EDGE_CURVE('',#4049,#4048,#2351,.T.);
#5001=EDGE_CURVE('',#4035,#4049,#465,.T.);
#5002=EDGE_CURVE('',#4050,#4050,#466,.T.);
#5003=EDGE_CURVE('',#4051,#3951,#2352,.T.);
#5004=EDGE_CURVE('',#4052,#4051,#2353,.T.);
#5005=EDGE_CURVE('',#3952,#4052,#2354,.T.);
#5006=EDGE_CURVE('',#3859,#3940,#2355,.T.);
#5007=EDGE_CURVE('',#3857,#3939,#2356,.T.);
#5008=EDGE_CURVE('',#3855,#3938,#2357,.T.);
#5009=EDGE_CURVE('',#3853,#3937,#2358,.T.);
#5010=EDGE_CURVE('',#3851,#3936,#2359,.T.);
#5011=EDGE_CURVE('',#3849,#3935,#2360,.T.);
#5012=EDGE_CURVE('',#3840,#3922,#2361,.T.);
#5013=EDGE_CURVE('',#3841,#3929,#2362,.T.);
#5014=EDGE_CURVE('',#3823,#3867,#2363,.T.);
#5015=EDGE_CURVE('',#3822,#3865,#2364,.T.);
#5016=EDGE_CURVE('',#3817,#3863,#2365,.T.);
#5017=EDGE_CURVE('',#3816,#3861,#2366,.T.);
#5018=EDGE_CURVE('',#3940,#3802,#2367,.T.);
#5019=EDGE_CURVE('',#4053,#3949,#2368,.T.);
#5020=EDGE_CURVE('',#4054,#4053,#2369,.T.);
#5021=EDGE_CURVE('',#3950,#4054,#2370,.T.);
#5022=EDGE_CURVE('',#4051,#4054,#467,.T.);
#5023=EDGE_CURVE('',#4055,#4052,#468,.T.);
#5024=EDGE_CURVE('',#4055,#3953,#2371,.T.);
#5025=EDGE_CURVE('',#4056,#4055,#2372,.T.);
#5026=EDGE_CURVE('',#3926,#4056,#2373,.T.);
#5027=EDGE_CURVE('',#3957,#4057,#2374,.T.);
#5028=EDGE_CURVE('',#4057,#4057,#469,.T.);
#5029=EDGE_CURVE('',#3956,#4058,#2375,.T.);
#5030=EDGE_CURVE('',#4058,#4058,#470,.T.);
#5031=EDGE_CURVE('',#3955,#4059,#2376,.T.);
#5032=EDGE_CURVE('',#4059,#4059,#471,.T.);
#5033=EDGE_CURVE('',#3954,#4060,#2377,.T.);
#5034=EDGE_CURVE('',#4060,#4060,#472,.T.);
#5035=EDGE_CURVE('',#3948,#4061,#2378,.T.);
#5036=EDGE_CURVE('',#4053,#4061,#473,.T.);
#5037=EDGE_CURVE('',#4062,#3947,#2379,.T.);
#5038=EDGE_CURVE('',#4061,#4062,#2380,.T.);
#5039=EDGE_CURVE('',#3946,#4063,#2381,.T.);
#5040=EDGE_CURVE('',#4062,#4063,#474,.T.);
#5041=EDGE_CURVE('',#4064,#4065,#475,.T.);
#5042=EDGE_CURVE('',#4066,#4064,#2382,.T.);
#5043=EDGE_CURVE('',#4067,#4066,#476,.T.);
#5044=EDGE_CURVE('',#4065,#4067,#2383,.T.);
#5045=EDGE_CURVE('',#4068,#4064,#2384,.T.);
#5046=EDGE_CURVE('',#4069,#4068,#2385,.T.);
#5047=EDGE_CURVE('',#4066,#4069,#2386,.T.);
#5048=EDGE_CURVE('',#4070,#4068,#477,.T.);
#5049=EDGE_CURVE('',#4071,#4070,#2387,.T.);
#5050=EDGE_CURVE('',#4069,#4071,#478,.T.);
#5051=EDGE_CURVE('',#4072,#4073,#479,.T.);
#5052=EDGE_CURVE('',#4072,#4074,#2388,.T.);
#5053=EDGE_CURVE('',#4075,#4074,#480,.T.);
#5054=EDGE_CURVE('',#4073,#4075,#2389,.T.);
#5055=EDGE_CURVE('',#4076,#4072,#2390,.T.);
#5056=EDGE_CURVE('',#4076,#4077,#2391,.T.);
#5057=EDGE_CURVE('',#4074,#4077,#2392,.T.);
#5058=EDGE_CURVE('',#4078,#4076,#481,.T.);
#5059=EDGE_CURVE('',#4078,#4079,#2393,.T.);
#5060=EDGE_CURVE('',#4077,#4079,#482,.T.);
#5061=EDGE_CURVE('',#4080,#4034,#483,.T.);
#5062=EDGE_CURVE('',#4080,#4081,#484,.T.);
#5063=EDGE_CURVE('',#4036,#4081,#485,.T.);
#5064=EDGE_CURVE('',#4081,#4082,#2394,.T.);
#5065=EDGE_CURVE('',#4037,#4082,#486,.T.);
#5066=EDGE_CURVE('',#4082,#4083,#487,.T.);
#5067=EDGE_CURVE('',#4038,#4083,#488,.T.);
#5068=EDGE_CURVE('',#4083,#4075,#2395,.T.);
#5069=EDGE_CURVE('',#4039,#4075,#489,.T.);
#5070=EDGE_CURVE('',#4040,#4074,#490,.T.);
#5071=EDGE_CURVE('',#4041,#4077,#491,.T.);
#5072=EDGE_CURVE('',#4042,#4079,#492,.T.);
#5073=EDGE_CURVE('',#4079,#4067,#2396,.T.);
#5074=EDGE_CURVE('',#4043,#4067,#493,.T.);
#5075=EDGE_CURVE('',#4044,#4066,#494,.T.);
#5076=EDGE_CURVE('',#4045,#4069,#495,.T.);
#5077=EDGE_CURVE('',#4046,#4071,#496,.T.);
#5078=EDGE_CURVE('',#4071,#4084,#2397,.T.);
#5079=EDGE_CURVE('',#4047,#4084,#497,.T.);
#5080=EDGE_CURVE('',#4084,#4085,#498,.T.);
#5081=EDGE_CURVE('',#4048,#4085,#499,.T.);
#5082=EDGE_CURVE('',#4085,#4086,#2398,.T.);
#5083=EDGE_CURVE('',#4049,#4086,#500,.T.);
#5084=EDGE_CURVE('',#4086,#4087,#501,.T.);
#5085=EDGE_CURVE('',#4035,#4087,#502,.T.);
#5086=EDGE_CURVE('',#4087,#4080,#2399,.T.);
#5087=EDGE_CURVE('',#4088,#3945,#2400,.T.);
#5088=EDGE_CURVE('',#4063,#4088,#2401,.T.);
#5089=EDGE_CURVE('',#3944,#4089,#2402,.T.);
#5090=EDGE_CURVE('',#4088,#4089,#503,.T.);
#5091=EDGE_CURVE('',#4090,#3943,#2403,.T.);
#5092=EDGE_CURVE('',#4089,#4090,#2404,.T.);
#5093=EDGE_CURVE('',#3942,#4091,#2405,.T.);
#5094=EDGE_CURVE('',#4090,#4091,#504,.T.);
#5095=EDGE_CURVE('',#4092,#3941,#2406,.T.);
#5096=EDGE_CURVE('',#4091,#4092,#2407,.T.);
#5097=EDGE_CURVE('',#4092,#3811,#505,.T.);
#5098=EDGE_CURVE('',#4093,#4094,#506,.T.);
#5099=EDGE_CURVE('',#4093,#4083,#2408,.T.);
#5100=EDGE_CURVE('',#4094,#4082,#2409,.T.);
#5101=EDGE_CURVE('',#4094,#4095,#2410,.T.);
#5102=EDGE_CURVE('',#4095,#4081,#2411,.T.);
#5103=EDGE_CURVE('',#4095,#4096,#507,.T.);
#5104=EDGE_CURVE('',#4080,#4096,#2412,.T.);
#5105=EDGE_CURVE('',#4097,#4098,#508,.T.);
#5106=EDGE_CURVE('',#4087,#4097,#2413,.T.);
#5107=EDGE_CURVE('',#4086,#4098,#2414,.T.);
#5108=EDGE_CURVE('',#4098,#4099,#2415,.T.);
#5109=EDGE_CURVE('',#4085,#4099,#2416,.T.);
#5110=EDGE_CURVE('',#4099,#4100,#509,.T.);
#5111=EDGE_CURVE('',#4084,#4100,#2417,.T.);
#5112=EDGE_CURVE('',#4062,#4094,#510,.T.);
#5113=EDGE_CURVE('',#4093,#4063,#511,.T.);
#5114=EDGE_CURVE('',#4061,#4095,#512,.T.);
#5115=EDGE_CURVE('',#4053,#4096,#513,.T.);
#5116=EDGE_CURVE('',#4101,#4102,#33,.T.);
#5117=EDGE_CURVE('',#4102,#4097,#2418,.T.);
#5118=EDGE_CURVE('',#4054,#4097,#514,.T.);
#5119=EDGE_CURVE('',#4096,#4101,#2419,.T.);
#5120=EDGE_CURVE('',#4051,#4098,#515,.T.);
#5121=EDGE_CURVE('',#4052,#4099,#516,.T.);
#5122=EDGE_CURVE('',#4055,#4100,#517,.T.);
#5123=EDGE_CURVE('',#4103,#4104,#34,.T.);
#5124=EDGE_CURVE('',#4104,#4105,#35,.T.);
#5125=EDGE_CURVE('',#4105,#4070,#2420,.T.);
#5126=EDGE_CURVE('',#4056,#4070,#518,.T.);
#5127=EDGE_CURVE('',#4100,#4103,#2421,.T.);
#5128=EDGE_CURVE('',#3810,#4068,#519,.T.);
#5129=EDGE_CURVE('',#3810,#4056,#520,.T.);
#5130=EDGE_CURVE('',#3811,#4064,#521,.T.);
#5131=EDGE_CURVE('',#4092,#4065,#522,.T.);
#5132=EDGE_CURVE('',#4106,#4107,#36,.T.);
#5133=EDGE_CURVE('',#4107,#4078,#2422,.T.);
#5134=EDGE_CURVE('',#4091,#4078,#523,.T.);
#5135=EDGE_CURVE('',#4065,#4106,#2423,.T.);
#5136=EDGE_CURVE('',#4090,#4076,#524,.T.);
#5137=EDGE_CURVE('',#4089,#4072,#525,.T.);
#5138=EDGE_CURVE('',#4088,#4073,#526,.T.);
#5139=EDGE_CURVE('',#4108,#4109,#37,.T.);
#5140=EDGE_CURVE('',#4109,#4093,#2424,.T.);
#5141=EDGE_CURVE('',#4073,#4108,#2425,.T.);
#5142=EDGE_CURVE('',#4105,#4103,#182,.T.);
#5143=EDGE_CURVE('',#4102,#4110,#183,.T.);
#5144=EDGE_CURVE('',#4110,#4101,#184,.T.);
#5145=EDGE_CURVE('',#4107,#4111,#185,.T.);
#5146=EDGE_CURVE('',#4111,#4106,#186,.T.);
#5147=EDGE_CURVE('',#4109,#4112,#187,.T.);
#5148=EDGE_CURVE('',#4112,#4108,#188,.T.);
#5149=EDGE_CURVE('',#4113,#4113,#527,.T.);
#5150=EDGE_CURVE('',#4104,#4113,#2426,.T.);
#5151=EDGE_CURVE('',#4114,#4114,#528,.T.);
#5152=EDGE_CURVE('',#4110,#4114,#2427,.T.);
#5153=EDGE_CURVE('',#4115,#4115,#529,.T.);
#5154=EDGE_CURVE('',#4111,#4115,#2428,.T.);
#5155=EDGE_CURVE('',#4116,#4116,#530,.T.);
#5156=EDGE_CURVE('',#4112,#4116,#2429,.T.);
#5157=EDGE_CURVE('',#3933,#3846,#2430,.T.);
#5158=EDGE_CURVE('',#3847,#3934,#2431,.T.);
#5159=EDGE_CURVE('',#4117,#4118,#531,.T.);
#5160=EDGE_CURVE('',#4118,#4119,#532,.T.);
#5161=EDGE_CURVE('',#4119,#4119,#533,.T.);
#5162=EDGE_CURVE('',#4118,#4117,#534,.T.);
#5163=EDGE_CURVE('',#4117,#4120,#2432,.T.);
#5164=EDGE_CURVE('',#4120,#4120,#535,.T.);
#5165=EDGE_CURVE('',#4121,#4122,#536,.T.);
#5166=EDGE_CURVE('',#4123,#4121,#2433,.T.);
#5167=EDGE_CURVE('',#4124,#4123,#537,.T.);
#5168=EDGE_CURVE('',#4125,#4124,#538,.T.);
#5169=EDGE_CURVE('',#4126,#4125,#539,.T.);
#5170=EDGE_CURVE('',#4127,#4126,#540,.T.);
#5171=EDGE_CURVE('',#4128,#4127,#541,.T.);
#5172=EDGE_CURVE('',#4129,#4128,#2434,.T.);
#5173=EDGE_CURVE('',#4130,#4129,#542,.T.);
#5174=EDGE_CURVE('',#4131,#4130,#543,.T.);
#5175=EDGE_CURVE('',#4132,#4131,#544,.T.);
#5176=EDGE_CURVE('',#4133,#4132,#2435,.T.);
#5177=EDGE_CURVE('',#4134,#4133,#545,.T.);
#5178=EDGE_CURVE('',#4135,#4134,#546,.T.);
#5179=EDGE_CURVE('',#4136,#4135,#547,.T.);
#5180=EDGE_CURVE('',#4137,#4136,#548,.T.);
#5181=EDGE_CURVE('',#4138,#4137,#549,.T.);
#5182=EDGE_CURVE('',#4139,#4138,#2436,.T.);
#5183=EDGE_CURVE('',#4140,#4139,#550,.T.);
#5184=EDGE_CURVE('',#4122,#4140,#551,.T.);
#5185=EDGE_CURVE('',#4141,#4142,#2437,.T.);
#5186=EDGE_CURVE('',#4143,#4141,#2438,.T.);
#5187=EDGE_CURVE('',#4144,#4143,#552,.T.);
#5188=EDGE_CURVE('',#4145,#4144,#2439,.T.);
#5189=EDGE_CURVE('',#4146,#4145,#553,.T.);
#5190=EDGE_CURVE('',#4142,#4146,#2440,.T.);
#5191=EDGE_CURVE('',#4147,#4148,#2441,.T.);
#5192=EDGE_CURVE('',#4149,#4147,#2442,.T.);
#5193=EDGE_CURVE('',#4150,#4149,#554,.T.);
#5194=EDGE_CURVE('',#4151,#4150,#2443,.T.);
#5195=EDGE_CURVE('',#4152,#4151,#555,.T.);
#5196=EDGE_CURVE('',#4148,#4152,#2444,.T.);
#5197=EDGE_CURVE('',#4153,#4154,#2445,.T.);
#5198=EDGE_CURVE('',#4155,#4153,#556,.T.);
#5199=EDGE_CURVE('',#4156,#4155,#2446,.T.);
#5200=EDGE_CURVE('',#4157,#4156,#557,.T.);
#5201=EDGE_CURVE('',#4158,#4157,#2447,.T.);
#5202=EDGE_CURVE('',#4159,#4158,#558,.T.);
#5203=EDGE_CURVE('',#4160,#4159,#2448,.T.);
#5204=EDGE_CURVE('',#4154,#4160,#559,.T.);
#5205=EDGE_CURVE('',#4120,#4161,#2449,.T.);
#5206=EDGE_CURVE('',#4161,#4161,#560,.T.);
#5207=EDGE_CURVE('',#4162,#4162,#561,.T.);
#5208=EDGE_CURVE('',#4162,#4161,#562,.T.);
#5209=EDGE_CURVE('',#4163,#4163,#563,.T.);
#5210=EDGE_CURVE('',#4163,#4164,#2450,.T.);
#5211=EDGE_CURVE('',#4164,#4164,#564,.T.);
#5212=EDGE_CURVE('',#4165,#4166,#565,.T.);
#5213=EDGE_CURVE('',#4167,#4166,#2451,.T.);
#5214=EDGE_CURVE('',#4167,#4168,#566,.T.);
#5215=EDGE_CURVE('',#4169,#4168,#2452,.T.);
#5216=EDGE_CURVE('',#4169,#4170,#567,.T.);
#5217=EDGE_CURVE('',#4171,#4170,#2453,.T.);
#5218=EDGE_CURVE('',#4171,#4172,#568,.T.);
#5219=EDGE_CURVE('',#4165,#4172,#2454,.T.);
#5220=EDGE_CURVE('',#4173,#4173,#569,.T.);
#5221=EDGE_CURVE('',#4174,#4174,#570,.T.);
#5222=EDGE_CURVE('',#4175,#4175,#571,.T.);
#5223=EDGE_CURVE('',#4163,#4176,#2455,.T.);
#5224=EDGE_CURVE('',#4176,#4176,#572,.T.);
#5225=EDGE_CURVE('',#4177,#4177,#573,.T.);
#5226=EDGE_CURVE('',#4177,#4173,#2456,.T.);
#5227=EDGE_CURVE('',#4177,#4178,#2457,.T.);
#5228=EDGE_CURVE('',#4178,#4178,#574,.T.);
#5229=EDGE_CURVE('',#4179,#4179,#575,.T.);
#5230=EDGE_CURVE('',#4179,#4175,#2458,.T.);
#5231=EDGE_CURVE('',#4179,#4180,#2459,.T.);
#5232=EDGE_CURVE('',#4180,#4180,#576,.T.);
#5233=EDGE_CURVE('',#4181,#4181,#577,.T.);
#5234=EDGE_CURVE('',#4181,#4174,#2460,.T.);
#5235=EDGE_CURVE('',#4181,#4182,#2461,.T.);
#5236=EDGE_CURVE('',#4182,#4182,#578,.T.);
#5237=EDGE_CURVE('',#4168,#4153,#2462,.T.);
#5238=EDGE_CURVE('',#4154,#4169,#2463,.T.);
#5239=EDGE_CURVE('',#4167,#4155,#2464,.T.);
#5240=EDGE_CURVE('',#4166,#4156,#2465,.T.);
#5241=EDGE_CURVE('',#4165,#4157,#2466,.T.);
#5242=EDGE_CURVE('',#4172,#4158,#2467,.T.);
#5243=EDGE_CURVE('',#4171,#4159,#2468,.T.);
#5244=EDGE_CURVE('',#4170,#4160,#2469,.T.);
#5245=EDGE_CURVE('',#4031,#4033,#579,.T.);
#5246=EDGE_CURVE('',#4183,#4184,#2470,.T.);
#5247=EDGE_CURVE('',#4183,#4185,#2471,.T.);
#5248=EDGE_CURVE('',#4185,#4149,#2472,.T.);
#5249=EDGE_CURVE('',#4147,#4184,#2473,.F.);
#5250=EDGE_CURVE('',#4185,#4186,#580,.T.);
#5251=EDGE_CURVE('',#4186,#4150,#2474,.T.);
#5252=EDGE_CURVE('',#4187,#4151,#2475,.T.);
#5253=EDGE_CURVE('',#4186,#4187,#2476,.T.);
#5254=EDGE_CURVE('',#4187,#4188,#581,.T.);
#5255=EDGE_CURVE('',#4188,#4152,#2477,.T.);
#5256=EDGE_CURVE('',#4148,#4189,#2478,.T.);
#5257=EDGE_CURVE('',#4188,#4190,#2479,.T.);
#5258=EDGE_CURVE('',#4190,#4189,#2480,.F.);
#5259=EDGE_CURVE('',#4191,#4188,#2481,.T.);
#5260=EDGE_CURVE('',#4191,#4190,#2482,.T.);
#5261=EDGE_CURVE('',#4187,#4192,#2483,.T.);
#5262=EDGE_CURVE('',#4191,#4192,#189,.T.);
#5263=EDGE_CURVE('',#4193,#4186,#2484,.T.);
#5264=EDGE_CURVE('',#4193,#4192,#2485,.T.);
#5265=EDGE_CURVE('',#4185,#4194,#2486,.T.);
#5266=EDGE_CURVE('',#4193,#4194,#190,.T.);
#5267=EDGE_CURVE('',#4183,#4194,#2487,.T.);
#5268=EDGE_CURVE('',#4195,#4196,#2488,.T.);
#5269=EDGE_CURVE('',#4195,#4197,#2489,.T.);
#5270=EDGE_CURVE('',#4197,#4143,#2490,.T.);
#5271=EDGE_CURVE('',#4141,#4196,#2491,.F.);
#5272=EDGE_CURVE('',#4197,#4198,#582,.T.);
#5273=EDGE_CURVE('',#4198,#4144,#2492,.T.);
#5274=EDGE_CURVE('',#4199,#4145,#2493,.T.);
#5275=EDGE_CURVE('',#4198,#4199,#2494,.T.);
#5276=EDGE_CURVE('',#4199,#4200,#583,.T.);
#5277=EDGE_CURVE('',#4200,#4146,#2495,.T.);
#5278=EDGE_CURVE('',#4142,#4201,#2496,.T.);
#5279=EDGE_CURVE('',#4200,#4202,#2497,.T.);
#5280=EDGE_CURVE('',#4202,#4201,#2498,.F.);
#5281=EDGE_CURVE('',#4203,#4200,#2499,.T.);
#5282=EDGE_CURVE('',#4203,#4202,#2500,.T.);
#5283=EDGE_CURVE('',#4199,#4204,#2501,.T.);
#5284=EDGE_CURVE('',#4203,#4204,#191,.T.);
#5285=EDGE_CURVE('',#4205,#4198,#2502,.T.);
#5286=EDGE_CURVE('',#4205,#4204,#2503,.T.);
#5287=EDGE_CURVE('',#4197,#4206,#2504,.T.);
#5288=EDGE_CURVE('',#4205,#4206,#192,.T.);
#5289=EDGE_CURVE('',#4195,#4206,#2505,.T.);
#5290=EDGE_CURVE('',#4124,#4207,#584,.T.);
#5291=EDGE_CURVE('',#4207,#4208,#585,.T.);
#5292=EDGE_CURVE('',#4208,#4125,#586,.T.);
#5293=EDGE_CURVE('',#4123,#4209,#587,.T.);
#5294=EDGE_CURVE('',#4209,#4207,#588,.T.);
#5295=EDGE_CURVE('',#4210,#4121,#589,.T.);
#5296=EDGE_CURVE('',#4122,#4211,#590,.T.);
#5297=EDGE_CURVE('',#4211,#4210,#591,.T.);
#5298=EDGE_CURVE('',#4140,#4212,#592,.T.);
#5299=EDGE_CURVE('',#4212,#4211,#593,.T.);
#5300=EDGE_CURVE('',#4139,#4213,#594,.T.);
#5301=EDGE_CURVE('',#4213,#4212,#595,.T.);
#5302=EDGE_CURVE('',#4138,#4214,#596,.T.);
#5303=EDGE_CURVE('',#4214,#4213,#2506,.T.);
#5304=EDGE_CURVE('',#4137,#4215,#597,.T.);
#5305=EDGE_CURVE('',#4215,#4214,#598,.T.);
#5306=EDGE_CURVE('',#4136,#4216,#599,.T.);
#5307=EDGE_CURVE('',#4216,#4215,#600,.T.);
#5308=EDGE_CURVE('',#4210,#4209,#2507,.T.);
#5309=EDGE_CURVE('',#4217,#4136,#601,.T.);
#5310=EDGE_CURVE('',#4135,#4218,#602,.T.);
#5311=EDGE_CURVE('',#4218,#4217,#603,.T.);
#5312=EDGE_CURVE('',#4217,#4216,#604,.T.);
#5313=EDGE_CURVE('',#4134,#4219,#605,.T.);
#5314=EDGE_CURVE('',#4219,#4220,#606,.T.);
#5315=EDGE_CURVE('',#4220,#4135,#607,.T.);
#5316=EDGE_CURVE('',#4133,#4221,#608,.T.);
#5317=EDGE_CURVE('',#4221,#4219,#609,.T.);
#5318=EDGE_CURVE('',#4132,#4222,#610,.T.);
#5319=EDGE_CURVE('',#4222,#4221,#2508,.T.);
#5320=EDGE_CURVE('',#4131,#4223,#611,.T.);
#5321=EDGE_CURVE('',#4223,#4222,#612,.T.);
#5322=EDGE_CURVE('',#4130,#4224,#613,.T.);
#5323=EDGE_CURVE('',#4224,#4223,#614,.T.);
#5324=EDGE_CURVE('',#4129,#4225,#615,.T.);
#5325=EDGE_CURVE('',#4225,#4224,#616,.T.);
#5326=EDGE_CURVE('',#4128,#4226,#617,.T.);
#5327=EDGE_CURVE('',#4226,#4225,#2509,.T.);
#5328=EDGE_CURVE('',#4127,#4227,#618,.T.);
#5329=EDGE_CURVE('',#4227,#4226,#619,.T.);
#5330=EDGE_CURVE('',#4126,#4228,#620,.T.);
#5331=EDGE_CURVE('',#4228,#4227,#621,.T.);
#5332=EDGE_CURVE('',#4220,#4218,#622,.T.);
#5333=EDGE_CURVE('',#4229,#4126,#623,.T.);
#5334=EDGE_CURVE('',#4125,#4230,#624,.T.);
#5335=EDGE_CURVE('',#4230,#4229,#625,.T.);
#5336=EDGE_CURVE('',#4229,#4228,#626,.T.);
#5337=EDGE_CURVE('',#4208,#4230,#627,.T.);
#5338=EDGE_CURVE('',#4220,#4231,#2510,.T.);
#5339=EDGE_CURVE('',#4231,#4232,#628,.T.);
#5340=EDGE_CURVE('',#4232,#4218,#2511,.T.);
#5341=EDGE_CURVE('',#4233,#4219,#2512,.T.);
#5342=EDGE_CURVE('',#4231,#4233,#629,.T.);
#5343=EDGE_CURVE('',#4221,#4234,#2513,.T.);
#5344=EDGE_CURVE('',#4234,#4233,#630,.T.);
#5345=EDGE_CURVE('',#4235,#4222,#2514,.T.);
#5346=EDGE_CURVE('',#4234,#4235,#2515,.T.);
#5347=EDGE_CURVE('',#4223,#4236,#2516,.T.);
#5348=EDGE_CURVE('',#4236,#4235,#631,.T.);
#5349=EDGE_CURVE('',#4237,#4224,#2517,.T.);
#5350=EDGE_CURVE('',#4237,#4238,#632,.T.);
#5351=EDGE_CURVE('',#4238,#4239,#2518,.T.);
#5352=EDGE_CURVE('',#4239,#4239,#633,.T.);
#5353=EDGE_CURVE('',#4238,#4240,#634,.T.);
#5354=EDGE_CURVE('',#4211,#4240,#2519,.T.);
#5355=EDGE_CURVE('',#4241,#4212,#2520,.T.);
#5356=EDGE_CURVE('',#4241,#4236,#635,.T.);
#5357=EDGE_CURVE('',#4225,#4242,#2521,.T.);
#5358=EDGE_CURVE('',#4242,#4237,#636,.T.);
#5359=EDGE_CURVE('',#4243,#4226,#2522,.T.);
#5360=EDGE_CURVE('',#4242,#4243,#2523,.T.);
#5361=EDGE_CURVE('',#4227,#4244,#2524,.T.);
#5362=EDGE_CURVE('',#4244,#4243,#637,.T.);
#5363=EDGE_CURVE('',#4245,#4228,#2525,.T.);
#5364=EDGE_CURVE('',#4244,#4245,#638,.T.);
#5365=EDGE_CURVE('',#4229,#4246,#2526,.T.);
#5366=EDGE_CURVE('',#4246,#4245,#639,.T.);
#5367=EDGE_CURVE('',#4247,#4230,#2527,.T.);
#5368=EDGE_CURVE('',#4246,#4247,#640,.T.);
#5369=EDGE_CURVE('',#4240,#4248,#641,.T.);
#5370=EDGE_CURVE('',#4248,#4210,#2528,.T.);
#5371=EDGE_CURVE('',#4249,#4248,#2529,.T.);
#5372=EDGE_CURVE('',#4209,#4249,#2530,.T.);
#5373=EDGE_CURVE('',#4213,#4250,#2531,.T.);
#5374=EDGE_CURVE('',#4250,#4241,#642,.T.);
#5375=EDGE_CURVE('',#4208,#4251,#2532,.T.);
#5376=EDGE_CURVE('',#4251,#4247,#643,.T.);
#5377=EDGE_CURVE('',#4252,#4207,#2533,.T.);
#5378=EDGE_CURVE('',#4251,#4252,#644,.T.);
#5379=EDGE_CURVE('',#4217,#4253,#2534,.T.);
#5380=EDGE_CURVE('',#4253,#4254,#645,.T.);
#5381=EDGE_CURVE('',#4254,#4216,#2535,.T.);
#5382=EDGE_CURVE('',#4255,#4254,#646,.T.);
#5383=EDGE_CURVE('',#4215,#4255,#2536,.T.);
#5384=EDGE_CURVE('',#4250,#4256,#2537,.T.);
#5385=EDGE_CURVE('',#4255,#4256,#647,.T.);
#5386=EDGE_CURVE('',#4253,#4232,#648,.T.);
#5387=EDGE_CURVE('',#4249,#4252,#649,.T.);
#5388=EDGE_CURVE('',#4256,#4214,#2538,.T.);
#5389=EDGE_CURVE('',#4257,#4257,#650,.T.);
#5390=EDGE_CURVE('',#4257,#4258,#2539,.T.);
#5391=EDGE_CURVE('',#4258,#4258,#651,.T.);
#5392=EDGE_CURVE('',#4258,#4050,#2540,.T.);
#5393=EDGE_CURVE('',#4184,#4189,#2541,.F.);
#5394=EDGE_CURVE('',#4196,#4201,#2542,.F.);
#5395=EDGE_CURVE('',#4259,#4260,#2543,.T.);
#5396=EDGE_CURVE('',#4260,#4261,#2544,.T.);
#5397=EDGE_CURVE('',#4261,#4262,#2545,.T.);
#5398=EDGE_CURVE('',#4262,#4259,#2546,.T.);
#5399=EDGE_CURVE('',#4262,#4263,#2547,.T.);
#5400=EDGE_CURVE('',#4263,#4264,#2548,.T.);
#5401=EDGE_CURVE('',#4264,#4259,#2549,.T.);
#5402=EDGE_CURVE('',#4265,#4263,#2550,.T.);
#5403=EDGE_CURVE('',#4265,#4266,#2551,.T.);
#5404=EDGE_CURVE('',#4267,#4266,#2552,.T.);
#5405=EDGE_CURVE('',#4268,#4267,#2553,.T.);
#5406=EDGE_CURVE('',#4268,#4269,#2554,.T.);
#5407=EDGE_CURVE('',#4264,#4269,#2555,.T.);
#5408=EDGE_CURVE('',#4261,#4270,#2556,.T.);
#5409=EDGE_CURVE('',#4270,#4271,#2557,.T.);
#5410=EDGE_CURVE('',#4271,#4272,#2558,.T.);
#5411=EDGE_CURVE('',#4272,#4273,#2559,.T.);
#5412=EDGE_CURVE('',#4273,#4274,#2560,.T.);
#5413=EDGE_CURVE('',#4274,#4275,#2561,.T.);
#5414=EDGE_CURVE('',#4275,#4276,#2562,.T.);
#5415=EDGE_CURVE('',#4276,#4277,#2563,.T.);
#5416=EDGE_CURVE('',#4277,#4278,#2564,.T.);
#5417=EDGE_CURVE('',#4278,#4279,#2565,.T.);
#5418=EDGE_CURVE('',#4279,#4280,#2566,.T.);
#5419=EDGE_CURVE('',#4280,#4281,#652,.T.);
#5420=EDGE_CURVE('',#4281,#4282,#2567,.T.);
#5421=EDGE_CURVE('',#4282,#4283,#653,.T.);
#5422=EDGE_CURVE('',#4283,#4284,#2568,.T.);
#5423=EDGE_CURVE('',#4284,#4285,#654,.T.);
#5424=EDGE_CURVE('',#4285,#4286,#2569,.T.);
#5425=EDGE_CURVE('',#4286,#4287,#655,.T.);
#5426=EDGE_CURVE('',#4287,#4288,#2570,.T.);
#5427=EDGE_CURVE('',#4288,#4289,#656,.T.);
#5428=EDGE_CURVE('',#4289,#4290,#2571,.T.);
#5429=EDGE_CURVE('',#4290,#4291,#657,.T.);
#5430=EDGE_CURVE('',#4291,#4292,#2572,.T.);
#5431=EDGE_CURVE('',#4292,#4293,#658,.T.);
#5432=EDGE_CURVE('',#4293,#4294,#2573,.T.);
#5433=EDGE_CURVE('',#4294,#4295,#659,.T.);
#5434=EDGE_CURVE('',#4295,#4296,#2574,.T.);
#5435=EDGE_CURVE('',#4296,#4297,#2575,.T.);
#5436=EDGE_CURVE('',#4297,#4298,#2576,.T.);
#5437=EDGE_CURVE('',#4298,#4299,#2577,.T.);
#5438=EDGE_CURVE('',#4299,#4300,#2578,.T.);
#5439=EDGE_CURVE('',#4300,#4301,#2579,.T.);
#5440=EDGE_CURVE('',#4301,#4302,#2580,.T.);
#5441=EDGE_CURVE('',#4302,#4303,#2581,.T.);
#5442=EDGE_CURVE('',#4303,#4304,#2582,.T.);
#5443=EDGE_CURVE('',#4304,#4305,#2583,.T.);
#5444=EDGE_CURVE('',#4306,#4305,#2584,.T.);
#5445=EDGE_CURVE('',#4307,#4306,#2585,.T.);
#5446=EDGE_CURVE('',#4307,#4308,#2586,.T.);
#5447=EDGE_CURVE('',#4308,#4265,#2587,.T.);
#5448=EDGE_CURVE('',#4309,#4309,#660,.T.);
#5449=EDGE_CURVE('',#4310,#4310,#661,.T.);
#5450=EDGE_CURVE('',#4311,#4311,#662,.T.);
#5451=EDGE_CURVE('',#4312,#4312,#663,.T.);
#5452=EDGE_CURVE('',#4313,#4314,#2588,.T.);
#5453=EDGE_CURVE('',#4314,#4307,#2589,.T.);
#5454=EDGE_CURVE('',#4306,#4313,#2590,.T.);
#5455=EDGE_CURVE('',#4305,#4315,#2591,.T.);
#5456=EDGE_CURVE('',#4315,#4313,#2592,.T.);
#5457=EDGE_CURVE('',#4316,#4304,#2593,.T.);
#5458=EDGE_CURVE('',#4316,#4317,#2594,.T.);
#5459=EDGE_CURVE('',#4317,#4318,#2595,.T.);
#5460=EDGE_CURVE('',#4318,#4319,#2596,.T.);
#5461=EDGE_CURVE('',#4320,#4319,#2597,.T.);
#5462=EDGE_CURVE('',#4315,#4320,#2598,.T.);
#5463=EDGE_CURVE('',#4321,#4322,#2599,.T.);
#5464=EDGE_CURVE('',#4322,#4323,#2600,.T.);
#5465=EDGE_CURVE('',#4323,#4324,#2601,.T.);
#5466=EDGE_CURVE('',#4324,#4321,#2602,.T.);
#5467=EDGE_CURVE('',#4324,#4279,#2603,.T.);
#5468=EDGE_CURVE('',#4321,#4278,#2604,.T.);
#5469=EDGE_CURVE('',#4325,#4326,#2605,.F.);
#5470=EDGE_CURVE('',#4325,#4327,#2606,.T.);
#5471=EDGE_CURVE('',#4327,#4328,#2607,.T.);
#5472=EDGE_CURVE('',#4328,#4326,#2608,.T.);
#5473=EDGE_CURVE('',#4325,#4297,#2609,.T.);
#5474=EDGE_CURVE('',#4327,#4296,#2610,.T.);
#5475=EDGE_CURVE('',#4329,#4330,#664,.T.);
#5476=EDGE_CURVE('',#4330,#4331,#2611,.T.);
#5477=EDGE_CURVE('',#4331,#4332,#665,.T.);
#5478=EDGE_CURVE('',#4332,#4329,#2612,.T.);
#5479=EDGE_CURVE('',#4333,#4334,#666,.T.);
#5480=EDGE_CURVE('',#4334,#4332,#667,.T.);
#5481=EDGE_CURVE('',#4331,#4333,#668,.T.);
#5482=EDGE_CURVE('',#4335,#4336,#669,.T.);
#5483=EDGE_CURVE('',#4336,#4334,#2613,.T.);
#5484=EDGE_CURVE('',#4333,#4335,#2614,.T.);
#5485=EDGE_CURVE('',#4337,#4338,#670,.T.);
#5486=EDGE_CURVE('',#4338,#4336,#671,.T.);
#5487=EDGE_CURVE('',#4335,#4337,#672,.T.);
#5488=EDGE_CURVE('',#4339,#4340,#673,.T.);
#5489=EDGE_CURVE('',#4340,#4338,#2615,.T.);
#5490=EDGE_CURVE('',#4337,#4339,#2616,.T.);
#5491=EDGE_CURVE('',#4341,#4342,#674,.T.);
#5492=EDGE_CURVE('',#4342,#4340,#675,.T.);
#5493=EDGE_CURVE('',#4339,#4341,#676,.T.);
#5494=EDGE_CURVE('',#4343,#4344,#677,.T.);
#5495=EDGE_CURVE('',#4344,#4342,#2617,.T.);
#5496=EDGE_CURVE('',#4341,#4343,#2618,.T.);
#5497=EDGE_CURVE('',#4329,#4344,#678,.T.);
#5498=EDGE_CURVE('',#4343,#4330,#679,.T.);
#5499=EDGE_CURVE('',#4342,#4345,#2619,.T.);
#5500=EDGE_CURVE('',#4345,#4346,#680,.T.);
#5501=EDGE_CURVE('',#4340,#4346,#2620,.T.);
#5502=EDGE_CURVE('',#4347,#4344,#2621,.T.);
#5503=EDGE_CURVE('',#4347,#4345,#2622,.T.);
#5504=EDGE_CURVE('',#4329,#4348,#2623,.T.);
#5505=EDGE_CURVE('',#4348,#4347,#681,.T.);
#5506=EDGE_CURVE('',#4332,#4349,#2624,.T.);
#5507=EDGE_CURVE('',#4349,#4348,#2625,.T.);
#5508=EDGE_CURVE('',#4350,#4291,#2626,.T.);
#5509=EDGE_CURVE('',#4351,#4350,#2627,.T.);
#5510=EDGE_CURVE('',#4292,#4351,#2628,.T.);
#5511=EDGE_CURVE('',#4352,#4353,#2629,.T.);
#5512=EDGE_CURVE('',#4354,#4352,#682,.T.);
#5513=EDGE_CURVE('',#4355,#4354,#2630,.T.);
#5514=EDGE_CURVE('',#4356,#4355,#683,.T.);
#5515=EDGE_CURVE('',#4357,#4356,#2631,.T.);
#5516=EDGE_CURVE('',#4358,#4357,#684,.T.);
#5517=EDGE_CURVE('',#4359,#4358,#2632,.T.);
#5518=EDGE_CURVE('',#4353,#4359,#685,.T.);
#5519=EDGE_CURVE('',#4360,#4361,#38,.T.);
#5520=EDGE_CURVE('',#4362,#4360,#686,.T.);
#5521=EDGE_CURVE('',#4363,#4362,#2633,.T.);
#5522=EDGE_CURVE('',#4363,#4364,#687,.T.);
#5523=EDGE_CURVE('',#4365,#4364,#39,.T.);
#5524=EDGE_CURVE('',#4361,#4365,#2634,.T.);
#5525=EDGE_CURVE('',#4366,#4367,#40,.T.);
#5526=EDGE_CURVE('',#4368,#4366,#2635,.T.);
#5527=EDGE_CURVE('',#4369,#4368,#41,.T.);
#5528=EDGE_CURVE('',#4369,#4370,#688,.T.);
#5529=EDGE_CURVE('',#4371,#4370,#2636,.T.);
#5530=EDGE_CURVE('',#4367,#4371,#689,.T.);
#5531=EDGE_CURVE('',#4367,#4372,#42,.T.);
#5532=EDGE_CURVE('',#4372,#4373,#690,.T.);
#5533=EDGE_CURVE('',#4373,#4374,#691,.T.);
#5534=EDGE_CURVE('',#4366,#4374,#692,.T.);
#5535=EDGE_CURVE('',#4365,#4375,#693,.T.);
#5536=EDGE_CURVE('',#4375,#4376,#2637,.T.);
#5537=EDGE_CURVE('',#4361,#4376,#694,.T.);
#5538=EDGE_CURVE('',#4364,#4377,#43,.T.);
#5539=EDGE_CURVE('',#4377,#4378,#695,.T.);
#5540=EDGE_CURVE('',#4378,#4375,#696,.T.);
#5541=EDGE_CURVE('',#4362,#4371,#2638,.T.);
#5542=EDGE_CURVE('',#4379,#4360,#44,.T.);
#5543=EDGE_CURVE('',#4372,#4379,#2639,.T.);
#5544=EDGE_CURVE('',#4303,#4380,#2640,.T.);
#5545=EDGE_CURVE('',#4302,#4381,#2641,.T.);
#5546=EDGE_CURVE('',#4381,#4382,#2642,.T.);
#5547=EDGE_CURVE('',#4382,#4383,#2643,.T.);
#5548=EDGE_CURVE('',#4383,#4384,#2644,.T.);
#5549=EDGE_CURVE('',#4385,#4384,#2645,.T.);
#5550=EDGE_CURVE('',#4385,#4380,#2646,.T.);
#5551=EDGE_CURVE('',#4386,#4387,#697,.T.);
#5552=EDGE_CURVE('',#4388,#4386,#2647,.T.);
#5553=EDGE_CURVE('',#4389,#4388,#698,.T.);
#5554=EDGE_CURVE('',#4390,#4389,#2648,.T.);
#5555=EDGE_CURVE('',#4391,#4390,#699,.T.);
#5556=EDGE_CURVE('',#4392,#4391,#2649,.T.);
#5557=EDGE_CURVE('',#4393,#4392,#700,.T.);
#5558=EDGE_CURVE('',#4387,#4393,#2650,.T.);
#5559=EDGE_CURVE('',#4370,#4363,#2651,.T.);
#5560=EDGE_CURVE('',#4368,#4394,#701,.T.);
#5561=EDGE_CURVE('',#4394,#4395,#702,.T.);
#5562=EDGE_CURVE('',#4395,#4396,#703,.T.);
#5563=EDGE_CURVE('',#4396,#4369,#45,.T.);
#5564=EDGE_CURVE('',#4374,#4394,#2652,.T.);
#5565=EDGE_CURVE('',#4379,#4397,#704,.T.);
#5566=EDGE_CURVE('',#4397,#4373,#2653,.T.);
#5567=EDGE_CURVE('',#4376,#4397,#705,.T.);
#5568=EDGE_CURVE('',#4377,#4396,#2654,.T.);
#5569=EDGE_CURVE('',#4395,#4378,#2655,.T.);
#5570=EDGE_CURVE('',#4398,#4375,#2656,.T.);
#5571=EDGE_CURVE('',#4399,#4398,#2657,.T.);
#5572=EDGE_CURVE('',#4399,#4376,#2658,.T.);
#5573=EDGE_CURVE('',#4378,#4400,#2659,.T.);
#5574=EDGE_CURVE('',#4398,#4400,#706,.T.);
#5575=EDGE_CURVE('',#4395,#4401,#2660,.T.);
#5576=EDGE_CURVE('',#4400,#4401,#2661,.T.);
#5577=EDGE_CURVE('',#4394,#4402,#2662,.T.);
#5578=EDGE_CURVE('',#4401,#4402,#707,.T.);
#5579=EDGE_CURVE('',#4403,#4352,#708,.T.);
#5580=EDGE_CURVE('',#4353,#4404,#709,.T.);
#5581=EDGE_CURVE('',#4404,#4403,#2663,.T.);
#5582=EDGE_CURVE('',#4359,#4405,#710,.T.);
#5583=EDGE_CURVE('',#4405,#4404,#711,.T.);
#5584=EDGE_CURVE('',#4358,#4402,#712,.T.);
#5585=EDGE_CURVE('',#4402,#4405,#2664,.T.);
#5586=EDGE_CURVE('',#4357,#4401,#713,.T.);
#5587=EDGE_CURVE('',#4356,#4400,#714,.T.);
#5588=EDGE_CURVE('',#4355,#4398,#715,.T.);
#5589=EDGE_CURVE('',#4354,#4399,#716,.T.);
#5590=EDGE_CURVE('',#4403,#4399,#717,.T.);
#5591=EDGE_CURVE('',#4403,#4397,#2665,.T.);
#5592=EDGE_CURVE('',#4404,#4373,#2666,.T.);
#5593=EDGE_CURVE('',#4374,#4405,#2667,.T.);
#5594=EDGE_CURVE('',#4387,#4406,#2668,.T.);
#5595=EDGE_CURVE('',#4406,#4407,#718,.T.);
#5596=EDGE_CURVE('',#4407,#4386,#2669,.T.);
#5597=EDGE_CURVE('',#4393,#4408,#2670,.T.);
#5598=EDGE_CURVE('',#4408,#4406,#2671,.T.);
#5599=EDGE_CURVE('',#4392,#4409,#2672,.T.);
#5600=EDGE_CURVE('',#4409,#4408,#719,.T.);
#5601=EDGE_CURVE('',#4391,#4410,#2673,.T.);
#5602=EDGE_CURVE('',#4410,#4409,#2674,.T.);
#5603=EDGE_CURVE('',#4390,#4411,#2675,.T.);
#5604=EDGE_CURVE('',#4411,#4410,#720,.T.);
#5605=EDGE_CURVE('',#4389,#4412,#2676,.T.);
#5606=EDGE_CURVE('',#4412,#4411,#2677,.T.);
#5607=EDGE_CURVE('',#4388,#4413,#2678,.T.);
#5608=EDGE_CURVE('',#4413,#4412,#721,.T.);
#5609=EDGE_CURVE('',#4407,#4413,#2679,.T.);
#5610=EDGE_CURVE('',#4414,#4412,#2680,.T.);
#5611=EDGE_CURVE('',#4415,#4414,#2681,.T.);
#5612=EDGE_CURVE('',#4411,#4415,#2682,.T.);
#5613=EDGE_CURVE('',#4413,#4349,#2683,.T.);
#5614=EDGE_CURVE('',#4414,#4349,#722,.T.);
#5615=EDGE_CURVE('',#4348,#4407,#2684,.T.);
#5616=EDGE_CURVE('',#4406,#4347,#2685,.T.);
#5617=EDGE_CURVE('',#4416,#4417,#723,.T.);
#5618=EDGE_CURVE('',#4417,#4418,#2686,.T.);
#5619=EDGE_CURVE('',#4418,#4419,#724,.T.);
#5620=EDGE_CURVE('',#4419,#4416,#2687,.T.);
#5621=EDGE_CURVE('',#4420,#4421,#725,.T.);
#5622=EDGE_CURVE('',#4421,#4419,#726,.T.);
#5623=EDGE_CURVE('',#4418,#4420,#727,.T.);
#5624=EDGE_CURVE('',#4422,#4423,#728,.T.);
#5625=EDGE_CURVE('',#4423,#4421,#2688,.T.);
#5626=EDGE_CURVE('',#4420,#4422,#2689,.T.);
#5627=EDGE_CURVE('',#4424,#4425,#729,.T.);
#5628=EDGE_CURVE('',#4425,#4423,#730,.T.);
#5629=EDGE_CURVE('',#4422,#4424,#731,.T.);
#5630=EDGE_CURVE('',#4426,#4427,#732,.T.);
#5631=EDGE_CURVE('',#4427,#4425,#2690,.T.);
#5632=EDGE_CURVE('',#4424,#4426,#2691,.T.);
#5633=EDGE_CURVE('',#4428,#4429,#733,.T.);
#5634=EDGE_CURVE('',#4429,#4427,#734,.T.);
#5635=EDGE_CURVE('',#4426,#4428,#735,.T.);
#5636=EDGE_CURVE('',#4430,#4431,#736,.T.);
#5637=EDGE_CURVE('',#4431,#4429,#2692,.T.);
#5638=EDGE_CURVE('',#4428,#4430,#2693,.T.);
#5639=EDGE_CURVE('',#4416,#4431,#737,.T.);
#5640=EDGE_CURVE('',#4430,#4417,#738,.T.);
#5641=EDGE_CURVE('',#4432,#4429,#2694,.T.);
#5642=EDGE_CURVE('',#4432,#4433,#739,.T.);
#5643=EDGE_CURVE('',#4433,#4427,#2695,.T.);
#5644=EDGE_CURVE('',#4431,#4434,#2696,.T.);
#5645=EDGE_CURVE('',#4434,#4432,#2697,.T.);
#5646=EDGE_CURVE('',#4435,#4416,#2698,.T.);
#5647=EDGE_CURVE('',#4435,#4434,#740,.T.);
#5648=EDGE_CURVE('',#4436,#4419,#2699,.T.);
#5649=EDGE_CURVE('',#4436,#4435,#2700,.T.);
#5650=EDGE_CURVE('',#4284,#4437,#2701,.T.);
#5651=EDGE_CURVE('',#4438,#4283,#2702,.T.);
#5652=EDGE_CURVE('',#4437,#4438,#2703,.T.);
#5653=EDGE_CURVE('',#4433,#4439,#2704,.T.);
#5654=EDGE_CURVE('',#4439,#4425,#2705,.T.);
#5655=EDGE_CURVE('',#4439,#4440,#741,.T.);
#5656=EDGE_CURVE('',#4440,#4423,#2706,.T.);
#5657=EDGE_CURVE('',#4440,#4441,#2707,.T.);
#5658=EDGE_CURVE('',#4441,#4421,#2708,.T.);
#5659=EDGE_CURVE('',#4441,#4436,#742,.T.);
#5660=EDGE_CURVE('',#4439,#4442,#2709,.T.);
#5661=EDGE_CURVE('',#4442,#4443,#743,.T.);
#5662=EDGE_CURVE('',#4443,#4440,#2710,.T.);
#5663=EDGE_CURVE('',#4444,#4433,#2711,.T.);
#5664=EDGE_CURVE('',#4442,#4444,#2712,.T.);
#5665=EDGE_CURVE('',#4432,#4445,#2713,.T.);
#5666=EDGE_CURVE('',#4445,#4444,#744,.T.);
#5667=EDGE_CURVE('',#4446,#4434,#2714,.T.);
#5668=EDGE_CURVE('',#4445,#4446,#2715,.T.);
#5669=EDGE_CURVE('',#4441,#4447,#2716,.T.);
#5670=EDGE_CURVE('',#4447,#4448,#745,.T.);
#5671=EDGE_CURVE('',#4448,#4436,#2717,.T.);
#5672=EDGE_CURVE('',#4447,#4443,#2718,.T.);
#5673=EDGE_CURVE('',#4435,#4449,#2719,.T.);
#5674=EDGE_CURVE('',#4449,#4446,#746,.T.);
#5675=EDGE_CURVE('',#4449,#4448,#2720,.T.);
#5676=EDGE_CURVE('',#4450,#4451,#2721,.T.);
#5677=EDGE_CURVE('',#4450,#4272,#2722,.T.);
#5678=EDGE_CURVE('',#4271,#4451,#2723,.T.);
#5679=EDGE_CURVE('',#4450,#4452,#2724,.T.);
#5680=EDGE_CURVE('',#4273,#4452,#2725,.T.);
#5681=EDGE_CURVE('',#4316,#4380,#2726,.T.);
#5682=EDGE_CURVE('',#4334,#4414,#2727,.T.);
#5683=EDGE_CURVE('',#4336,#4415,#2728,.T.);
#5684=EDGE_CURVE('',#4338,#4453,#2729,.T.);
#5685=EDGE_CURVE('',#4453,#4415,#747,.T.);
#5686=EDGE_CURVE('',#4346,#4453,#2730,.T.);
#5687=EDGE_CURVE('',#4453,#4410,#2731,.T.);
#5688=EDGE_CURVE('',#4409,#4346,#2732,.T.);
#5689=EDGE_CURVE('',#4345,#4408,#2733,.T.);
#5690=EDGE_CURVE('',#4280,#4454,#2734,.T.);
#5691=EDGE_CURVE('',#4323,#4328,#2735,.T.);
#5692=EDGE_CURVE('',#4455,#4295,#2736,.T.);
#5693=EDGE_CURVE('',#4454,#4455,#2737,.T.);
#5694=EDGE_CURVE('',#4456,#4457,#748,.F.);
#5695=EDGE_CURVE('',#4458,#4456,#749,.F.);
#5696=EDGE_CURVE('',#4457,#4458,#750,.F.);
#5697=EDGE_CURVE('',#4459,#4460,#751,.T.);
#5698=EDGE_CURVE('',#4460,#4458,#2738,.T.);
#5699=EDGE_CURVE('',#4456,#4459,#2739,.T.);
#5700=EDGE_CURVE('',#4461,#4462,#752,.F.);
#5701=EDGE_CURVE('',#4463,#4461,#753,.F.);
#5702=EDGE_CURVE('',#4462,#4463,#754,.F.);
#5703=EDGE_CURVE('',#4464,#4465,#755,.T.);
#5704=EDGE_CURVE('',#4465,#4463,#2740,.T.);
#5705=EDGE_CURVE('',#4461,#4464,#2741,.T.);
#5706=EDGE_CURVE('',#4466,#4467,#756,.T.);
#5707=EDGE_CURVE('',#4467,#4462,#2742,.T.);
#5708=EDGE_CURVE('',#4463,#4466,#2743,.T.);
#5709=EDGE_CURVE('',#4458,#4461,#2744,.T.);
#5710=EDGE_CURVE('',#4462,#4457,#2745,.T.);
#5711=EDGE_CURVE('',#4468,#4469,#757,.T.);
#5712=EDGE_CURVE('',#4469,#4456,#2746,.T.);
#5713=EDGE_CURVE('',#4457,#4468,#2747,.T.);
#5714=EDGE_CURVE('',#4464,#4460,#2748,.T.);
#5715=EDGE_CURVE('',#4470,#4469,#2749,.T.);
#5716=EDGE_CURVE('',#4459,#4470,#2750,.T.);
#5717=EDGE_CURVE('',#4471,#4472,#2751,.T.);
#5718=EDGE_CURVE('',#4472,#4473,#2752,.T.);
#5719=EDGE_CURVE('',#4473,#4474,#2753,.T.);
#5720=EDGE_CURVE('',#4474,#4471,#2754,.T.);
#5721=EDGE_CURVE('',#4475,#4476,#2755,.T.);
#5722=EDGE_CURVE('',#4476,#4472,#758,.T.);
#5723=EDGE_CURVE('',#4471,#4475,#759,.T.);
#5724=EDGE_CURVE('',#4477,#4478,#2756,.T.);
#5725=EDGE_CURVE('',#4478,#4476,#2757,.T.);
#5726=EDGE_CURVE('',#4475,#4477,#2758,.T.);
#5727=EDGE_CURVE('',#4479,#4480,#2759,.T.);
#5728=EDGE_CURVE('',#4480,#4478,#760,.T.);
#5729=EDGE_CURVE('',#4477,#4479,#761,.T.);
#5730=EDGE_CURVE('',#4481,#4482,#2760,.T.);
#5731=EDGE_CURVE('',#4482,#4480,#2761,.T.);
#5732=EDGE_CURVE('',#4479,#4481,#2762,.T.);
#5733=EDGE_CURVE('',#4483,#4484,#2763,.T.);
#5734=EDGE_CURVE('',#4484,#4482,#762,.T.);
#5735=EDGE_CURVE('',#4481,#4483,#763,.T.);
#5736=EDGE_CURVE('',#4485,#4486,#2764,.T.);
#5737=EDGE_CURVE('',#4486,#4484,#2765,.T.);
#5738=EDGE_CURVE('',#4483,#4485,#2766,.T.);
#5739=EDGE_CURVE('',#4473,#4486,#764,.T.);
#5740=EDGE_CURVE('',#4485,#4474,#765,.T.);
#5741=EDGE_CURVE('',#4487,#4488,#766,.T.);
#5742=EDGE_CURVE('',#4489,#4487,#2767,.T.);
#5743=EDGE_CURVE('',#4490,#4489,#767,.T.);
#5744=EDGE_CURVE('',#4491,#4490,#2768,.T.);
#5745=EDGE_CURVE('',#4492,#4491,#768,.T.);
#5746=EDGE_CURVE('',#4493,#4492,#2769,.T.);
#5747=EDGE_CURVE('',#4494,#4493,#769,.T.);
#5748=EDGE_CURVE('',#4495,#4494,#2770,.T.);
#5749=EDGE_CURVE('',#4496,#4495,#770,.T.);
#5750=EDGE_CURVE('',#4497,#4496,#2771,.T.);
#5751=EDGE_CURVE('',#4498,#4497,#771,.T.);
#5752=EDGE_CURVE('',#4499,#4498,#2772,.T.);
#5753=EDGE_CURVE('',#4500,#4499,#772,.T.);
#5754=EDGE_CURVE('',#4501,#4500,#2773,.T.);
#5755=EDGE_CURVE('',#4502,#4501,#773,.T.);
#5756=EDGE_CURVE('',#4488,#4502,#2774,.T.);
#5757=EDGE_CURVE('',#4503,#4266,#774,.T.);
#5758=EDGE_CURVE('',#4503,#4504,#2775,.T.);
#5759=EDGE_CURVE('',#4504,#4267,#775,.T.);
#5760=EDGE_CURVE('',#4308,#4505,#2776,.T.);
#5761=EDGE_CURVE('',#4505,#4506,#776,.T.);
#5762=EDGE_CURVE('',#4506,#4503,#2777,.T.);
#5763=EDGE_CURVE('',#4505,#4507,#2778,.T.);
#5764=EDGE_CURVE('',#4507,#4508,#777,.T.);
#5765=EDGE_CURVE('',#4508,#4506,#2779,.T.);
#5766=EDGE_CURVE('',#4314,#4509,#2780,.T.);
#5767=EDGE_CURVE('',#4509,#4510,#2781,.T.);
#5768=EDGE_CURVE('',#4510,#4507,#2782,.T.);
#5769=EDGE_CURVE('',#4312,#4511,#2783,.T.);
#5770=EDGE_CURVE('',#4511,#4511,#778,.T.);
#5771=EDGE_CURVE('',#4309,#4512,#2784,.T.);
#5772=EDGE_CURVE('',#4512,#4512,#779,.T.);
#5773=EDGE_CURVE('',#4311,#4513,#2785,.T.);
#5774=EDGE_CURVE('',#4513,#4513,#780,.T.);
#5775=EDGE_CURVE('',#4310,#4514,#2786,.T.);
#5776=EDGE_CURVE('',#4514,#4514,#781,.T.);
#5777=EDGE_CURVE('',#4515,#4385,#2787,.T.);
#5778=EDGE_CURVE('',#4384,#4516,#2788,.T.);
#5779=EDGE_CURVE('',#4515,#4516,#2789,.T.);
#5780=EDGE_CURVE('',#4382,#4517,#2790,.T.);
#5781=EDGE_CURVE('',#4518,#4517,#2791,.T.);
#5782=EDGE_CURVE('',#4518,#4383,#2792,.T.);
#5783=EDGE_CURVE('',#4516,#4518,#2793,.T.);
#5784=EDGE_CURVE('',#4322,#4326,#2794,.T.);
#5785=EDGE_CURVE('',#4519,#4520,#2795,.T.);
#5786=EDGE_CURVE('',#4519,#4521,#2796,.T.);
#5787=EDGE_CURVE('',#4521,#4522,#2797,.T.);
#5788=EDGE_CURVE('',#4520,#4522,#2798,.T.);
#5789=EDGE_CURVE('',#4520,#4523,#2799,.T.);
#5790=EDGE_CURVE('',#4522,#4467,#2800,.T.);
#5791=EDGE_CURVE('',#4523,#4466,#2801,.T.);
#5792=EDGE_CURVE('',#4523,#4465,#2802,.T.);
#5793=EDGE_CURVE('',#4470,#4524,#2803,.T.);
#5794=EDGE_CURVE('',#4468,#4525,#2804,.T.);
#5795=EDGE_CURVE('',#4524,#4525,#2805,.T.);
#5796=EDGE_CURVE('',#4320,#4510,#2806,.T.);
#5797=EDGE_CURVE('',#4319,#4508,#2807,.T.);
#5798=EDGE_CURVE('',#4504,#4521,#2808,.T.);
#5799=EDGE_CURVE('',#4525,#4318,#2809,.T.);
#5800=EDGE_CURVE('',#4515,#4317,#2810,.T.);
#5801=EDGE_CURVE('',#4526,#4509,#2811,.T.);
#5802=EDGE_CURVE('',#4320,#4526,#2812,.T.);
#5803=EDGE_CURVE('',#4268,#4527,#2813,.T.);
#5804=EDGE_CURVE('',#4528,#4527,#2814,.T.);
#5805=EDGE_CURVE('',#4269,#4528,#2815,.T.);
#5806=EDGE_CURVE('',#4519,#4451,#2816,.T.);
#5807=EDGE_CURVE('',#4524,#4517,#2817,.T.);
#5808=EDGE_CURVE('',#4529,#4381,#2818,.T.);
#5809=EDGE_CURVE('',#4530,#4529,#2819,.T.);
#5810=EDGE_CURVE('',#4531,#4530,#2820,.T.);
#5811=EDGE_CURVE('',#4532,#4531,#2821,.T.);
#5812=EDGE_CURVE('',#4533,#4532,#2822,.T.);
#5813=EDGE_CURVE('',#4534,#4533,#2823,.T.);
#5814=EDGE_CURVE('',#4535,#4534,#2824,.T.);
#5815=EDGE_CURVE('',#4536,#4535,#2825,.T.);
#5816=EDGE_CURVE('',#4537,#4536,#2826,.T.);
#5817=EDGE_CURVE('',#4538,#4537,#2827,.T.);
#5818=EDGE_CURVE('',#4452,#4538,#2828,.T.);
#5819=EDGE_CURVE('',#4301,#4529,#2829,.T.);
#5820=EDGE_CURVE('',#4300,#4530,#2830,.T.);
#5821=EDGE_CURVE('',#4299,#4531,#2831,.T.);
#5822=EDGE_CURVE('',#4298,#4532,#2832,.T.);
#5823=EDGE_CURVE('',#4325,#4533,#2833,.T.);
#5824=EDGE_CURVE('',#4321,#4534,#2834,.T.);
#5825=EDGE_CURVE('',#4277,#4535,#2835,.T.);
#5826=EDGE_CURVE('',#4276,#4536,#2836,.T.);
#5827=EDGE_CURVE('',#4275,#4537,#2837,.T.);
#5828=EDGE_CURVE('',#4274,#4538,#2838,.T.);
#5829=EDGE_CURVE('',#4270,#4519,#2839,.T.);
#5830=EDGE_CURVE('',#4260,#4527,#2840,.T.);
#5831=EDGE_CURVE('',#4259,#4528,#2841,.T.);
#5832=EDGE_CURVE('',#4313,#4526,#2842,.T.);
#5833=EDGE_CURVE('',#4539,#4540,#782,.T.);
#5834=EDGE_CURVE('',#4540,#4437,#783,.T.);
#5835=EDGE_CURVE('',#4437,#4541,#784,.T.);
#5836=EDGE_CURVE('',#4541,#4539,#785,.T.);
#5837=EDGE_CURVE('',#4438,#4542,#786,.T.);
#5838=EDGE_CURVE('',#4542,#4541,#2843,.T.);
#5839=EDGE_CURVE('',#4438,#4543,#787,.T.);
#5840=EDGE_CURVE('',#4543,#4544,#788,.T.);
#5841=EDGE_CURVE('',#4544,#4542,#789,.T.);
#5842=EDGE_CURVE('',#4543,#4545,#2844,.T.);
#5843=EDGE_CURVE('',#4545,#4546,#790,.T.);
#5844=EDGE_CURVE('',#4546,#4544,#2845,.T.);
#5845=EDGE_CURVE('',#4545,#4454,#791,.T.);
#5846=EDGE_CURVE('',#4454,#4547,#792,.T.);
#5847=EDGE_CURVE('',#4547,#4546,#793,.T.);
#5848=EDGE_CURVE('',#4455,#4548,#794,.T.);
#5849=EDGE_CURVE('',#4548,#4547,#2846,.T.);
#5850=EDGE_CURVE('',#4455,#4549,#795,.T.);
#5851=EDGE_CURVE('',#4549,#4550,#796,.T.);
#5852=EDGE_CURVE('',#4550,#4548,#797,.T.);
#5853=EDGE_CURVE('',#4549,#4551,#2847,.T.);
#5854=EDGE_CURVE('',#4551,#4552,#798,.T.);
#5855=EDGE_CURVE('',#4552,#4550,#2848,.T.);
#5856=EDGE_CURVE('',#4551,#4351,#799,.T.);
#5857=EDGE_CURVE('',#4351,#4553,#800,.T.);
#5858=EDGE_CURVE('',#4553,#4552,#801,.T.);
#5859=EDGE_CURVE('',#4350,#4554,#802,.T.);
#5860=EDGE_CURVE('',#4554,#4553,#2849,.T.);
#5861=EDGE_CURVE('',#4350,#4555,#803,.T.);
#5862=EDGE_CURVE('',#4555,#4556,#804,.T.);
#5863=EDGE_CURVE('',#4556,#4554,#805,.T.);
#5864=EDGE_CURVE('',#4555,#4557,#2850,.T.);
#5865=EDGE_CURVE('',#4557,#4558,#806,.T.);
#5866=EDGE_CURVE('',#4558,#4556,#2851,.T.);
#5867=EDGE_CURVE('',#4557,#4559,#807,.T.);
#5868=EDGE_CURVE('',#4559,#4560,#808,.T.);
#5869=EDGE_CURVE('',#4560,#4558,#809,.T.);
#5870=EDGE_CURVE('',#4559,#4561,#2852,.T.);
#5871=EDGE_CURVE('',#4561,#4562,#810,.T.);
#5872=EDGE_CURVE('',#4562,#4560,#2853,.T.);
#5873=EDGE_CURVE('',#4561,#4563,#811,.T.);
#5874=EDGE_CURVE('',#4563,#4564,#812,.T.);
#5875=EDGE_CURVE('',#4564,#4562,#813,.T.);
#5876=EDGE_CURVE('',#4563,#4540,#2854,.T.);
#5877=EDGE_CURVE('',#4539,#4564,#2855,.T.);
#5878=EDGE_CURVE('',#4565,#4554,#2856,.T.);
#5879=EDGE_CURVE('',#4566,#4565,#2857,.T.);
#5880=EDGE_CURVE('',#4566,#4553,#2858,.T.);
#5881=EDGE_CURVE('',#4567,#4556,#2859,.T.);
#5882=EDGE_CURVE('',#4565,#4567,#814,.T.);
#5883=EDGE_CURVE('',#4568,#4558,#2860,.T.);
#5884=EDGE_CURVE('',#4567,#4568,#2861,.T.);
#5885=EDGE_CURVE('',#4569,#4560,#2862,.T.);
#5886=EDGE_CURVE('',#4568,#4569,#815,.T.);
#5887=EDGE_CURVE('',#4562,#4570,#2863,.T.);
#5888=EDGE_CURVE('',#4569,#4570,#2864,.T.);
#5889=EDGE_CURVE('',#4564,#4571,#2865,.T.);
#5890=EDGE_CURVE('',#4570,#4571,#816,.T.);
#5891=EDGE_CURVE('',#4539,#4572,#2866,.T.);
#5892=EDGE_CURVE('',#4571,#4572,#2867,.T.);
#5893=EDGE_CURVE('',#4541,#4573,#2868,.T.);
#5894=EDGE_CURVE('',#4572,#4573,#817,.T.);
#5895=EDGE_CURVE('',#4549,#4294,#2869,.T.);
#5896=EDGE_CURVE('',#4551,#4293,#2870,.T.);
#5897=EDGE_CURVE('',#4545,#4281,#2871,.T.);
#5898=EDGE_CURVE('',#4543,#4282,#2872,.T.);
#5899=EDGE_CURVE('',#4540,#4285,#2873,.T.);
#5900=EDGE_CURVE('',#4570,#4574,#818,.T.);
#5901=EDGE_CURVE('',#4574,#4575,#2874,.T.);
#5902=EDGE_CURVE('',#4575,#4569,#819,.T.);
#5903=EDGE_CURVE('',#4576,#4568,#820,.T.);
#5904=EDGE_CURVE('',#4575,#4576,#821,.T.);
#5905=EDGE_CURVE('',#4577,#4567,#822,.T.);
#5906=EDGE_CURVE('',#4576,#4577,#2875,.T.);
#5907=EDGE_CURVE('',#4578,#4565,#823,.T.);
#5908=EDGE_CURVE('',#4577,#4578,#824,.T.);
#5909=EDGE_CURVE('',#4579,#4566,#825,.T.);
#5910=EDGE_CURVE('',#4578,#4579,#2876,.T.);
#5911=EDGE_CURVE('',#4580,#4581,#826,.T.);
#5912=EDGE_CURVE('',#4581,#4566,#827,.T.);
#5913=EDGE_CURVE('',#4579,#4580,#828,.T.);
#5914=EDGE_CURVE('',#4582,#4583,#829,.T.);
#5915=EDGE_CURVE('',#4583,#4581,#2877,.T.);
#5916=EDGE_CURVE('',#4580,#4582,#2878,.T.);
#5917=EDGE_CURVE('',#4584,#4585,#830,.T.);
#5918=EDGE_CURVE('',#4585,#4583,#831,.T.);
#5919=EDGE_CURVE('',#4582,#4584,#832,.T.);
#5920=EDGE_CURVE('',#4586,#4587,#833,.T.);
#5921=EDGE_CURVE('',#4587,#4585,#2879,.T.);
#5922=EDGE_CURVE('',#4584,#4586,#2880,.T.);
#5923=EDGE_CURVE('',#4588,#4589,#834,.T.);
#5924=EDGE_CURVE('',#4589,#4587,#835,.T.);
#5925=EDGE_CURVE('',#4586,#4588,#836,.T.);
#5926=EDGE_CURVE('',#4590,#4591,#837,.T.);
#5927=EDGE_CURVE('',#4591,#4589,#2881,.T.);
#5928=EDGE_CURVE('',#4588,#4590,#2882,.T.);
#5929=EDGE_CURVE('',#4592,#4593,#838,.T.);
#5930=EDGE_CURVE('',#4593,#4591,#839,.T.);
#5931=EDGE_CURVE('',#4590,#4592,#840,.T.);
#5932=EDGE_CURVE('',#4594,#4573,#841,.T.);
#5933=EDGE_CURVE('',#4573,#4593,#2883,.T.);
#5934=EDGE_CURVE('',#4592,#4594,#2884,.T.);
#5935=EDGE_CURVE('',#4595,#4572,#842,.T.);
#5936=EDGE_CURVE('',#4594,#4595,#843,.T.);
#5937=EDGE_CURVE('',#4596,#4571,#844,.T.);
#5938=EDGE_CURVE('',#4595,#4596,#2885,.T.);
#5939=EDGE_CURVE('',#4596,#4574,#845,.T.);
#5940=EDGE_CURVE('',#4547,#4587,#2886,.T.);
#5941=EDGE_CURVE('',#4546,#4589,#2887,.T.);
#5942=EDGE_CURVE('',#4544,#4591,#2888,.T.);
#5943=EDGE_CURVE('',#4542,#4593,#2889,.T.);
#5944=EDGE_CURVE('',#4597,#4598,#2890,.T.);
#5945=EDGE_CURVE('',#4598,#4599,#846,.T.);
#5946=EDGE_CURVE('',#4599,#4600,#2891,.T.);
#5947=EDGE_CURVE('',#4600,#4601,#847,.T.);
#5948=EDGE_CURVE('',#4601,#4602,#2892,.T.);
#5949=EDGE_CURVE('',#4602,#4603,#848,.T.);
#5950=EDGE_CURVE('',#4603,#4604,#2893,.T.);
#5951=EDGE_CURVE('',#4604,#4605,#849,.T.);
#5952=EDGE_CURVE('',#4605,#4606,#2894,.T.);
#5953=EDGE_CURVE('',#4606,#4607,#850,.T.);
#5954=EDGE_CURVE('',#4607,#4608,#2895,.T.);
#5955=EDGE_CURVE('',#4608,#4609,#851,.T.);
#5956=EDGE_CURVE('',#4609,#4610,#2896,.T.);
#5957=EDGE_CURVE('',#4610,#4611,#852,.T.);
#5958=EDGE_CURVE('',#4611,#4612,#2897,.T.);
#5959=EDGE_CURVE('',#4612,#4597,#853,.T.);
#5960=EDGE_CURVE('',#4597,#4489,#2898,.T.);
#5961=EDGE_CURVE('',#4598,#4487,#2899,.T.);
#5962=EDGE_CURVE('',#4612,#4490,#2900,.T.);
#5963=EDGE_CURVE('',#4611,#4491,#2901,.T.);
#5964=EDGE_CURVE('',#4610,#4492,#2902,.T.);
#5965=EDGE_CURVE('',#4609,#4493,#2903,.T.);
#5966=EDGE_CURVE('',#4608,#4494,#2904,.T.);
#5967=EDGE_CURVE('',#4607,#4495,#2905,.T.);
#5968=EDGE_CURVE('',#4606,#4496,#2906,.T.);
#5969=EDGE_CURVE('',#4605,#4497,#2907,.T.);
#5970=EDGE_CURVE('',#4604,#4498,#2908,.T.);
#5971=EDGE_CURVE('',#4603,#4499,#2909,.T.);
#5972=EDGE_CURVE('',#4602,#4500,#2910,.T.);
#5973=EDGE_CURVE('',#4601,#4501,#2911,.T.);
#5974=EDGE_CURVE('',#4600,#4502,#2912,.T.);
#5975=EDGE_CURVE('',#4599,#4488,#2913,.T.);
#5976=EDGE_CURVE('',#4581,#4552,#2914,.T.);
#5977=EDGE_CURVE('',#4583,#4550,#2915,.T.);
#5978=EDGE_CURVE('',#4585,#4548,#2916,.T.);
#5979=EDGE_CURVE('',#4563,#4286,#2917,.T.);
#5980=EDGE_CURVE('',#4561,#4287,#2918,.T.);
#5981=EDGE_CURVE('',#4288,#4559,#2919,.T.);
#5982=EDGE_CURVE('',#4557,#4289,#2920,.T.);
#5983=EDGE_CURVE('',#4555,#4290,#2921,.T.);
#5984=ORIENTED_EDGE('',*,*,#4613,.T.);
#5985=ORIENTED_EDGE('',*,*,#4614,.T.);
#5986=ORIENTED_EDGE('',*,*,#4615,.T.);
#5987=ORIENTED_EDGE('',*,*,#4616,.T.);
#5988=ORIENTED_EDGE('',*,*,#4615,.F.);
#5989=ORIENTED_EDGE('',*,*,#4617,.F.);
#5990=ORIENTED_EDGE('',*,*,#4618,.F.);
#5991=ORIENTED_EDGE('',*,*,#4619,.T.);
#5992=ORIENTED_EDGE('',*,*,#4620,.F.);
#5993=ORIENTED_EDGE('',*,*,#4621,.F.);
#5994=ORIENTED_EDGE('',*,*,#4622,.F.);
#5995=ORIENTED_EDGE('',*,*,#4623,.F.);
#5996=ORIENTED_EDGE('',*,*,#4624,.F.);
#5997=ORIENTED_EDGE('',*,*,#4625,.T.);
#5998=ORIENTED_EDGE('',*,*,#4614,.F.);
#5999=ORIENTED_EDGE('',*,*,#4626,.T.);
#6000=ORIENTED_EDGE('',*,*,#4627,.F.);
#6001=ORIENTED_EDGE('',*,*,#4628,.T.);
#6002=ORIENTED_EDGE('',*,*,#4629,.T.);
#6003=ORIENTED_EDGE('',*,*,#4630,.T.);
#6004=ORIENTED_EDGE('',*,*,#4631,.F.);
#6005=ORIENTED_EDGE('',*,*,#4632,.T.);
#6006=ORIENTED_EDGE('',*,*,#4633,.F.);
#6007=ORIENTED_EDGE('',*,*,#4634,.T.);
#6008=ORIENTED_EDGE('',*,*,#4635,.T.);
#6009=ORIENTED_EDGE('',*,*,#4636,.T.);
#6010=ORIENTED_EDGE('',*,*,#4637,.F.);
#6011=ORIENTED_EDGE('',*,*,#4617,.T.);
#6012=ORIENTED_EDGE('',*,*,#4618,.T.);
#6013=ORIENTED_EDGE('',*,*,#4637,.T.);
#6014=ORIENTED_EDGE('',*,*,#4638,.T.);
#6015=ORIENTED_EDGE('',*,*,#4639,.T.);
#6016=ORIENTED_EDGE('',*,*,#4640,.T.);
#6017=ORIENTED_EDGE('',*,*,#4640,.F.);
#6018=ORIENTED_EDGE('',*,*,#4641,.F.);
#6019=ORIENTED_EDGE('',*,*,#4642,.T.);
#6020=ORIENTED_EDGE('',*,*,#4619,.F.);
#6021=ORIENTED_EDGE('',*,*,#4643,.F.);
#6022=ORIENTED_EDGE('',*,*,#4644,.F.);
#6023=ORIENTED_EDGE('',*,*,#4645,.F.);
#6024=ORIENTED_EDGE('',*,*,#4638,.F.);
#6025=ORIENTED_EDGE('',*,*,#4646,.T.);
#6026=ORIENTED_EDGE('',*,*,#4644,.T.);
#6027=ORIENTED_EDGE('',*,*,#4647,.T.);
#6028=ORIENTED_EDGE('',*,*,#4648,.F.);
#6029=ORIENTED_EDGE('',*,*,#4649,.F.);
#6030=ORIENTED_EDGE('',*,*,#4650,.F.);
#6031=ORIENTED_EDGE('',*,*,#4633,.T.);
#6032=ORIENTED_EDGE('',*,*,#4651,.T.);
#6033=ORIENTED_EDGE('',*,*,#4649,.T.);
#6034=ORIENTED_EDGE('',*,*,#4652,.T.);
#6035=ORIENTED_EDGE('',*,*,#4653,.F.);
#6036=ORIENTED_EDGE('',*,*,#4654,.F.);
#6037=ORIENTED_EDGE('',*,*,#4655,.F.);
#6038=ORIENTED_EDGE('',*,*,#4631,.T.);
#6039=ORIENTED_EDGE('',*,*,#4656,.T.);
#6040=ORIENTED_EDGE('',*,*,#4654,.T.);
#6041=ORIENTED_EDGE('',*,*,#4657,.T.);
#6042=ORIENTED_EDGE('',*,*,#4658,.F.);
#6043=ORIENTED_EDGE('',*,*,#4659,.F.);
#6044=ORIENTED_EDGE('',*,*,#4660,.F.);
#6045=ORIENTED_EDGE('',*,*,#4627,.T.);
#6046=ORIENTED_EDGE('',*,*,#4661,.T.);
#6047=ORIENTED_EDGE('',*,*,#4659,.T.);
#6048=ORIENTED_EDGE('',*,*,#4662,.T.);
#6049=ORIENTED_EDGE('',*,*,#4663,.T.);
#6050=ORIENTED_EDGE('',*,*,#4664,.F.);
#6051=ORIENTED_EDGE('',*,*,#4665,.F.);
#6052=ORIENTED_EDGE('',*,*,#4666,.T.);
#6053=ORIENTED_EDGE('',*,*,#4667,.T.);
#6054=ORIENTED_EDGE('',*,*,#4668,.T.);
#6055=ORIENTED_EDGE('',*,*,#4669,.T.);
#6056=ORIENTED_EDGE('',*,*,#4670,.T.);
#6057=ORIENTED_EDGE('',*,*,#4667,.F.);
#6058=ORIENTED_EDGE('',*,*,#4671,.T.);
#6059=ORIENTED_EDGE('',*,*,#4669,.F.);
#6060=ORIENTED_EDGE('',*,*,#4672,.T.);
#6061=ORIENTED_EDGE('',*,*,#4673,.T.);
#6062=ORIENTED_EDGE('',*,*,#4674,.T.);
#6063=ORIENTED_EDGE('',*,*,#4673,.F.);
#6064=ORIENTED_EDGE('',*,*,#4675,.T.);
#6065=ORIENTED_EDGE('',*,*,#4676,.T.);
#6066=ORIENTED_EDGE('',*,*,#4677,.T.);
#6067=ORIENTED_EDGE('',*,*,#4676,.F.);
#6068=ORIENTED_EDGE('',*,*,#4678,.T.);
#6069=ORIENTED_EDGE('',*,*,#4679,.T.);
#6070=ORIENTED_EDGE('',*,*,#4680,.T.);
#6071=ORIENTED_EDGE('',*,*,#4679,.F.);
#6072=ORIENTED_EDGE('',*,*,#4681,.T.);
#6073=ORIENTED_EDGE('',*,*,#4682,.T.);
#6074=ORIENTED_EDGE('',*,*,#4683,.T.);
#6075=ORIENTED_EDGE('',*,*,#4682,.F.);
#6076=ORIENTED_EDGE('',*,*,#4684,.T.);
#6077=ORIENTED_EDGE('',*,*,#4685,.T.);
#6078=ORIENTED_EDGE('',*,*,#4686,.T.);
#6079=ORIENTED_EDGE('',*,*,#4685,.F.);
#6080=ORIENTED_EDGE('',*,*,#4687,.T.);
#6081=ORIENTED_EDGE('',*,*,#4688,.T.);
#6082=ORIENTED_EDGE('',*,*,#4689,.T.);
#6083=ORIENTED_EDGE('',*,*,#4688,.F.);
#6084=ORIENTED_EDGE('',*,*,#4690,.T.);
#6085=ORIENTED_EDGE('',*,*,#4691,.T.);
#6086=ORIENTED_EDGE('',*,*,#4692,.T.);
#6087=ORIENTED_EDGE('',*,*,#4660,.T.);
#6088=ORIENTED_EDGE('',*,*,#4693,.T.);
#6089=ORIENTED_EDGE('',*,*,#4691,.F.);
#6090=ORIENTED_EDGE('',*,*,#4694,.T.);
#6091=ORIENTED_EDGE('',*,*,#4658,.T.);
#6092=ORIENTED_EDGE('',*,*,#4695,.T.);
#6093=ORIENTED_EDGE('',*,*,#4696,.T.);
#6094=ORIENTED_EDGE('',*,*,#4697,.T.);
#6095=ORIENTED_EDGE('',*,*,#4696,.F.);
#6096=ORIENTED_EDGE('',*,*,#4698,.T.);
#6097=ORIENTED_EDGE('',*,*,#4699,.T.);
#6098=ORIENTED_EDGE('',*,*,#4700,.T.);
#6099=ORIENTED_EDGE('',*,*,#4655,.T.);
#6100=ORIENTED_EDGE('',*,*,#4701,.T.);
#6101=ORIENTED_EDGE('',*,*,#4699,.F.);
#6102=ORIENTED_EDGE('',*,*,#4650,.T.);
#6103=ORIENTED_EDGE('',*,*,#4702,.T.);
#6104=ORIENTED_EDGE('',*,*,#4653,.T.);
#6105=ORIENTED_EDGE('',*,*,#4703,.T.);
#6106=ORIENTED_EDGE('',*,*,#4704,.T.);
#6107=ORIENTED_EDGE('',*,*,#4648,.T.);
#6108=ORIENTED_EDGE('',*,*,#4705,.T.);
#6109=ORIENTED_EDGE('',*,*,#4706,.T.);
#6110=ORIENTED_EDGE('',*,*,#4707,.T.);
#6111=ORIENTED_EDGE('',*,*,#4706,.F.);
#6112=ORIENTED_EDGE('',*,*,#4708,.T.);
#6113=ORIENTED_EDGE('',*,*,#4709,.T.);
#6114=ORIENTED_EDGE('',*,*,#4710,.T.);
#6115=ORIENTED_EDGE('',*,*,#4645,.T.);
#6116=ORIENTED_EDGE('',*,*,#4711,.T.);
#6117=ORIENTED_EDGE('',*,*,#4709,.F.);
#6118=ORIENTED_EDGE('',*,*,#4712,.T.);
#6119=ORIENTED_EDGE('',*,*,#4643,.T.);
#6120=ORIENTED_EDGE('',*,*,#4713,.T.);
#6121=ORIENTED_EDGE('',*,*,#4714,.T.);
#6122=ORIENTED_EDGE('',*,*,#4715,.T.);
#6123=ORIENTED_EDGE('',*,*,#4714,.F.);
#6124=ORIENTED_EDGE('',*,*,#4716,.T.);
#6125=ORIENTED_EDGE('',*,*,#4717,.T.);
#6126=ORIENTED_EDGE('',*,*,#4718,.T.);
#6127=ORIENTED_EDGE('',*,*,#4717,.F.);
#6128=ORIENTED_EDGE('',*,*,#4719,.T.);
#6129=ORIENTED_EDGE('',*,*,#4720,.T.);
#6130=ORIENTED_EDGE('',*,*,#4721,.T.);
#6131=ORIENTED_EDGE('',*,*,#4720,.F.);
#6132=ORIENTED_EDGE('',*,*,#4722,.T.);
#6133=ORIENTED_EDGE('',*,*,#4723,.T.);
#6134=ORIENTED_EDGE('',*,*,#4724,.T.);
#6135=ORIENTED_EDGE('',*,*,#4723,.F.);
#6136=ORIENTED_EDGE('',*,*,#4725,.T.);
#6137=ORIENTED_EDGE('',*,*,#4726,.T.);
#6138=ORIENTED_EDGE('',*,*,#4727,.T.);
#6139=ORIENTED_EDGE('',*,*,#4726,.F.);
#6140=ORIENTED_EDGE('',*,*,#4728,.T.);
#6141=ORIENTED_EDGE('',*,*,#4729,.T.);
#6142=ORIENTED_EDGE('',*,*,#4730,.T.);
#6143=ORIENTED_EDGE('',*,*,#4729,.F.);
#6144=ORIENTED_EDGE('',*,*,#4731,.T.);
#6145=ORIENTED_EDGE('',*,*,#4732,.T.);
#6146=ORIENTED_EDGE('',*,*,#4733,.T.);
#6147=ORIENTED_EDGE('',*,*,#4732,.F.);
#6148=ORIENTED_EDGE('',*,*,#4734,.T.);
#6149=ORIENTED_EDGE('',*,*,#4735,.T.);
#6150=ORIENTED_EDGE('',*,*,#4736,.T.);
#6151=ORIENTED_EDGE('',*,*,#4735,.F.);
#6152=ORIENTED_EDGE('',*,*,#4737,.T.);
#6153=ORIENTED_EDGE('',*,*,#4738,.T.);
#6154=ORIENTED_EDGE('',*,*,#4739,.T.);
#6155=ORIENTED_EDGE('',*,*,#4740,.F.);
#6156=ORIENTED_EDGE('',*,*,#4741,.T.);
#6157=ORIENTED_EDGE('',*,*,#4738,.F.);
#6158=ORIENTED_EDGE('',*,*,#4715,.F.);
#6159=ORIENTED_EDGE('',*,*,#4742,.T.);
#6160=ORIENTED_EDGE('',*,*,#4743,.F.);
#6161=ORIENTED_EDGE('',*,*,#4744,.F.);
#6162=ORIENTED_EDGE('',*,*,#4718,.F.);
#6163=ORIENTED_EDGE('',*,*,#4745,.T.);
#6164=ORIENTED_EDGE('',*,*,#4746,.F.);
#6165=ORIENTED_EDGE('',*,*,#4742,.F.);
#6166=ORIENTED_EDGE('',*,*,#4721,.F.);
#6167=ORIENTED_EDGE('',*,*,#4747,.T.);
#6168=ORIENTED_EDGE('',*,*,#4748,.F.);
#6169=ORIENTED_EDGE('',*,*,#4745,.F.);
#6170=ORIENTED_EDGE('',*,*,#4724,.F.);
#6171=ORIENTED_EDGE('',*,*,#4749,.T.);
#6172=ORIENTED_EDGE('',*,*,#4750,.F.);
#6173=ORIENTED_EDGE('',*,*,#4747,.F.);
#6174=ORIENTED_EDGE('',*,*,#4727,.F.);
#6175=ORIENTED_EDGE('',*,*,#4751,.T.);
#6176=ORIENTED_EDGE('',*,*,#4752,.F.);
#6177=ORIENTED_EDGE('',*,*,#4749,.F.);
#6178=ORIENTED_EDGE('',*,*,#4730,.F.);
#6179=ORIENTED_EDGE('',*,*,#4753,.F.);
#6180=ORIENTED_EDGE('',*,*,#4754,.F.);
#6181=ORIENTED_EDGE('',*,*,#4751,.F.);
#6182=ORIENTED_EDGE('',*,*,#4733,.F.);
#6183=ORIENTED_EDGE('',*,*,#4755,.T.);
#6184=ORIENTED_EDGE('',*,*,#4756,.F.);
#6185=ORIENTED_EDGE('',*,*,#4753,.T.);
#6186=ORIENTED_EDGE('',*,*,#4736,.F.);
#6187=ORIENTED_EDGE('',*,*,#4757,.T.);
#6188=ORIENTED_EDGE('',*,*,#4758,.F.);
#6189=ORIENTED_EDGE('',*,*,#4759,.T.);
#6190=ORIENTED_EDGE('',*,*,#4760,.F.);
#6191=ORIENTED_EDGE('',*,*,#4755,.F.);
#6192=ORIENTED_EDGE('',*,*,#4741,.F.);
#6193=ORIENTED_EDGE('',*,*,#4761,.T.);
#6194=ORIENTED_EDGE('',*,*,#4762,.F.);
#6195=ORIENTED_EDGE('',*,*,#4763,.T.);
#6196=ORIENTED_EDGE('',*,*,#4764,.F.);
#6197=ORIENTED_EDGE('',*,*,#4757,.F.);
#6198=ORIENTED_EDGE('',*,*,#4739,.F.);
#6199=ORIENTED_EDGE('',*,*,#4737,.F.);
#6200=ORIENTED_EDGE('',*,*,#4734,.F.);
#6201=ORIENTED_EDGE('',*,*,#4731,.F.);
#6202=ORIENTED_EDGE('',*,*,#4728,.F.);
#6203=ORIENTED_EDGE('',*,*,#4725,.F.);
#6204=ORIENTED_EDGE('',*,*,#4722,.F.);
#6205=ORIENTED_EDGE('',*,*,#4719,.F.);
#6206=ORIENTED_EDGE('',*,*,#4716,.F.);
#6207=ORIENTED_EDGE('',*,*,#4713,.F.);
#6208=ORIENTED_EDGE('',*,*,#4710,.F.);
#6209=ORIENTED_EDGE('',*,*,#4708,.F.);
#6210=ORIENTED_EDGE('',*,*,#4705,.F.);
#6211=ORIENTED_EDGE('',*,*,#4703,.F.);
#6212=ORIENTED_EDGE('',*,*,#4700,.F.);
#6213=ORIENTED_EDGE('',*,*,#4698,.F.);
#6214=ORIENTED_EDGE('',*,*,#4695,.F.);
#6215=ORIENTED_EDGE('',*,*,#4692,.F.);
#6216=ORIENTED_EDGE('',*,*,#4690,.F.);
#6217=ORIENTED_EDGE('',*,*,#4687,.F.);
#6218=ORIENTED_EDGE('',*,*,#4684,.F.);
#6219=ORIENTED_EDGE('',*,*,#4681,.F.);
#6220=ORIENTED_EDGE('',*,*,#4678,.F.);
#6221=ORIENTED_EDGE('',*,*,#4675,.F.);
#6222=ORIENTED_EDGE('',*,*,#4672,.F.);
#6223=ORIENTED_EDGE('',*,*,#4668,.F.);
#6224=ORIENTED_EDGE('',*,*,#4666,.F.);
#6225=ORIENTED_EDGE('',*,*,#4765,.F.);
#6226=ORIENTED_EDGE('',*,*,#4766,.F.);
#6227=ORIENTED_EDGE('',*,*,#4767,.F.);
#6228=ORIENTED_EDGE('',*,*,#4768,.F.);
#6229=ORIENTED_EDGE('',*,*,#4769,.F.);
#6230=ORIENTED_EDGE('',*,*,#4770,.F.);
#6231=ORIENTED_EDGE('',*,*,#4771,.F.);
#6232=ORIENTED_EDGE('',*,*,#4772,.F.);
#6233=ORIENTED_EDGE('',*,*,#4773,.F.);
#6234=ORIENTED_EDGE('',*,*,#4774,.F.);
#6235=ORIENTED_EDGE('',*,*,#4775,.F.);
#6236=ORIENTED_EDGE('',*,*,#4776,.F.);
#6237=ORIENTED_EDGE('',*,*,#4777,.F.);
#6238=ORIENTED_EDGE('',*,*,#4778,.F.);
#6239=ORIENTED_EDGE('',*,*,#4779,.F.);
#6240=ORIENTED_EDGE('',*,*,#4780,.F.);
#6241=ORIENTED_EDGE('',*,*,#4781,.F.);
#6242=ORIENTED_EDGE('',*,*,#4740,.T.);
#6243=ORIENTED_EDGE('',*,*,#4765,.T.);
#6244=ORIENTED_EDGE('',*,*,#4665,.T.);
#6245=ORIENTED_EDGE('',*,*,#4782,.T.);
#6246=ORIENTED_EDGE('',*,*,#4783,.F.);
#6247=ORIENTED_EDGE('',*,*,#4761,.F.);
#6248=ORIENTED_EDGE('',*,*,#4784,.T.);
#6249=ORIENTED_EDGE('',*,*,#4785,.T.);
#6250=ORIENTED_EDGE('',*,*,#4786,.T.);
#6251=ORIENTED_EDGE('',*,*,#4787,.T.);
#6252=ORIENTED_EDGE('',*,*,#4788,.T.);
#6253=ORIENTED_EDGE('',*,*,#4789,.T.);
#6254=ORIENTED_EDGE('',*,*,#4790,.T.);
#6255=ORIENTED_EDGE('',*,*,#4758,.T.);
#6256=ORIENTED_EDGE('',*,*,#4764,.T.);
#6257=ORIENTED_EDGE('',*,*,#4791,.T.);
#6258=ORIENTED_EDGE('',*,*,#4792,.T.);
#6259=ORIENTED_EDGE('',*,*,#4620,.T.);
#6260=ORIENTED_EDGE('',*,*,#4642,.F.);
#6261=ORIENTED_EDGE('',*,*,#4743,.T.);
#6262=ORIENTED_EDGE('',*,*,#4746,.T.);
#6263=ORIENTED_EDGE('',*,*,#4748,.T.);
#6264=ORIENTED_EDGE('',*,*,#4750,.T.);
#6265=ORIENTED_EDGE('',*,*,#4752,.T.);
#6266=ORIENTED_EDGE('',*,*,#4754,.T.);
#6267=ORIENTED_EDGE('',*,*,#4756,.T.);
#6268=ORIENTED_EDGE('',*,*,#4760,.T.);
#6269=ORIENTED_EDGE('',*,*,#4793,.F.);
#6270=ORIENTED_EDGE('',*,*,#4794,.F.);
#6271=ORIENTED_EDGE('',*,*,#4795,.F.);
#6272=ORIENTED_EDGE('',*,*,#4762,.T.);
#6273=ORIENTED_EDGE('',*,*,#4783,.T.);
#6274=ORIENTED_EDGE('',*,*,#4796,.T.);
#6275=ORIENTED_EDGE('',*,*,#4797,.F.);
#6276=ORIENTED_EDGE('',*,*,#4798,.F.);
#6277=ORIENTED_EDGE('',*,*,#4799,.F.);
#6278=ORIENTED_EDGE('',*,*,#4800,.T.);
#6279=ORIENTED_EDGE('',*,*,#4801,.T.);
#6280=ORIENTED_EDGE('',*,*,#4802,.T.);
#6281=ORIENTED_EDGE('',*,*,#4803,.T.);
#6282=ORIENTED_EDGE('',*,*,#4804,.T.);
#6283=ORIENTED_EDGE('',*,*,#4805,.T.);
#6284=ORIENTED_EDGE('',*,*,#4806,.T.);
#6285=ORIENTED_EDGE('',*,*,#4807,.T.);
#6286=ORIENTED_EDGE('',*,*,#4808,.F.);
#6287=ORIENTED_EDGE('',*,*,#4624,.T.);
#6288=ORIENTED_EDGE('',*,*,#4809,.T.);
#6289=ORIENTED_EDGE('',*,*,#4810,.T.);
#6290=ORIENTED_EDGE('',*,*,#4811,.T.);
#6291=ORIENTED_EDGE('',*,*,#4812,.T.);
#6292=ORIENTED_EDGE('',*,*,#4813,.T.);
#6293=ORIENTED_EDGE('',*,*,#4814,.T.);
#6294=ORIENTED_EDGE('',*,*,#4815,.T.);
#6295=ORIENTED_EDGE('',*,*,#4816,.T.);
#6296=ORIENTED_EDGE('',*,*,#4817,.T.);
#6297=ORIENTED_EDGE('',*,*,#4818,.T.);
#6298=ORIENTED_EDGE('',*,*,#4819,.T.);
#6299=ORIENTED_EDGE('',*,*,#4820,.T.);
#6300=ORIENTED_EDGE('',*,*,#4821,.T.);
#6301=ORIENTED_EDGE('',*,*,#4822,.T.);
#6302=ORIENTED_EDGE('',*,*,#4823,.T.);
#6303=ORIENTED_EDGE('',*,*,#4824,.T.);
#6304=ORIENTED_EDGE('',*,*,#4825,.T.);
#6305=ORIENTED_EDGE('',*,*,#4826,.T.);
#6306=ORIENTED_EDGE('',*,*,#4799,.T.);
#6307=ORIENTED_EDGE('',*,*,#4827,.F.);
#6308=ORIENTED_EDGE('',*,*,#4788,.F.);
#6309=ORIENTED_EDGE('',*,*,#4828,.F.);
#6310=ORIENTED_EDGE('',*,*,#4798,.T.);
#6311=ORIENTED_EDGE('',*,*,#4829,.T.);
#6312=ORIENTED_EDGE('',*,*,#4784,.F.);
#6313=ORIENTED_EDGE('',*,*,#4827,.T.);
#6314=ORIENTED_EDGE('',*,*,#4797,.T.);
#6315=ORIENTED_EDGE('',*,*,#4830,.T.);
#6316=ORIENTED_EDGE('',*,*,#4785,.F.);
#6317=ORIENTED_EDGE('',*,*,#4829,.F.);
#6318=ORIENTED_EDGE('',*,*,#4795,.T.);
#6319=ORIENTED_EDGE('',*,*,#4831,.F.);
#6320=ORIENTED_EDGE('',*,*,#4791,.F.);
#6321=ORIENTED_EDGE('',*,*,#4763,.F.);
#6322=ORIENTED_EDGE('',*,*,#4794,.T.);
#6323=ORIENTED_EDGE('',*,*,#4832,.T.);
#6324=ORIENTED_EDGE('',*,*,#4789,.F.);
#6325=ORIENTED_EDGE('',*,*,#4831,.T.);
#6326=ORIENTED_EDGE('',*,*,#4793,.T.);
#6327=ORIENTED_EDGE('',*,*,#4759,.F.);
#6328=ORIENTED_EDGE('',*,*,#4790,.F.);
#6329=ORIENTED_EDGE('',*,*,#4832,.F.);
#6330=ORIENTED_EDGE('',*,*,#4833,.F.);
#6331=ORIENTED_EDGE('',*,*,#4834,.T.);
#6332=ORIENTED_EDGE('',*,*,#4767,.T.);
#6333=ORIENTED_EDGE('',*,*,#4835,.F.);
#6334=ORIENTED_EDGE('',*,*,#4836,.F.);
#6335=ORIENTED_EDGE('',*,*,#4837,.T.);
#6336=ORIENTED_EDGE('',*,*,#4768,.T.);
#6337=ORIENTED_EDGE('',*,*,#4834,.F.);
#6338=ORIENTED_EDGE('',*,*,#4838,.F.);
#6339=ORIENTED_EDGE('',*,*,#4839,.T.);
#6340=ORIENTED_EDGE('',*,*,#4769,.T.);
#6341=ORIENTED_EDGE('',*,*,#4837,.F.);
#6342=ORIENTED_EDGE('',*,*,#4840,.F.);
#6343=ORIENTED_EDGE('',*,*,#4841,.T.);
#6344=ORIENTED_EDGE('',*,*,#4770,.T.);
#6345=ORIENTED_EDGE('',*,*,#4839,.F.);
#6346=ORIENTED_EDGE('',*,*,#4842,.F.);
#6347=ORIENTED_EDGE('',*,*,#4843,.T.);
#6348=ORIENTED_EDGE('',*,*,#4771,.T.);
#6349=ORIENTED_EDGE('',*,*,#4841,.F.);
#6350=ORIENTED_EDGE('',*,*,#4844,.F.);
#6351=ORIENTED_EDGE('',*,*,#4845,.T.);
#6352=ORIENTED_EDGE('',*,*,#4772,.T.);
#6353=ORIENTED_EDGE('',*,*,#4843,.F.);
#6354=ORIENTED_EDGE('',*,*,#4846,.F.);
#6355=ORIENTED_EDGE('',*,*,#4847,.T.);
#6356=ORIENTED_EDGE('',*,*,#4773,.T.);
#6357=ORIENTED_EDGE('',*,*,#4845,.F.);
#6358=ORIENTED_EDGE('',*,*,#4848,.F.);
#6359=ORIENTED_EDGE('',*,*,#4849,.T.);
#6360=ORIENTED_EDGE('',*,*,#4774,.T.);
#6361=ORIENTED_EDGE('',*,*,#4847,.F.);
#6362=ORIENTED_EDGE('',*,*,#4850,.F.);
#6363=ORIENTED_EDGE('',*,*,#4851,.T.);
#6364=ORIENTED_EDGE('',*,*,#4775,.T.);
#6365=ORIENTED_EDGE('',*,*,#4849,.F.);
#6366=ORIENTED_EDGE('',*,*,#4852,.F.);
#6367=ORIENTED_EDGE('',*,*,#4853,.T.);
#6368=ORIENTED_EDGE('',*,*,#4776,.T.);
#6369=ORIENTED_EDGE('',*,*,#4851,.F.);
#6370=ORIENTED_EDGE('',*,*,#4854,.F.);
#6371=ORIENTED_EDGE('',*,*,#4855,.T.);
#6372=ORIENTED_EDGE('',*,*,#4777,.T.);
#6373=ORIENTED_EDGE('',*,*,#4853,.F.);
#6374=ORIENTED_EDGE('',*,*,#4856,.F.);
#6375=ORIENTED_EDGE('',*,*,#4857,.T.);
#6376=ORIENTED_EDGE('',*,*,#4778,.T.);
#6377=ORIENTED_EDGE('',*,*,#4855,.F.);
#6378=ORIENTED_EDGE('',*,*,#4858,.F.);
#6379=ORIENTED_EDGE('',*,*,#4859,.T.);
#6380=ORIENTED_EDGE('',*,*,#4779,.T.);
#6381=ORIENTED_EDGE('',*,*,#4857,.F.);
#6382=ORIENTED_EDGE('',*,*,#4860,.F.);
#6383=ORIENTED_EDGE('',*,*,#4861,.T.);
#6384=ORIENTED_EDGE('',*,*,#4780,.T.);
#6385=ORIENTED_EDGE('',*,*,#4859,.F.);
#6386=ORIENTED_EDGE('',*,*,#4862,.F.);
#6387=ORIENTED_EDGE('',*,*,#4863,.T.);
#6388=ORIENTED_EDGE('',*,*,#4781,.T.);
#6389=ORIENTED_EDGE('',*,*,#4861,.F.);
#6390=ORIENTED_EDGE('',*,*,#4864,.F.);
#6391=ORIENTED_EDGE('',*,*,#4835,.T.);
#6392=ORIENTED_EDGE('',*,*,#4766,.T.);
#6393=ORIENTED_EDGE('',*,*,#4863,.F.);
#6394=ORIENTED_EDGE('',*,*,#4865,.T.);
#6395=ORIENTED_EDGE('',*,*,#4866,.T.);
#6396=ORIENTED_EDGE('',*,*,#4867,.T.);
#6397=ORIENTED_EDGE('',*,*,#4868,.T.);
#6398=ORIENTED_EDGE('',*,*,#4866,.F.);
#6399=ORIENTED_EDGE('',*,*,#4869,.T.);
#6400=ORIENTED_EDGE('',*,*,#4870,.F.);
#6401=ORIENTED_EDGE('',*,*,#4871,.T.);
#6402=ORIENTED_EDGE('',*,*,#4872,.T.);
#6403=ORIENTED_EDGE('',*,*,#4873,.T.);
#6404=ORIENTED_EDGE('',*,*,#4874,.T.);
#6405=ORIENTED_EDGE('',*,*,#4875,.T.);
#6406=ORIENTED_EDGE('',*,*,#4873,.F.);
#6407=ORIENTED_EDGE('',*,*,#4876,.T.);
#6408=ORIENTED_EDGE('',*,*,#4877,.F.);
#6409=ORIENTED_EDGE('',*,*,#4878,.T.);
#6410=ORIENTED_EDGE('',*,*,#4879,.T.);
#6411=ORIENTED_EDGE('',*,*,#4880,.T.);
#6412=ORIENTED_EDGE('',*,*,#4881,.T.);
#6413=ORIENTED_EDGE('',*,*,#4882,.T.);
#6414=ORIENTED_EDGE('',*,*,#4880,.F.);
#6415=ORIENTED_EDGE('',*,*,#4883,.T.);
#6416=ORIENTED_EDGE('',*,*,#4884,.T.);
#6417=ORIENTED_EDGE('',*,*,#4885,.T.);
#6418=ORIENTED_EDGE('',*,*,#4884,.F.);
#6419=ORIENTED_EDGE('',*,*,#4886,.T.);
#6420=ORIENTED_EDGE('',*,*,#4887,.T.);
#6421=ORIENTED_EDGE('',*,*,#4888,.T.);
#6422=ORIENTED_EDGE('',*,*,#4887,.F.);
#6423=ORIENTED_EDGE('',*,*,#4889,.T.);
#6424=ORIENTED_EDGE('',*,*,#4890,.T.);
#6425=ORIENTED_EDGE('',*,*,#4891,.T.);
#6426=ORIENTED_EDGE('',*,*,#4892,.T.);
#6427=ORIENTED_EDGE('',*,*,#4890,.F.);
#6428=ORIENTED_EDGE('',*,*,#4893,.T.);
#6429=ORIENTED_EDGE('',*,*,#4894,.T.);
#6430=ORIENTED_EDGE('',*,*,#4895,.T.);
#6431=ORIENTED_EDGE('',*,*,#4896,.T.);
#6432=ORIENTED_EDGE('',*,*,#4897,.T.);
#6433=ORIENTED_EDGE('',*,*,#4898,.T.);
#6434=ORIENTED_EDGE('',*,*,#4896,.F.);
#6435=ORIENTED_EDGE('',*,*,#4899,.T.);
#6436=ORIENTED_EDGE('',*,*,#4900,.T.);
#6437=ORIENTED_EDGE('',*,*,#4901,.T.);
#6438=ORIENTED_EDGE('',*,*,#4900,.F.);
#6439=ORIENTED_EDGE('',*,*,#4902,.T.);
#6440=ORIENTED_EDGE('',*,*,#4903,.T.);
#6441=ORIENTED_EDGE('',*,*,#4904,.T.);
#6442=ORIENTED_EDGE('',*,*,#4903,.F.);
#6443=ORIENTED_EDGE('',*,*,#4905,.T.);
#6444=ORIENTED_EDGE('',*,*,#4906,.T.);
#6445=ORIENTED_EDGE('',*,*,#4907,.T.);
#6446=ORIENTED_EDGE('',*,*,#4906,.F.);
#6447=ORIENTED_EDGE('',*,*,#4908,.T.);
#6448=ORIENTED_EDGE('',*,*,#4882,.F.);
#6449=ORIENTED_EDGE('',*,*,#4909,.T.);
#6450=ORIENTED_EDGE('',*,*,#4910,.T.);
#6451=ORIENTED_EDGE('',*,*,#4911,.T.);
#6452=ORIENTED_EDGE('',*,*,#4912,.T.);
#6453=ORIENTED_EDGE('',*,*,#4894,.F.);
#6454=ORIENTED_EDGE('',*,*,#4911,.F.);
#6455=ORIENTED_EDGE('',*,*,#4913,.T.);
#6456=ORIENTED_EDGE('',*,*,#4914,.T.);
#6457=ORIENTED_EDGE('',*,*,#4915,.T.);
#6458=ORIENTED_EDGE('',*,*,#4914,.F.);
#6459=ORIENTED_EDGE('',*,*,#4916,.T.);
#6460=ORIENTED_EDGE('',*,*,#4917,.T.);
#6461=ORIENTED_EDGE('',*,*,#4918,.T.);
#6462=ORIENTED_EDGE('',*,*,#4917,.F.);
#6463=ORIENTED_EDGE('',*,*,#4919,.T.);
#6464=ORIENTED_EDGE('',*,*,#4920,.T.);
#6465=ORIENTED_EDGE('',*,*,#4921,.T.);
#6466=ORIENTED_EDGE('',*,*,#4920,.F.);
#6467=ORIENTED_EDGE('',*,*,#4922,.T.);
#6468=ORIENTED_EDGE('',*,*,#4923,.T.);
#6469=ORIENTED_EDGE('',*,*,#4924,.T.);
#6470=ORIENTED_EDGE('',*,*,#4925,.T.);
#6471=ORIENTED_EDGE('',*,*,#4926,.T.);
#6472=ORIENTED_EDGE('',*,*,#4927,.T.);
#6473=ORIENTED_EDGE('',*,*,#4923,.F.);
#6474=ORIENTED_EDGE('',*,*,#4926,.F.);
#6475=ORIENTED_EDGE('',*,*,#4928,.T.);
#6476=ORIENTED_EDGE('',*,*,#4929,.T.);
#6477=ORIENTED_EDGE('',*,*,#4930,.T.);
#6478=ORIENTED_EDGE('',*,*,#4929,.F.);
#6479=ORIENTED_EDGE('',*,*,#4931,.T.);
#6480=ORIENTED_EDGE('',*,*,#4932,.T.);
#6481=ORIENTED_EDGE('',*,*,#4933,.T.);
#6482=ORIENTED_EDGE('',*,*,#4932,.F.);
#6483=ORIENTED_EDGE('',*,*,#4934,.T.);
#6484=ORIENTED_EDGE('',*,*,#4935,.T.);
#6485=ORIENTED_EDGE('',*,*,#4936,.T.);
#6486=ORIENTED_EDGE('',*,*,#4937,.T.);
#6487=ORIENTED_EDGE('',*,*,#4935,.F.);
#6488=ORIENTED_EDGE('',*,*,#4938,.T.);
#6489=ORIENTED_EDGE('',*,*,#4898,.F.);
#6490=ORIENTED_EDGE('',*,*,#4915,.F.);
#6491=ORIENTED_EDGE('',*,*,#4939,.T.);
#6492=ORIENTED_EDGE('',*,*,#4836,.T.);
#6493=ORIENTED_EDGE('',*,*,#4940,.F.);
#6494=ORIENTED_EDGE('',*,*,#4918,.F.);
#6495=ORIENTED_EDGE('',*,*,#4941,.T.);
#6496=ORIENTED_EDGE('',*,*,#4838,.T.);
#6497=ORIENTED_EDGE('',*,*,#4939,.F.);
#6498=ORIENTED_EDGE('',*,*,#4921,.F.);
#6499=ORIENTED_EDGE('',*,*,#4942,.T.);
#6500=ORIENTED_EDGE('',*,*,#4840,.T.);
#6501=ORIENTED_EDGE('',*,*,#4941,.F.);
#6502=ORIENTED_EDGE('',*,*,#4924,.F.);
#6503=ORIENTED_EDGE('',*,*,#4943,.F.);
#6504=ORIENTED_EDGE('',*,*,#4942,.F.);
#6505=ORIENTED_EDGE('',*,*,#4927,.F.);
#6506=ORIENTED_EDGE('',*,*,#4944,.T.);
#6507=ORIENTED_EDGE('',*,*,#4842,.T.);
#6508=ORIENTED_EDGE('',*,*,#4943,.T.);
#6509=ORIENTED_EDGE('',*,*,#4930,.F.);
#6510=ORIENTED_EDGE('',*,*,#4945,.T.);
#6511=ORIENTED_EDGE('',*,*,#4844,.T.);
#6512=ORIENTED_EDGE('',*,*,#4944,.F.);
#6513=ORIENTED_EDGE('',*,*,#4933,.F.);
#6514=ORIENTED_EDGE('',*,*,#4946,.T.);
#6515=ORIENTED_EDGE('',*,*,#4846,.T.);
#6516=ORIENTED_EDGE('',*,*,#4945,.F.);
#6517=ORIENTED_EDGE('',*,*,#4936,.F.);
#6518=ORIENTED_EDGE('',*,*,#4947,.F.);
#6519=ORIENTED_EDGE('',*,*,#4848,.T.);
#6520=ORIENTED_EDGE('',*,*,#4946,.F.);
#6521=ORIENTED_EDGE('',*,*,#4937,.F.);
#6522=ORIENTED_EDGE('',*,*,#4948,.F.);
#6523=ORIENTED_EDGE('',*,*,#4850,.T.);
#6524=ORIENTED_EDGE('',*,*,#4947,.T.);
#6525=ORIENTED_EDGE('',*,*,#4897,.F.);
#6526=ORIENTED_EDGE('',*,*,#4949,.F.);
#6527=ORIENTED_EDGE('',*,*,#4948,.T.);
#6528=ORIENTED_EDGE('',*,*,#4889,.F.);
#6529=ORIENTED_EDGE('',*,*,#4950,.T.);
#6530=ORIENTED_EDGE('',*,*,#4951,.F.);
#6531=ORIENTED_EDGE('',*,*,#4952,.T.);
#6532=ORIENTED_EDGE('',*,*,#4886,.F.);
#6533=ORIENTED_EDGE('',*,*,#4953,.F.);
#6534=ORIENTED_EDGE('',*,*,#4954,.T.);
#6535=ORIENTED_EDGE('',*,*,#4950,.F.);
#6536=ORIENTED_EDGE('',*,*,#4883,.F.);
#6537=ORIENTED_EDGE('',*,*,#4955,.F.);
#6538=ORIENTED_EDGE('',*,*,#4956,.F.);
#6539=ORIENTED_EDGE('',*,*,#4953,.T.);
#6540=ORIENTED_EDGE('',*,*,#4957,.T.);
#6541=ORIENTED_EDGE('',*,*,#4893,.F.);
#6542=ORIENTED_EDGE('',*,*,#4952,.F.);
#6543=ORIENTED_EDGE('',*,*,#4958,.F.);
#6544=ORIENTED_EDGE('',*,*,#4959,.T.);
#6545=ORIENTED_EDGE('',*,*,#4925,.F.);
#6546=ORIENTED_EDGE('',*,*,#4960,.F.);
#6547=ORIENTED_EDGE('',*,*,#4868,.F.);
#6548=ORIENTED_EDGE('',*,*,#4908,.F.);
#6549=ORIENTED_EDGE('',*,*,#4961,.F.);
#6550=ORIENTED_EDGE('',*,*,#4872,.F.);
#6551=ORIENTED_EDGE('',*,*,#4962,.F.);
#6552=ORIENTED_EDGE('',*,*,#4905,.F.);
#6553=ORIENTED_EDGE('',*,*,#4963,.F.);
#6554=ORIENTED_EDGE('',*,*,#4876,.F.);
#6555=ORIENTED_EDGE('',*,*,#4961,.T.);
#6556=ORIENTED_EDGE('',*,*,#4902,.F.);
#6557=ORIENTED_EDGE('',*,*,#4964,.F.);
#6558=ORIENTED_EDGE('',*,*,#4877,.T.);
#6559=ORIENTED_EDGE('',*,*,#4963,.T.);
#6560=ORIENTED_EDGE('',*,*,#4899,.F.);
#6561=ORIENTED_EDGE('',*,*,#4965,.F.);
#6562=ORIENTED_EDGE('',*,*,#4878,.F.);
#6563=ORIENTED_EDGE('',*,*,#4964,.T.);
#6564=ORIENTED_EDGE('',*,*,#4966,.T.);
#6565=ORIENTED_EDGE('',*,*,#4938,.F.);
#6566=ORIENTED_EDGE('',*,*,#4967,.F.);
#6567=ORIENTED_EDGE('',*,*,#4968,.T.);
#6568=ORIENTED_EDGE('',*,*,#4955,.T.);
#6569=ORIENTED_EDGE('',*,*,#4879,.F.);
#6570=ORIENTED_EDGE('',*,*,#4962,.T.);
#6571=ORIENTED_EDGE('',*,*,#4875,.F.);
#6572=ORIENTED_EDGE('',*,*,#4895,.F.);
#6573=ORIENTED_EDGE('',*,*,#4966,.F.);
#6574=ORIENTED_EDGE('',*,*,#4874,.F.);
#6575=ORIENTED_EDGE('',*,*,#4965,.T.);
#6576=ORIENTED_EDGE('',*,*,#4912,.F.);
#6577=ORIENTED_EDGE('',*,*,#4940,.T.);
#6578=ORIENTED_EDGE('',*,*,#4969,.T.);
#6579=ORIENTED_EDGE('',*,*,#4891,.F.);
#6580=ORIENTED_EDGE('',*,*,#4970,.T.);
#6581=ORIENTED_EDGE('',*,*,#4864,.T.);
#6582=ORIENTED_EDGE('',*,*,#4971,.T.);
#6583=ORIENTED_EDGE('',*,*,#4888,.F.);
#6584=ORIENTED_EDGE('',*,*,#4971,.F.);
#6585=ORIENTED_EDGE('',*,*,#4862,.T.);
#6586=ORIENTED_EDGE('',*,*,#4972,.T.);
#6587=ORIENTED_EDGE('',*,*,#4892,.F.);
#6588=ORIENTED_EDGE('',*,*,#4969,.F.);
#6589=ORIENTED_EDGE('',*,*,#4833,.T.);
#6590=ORIENTED_EDGE('',*,*,#4970,.F.);
#6591=ORIENTED_EDGE('',*,*,#4885,.F.);
#6592=ORIENTED_EDGE('',*,*,#4972,.F.);
#6593=ORIENTED_EDGE('',*,*,#4860,.T.);
#6594=ORIENTED_EDGE('',*,*,#4973,.T.);
#6595=ORIENTED_EDGE('',*,*,#4881,.F.);
#6596=ORIENTED_EDGE('',*,*,#4973,.F.);
#6597=ORIENTED_EDGE('',*,*,#4858,.T.);
#6598=ORIENTED_EDGE('',*,*,#4974,.T.);
#6599=ORIENTED_EDGE('',*,*,#4909,.F.);
#6600=ORIENTED_EDGE('',*,*,#4974,.F.);
#6601=ORIENTED_EDGE('',*,*,#4975,.T.);
#6602=ORIENTED_EDGE('',*,*,#4907,.F.);
#6603=ORIENTED_EDGE('',*,*,#4975,.F.);
#6604=ORIENTED_EDGE('',*,*,#4856,.T.);
#6605=ORIENTED_EDGE('',*,*,#4976,.T.);
#6606=ORIENTED_EDGE('',*,*,#4904,.F.);
#6607=ORIENTED_EDGE('',*,*,#4976,.F.);
#6608=ORIENTED_EDGE('',*,*,#4854,.T.);
#6609=ORIENTED_EDGE('',*,*,#4977,.T.);
#6610=ORIENTED_EDGE('',*,*,#4901,.F.);
#6611=ORIENTED_EDGE('',*,*,#4977,.F.);
#6612=ORIENTED_EDGE('',*,*,#4852,.T.);
#6613=ORIENTED_EDGE('',*,*,#4949,.T.);
#6614=ORIENTED_EDGE('',*,*,#4931,.F.);
#6615=ORIENTED_EDGE('',*,*,#4978,.F.);
#6616=ORIENTED_EDGE('',*,*,#4979,.T.);
#6617=ORIENTED_EDGE('',*,*,#4980,.T.);
#6618=ORIENTED_EDGE('',*,*,#4928,.F.);
#6619=ORIENTED_EDGE('',*,*,#4959,.F.);
#6620=ORIENTED_EDGE('',*,*,#4981,.F.);
#6621=ORIENTED_EDGE('',*,*,#4978,.T.);
#6622=ORIENTED_EDGE('',*,*,#4922,.F.);
#6623=ORIENTED_EDGE('',*,*,#4982,.F.);
#6624=ORIENTED_EDGE('',*,*,#4865,.F.);
#6625=ORIENTED_EDGE('',*,*,#4960,.T.);
#6626=ORIENTED_EDGE('',*,*,#4919,.F.);
#6627=ORIENTED_EDGE('',*,*,#4983,.T.);
#6628=ORIENTED_EDGE('',*,*,#4869,.F.);
#6629=ORIENTED_EDGE('',*,*,#4982,.T.);
#6630=ORIENTED_EDGE('',*,*,#4916,.F.);
#6631=ORIENTED_EDGE('',*,*,#4984,.F.);
#6632=ORIENTED_EDGE('',*,*,#4870,.T.);
#6633=ORIENTED_EDGE('',*,*,#4983,.F.);
#6634=ORIENTED_EDGE('',*,*,#4913,.F.);
#6635=ORIENTED_EDGE('',*,*,#4985,.T.);
#6636=ORIENTED_EDGE('',*,*,#4871,.F.);
#6637=ORIENTED_EDGE('',*,*,#4984,.T.);
#6638=ORIENTED_EDGE('',*,*,#4910,.F.);
#6639=ORIENTED_EDGE('',*,*,#4957,.F.);
#6640=ORIENTED_EDGE('',*,*,#4867,.F.);
#6641=ORIENTED_EDGE('',*,*,#4985,.F.);
#6642=ORIENTED_EDGE('',*,*,#4986,.F.);
#6643=ORIENTED_EDGE('',*,*,#4987,.F.);
#6644=ORIENTED_EDGE('',*,*,#4988,.F.);
#6645=ORIENTED_EDGE('',*,*,#4989,.F.);
#6646=ORIENTED_EDGE('',*,*,#4990,.F.);
#6647=ORIENTED_EDGE('',*,*,#4991,.F.);
#6648=ORIENTED_EDGE('',*,*,#4992,.F.);
#6649=ORIENTED_EDGE('',*,*,#4993,.F.);
#6650=ORIENTED_EDGE('',*,*,#4994,.F.);
#6651=ORIENTED_EDGE('',*,*,#4995,.F.);
#6652=ORIENTED_EDGE('',*,*,#4996,.F.);
#6653=ORIENTED_EDGE('',*,*,#4997,.F.);
#6654=ORIENTED_EDGE('',*,*,#4998,.F.);
#6655=ORIENTED_EDGE('',*,*,#4999,.F.);
#6656=ORIENTED_EDGE('',*,*,#5000,.F.);
#6657=ORIENTED_EDGE('',*,*,#5001,.F.);
#6658=ORIENTED_EDGE('',*,*,#5002,.F.);
#6659=ORIENTED_EDGE('',*,*,#5003,.F.);
#6660=ORIENTED_EDGE('',*,*,#5004,.F.);
#6661=ORIENTED_EDGE('',*,*,#5005,.F.);
#6662=ORIENTED_EDGE('',*,*,#4820,.F.);
#6663=ORIENTED_EDGE('',*,*,#4689,.F.);
#6664=ORIENTED_EDGE('',*,*,#5006,.T.);
#6665=ORIENTED_EDGE('',*,*,#4807,.F.);
#6666=ORIENTED_EDGE('',*,*,#5007,.F.);
#6667=ORIENTED_EDGE('',*,*,#4686,.F.);
#6668=ORIENTED_EDGE('',*,*,#5007,.T.);
#6669=ORIENTED_EDGE('',*,*,#4806,.F.);
#6670=ORIENTED_EDGE('',*,*,#5008,.F.);
#6671=ORIENTED_EDGE('',*,*,#4683,.F.);
#6672=ORIENTED_EDGE('',*,*,#5008,.T.);
#6673=ORIENTED_EDGE('',*,*,#4805,.F.);
#6674=ORIENTED_EDGE('',*,*,#5009,.F.);
#6675=ORIENTED_EDGE('',*,*,#4680,.F.);
#6676=ORIENTED_EDGE('',*,*,#5009,.T.);
#6677=ORIENTED_EDGE('',*,*,#4804,.F.);
#6678=ORIENTED_EDGE('',*,*,#5010,.F.);
#6679=ORIENTED_EDGE('',*,*,#4677,.F.);
#6680=ORIENTED_EDGE('',*,*,#5010,.T.);
#6681=ORIENTED_EDGE('',*,*,#4803,.F.);
#6682=ORIENTED_EDGE('',*,*,#5011,.F.);
#6683=ORIENTED_EDGE('',*,*,#4663,.F.);
#6684=ORIENTED_EDGE('',*,*,#5012,.T.);
#6685=ORIENTED_EDGE('',*,*,#4786,.F.);
#6686=ORIENTED_EDGE('',*,*,#4830,.F.);
#6687=ORIENTED_EDGE('',*,*,#5013,.F.);
#6688=ORIENTED_EDGE('',*,*,#4639,.F.);
#6689=ORIENTED_EDGE('',*,*,#4647,.F.);
#6690=ORIENTED_EDGE('',*,*,#4712,.F.);
#6691=ORIENTED_EDGE('',*,*,#4744,.T.);
#6692=ORIENTED_EDGE('',*,*,#4641,.T.);
#6693=ORIENTED_EDGE('',*,*,#4646,.F.);
#6694=ORIENTED_EDGE('',*,*,#4636,.F.);
#6695=ORIENTED_EDGE('',*,*,#5014,.T.);
#6696=ORIENTED_EDGE('',*,*,#4711,.F.);
#6697=ORIENTED_EDGE('',*,*,#4707,.F.);
#6698=ORIENTED_EDGE('',*,*,#5014,.F.);
#6699=ORIENTED_EDGE('',*,*,#4635,.F.);
#6700=ORIENTED_EDGE('',*,*,#5015,.T.);
#6701=ORIENTED_EDGE('',*,*,#4704,.F.);
#6702=ORIENTED_EDGE('',*,*,#5015,.F.);
#6703=ORIENTED_EDGE('',*,*,#4634,.F.);
#6704=ORIENTED_EDGE('',*,*,#4652,.F.);
#6705=ORIENTED_EDGE('',*,*,#4651,.F.);
#6706=ORIENTED_EDGE('',*,*,#4632,.F.);
#6707=ORIENTED_EDGE('',*,*,#4657,.F.);
#6708=ORIENTED_EDGE('',*,*,#4702,.F.);
#6709=ORIENTED_EDGE('',*,*,#4656,.F.);
#6710=ORIENTED_EDGE('',*,*,#4630,.F.);
#6711=ORIENTED_EDGE('',*,*,#5016,.T.);
#6712=ORIENTED_EDGE('',*,*,#4701,.F.);
#6713=ORIENTED_EDGE('',*,*,#4697,.F.);
#6714=ORIENTED_EDGE('',*,*,#5016,.F.);
#6715=ORIENTED_EDGE('',*,*,#4629,.F.);
#6716=ORIENTED_EDGE('',*,*,#5017,.T.);
#6717=ORIENTED_EDGE('',*,*,#4694,.F.);
#6718=ORIENTED_EDGE('',*,*,#5017,.F.);
#6719=ORIENTED_EDGE('',*,*,#4628,.F.);
#6720=ORIENTED_EDGE('',*,*,#4662,.F.);
#6721=ORIENTED_EDGE('',*,*,#4613,.F.);
#6722=ORIENTED_EDGE('',*,*,#5018,.F.);
#6723=ORIENTED_EDGE('',*,*,#5006,.F.);
#6724=ORIENTED_EDGE('',*,*,#4693,.F.);
#6725=ORIENTED_EDGE('',*,*,#4661,.F.);
#6726=ORIENTED_EDGE('',*,*,#4626,.F.);
#6727=ORIENTED_EDGE('',*,*,#4616,.F.);
#6728=ORIENTED_EDGE('',*,*,#4625,.F.);
#6729=ORIENTED_EDGE('',*,*,#4808,.T.);
#6730=ORIENTED_EDGE('',*,*,#5018,.T.);
#6731=ORIENTED_EDGE('',*,*,#5019,.F.);
#6732=ORIENTED_EDGE('',*,*,#5020,.F.);
#6733=ORIENTED_EDGE('',*,*,#5021,.F.);
#6734=ORIENTED_EDGE('',*,*,#4818,.F.);
#6735=ORIENTED_EDGE('',*,*,#5021,.T.);
#6736=ORIENTED_EDGE('',*,*,#5022,.F.);
#6737=ORIENTED_EDGE('',*,*,#5003,.T.);
#6738=ORIENTED_EDGE('',*,*,#4819,.F.);
#6739=ORIENTED_EDGE('',*,*,#5005,.T.);
#6740=ORIENTED_EDGE('',*,*,#5023,.F.);
#6741=ORIENTED_EDGE('',*,*,#5024,.T.);
#6742=ORIENTED_EDGE('',*,*,#4821,.F.);
#6743=ORIENTED_EDGE('',*,*,#5024,.F.);
#6744=ORIENTED_EDGE('',*,*,#5025,.F.);
#6745=ORIENTED_EDGE('',*,*,#5026,.F.);
#6746=ORIENTED_EDGE('',*,*,#4822,.F.);
#6747=ORIENTED_EDGE('',*,*,#4826,.F.);
#6748=ORIENTED_EDGE('',*,*,#5027,.T.);
#6749=ORIENTED_EDGE('',*,*,#5028,.T.);
#6750=ORIENTED_EDGE('',*,*,#5027,.F.);
#6751=ORIENTED_EDGE('',*,*,#4825,.F.);
#6752=ORIENTED_EDGE('',*,*,#5029,.T.);
#6753=ORIENTED_EDGE('',*,*,#5030,.T.);
#6754=ORIENTED_EDGE('',*,*,#5029,.F.);
#6755=ORIENTED_EDGE('',*,*,#4824,.F.);
#6756=ORIENTED_EDGE('',*,*,#5031,.T.);
#6757=ORIENTED_EDGE('',*,*,#5032,.T.);
#6758=ORIENTED_EDGE('',*,*,#5031,.F.);
#6759=ORIENTED_EDGE('',*,*,#4823,.F.);
#6760=ORIENTED_EDGE('',*,*,#5033,.T.);
#6761=ORIENTED_EDGE('',*,*,#5034,.T.);
#6762=ORIENTED_EDGE('',*,*,#5033,.F.);
#6763=ORIENTED_EDGE('',*,*,#5035,.T.);
#6764=ORIENTED_EDGE('',*,*,#5036,.F.);
#6765=ORIENTED_EDGE('',*,*,#5019,.T.);
#6766=ORIENTED_EDGE('',*,*,#4817,.F.);
#6767=ORIENTED_EDGE('',*,*,#5037,.F.);
#6768=ORIENTED_EDGE('',*,*,#5038,.F.);
#6769=ORIENTED_EDGE('',*,*,#5035,.F.);
#6770=ORIENTED_EDGE('',*,*,#4816,.F.);
#6771=ORIENTED_EDGE('',*,*,#5039,.T.);
#6772=ORIENTED_EDGE('',*,*,#5040,.F.);
#6773=ORIENTED_EDGE('',*,*,#5037,.T.);
#6774=ORIENTED_EDGE('',*,*,#4815,.F.);
#6775=ORIENTED_EDGE('',*,*,#5041,.F.);
#6776=ORIENTED_EDGE('',*,*,#5042,.F.);
#6777=ORIENTED_EDGE('',*,*,#5043,.F.);
#6778=ORIENTED_EDGE('',*,*,#5044,.F.);
#6779=ORIENTED_EDGE('',*,*,#5045,.F.);
#6780=ORIENTED_EDGE('',*,*,#5046,.F.);
#6781=ORIENTED_EDGE('',*,*,#5047,.F.);
#6782=ORIENTED_EDGE('',*,*,#5042,.T.);
#6783=ORIENTED_EDGE('',*,*,#5048,.F.);
#6784=ORIENTED_EDGE('',*,*,#5049,.F.);
#6785=ORIENTED_EDGE('',*,*,#5050,.F.);
#6786=ORIENTED_EDGE('',*,*,#5046,.T.);
#6787=ORIENTED_EDGE('',*,*,#5051,.F.);
#6788=ORIENTED_EDGE('',*,*,#5052,.T.);
#6789=ORIENTED_EDGE('',*,*,#5053,.F.);
#6790=ORIENTED_EDGE('',*,*,#5054,.F.);
#6791=ORIENTED_EDGE('',*,*,#5055,.F.);
#6792=ORIENTED_EDGE('',*,*,#5056,.T.);
#6793=ORIENTED_EDGE('',*,*,#5057,.F.);
#6794=ORIENTED_EDGE('',*,*,#5052,.F.);
#6795=ORIENTED_EDGE('',*,*,#5058,.F.);
#6796=ORIENTED_EDGE('',*,*,#5059,.T.);
#6797=ORIENTED_EDGE('',*,*,#5060,.F.);
#6798=ORIENTED_EDGE('',*,*,#5056,.F.);
#6799=ORIENTED_EDGE('',*,*,#5061,.F.);
#6800=ORIENTED_EDGE('',*,*,#5062,.T.);
#6801=ORIENTED_EDGE('',*,*,#5063,.F.);
#6802=ORIENTED_EDGE('',*,*,#4987,.T.);
#6803=ORIENTED_EDGE('',*,*,#5063,.T.);
#6804=ORIENTED_EDGE('',*,*,#5064,.T.);
#6805=ORIENTED_EDGE('',*,*,#5065,.F.);
#6806=ORIENTED_EDGE('',*,*,#4988,.T.);
#6807=ORIENTED_EDGE('',*,*,#5065,.T.);
#6808=ORIENTED_EDGE('',*,*,#5066,.T.);
#6809=ORIENTED_EDGE('',*,*,#5067,.F.);
#6810=ORIENTED_EDGE('',*,*,#4989,.T.);
#6811=ORIENTED_EDGE('',*,*,#5067,.T.);
#6812=ORIENTED_EDGE('',*,*,#5068,.T.);
#6813=ORIENTED_EDGE('',*,*,#5069,.F.);
#6814=ORIENTED_EDGE('',*,*,#4990,.T.);
#6815=ORIENTED_EDGE('',*,*,#5069,.T.);
#6816=ORIENTED_EDGE('',*,*,#5053,.T.);
#6817=ORIENTED_EDGE('',*,*,#5070,.F.);
#6818=ORIENTED_EDGE('',*,*,#4991,.T.);
#6819=ORIENTED_EDGE('',*,*,#5070,.T.);
#6820=ORIENTED_EDGE('',*,*,#5057,.T.);
#6821=ORIENTED_EDGE('',*,*,#5071,.F.);
#6822=ORIENTED_EDGE('',*,*,#4992,.T.);
#6823=ORIENTED_EDGE('',*,*,#5071,.T.);
#6824=ORIENTED_EDGE('',*,*,#5060,.T.);
#6825=ORIENTED_EDGE('',*,*,#5072,.F.);
#6826=ORIENTED_EDGE('',*,*,#4993,.T.);
#6827=ORIENTED_EDGE('',*,*,#5072,.T.);
#6828=ORIENTED_EDGE('',*,*,#5073,.T.);
#6829=ORIENTED_EDGE('',*,*,#5074,.F.);
#6830=ORIENTED_EDGE('',*,*,#4994,.T.);
#6831=ORIENTED_EDGE('',*,*,#5074,.T.);
#6832=ORIENTED_EDGE('',*,*,#5043,.T.);
#6833=ORIENTED_EDGE('',*,*,#5075,.F.);
#6834=ORIENTED_EDGE('',*,*,#4995,.T.);
#6835=ORIENTED_EDGE('',*,*,#5075,.T.);
#6836=ORIENTED_EDGE('',*,*,#5047,.T.);
#6837=ORIENTED_EDGE('',*,*,#5076,.F.);
#6838=ORIENTED_EDGE('',*,*,#4996,.T.);
#6839=ORIENTED_EDGE('',*,*,#5076,.T.);
#6840=ORIENTED_EDGE('',*,*,#5050,.T.);
#6841=ORIENTED_EDGE('',*,*,#5077,.F.);
#6842=ORIENTED_EDGE('',*,*,#4997,.T.);
#6843=ORIENTED_EDGE('',*,*,#5077,.T.);
#6844=ORIENTED_EDGE('',*,*,#5078,.T.);
#6845=ORIENTED_EDGE('',*,*,#5079,.F.);
#6846=ORIENTED_EDGE('',*,*,#4998,.T.);
#6847=ORIENTED_EDGE('',*,*,#5079,.T.);
#6848=ORIENTED_EDGE('',*,*,#5080,.T.);
#6849=ORIENTED_EDGE('',*,*,#5081,.F.);
#6850=ORIENTED_EDGE('',*,*,#4999,.T.);
#6851=ORIENTED_EDGE('',*,*,#5081,.T.);
#6852=ORIENTED_EDGE('',*,*,#5082,.T.);
#6853=ORIENTED_EDGE('',*,*,#5083,.F.);
#6854=ORIENTED_EDGE('',*,*,#5000,.T.);
#6855=ORIENTED_EDGE('',*,*,#5083,.T.);
#6856=ORIENTED_EDGE('',*,*,#5084,.T.);
#6857=ORIENTED_EDGE('',*,*,#5085,.F.);
#6858=ORIENTED_EDGE('',*,*,#5001,.T.);
#6859=ORIENTED_EDGE('',*,*,#5061,.T.);
#6860=ORIENTED_EDGE('',*,*,#4986,.T.);
#6861=ORIENTED_EDGE('',*,*,#5085,.T.);
#6862=ORIENTED_EDGE('',*,*,#5086,.T.);
#6863=ORIENTED_EDGE('',*,*,#5087,.F.);
#6864=ORIENTED_EDGE('',*,*,#5088,.F.);
#6865=ORIENTED_EDGE('',*,*,#5039,.F.);
#6866=ORIENTED_EDGE('',*,*,#4814,.F.);
#6867=ORIENTED_EDGE('',*,*,#5089,.T.);
#6868=ORIENTED_EDGE('',*,*,#5090,.F.);
#6869=ORIENTED_EDGE('',*,*,#5087,.T.);
#6870=ORIENTED_EDGE('',*,*,#4813,.F.);
#6871=ORIENTED_EDGE('',*,*,#5091,.F.);
#6872=ORIENTED_EDGE('',*,*,#5092,.F.);
#6873=ORIENTED_EDGE('',*,*,#5089,.F.);
#6874=ORIENTED_EDGE('',*,*,#4812,.F.);
#6875=ORIENTED_EDGE('',*,*,#5093,.T.);
#6876=ORIENTED_EDGE('',*,*,#5094,.F.);
#6877=ORIENTED_EDGE('',*,*,#5091,.T.);
#6878=ORIENTED_EDGE('',*,*,#4811,.F.);
#6879=ORIENTED_EDGE('',*,*,#5095,.F.);
#6880=ORIENTED_EDGE('',*,*,#5096,.F.);
#6881=ORIENTED_EDGE('',*,*,#5093,.F.);
#6882=ORIENTED_EDGE('',*,*,#4810,.F.);
#6883=ORIENTED_EDGE('',*,*,#4623,.T.);
#6884=ORIENTED_EDGE('',*,*,#5097,.F.);
#6885=ORIENTED_EDGE('',*,*,#5095,.T.);
#6886=ORIENTED_EDGE('',*,*,#4809,.F.);
#6887=ORIENTED_EDGE('',*,*,#5098,.F.);
#6888=ORIENTED_EDGE('',*,*,#5099,.T.);
#6889=ORIENTED_EDGE('',*,*,#5066,.F.);
#6890=ORIENTED_EDGE('',*,*,#5100,.F.);
#6891=ORIENTED_EDGE('',*,*,#5101,.F.);
#6892=ORIENTED_EDGE('',*,*,#5100,.T.);
#6893=ORIENTED_EDGE('',*,*,#5064,.F.);
#6894=ORIENTED_EDGE('',*,*,#5102,.F.);
#6895=ORIENTED_EDGE('',*,*,#5103,.F.);
#6896=ORIENTED_EDGE('',*,*,#5102,.T.);
#6897=ORIENTED_EDGE('',*,*,#5062,.F.);
#6898=ORIENTED_EDGE('',*,*,#5104,.T.);
#6899=ORIENTED_EDGE('',*,*,#5105,.F.);
#6900=ORIENTED_EDGE('',*,*,#5106,.F.);
#6901=ORIENTED_EDGE('',*,*,#5084,.F.);
#6902=ORIENTED_EDGE('',*,*,#5107,.T.);
#6903=ORIENTED_EDGE('',*,*,#5108,.F.);
#6904=ORIENTED_EDGE('',*,*,#5107,.F.);
#6905=ORIENTED_EDGE('',*,*,#5082,.F.);
#6906=ORIENTED_EDGE('',*,*,#5109,.T.);
#6907=ORIENTED_EDGE('',*,*,#5110,.F.);
#6908=ORIENTED_EDGE('',*,*,#5109,.F.);
#6909=ORIENTED_EDGE('',*,*,#5080,.F.);
#6910=ORIENTED_EDGE('',*,*,#5111,.T.);
#6911=ORIENTED_EDGE('',*,*,#5112,.F.);
#6912=ORIENTED_EDGE('',*,*,#5040,.T.);
#6913=ORIENTED_EDGE('',*,*,#5113,.F.);
#6914=ORIENTED_EDGE('',*,*,#5098,.T.);
#6915=ORIENTED_EDGE('',*,*,#5114,.F.);
#6916=ORIENTED_EDGE('',*,*,#5038,.T.);
#6917=ORIENTED_EDGE('',*,*,#5112,.T.);
#6918=ORIENTED_EDGE('',*,*,#5101,.T.);
#6919=ORIENTED_EDGE('',*,*,#5115,.F.);
#6920=ORIENTED_EDGE('',*,*,#5036,.T.);
#6921=ORIENTED_EDGE('',*,*,#5114,.T.);
#6922=ORIENTED_EDGE('',*,*,#5103,.T.);
#6923=ORIENTED_EDGE('',*,*,#5116,.T.);
#6924=ORIENTED_EDGE('',*,*,#5117,.T.);
#6925=ORIENTED_EDGE('',*,*,#5118,.F.);
#6926=ORIENTED_EDGE('',*,*,#5020,.T.);
#6927=ORIENTED_EDGE('',*,*,#5115,.T.);
#6928=ORIENTED_EDGE('',*,*,#5119,.T.);
#6929=ORIENTED_EDGE('',*,*,#5120,.F.);
#6930=ORIENTED_EDGE('',*,*,#5022,.T.);
#6931=ORIENTED_EDGE('',*,*,#5118,.T.);
#6932=ORIENTED_EDGE('',*,*,#5105,.T.);
#6933=ORIENTED_EDGE('',*,*,#5121,.F.);
#6934=ORIENTED_EDGE('',*,*,#5004,.T.);
#6935=ORIENTED_EDGE('',*,*,#5120,.T.);
#6936=ORIENTED_EDGE('',*,*,#5108,.T.);
#6937=ORIENTED_EDGE('',*,*,#5122,.F.);
#6938=ORIENTED_EDGE('',*,*,#5023,.T.);
#6939=ORIENTED_EDGE('',*,*,#5121,.T.);
#6940=ORIENTED_EDGE('',*,*,#5110,.T.);
#6941=ORIENTED_EDGE('',*,*,#5123,.T.);
#6942=ORIENTED_EDGE('',*,*,#5124,.T.);
#6943=ORIENTED_EDGE('',*,*,#5125,.T.);
#6944=ORIENTED_EDGE('',*,*,#5126,.F.);
#6945=ORIENTED_EDGE('',*,*,#5025,.T.);
#6946=ORIENTED_EDGE('',*,*,#5122,.T.);
#6947=ORIENTED_EDGE('',*,*,#5127,.T.);
#6948=ORIENTED_EDGE('',*,*,#5128,.F.);
#6949=ORIENTED_EDGE('',*,*,#5129,.T.);
#6950=ORIENTED_EDGE('',*,*,#5126,.T.);
#6951=ORIENTED_EDGE('',*,*,#5048,.T.);
#6952=ORIENTED_EDGE('',*,*,#5130,.F.);
#6953=ORIENTED_EDGE('',*,*,#4622,.T.);
#6954=ORIENTED_EDGE('',*,*,#5128,.T.);
#6955=ORIENTED_EDGE('',*,*,#5045,.T.);
#6956=ORIENTED_EDGE('',*,*,#5131,.F.);
#6957=ORIENTED_EDGE('',*,*,#5097,.T.);
#6958=ORIENTED_EDGE('',*,*,#5130,.T.);
#6959=ORIENTED_EDGE('',*,*,#5041,.T.);
#6960=ORIENTED_EDGE('',*,*,#5132,.T.);
#6961=ORIENTED_EDGE('',*,*,#5133,.T.);
#6962=ORIENTED_EDGE('',*,*,#5134,.F.);
#6963=ORIENTED_EDGE('',*,*,#5096,.T.);
#6964=ORIENTED_EDGE('',*,*,#5131,.T.);
#6965=ORIENTED_EDGE('',*,*,#5135,.T.);
#6966=ORIENTED_EDGE('',*,*,#5136,.F.);
#6967=ORIENTED_EDGE('',*,*,#5094,.T.);
#6968=ORIENTED_EDGE('',*,*,#5134,.T.);
#6969=ORIENTED_EDGE('',*,*,#5058,.T.);
#6970=ORIENTED_EDGE('',*,*,#5137,.F.);
#6971=ORIENTED_EDGE('',*,*,#5092,.T.);
#6972=ORIENTED_EDGE('',*,*,#5136,.T.);
#6973=ORIENTED_EDGE('',*,*,#5055,.T.);
#6974=ORIENTED_EDGE('',*,*,#5138,.F.);
#6975=ORIENTED_EDGE('',*,*,#5090,.T.);
#6976=ORIENTED_EDGE('',*,*,#5137,.T.);
#6977=ORIENTED_EDGE('',*,*,#5051,.T.);
#6978=ORIENTED_EDGE('',*,*,#5139,.T.);
#6979=ORIENTED_EDGE('',*,*,#5140,.T.);
#6980=ORIENTED_EDGE('',*,*,#5113,.T.);
#6981=ORIENTED_EDGE('',*,*,#5088,.T.);
#6982=ORIENTED_EDGE('',*,*,#5138,.T.);
#6983=ORIENTED_EDGE('',*,*,#5141,.T.);
#6984=ORIENTED_EDGE('',*,*,#5142,.T.);
#6985=ORIENTED_EDGE('',*,*,#5127,.F.);
#6986=ORIENTED_EDGE('',*,*,#5111,.F.);
#6987=ORIENTED_EDGE('',*,*,#5078,.F.);
#6988=ORIENTED_EDGE('',*,*,#5049,.T.);
#6989=ORIENTED_EDGE('',*,*,#5125,.F.);
#6990=ORIENTED_EDGE('',*,*,#5143,.T.);
#6991=ORIENTED_EDGE('',*,*,#5144,.T.);
#6992=ORIENTED_EDGE('',*,*,#5119,.F.);
#6993=ORIENTED_EDGE('',*,*,#5104,.F.);
#6994=ORIENTED_EDGE('',*,*,#5086,.F.);
#6995=ORIENTED_EDGE('',*,*,#5106,.T.);
#6996=ORIENTED_EDGE('',*,*,#5117,.F.);
#6997=ORIENTED_EDGE('',*,*,#5145,.T.);
#6998=ORIENTED_EDGE('',*,*,#5146,.T.);
#6999=ORIENTED_EDGE('',*,*,#5135,.F.);
#7000=ORIENTED_EDGE('',*,*,#5044,.T.);
#7001=ORIENTED_EDGE('',*,*,#5073,.F.);
#7002=ORIENTED_EDGE('',*,*,#5059,.F.);
#7003=ORIENTED_EDGE('',*,*,#5133,.F.);
#7004=ORIENTED_EDGE('',*,*,#5147,.T.);
#7005=ORIENTED_EDGE('',*,*,#5148,.T.);
#7006=ORIENTED_EDGE('',*,*,#5141,.F.);
#7007=ORIENTED_EDGE('',*,*,#5054,.T.);
#7008=ORIENTED_EDGE('',*,*,#5068,.F.);
#7009=ORIENTED_EDGE('',*,*,#5099,.F.);
#7010=ORIENTED_EDGE('',*,*,#5140,.F.);
#7011=ORIENTED_EDGE('',*,*,#5149,.F.);
#7012=ORIENTED_EDGE('',*,*,#5030,.F.);
#7013=ORIENTED_EDGE('',*,*,#5123,.F.);
#7014=ORIENTED_EDGE('',*,*,#5142,.F.);
#7015=ORIENTED_EDGE('',*,*,#5124,.F.);
#7016=ORIENTED_EDGE('',*,*,#5150,.T.);
#7017=ORIENTED_EDGE('',*,*,#5149,.T.);
#7018=ORIENTED_EDGE('',*,*,#5150,.F.);
#7019=ORIENTED_EDGE('',*,*,#5151,.F.);
#7020=ORIENTED_EDGE('',*,*,#5034,.F.);
#7021=ORIENTED_EDGE('',*,*,#5116,.F.);
#7022=ORIENTED_EDGE('',*,*,#5144,.F.);
#7023=ORIENTED_EDGE('',*,*,#5152,.T.);
#7024=ORIENTED_EDGE('',*,*,#5151,.T.);
#7025=ORIENTED_EDGE('',*,*,#5152,.F.);
#7026=ORIENTED_EDGE('',*,*,#5143,.F.);
#7027=ORIENTED_EDGE('',*,*,#5153,.F.);
#7028=ORIENTED_EDGE('',*,*,#5028,.F.);
#7029=ORIENTED_EDGE('',*,*,#5132,.F.);
#7030=ORIENTED_EDGE('',*,*,#5146,.F.);
#7031=ORIENTED_EDGE('',*,*,#5154,.T.);
#7032=ORIENTED_EDGE('',*,*,#5153,.T.);
#7033=ORIENTED_EDGE('',*,*,#5154,.F.);
#7034=ORIENTED_EDGE('',*,*,#5145,.F.);
#7035=ORIENTED_EDGE('',*,*,#5155,.F.);
#7036=ORIENTED_EDGE('',*,*,#5032,.F.);
#7037=ORIENTED_EDGE('',*,*,#5139,.F.);
#7038=ORIENTED_EDGE('',*,*,#5148,.F.);
#7039=ORIENTED_EDGE('',*,*,#5156,.T.);
#7040=ORIENTED_EDGE('',*,*,#5155,.T.);
#7041=ORIENTED_EDGE('',*,*,#5156,.F.);
#7042=ORIENTED_EDGE('',*,*,#5147,.F.);
#7043=ORIENTED_EDGE('',*,*,#5026,.T.);
#7044=ORIENTED_EDGE('',*,*,#5129,.F.);
#7045=ORIENTED_EDGE('',*,*,#4621,.T.);
#7046=ORIENTED_EDGE('',*,*,#4792,.F.);
#7047=ORIENTED_EDGE('',*,*,#4664,.T.);
#7048=ORIENTED_EDGE('',*,*,#5013,.T.);
#7049=ORIENTED_EDGE('',*,*,#4796,.F.);
#7050=ORIENTED_EDGE('',*,*,#4782,.F.);
#7051=ORIENTED_EDGE('',*,*,#4670,.F.);
#7052=ORIENTED_EDGE('',*,*,#5157,.F.);
#7053=ORIENTED_EDGE('',*,*,#4800,.F.);
#7054=ORIENTED_EDGE('',*,*,#4828,.T.);
#7055=ORIENTED_EDGE('',*,*,#4787,.F.);
#7056=ORIENTED_EDGE('',*,*,#5012,.F.);
#7057=ORIENTED_EDGE('',*,*,#4671,.F.);
#7058=ORIENTED_EDGE('',*,*,#5158,.T.);
#7059=ORIENTED_EDGE('',*,*,#4801,.F.);
#7060=ORIENTED_EDGE('',*,*,#5157,.T.);
#7061=ORIENTED_EDGE('',*,*,#4674,.F.);
#7062=ORIENTED_EDGE('',*,*,#5011,.T.);
#7063=ORIENTED_EDGE('',*,*,#4802,.F.);
#7064=ORIENTED_EDGE('',*,*,#5158,.F.);
#7065=ORIENTED_EDGE('',*,*,#5159,.T.);
#7066=ORIENTED_EDGE('',*,*,#5160,.T.);
#7067=ORIENTED_EDGE('',*,*,#5161,.T.);
#7068=ORIENTED_EDGE('',*,*,#5160,.F.);
#7069=ORIENTED_EDGE('',*,*,#5162,.T.);
#7070=ORIENTED_EDGE('',*,*,#5159,.F.);
#7071=ORIENTED_EDGE('',*,*,#5163,.T.);
#7072=ORIENTED_EDGE('',*,*,#5164,.T.);
#7073=ORIENTED_EDGE('',*,*,#5163,.F.);
#7074=ORIENTED_EDGE('',*,*,#5162,.F.);
#7075=ORIENTED_EDGE('',*,*,#5165,.F.);
#7076=ORIENTED_EDGE('',*,*,#5166,.F.);
#7077=ORIENTED_EDGE('',*,*,#5167,.F.);
#7078=ORIENTED_EDGE('',*,*,#5168,.F.);
#7079=ORIENTED_EDGE('',*,*,#5169,.F.);
#7080=ORIENTED_EDGE('',*,*,#5170,.F.);
#7081=ORIENTED_EDGE('',*,*,#5171,.F.);
#7082=ORIENTED_EDGE('',*,*,#5172,.F.);
#7083=ORIENTED_EDGE('',*,*,#5173,.F.);
#7084=ORIENTED_EDGE('',*,*,#5174,.F.);
#7085=ORIENTED_EDGE('',*,*,#5175,.F.);
#7086=ORIENTED_EDGE('',*,*,#5176,.F.);
#7087=ORIENTED_EDGE('',*,*,#5177,.F.);
#7088=ORIENTED_EDGE('',*,*,#5178,.F.);
#7089=ORIENTED_EDGE('',*,*,#5179,.F.);
#7090=ORIENTED_EDGE('',*,*,#5180,.F.);
#7091=ORIENTED_EDGE('',*,*,#5181,.F.);
#7092=ORIENTED_EDGE('',*,*,#5182,.F.);
#7093=ORIENTED_EDGE('',*,*,#5183,.F.);
#7094=ORIENTED_EDGE('',*,*,#5184,.F.);
#7095=ORIENTED_EDGE('',*,*,#5185,.F.);
#7096=ORIENTED_EDGE('',*,*,#5186,.F.);
#7097=ORIENTED_EDGE('',*,*,#5187,.F.);
#7098=ORIENTED_EDGE('',*,*,#5188,.F.);
#7099=ORIENTED_EDGE('',*,*,#5189,.F.);
#7100=ORIENTED_EDGE('',*,*,#5190,.F.);
#7101=ORIENTED_EDGE('',*,*,#5191,.F.);
#7102=ORIENTED_EDGE('',*,*,#5192,.F.);
#7103=ORIENTED_EDGE('',*,*,#5193,.F.);
#7104=ORIENTED_EDGE('',*,*,#5194,.F.);
#7105=ORIENTED_EDGE('',*,*,#5195,.F.);
#7106=ORIENTED_EDGE('',*,*,#5196,.F.);
#7107=ORIENTED_EDGE('',*,*,#5197,.F.);
#7108=ORIENTED_EDGE('',*,*,#5198,.F.);
#7109=ORIENTED_EDGE('',*,*,#5199,.F.);
#7110=ORIENTED_EDGE('',*,*,#5200,.F.);
#7111=ORIENTED_EDGE('',*,*,#5201,.F.);
#7112=ORIENTED_EDGE('',*,*,#5202,.F.);
#7113=ORIENTED_EDGE('',*,*,#5203,.F.);
#7114=ORIENTED_EDGE('',*,*,#5204,.F.);
#7115=ORIENTED_EDGE('',*,*,#5161,.F.);
#7116=ORIENTED_EDGE('',*,*,#5164,.F.);
#7117=ORIENTED_EDGE('',*,*,#5205,.T.);
#7118=ORIENTED_EDGE('',*,*,#5206,.F.);
#7119=ORIENTED_EDGE('',*,*,#5205,.F.);
#7120=ORIENTED_EDGE('',*,*,#5207,.T.);
#7121=ORIENTED_EDGE('',*,*,#5208,.T.);
#7122=ORIENTED_EDGE('',*,*,#5206,.T.);
#7123=ORIENTED_EDGE('',*,*,#5208,.F.);
#7124=ORIENTED_EDGE('',*,*,#5207,.F.);
#7125=ORIENTED_EDGE('',*,*,#5209,.T.);
#7126=ORIENTED_EDGE('',*,*,#5210,.T.);
#7127=ORIENTED_EDGE('',*,*,#5211,.T.);
#7128=ORIENTED_EDGE('',*,*,#5210,.F.);
#7129=ORIENTED_EDGE('',*,*,#5212,.T.);
#7130=ORIENTED_EDGE('',*,*,#5213,.F.);
#7131=ORIENTED_EDGE('',*,*,#5214,.T.);
#7132=ORIENTED_EDGE('',*,*,#5215,.F.);
#7133=ORIENTED_EDGE('',*,*,#5216,.T.);
#7134=ORIENTED_EDGE('',*,*,#5217,.F.);
#7135=ORIENTED_EDGE('',*,*,#5218,.T.);
#7136=ORIENTED_EDGE('',*,*,#5219,.F.);
#7137=ORIENTED_EDGE('',*,*,#5220,.F.);
#7138=ORIENTED_EDGE('',*,*,#5221,.F.);
#7139=ORIENTED_EDGE('',*,*,#5222,.F.);
#7140=ORIENTED_EDGE('',*,*,#5211,.F.);
#7141=ORIENTED_EDGE('',*,*,#5209,.F.);
#7142=ORIENTED_EDGE('',*,*,#5223,.T.);
#7143=ORIENTED_EDGE('',*,*,#5224,.T.);
#7144=ORIENTED_EDGE('',*,*,#5223,.F.);
#7145=ORIENTED_EDGE('',*,*,#5225,.T.);
#7146=ORIENTED_EDGE('',*,*,#5226,.T.);
#7147=ORIENTED_EDGE('',*,*,#5220,.T.);
#7148=ORIENTED_EDGE('',*,*,#5226,.F.);
#7149=ORIENTED_EDGE('',*,*,#5225,.F.);
#7150=ORIENTED_EDGE('',*,*,#5227,.T.);
#7151=ORIENTED_EDGE('',*,*,#5228,.T.);
#7152=ORIENTED_EDGE('',*,*,#5227,.F.);
#7153=ORIENTED_EDGE('',*,*,#5229,.T.);
#7154=ORIENTED_EDGE('',*,*,#5230,.T.);
#7155=ORIENTED_EDGE('',*,*,#5222,.T.);
#7156=ORIENTED_EDGE('',*,*,#5230,.F.);
#7157=ORIENTED_EDGE('',*,*,#5229,.F.);
#7158=ORIENTED_EDGE('',*,*,#5231,.T.);
#7159=ORIENTED_EDGE('',*,*,#5232,.T.);
#7160=ORIENTED_EDGE('',*,*,#5231,.F.);
#7161=ORIENTED_EDGE('',*,*,#5233,.T.);
#7162=ORIENTED_EDGE('',*,*,#5234,.T.);
#7163=ORIENTED_EDGE('',*,*,#5221,.T.);
#7164=ORIENTED_EDGE('',*,*,#5234,.F.);
#7165=ORIENTED_EDGE('',*,*,#5233,.F.);
#7166=ORIENTED_EDGE('',*,*,#5235,.T.);
#7167=ORIENTED_EDGE('',*,*,#5236,.T.);
#7168=ORIENTED_EDGE('',*,*,#5235,.F.);
#7169=ORIENTED_EDGE('',*,*,#5237,.T.);
#7170=ORIENTED_EDGE('',*,*,#5197,.T.);
#7171=ORIENTED_EDGE('',*,*,#5238,.T.);
#7172=ORIENTED_EDGE('',*,*,#5215,.T.);
#7173=ORIENTED_EDGE('',*,*,#5237,.F.);
#7174=ORIENTED_EDGE('',*,*,#5214,.F.);
#7175=ORIENTED_EDGE('',*,*,#5239,.T.);
#7176=ORIENTED_EDGE('',*,*,#5198,.T.);
#7177=ORIENTED_EDGE('',*,*,#5240,.T.);
#7178=ORIENTED_EDGE('',*,*,#5199,.T.);
#7179=ORIENTED_EDGE('',*,*,#5239,.F.);
#7180=ORIENTED_EDGE('',*,*,#5213,.T.);
#7181=ORIENTED_EDGE('',*,*,#5240,.F.);
#7182=ORIENTED_EDGE('',*,*,#5212,.F.);
#7183=ORIENTED_EDGE('',*,*,#5241,.T.);
#7184=ORIENTED_EDGE('',*,*,#5200,.T.);
#7185=ORIENTED_EDGE('',*,*,#5242,.T.);
#7186=ORIENTED_EDGE('',*,*,#5201,.T.);
#7187=ORIENTED_EDGE('',*,*,#5241,.F.);
#7188=ORIENTED_EDGE('',*,*,#5219,.T.);
#7189=ORIENTED_EDGE('',*,*,#5242,.F.);
#7190=ORIENTED_EDGE('',*,*,#5218,.F.);
#7191=ORIENTED_EDGE('',*,*,#5243,.T.);
#7192=ORIENTED_EDGE('',*,*,#5202,.T.);
#7193=ORIENTED_EDGE('',*,*,#5244,.T.);
#7194=ORIENTED_EDGE('',*,*,#5203,.T.);
#7195=ORIENTED_EDGE('',*,*,#5243,.F.);
#7196=ORIENTED_EDGE('',*,*,#5217,.T.);
#7197=ORIENTED_EDGE('',*,*,#5244,.F.);
#7198=ORIENTED_EDGE('',*,*,#5216,.F.);
#7199=ORIENTED_EDGE('',*,*,#5238,.F.);
#7200=ORIENTED_EDGE('',*,*,#5204,.T.);
#7201=ORIENTED_EDGE('',*,*,#4951,.T.);
#7202=ORIENTED_EDGE('',*,*,#4954,.F.);
#7203=ORIENTED_EDGE('',*,*,#4956,.T.);
#7204=ORIENTED_EDGE('',*,*,#4968,.F.);
#7205=ORIENTED_EDGE('',*,*,#5245,.T.);
#7206=ORIENTED_EDGE('',*,*,#4979,.F.);
#7207=ORIENTED_EDGE('',*,*,#4981,.T.);
#7208=ORIENTED_EDGE('',*,*,#4958,.T.);
#7209=ORIENTED_EDGE('',*,*,#5224,.F.);
#7210=ORIENTED_EDGE('',*,*,#5228,.F.);
#7211=ORIENTED_EDGE('',*,*,#5236,.F.);
#7212=ORIENTED_EDGE('',*,*,#5232,.F.);
#7213=ORIENTED_EDGE('',*,*,#4934,.F.);
#7214=ORIENTED_EDGE('',*,*,#4980,.F.);
#7215=ORIENTED_EDGE('',*,*,#5245,.F.);
#7216=ORIENTED_EDGE('',*,*,#4967,.T.);
#7217=ORIENTED_EDGE('',*,*,#5246,.F.);
#7218=ORIENTED_EDGE('',*,*,#5247,.T.);
#7219=ORIENTED_EDGE('',*,*,#5248,.T.);
#7220=ORIENTED_EDGE('',*,*,#5192,.T.);
#7221=ORIENTED_EDGE('',*,*,#5249,.T.);
#7222=ORIENTED_EDGE('',*,*,#5248,.F.);
#7223=ORIENTED_EDGE('',*,*,#5250,.T.);
#7224=ORIENTED_EDGE('',*,*,#5251,.T.);
#7225=ORIENTED_EDGE('',*,*,#5193,.T.);
#7226=ORIENTED_EDGE('',*,*,#5252,.T.);
#7227=ORIENTED_EDGE('',*,*,#5194,.T.);
#7228=ORIENTED_EDGE('',*,*,#5251,.F.);
#7229=ORIENTED_EDGE('',*,*,#5253,.T.);
#7230=ORIENTED_EDGE('',*,*,#5252,.F.);
#7231=ORIENTED_EDGE('',*,*,#5254,.T.);
#7232=ORIENTED_EDGE('',*,*,#5255,.T.);
#7233=ORIENTED_EDGE('',*,*,#5195,.T.);
#7234=ORIENTED_EDGE('',*,*,#5256,.F.);
#7235=ORIENTED_EDGE('',*,*,#5196,.T.);
#7236=ORIENTED_EDGE('',*,*,#5255,.F.);
#7237=ORIENTED_EDGE('',*,*,#5257,.T.);
#7238=ORIENTED_EDGE('',*,*,#5258,.T.);
#7239=ORIENTED_EDGE('',*,*,#5257,.F.);
#7240=ORIENTED_EDGE('',*,*,#5259,.F.);
#7241=ORIENTED_EDGE('',*,*,#5260,.T.);
#7242=ORIENTED_EDGE('',*,*,#5254,.F.);
#7243=ORIENTED_EDGE('',*,*,#5261,.T.);
#7244=ORIENTED_EDGE('',*,*,#5262,.F.);
#7245=ORIENTED_EDGE('',*,*,#5259,.T.);
#7246=ORIENTED_EDGE('',*,*,#5253,.F.);
#7247=ORIENTED_EDGE('',*,*,#5263,.F.);
#7248=ORIENTED_EDGE('',*,*,#5264,.T.);
#7249=ORIENTED_EDGE('',*,*,#5261,.F.);
#7250=ORIENTED_EDGE('',*,*,#5250,.F.);
#7251=ORIENTED_EDGE('',*,*,#5265,.T.);
#7252=ORIENTED_EDGE('',*,*,#5266,.F.);
#7253=ORIENTED_EDGE('',*,*,#5263,.T.);
#7254=ORIENTED_EDGE('',*,*,#5247,.F.);
#7255=ORIENTED_EDGE('',*,*,#5267,.T.);
#7256=ORIENTED_EDGE('',*,*,#5265,.F.);
#7257=ORIENTED_EDGE('',*,*,#5268,.F.);
#7258=ORIENTED_EDGE('',*,*,#5269,.T.);
#7259=ORIENTED_EDGE('',*,*,#5270,.T.);
#7260=ORIENTED_EDGE('',*,*,#5186,.T.);
#7261=ORIENTED_EDGE('',*,*,#5271,.T.);
#7262=ORIENTED_EDGE('',*,*,#5270,.F.);
#7263=ORIENTED_EDGE('',*,*,#5272,.T.);
#7264=ORIENTED_EDGE('',*,*,#5273,.T.);
#7265=ORIENTED_EDGE('',*,*,#5187,.T.);
#7266=ORIENTED_EDGE('',*,*,#5274,.T.);
#7267=ORIENTED_EDGE('',*,*,#5188,.T.);
#7268=ORIENTED_EDGE('',*,*,#5273,.F.);
#7269=ORIENTED_EDGE('',*,*,#5275,.T.);
#7270=ORIENTED_EDGE('',*,*,#5274,.F.);
#7271=ORIENTED_EDGE('',*,*,#5276,.T.);
#7272=ORIENTED_EDGE('',*,*,#5277,.T.);
#7273=ORIENTED_EDGE('',*,*,#5189,.T.);
#7274=ORIENTED_EDGE('',*,*,#5278,.F.);
#7275=ORIENTED_EDGE('',*,*,#5190,.T.);
#7276=ORIENTED_EDGE('',*,*,#5277,.F.);
#7277=ORIENTED_EDGE('',*,*,#5279,.T.);
#7278=ORIENTED_EDGE('',*,*,#5280,.T.);
#7279=ORIENTED_EDGE('',*,*,#5279,.F.);
#7280=ORIENTED_EDGE('',*,*,#5281,.F.);
#7281=ORIENTED_EDGE('',*,*,#5282,.T.);
#7282=ORIENTED_EDGE('',*,*,#5276,.F.);
#7283=ORIENTED_EDGE('',*,*,#5283,.T.);
#7284=ORIENTED_EDGE('',*,*,#5284,.F.);
#7285=ORIENTED_EDGE('',*,*,#5281,.T.);
#7286=ORIENTED_EDGE('',*,*,#5275,.F.);
#7287=ORIENTED_EDGE('',*,*,#5285,.F.);
#7288=ORIENTED_EDGE('',*,*,#5286,.T.);
#7289=ORIENTED_EDGE('',*,*,#5283,.F.);
#7290=ORIENTED_EDGE('',*,*,#5272,.F.);
#7291=ORIENTED_EDGE('',*,*,#5287,.T.);
#7292=ORIENTED_EDGE('',*,*,#5288,.F.);
#7293=ORIENTED_EDGE('',*,*,#5285,.T.);
#7294=ORIENTED_EDGE('',*,*,#5269,.F.);
#7295=ORIENTED_EDGE('',*,*,#5289,.T.);
#7296=ORIENTED_EDGE('',*,*,#5287,.F.);
#7297=ORIENTED_EDGE('',*,*,#5290,.T.);
#7298=ORIENTED_EDGE('',*,*,#5291,.T.);
#7299=ORIENTED_EDGE('',*,*,#5292,.T.);
#7300=ORIENTED_EDGE('',*,*,#5168,.T.);
#7301=ORIENTED_EDGE('',*,*,#5293,.T.);
#7302=ORIENTED_EDGE('',*,*,#5294,.T.);
#7303=ORIENTED_EDGE('',*,*,#5290,.F.);
#7304=ORIENTED_EDGE('',*,*,#5167,.T.);
#7305=ORIENTED_EDGE('',*,*,#5295,.T.);
#7306=ORIENTED_EDGE('',*,*,#5165,.T.);
#7307=ORIENTED_EDGE('',*,*,#5296,.T.);
#7308=ORIENTED_EDGE('',*,*,#5297,.T.);
#7309=ORIENTED_EDGE('',*,*,#5298,.T.);
#7310=ORIENTED_EDGE('',*,*,#5299,.T.);
#7311=ORIENTED_EDGE('',*,*,#5296,.F.);
#7312=ORIENTED_EDGE('',*,*,#5184,.T.);
#7313=ORIENTED_EDGE('',*,*,#5300,.T.);
#7314=ORIENTED_EDGE('',*,*,#5301,.T.);
#7315=ORIENTED_EDGE('',*,*,#5298,.F.);
#7316=ORIENTED_EDGE('',*,*,#5183,.T.);
#7317=ORIENTED_EDGE('',*,*,#5302,.T.);
#7318=ORIENTED_EDGE('',*,*,#5303,.T.);
#7319=ORIENTED_EDGE('',*,*,#5300,.F.);
#7320=ORIENTED_EDGE('',*,*,#5182,.T.);
#7321=ORIENTED_EDGE('',*,*,#5304,.T.);
#7322=ORIENTED_EDGE('',*,*,#5305,.T.);
#7323=ORIENTED_EDGE('',*,*,#5302,.F.);
#7324=ORIENTED_EDGE('',*,*,#5181,.T.);
#7325=ORIENTED_EDGE('',*,*,#5306,.T.);
#7326=ORIENTED_EDGE('',*,*,#5307,.T.);
#7327=ORIENTED_EDGE('',*,*,#5304,.F.);
#7328=ORIENTED_EDGE('',*,*,#5180,.T.);
#7329=ORIENTED_EDGE('',*,*,#5295,.F.);
#7330=ORIENTED_EDGE('',*,*,#5308,.T.);
#7331=ORIENTED_EDGE('',*,*,#5293,.F.);
#7332=ORIENTED_EDGE('',*,*,#5166,.T.);
#7333=ORIENTED_EDGE('',*,*,#5309,.T.);
#7334=ORIENTED_EDGE('',*,*,#5179,.T.);
#7335=ORIENTED_EDGE('',*,*,#5310,.T.);
#7336=ORIENTED_EDGE('',*,*,#5311,.T.);
#7337=ORIENTED_EDGE('',*,*,#5309,.F.);
#7338=ORIENTED_EDGE('',*,*,#5312,.T.);
#7339=ORIENTED_EDGE('',*,*,#5306,.F.);
#7340=ORIENTED_EDGE('',*,*,#5313,.T.);
#7341=ORIENTED_EDGE('',*,*,#5314,.T.);
#7342=ORIENTED_EDGE('',*,*,#5315,.T.);
#7343=ORIENTED_EDGE('',*,*,#5178,.T.);
#7344=ORIENTED_EDGE('',*,*,#5316,.T.);
#7345=ORIENTED_EDGE('',*,*,#5317,.T.);
#7346=ORIENTED_EDGE('',*,*,#5313,.F.);
#7347=ORIENTED_EDGE('',*,*,#5177,.T.);
#7348=ORIENTED_EDGE('',*,*,#5318,.T.);
#7349=ORIENTED_EDGE('',*,*,#5319,.T.);
#7350=ORIENTED_EDGE('',*,*,#5316,.F.);
#7351=ORIENTED_EDGE('',*,*,#5176,.T.);
#7352=ORIENTED_EDGE('',*,*,#5320,.T.);
#7353=ORIENTED_EDGE('',*,*,#5321,.T.);
#7354=ORIENTED_EDGE('',*,*,#5318,.F.);
#7355=ORIENTED_EDGE('',*,*,#5175,.T.);
#7356=ORIENTED_EDGE('',*,*,#5322,.T.);
#7357=ORIENTED_EDGE('',*,*,#5323,.T.);
#7358=ORIENTED_EDGE('',*,*,#5320,.F.);
#7359=ORIENTED_EDGE('',*,*,#5174,.T.);
#7360=ORIENTED_EDGE('',*,*,#5324,.T.);
#7361=ORIENTED_EDGE('',*,*,#5325,.T.);
#7362=ORIENTED_EDGE('',*,*,#5322,.F.);
#7363=ORIENTED_EDGE('',*,*,#5173,.T.);
#7364=ORIENTED_EDGE('',*,*,#5326,.T.);
#7365=ORIENTED_EDGE('',*,*,#5327,.T.);
#7366=ORIENTED_EDGE('',*,*,#5324,.F.);
#7367=ORIENTED_EDGE('',*,*,#5172,.T.);
#7368=ORIENTED_EDGE('',*,*,#5328,.T.);
#7369=ORIENTED_EDGE('',*,*,#5329,.T.);
#7370=ORIENTED_EDGE('',*,*,#5326,.F.);
#7371=ORIENTED_EDGE('',*,*,#5171,.T.);
#7372=ORIENTED_EDGE('',*,*,#5330,.T.);
#7373=ORIENTED_EDGE('',*,*,#5331,.T.);
#7374=ORIENTED_EDGE('',*,*,#5328,.F.);
#7375=ORIENTED_EDGE('',*,*,#5170,.T.);
#7376=ORIENTED_EDGE('',*,*,#5315,.F.);
#7377=ORIENTED_EDGE('',*,*,#5332,.T.);
#7378=ORIENTED_EDGE('',*,*,#5310,.F.);
#7379=ORIENTED_EDGE('',*,*,#5333,.T.);
#7380=ORIENTED_EDGE('',*,*,#5169,.T.);
#7381=ORIENTED_EDGE('',*,*,#5334,.T.);
#7382=ORIENTED_EDGE('',*,*,#5335,.T.);
#7383=ORIENTED_EDGE('',*,*,#5333,.F.);
#7384=ORIENTED_EDGE('',*,*,#5336,.T.);
#7385=ORIENTED_EDGE('',*,*,#5330,.F.);
#7386=ORIENTED_EDGE('',*,*,#5292,.F.);
#7387=ORIENTED_EDGE('',*,*,#5337,.T.);
#7388=ORIENTED_EDGE('',*,*,#5334,.F.);
#7389=ORIENTED_EDGE('',*,*,#5332,.F.);
#7390=ORIENTED_EDGE('',*,*,#5338,.T.);
#7391=ORIENTED_EDGE('',*,*,#5339,.T.);
#7392=ORIENTED_EDGE('',*,*,#5340,.T.);
#7393=ORIENTED_EDGE('',*,*,#5314,.F.);
#7394=ORIENTED_EDGE('',*,*,#5341,.F.);
#7395=ORIENTED_EDGE('',*,*,#5342,.F.);
#7396=ORIENTED_EDGE('',*,*,#5338,.F.);
#7397=ORIENTED_EDGE('',*,*,#5317,.F.);
#7398=ORIENTED_EDGE('',*,*,#5343,.T.);
#7399=ORIENTED_EDGE('',*,*,#5344,.T.);
#7400=ORIENTED_EDGE('',*,*,#5341,.T.);
#7401=ORIENTED_EDGE('',*,*,#5319,.F.);
#7402=ORIENTED_EDGE('',*,*,#5345,.F.);
#7403=ORIENTED_EDGE('',*,*,#5346,.F.);
#7404=ORIENTED_EDGE('',*,*,#5343,.F.);
#7405=ORIENTED_EDGE('',*,*,#5321,.F.);
#7406=ORIENTED_EDGE('',*,*,#5347,.T.);
#7407=ORIENTED_EDGE('',*,*,#5348,.T.);
#7408=ORIENTED_EDGE('',*,*,#5345,.T.);
#7409=ORIENTED_EDGE('',*,*,#5323,.F.);
#7410=ORIENTED_EDGE('',*,*,#5349,.F.);
#7411=ORIENTED_EDGE('',*,*,#5350,.T.);
#7412=ORIENTED_EDGE('',*,*,#5351,.T.);
#7413=ORIENTED_EDGE('',*,*,#5352,.T.);
#7414=ORIENTED_EDGE('',*,*,#5351,.F.);
#7415=ORIENTED_EDGE('',*,*,#5353,.T.);
#7416=ORIENTED_EDGE('',*,*,#5354,.F.);
#7417=ORIENTED_EDGE('',*,*,#5299,.F.);
#7418=ORIENTED_EDGE('',*,*,#5355,.F.);
#7419=ORIENTED_EDGE('',*,*,#5356,.T.);
#7420=ORIENTED_EDGE('',*,*,#5347,.F.);
#7421=ORIENTED_EDGE('',*,*,#5325,.F.);
#7422=ORIENTED_EDGE('',*,*,#5357,.T.);
#7423=ORIENTED_EDGE('',*,*,#5358,.T.);
#7424=ORIENTED_EDGE('',*,*,#5349,.T.);
#7425=ORIENTED_EDGE('',*,*,#5327,.F.);
#7426=ORIENTED_EDGE('',*,*,#5359,.F.);
#7427=ORIENTED_EDGE('',*,*,#5360,.F.);
#7428=ORIENTED_EDGE('',*,*,#5357,.F.);
#7429=ORIENTED_EDGE('',*,*,#5329,.F.);
#7430=ORIENTED_EDGE('',*,*,#5361,.T.);
#7431=ORIENTED_EDGE('',*,*,#5362,.T.);
#7432=ORIENTED_EDGE('',*,*,#5359,.T.);
#7433=ORIENTED_EDGE('',*,*,#5331,.F.);
#7434=ORIENTED_EDGE('',*,*,#5363,.F.);
#7435=ORIENTED_EDGE('',*,*,#5364,.F.);
#7436=ORIENTED_EDGE('',*,*,#5361,.F.);
#7437=ORIENTED_EDGE('',*,*,#5336,.F.);
#7438=ORIENTED_EDGE('',*,*,#5365,.T.);
#7439=ORIENTED_EDGE('',*,*,#5366,.T.);
#7440=ORIENTED_EDGE('',*,*,#5363,.T.);
#7441=ORIENTED_EDGE('',*,*,#5335,.F.);
#7442=ORIENTED_EDGE('',*,*,#5367,.F.);
#7443=ORIENTED_EDGE('',*,*,#5368,.F.);
#7444=ORIENTED_EDGE('',*,*,#5365,.F.);
#7445=ORIENTED_EDGE('',*,*,#5297,.F.);
#7446=ORIENTED_EDGE('',*,*,#5354,.T.);
#7447=ORIENTED_EDGE('',*,*,#5369,.T.);
#7448=ORIENTED_EDGE('',*,*,#5370,.T.);
#7449=ORIENTED_EDGE('',*,*,#5308,.F.);
#7450=ORIENTED_EDGE('',*,*,#5370,.F.);
#7451=ORIENTED_EDGE('',*,*,#5371,.F.);
#7452=ORIENTED_EDGE('',*,*,#5372,.F.);
#7453=ORIENTED_EDGE('',*,*,#5301,.F.);
#7454=ORIENTED_EDGE('',*,*,#5373,.T.);
#7455=ORIENTED_EDGE('',*,*,#5374,.T.);
#7456=ORIENTED_EDGE('',*,*,#5355,.T.);
#7457=ORIENTED_EDGE('',*,*,#5337,.F.);
#7458=ORIENTED_EDGE('',*,*,#5375,.T.);
#7459=ORIENTED_EDGE('',*,*,#5376,.T.);
#7460=ORIENTED_EDGE('',*,*,#5367,.T.);
#7461=ORIENTED_EDGE('',*,*,#5291,.F.);
#7462=ORIENTED_EDGE('',*,*,#5377,.F.);
#7463=ORIENTED_EDGE('',*,*,#5378,.F.);
#7464=ORIENTED_EDGE('',*,*,#5375,.F.);
#7465=ORIENTED_EDGE('',*,*,#5312,.F.);
#7466=ORIENTED_EDGE('',*,*,#5379,.T.);
#7467=ORIENTED_EDGE('',*,*,#5380,.T.);
#7468=ORIENTED_EDGE('',*,*,#5381,.T.);
#7469=ORIENTED_EDGE('',*,*,#5307,.F.);
#7470=ORIENTED_EDGE('',*,*,#5381,.F.);
#7471=ORIENTED_EDGE('',*,*,#5382,.F.);
#7472=ORIENTED_EDGE('',*,*,#5383,.F.);
#7473=ORIENTED_EDGE('',*,*,#5339,.F.);
#7474=ORIENTED_EDGE('',*,*,#5342,.T.);
#7475=ORIENTED_EDGE('',*,*,#5344,.F.);
#7476=ORIENTED_EDGE('',*,*,#5346,.T.);
#7477=ORIENTED_EDGE('',*,*,#5348,.F.);
#7478=ORIENTED_EDGE('',*,*,#5356,.F.);
#7479=ORIENTED_EDGE('',*,*,#5374,.F.);
#7480=ORIENTED_EDGE('',*,*,#5384,.T.);
#7481=ORIENTED_EDGE('',*,*,#5385,.F.);
#7482=ORIENTED_EDGE('',*,*,#5382,.T.);
#7483=ORIENTED_EDGE('',*,*,#5380,.F.);
#7484=ORIENTED_EDGE('',*,*,#5386,.T.);
#7485=ORIENTED_EDGE('',*,*,#5294,.F.);
#7486=ORIENTED_EDGE('',*,*,#5372,.T.);
#7487=ORIENTED_EDGE('',*,*,#5387,.T.);
#7488=ORIENTED_EDGE('',*,*,#5377,.T.);
#7489=ORIENTED_EDGE('',*,*,#5305,.F.);
#7490=ORIENTED_EDGE('',*,*,#5383,.T.);
#7491=ORIENTED_EDGE('',*,*,#5385,.T.);
#7492=ORIENTED_EDGE('',*,*,#5388,.T.);
#7493=ORIENTED_EDGE('',*,*,#5389,.T.);
#7494=ORIENTED_EDGE('',*,*,#5390,.T.);
#7495=ORIENTED_EDGE('',*,*,#5391,.T.);
#7496=ORIENTED_EDGE('',*,*,#5390,.F.);
#7497=ORIENTED_EDGE('',*,*,#5391,.F.);
#7498=ORIENTED_EDGE('',*,*,#5392,.T.);
#7499=ORIENTED_EDGE('',*,*,#5002,.T.);
#7500=ORIENTED_EDGE('',*,*,#5392,.F.);
#7501=ORIENTED_EDGE('',*,*,#5389,.F.);
#7502=ORIENTED_EDGE('',*,*,#5352,.F.);
#7503=ORIENTED_EDGE('',*,*,#5191,.T.);
#7504=ORIENTED_EDGE('',*,*,#5256,.T.);
#7505=ORIENTED_EDGE('',*,*,#5393,.F.);
#7506=ORIENTED_EDGE('',*,*,#5249,.F.);
#7507=ORIENTED_EDGE('',*,*,#5266,.T.);
#7508=ORIENTED_EDGE('',*,*,#5267,.F.);
#7509=ORIENTED_EDGE('',*,*,#5246,.T.);
#7510=ORIENTED_EDGE('',*,*,#5393,.T.);
#7511=ORIENTED_EDGE('',*,*,#5258,.F.);
#7512=ORIENTED_EDGE('',*,*,#5260,.F.);
#7513=ORIENTED_EDGE('',*,*,#5262,.T.);
#7514=ORIENTED_EDGE('',*,*,#5264,.F.);
#7515=ORIENTED_EDGE('',*,*,#5185,.T.);
#7516=ORIENTED_EDGE('',*,*,#5278,.T.);
#7517=ORIENTED_EDGE('',*,*,#5394,.F.);
#7518=ORIENTED_EDGE('',*,*,#5271,.F.);
#7519=ORIENTED_EDGE('',*,*,#5284,.T.);
#7520=ORIENTED_EDGE('',*,*,#5286,.F.);
#7521=ORIENTED_EDGE('',*,*,#5288,.T.);
#7522=ORIENTED_EDGE('',*,*,#5289,.F.);
#7523=ORIENTED_EDGE('',*,*,#5268,.T.);
#7524=ORIENTED_EDGE('',*,*,#5394,.T.);
#7525=ORIENTED_EDGE('',*,*,#5280,.F.);
#7526=ORIENTED_EDGE('',*,*,#5282,.F.);
#7527=ORIENTED_EDGE('',*,*,#5366,.F.);
#7528=ORIENTED_EDGE('',*,*,#5368,.T.);
#7529=ORIENTED_EDGE('',*,*,#5376,.F.);
#7530=ORIENTED_EDGE('',*,*,#5378,.T.);
#7531=ORIENTED_EDGE('',*,*,#5387,.F.);
#7532=ORIENTED_EDGE('',*,*,#5371,.T.);
#7533=ORIENTED_EDGE('',*,*,#5369,.F.);
#7534=ORIENTED_EDGE('',*,*,#5353,.F.);
#7535=ORIENTED_EDGE('',*,*,#5350,.F.);
#7536=ORIENTED_EDGE('',*,*,#5358,.F.);
#7537=ORIENTED_EDGE('',*,*,#5360,.T.);
#7538=ORIENTED_EDGE('',*,*,#5362,.F.);
#7539=ORIENTED_EDGE('',*,*,#5364,.T.);
#7540=ORIENTED_EDGE('',*,*,#5303,.F.);
#7541=ORIENTED_EDGE('',*,*,#5388,.F.);
#7542=ORIENTED_EDGE('',*,*,#5384,.F.);
#7543=ORIENTED_EDGE('',*,*,#5373,.F.);
#7544=ORIENTED_EDGE('',*,*,#5311,.F.);
#7545=ORIENTED_EDGE('',*,*,#5340,.F.);
#7546=ORIENTED_EDGE('',*,*,#5386,.F.);
#7547=ORIENTED_EDGE('',*,*,#5379,.F.);
#7548=ORIENTED_EDGE('',*,*,#5395,.T.);
#7549=ORIENTED_EDGE('',*,*,#5396,.T.);
#7550=ORIENTED_EDGE('',*,*,#5397,.T.);
#7551=ORIENTED_EDGE('',*,*,#5398,.T.);
#7552=ORIENTED_EDGE('',*,*,#5399,.T.);
#7553=ORIENTED_EDGE('',*,*,#5400,.T.);
#7554=ORIENTED_EDGE('',*,*,#5401,.T.);
#7555=ORIENTED_EDGE('',*,*,#5398,.F.);
#7556=ORIENTED_EDGE('',*,*,#5400,.F.);
#7557=ORIENTED_EDGE('',*,*,#5402,.F.);
#7558=ORIENTED_EDGE('',*,*,#5403,.T.);
#7559=ORIENTED_EDGE('',*,*,#5404,.F.);
#7560=ORIENTED_EDGE('',*,*,#5405,.F.);
#7561=ORIENTED_EDGE('',*,*,#5406,.T.);
#7562=ORIENTED_EDGE('',*,*,#5407,.F.);
#7563=ORIENTED_EDGE('',*,*,#5399,.F.);
#7564=ORIENTED_EDGE('',*,*,#5397,.F.);
#7565=ORIENTED_EDGE('',*,*,#5408,.T.);
#7566=ORIENTED_EDGE('',*,*,#5409,.T.);
#7567=ORIENTED_EDGE('',*,*,#5410,.T.);
#7568=ORIENTED_EDGE('',*,*,#5411,.T.);
#7569=ORIENTED_EDGE('',*,*,#5412,.T.);
#7570=ORIENTED_EDGE('',*,*,#5413,.T.);
#7571=ORIENTED_EDGE('',*,*,#5414,.T.);
#7572=ORIENTED_EDGE('',*,*,#5415,.T.);
#7573=ORIENTED_EDGE('',*,*,#5416,.T.);
#7574=ORIENTED_EDGE('',*,*,#5417,.T.);
#7575=ORIENTED_EDGE('',*,*,#5418,.T.);
#7576=ORIENTED_EDGE('',*,*,#5419,.T.);
#7577=ORIENTED_EDGE('',*,*,#5420,.T.);
#7578=ORIENTED_EDGE('',*,*,#5421,.T.);
#7579=ORIENTED_EDGE('',*,*,#5422,.T.);
#7580=ORIENTED_EDGE('',*,*,#5423,.T.);
#7581=ORIENTED_EDGE('',*,*,#5424,.T.);
#7582=ORIENTED_EDGE('',*,*,#5425,.T.);
#7583=ORIENTED_EDGE('',*,*,#5426,.T.);
#7584=ORIENTED_EDGE('',*,*,#5427,.T.);
#7585=ORIENTED_EDGE('',*,*,#5428,.T.);
#7586=ORIENTED_EDGE('',*,*,#5429,.T.);
#7587=ORIENTED_EDGE('',*,*,#5430,.T.);
#7588=ORIENTED_EDGE('',*,*,#5431,.T.);
#7589=ORIENTED_EDGE('',*,*,#5432,.T.);
#7590=ORIENTED_EDGE('',*,*,#5433,.T.);
#7591=ORIENTED_EDGE('',*,*,#5434,.T.);
#7592=ORIENTED_EDGE('',*,*,#5435,.T.);
#7593=ORIENTED_EDGE('',*,*,#5436,.T.);
#7594=ORIENTED_EDGE('',*,*,#5437,.T.);
#7595=ORIENTED_EDGE('',*,*,#5438,.T.);
#7596=ORIENTED_EDGE('',*,*,#5439,.T.);
#7597=ORIENTED_EDGE('',*,*,#5440,.T.);
#7598=ORIENTED_EDGE('',*,*,#5441,.T.);
#7599=ORIENTED_EDGE('',*,*,#5442,.T.);
#7600=ORIENTED_EDGE('',*,*,#5443,.T.);
#7601=ORIENTED_EDGE('',*,*,#5444,.F.);
#7602=ORIENTED_EDGE('',*,*,#5445,.F.);
#7603=ORIENTED_EDGE('',*,*,#5446,.T.);
#7604=ORIENTED_EDGE('',*,*,#5447,.T.);
#7605=ORIENTED_EDGE('',*,*,#5402,.T.);
#7606=ORIENTED_EDGE('',*,*,#5448,.T.);
#7607=ORIENTED_EDGE('',*,*,#5449,.T.);
#7608=ORIENTED_EDGE('',*,*,#5450,.T.);
#7609=ORIENTED_EDGE('',*,*,#5451,.T.);
#7610=ORIENTED_EDGE('',*,*,#5452,.T.);
#7611=ORIENTED_EDGE('',*,*,#5453,.T.);
#7612=ORIENTED_EDGE('',*,*,#5445,.T.);
#7613=ORIENTED_EDGE('',*,*,#5454,.T.);
#7614=ORIENTED_EDGE('',*,*,#5444,.T.);
#7615=ORIENTED_EDGE('',*,*,#5455,.T.);
#7616=ORIENTED_EDGE('',*,*,#5456,.T.);
#7617=ORIENTED_EDGE('',*,*,#5454,.F.);
#7618=ORIENTED_EDGE('',*,*,#5455,.F.);
#7619=ORIENTED_EDGE('',*,*,#5443,.F.);
#7620=ORIENTED_EDGE('',*,*,#5457,.F.);
#7621=ORIENTED_EDGE('',*,*,#5458,.T.);
#7622=ORIENTED_EDGE('',*,*,#5459,.T.);
#7623=ORIENTED_EDGE('',*,*,#5460,.T.);
#7624=ORIENTED_EDGE('',*,*,#5461,.F.);
#7625=ORIENTED_EDGE('',*,*,#5462,.F.);
#7626=ORIENTED_EDGE('',*,*,#5463,.T.);
#7627=ORIENTED_EDGE('',*,*,#5464,.T.);
#7628=ORIENTED_EDGE('',*,*,#5465,.T.);
#7629=ORIENTED_EDGE('',*,*,#5466,.T.);
#7630=ORIENTED_EDGE('',*,*,#5466,.F.);
#7631=ORIENTED_EDGE('',*,*,#5467,.T.);
#7632=ORIENTED_EDGE('',*,*,#5417,.F.);
#7633=ORIENTED_EDGE('',*,*,#5468,.F.);
#7634=ORIENTED_EDGE('',*,*,#5469,.F.);
#7635=ORIENTED_EDGE('',*,*,#5470,.T.);
#7636=ORIENTED_EDGE('',*,*,#5471,.T.);
#7637=ORIENTED_EDGE('',*,*,#5472,.T.);
#7638=ORIENTED_EDGE('',*,*,#5470,.F.);
#7639=ORIENTED_EDGE('',*,*,#5473,.T.);
#7640=ORIENTED_EDGE('',*,*,#5435,.F.);
#7641=ORIENTED_EDGE('',*,*,#5474,.F.);
#7642=ORIENTED_EDGE('',*,*,#5475,.T.);
#7643=ORIENTED_EDGE('',*,*,#5476,.T.);
#7644=ORIENTED_EDGE('',*,*,#5477,.T.);
#7645=ORIENTED_EDGE('',*,*,#5478,.T.);
#7646=ORIENTED_EDGE('',*,*,#5479,.T.);
#7647=ORIENTED_EDGE('',*,*,#5480,.T.);
#7648=ORIENTED_EDGE('',*,*,#5477,.F.);
#7649=ORIENTED_EDGE('',*,*,#5481,.T.);
#7650=ORIENTED_EDGE('',*,*,#5482,.T.);
#7651=ORIENTED_EDGE('',*,*,#5483,.T.);
#7652=ORIENTED_EDGE('',*,*,#5479,.F.);
#7653=ORIENTED_EDGE('',*,*,#5484,.T.);
#7654=ORIENTED_EDGE('',*,*,#5485,.T.);
#7655=ORIENTED_EDGE('',*,*,#5486,.T.);
#7656=ORIENTED_EDGE('',*,*,#5482,.F.);
#7657=ORIENTED_EDGE('',*,*,#5487,.T.);
#7658=ORIENTED_EDGE('',*,*,#5488,.T.);
#7659=ORIENTED_EDGE('',*,*,#5489,.T.);
#7660=ORIENTED_EDGE('',*,*,#5485,.F.);
#7661=ORIENTED_EDGE('',*,*,#5490,.T.);
#7662=ORIENTED_EDGE('',*,*,#5491,.T.);
#7663=ORIENTED_EDGE('',*,*,#5492,.T.);
#7664=ORIENTED_EDGE('',*,*,#5488,.F.);
#7665=ORIENTED_EDGE('',*,*,#5493,.T.);
#7666=ORIENTED_EDGE('',*,*,#5494,.T.);
#7667=ORIENTED_EDGE('',*,*,#5495,.T.);
#7668=ORIENTED_EDGE('',*,*,#5491,.F.);
#7669=ORIENTED_EDGE('',*,*,#5496,.T.);
#7670=ORIENTED_EDGE('',*,*,#5475,.F.);
#7671=ORIENTED_EDGE('',*,*,#5497,.T.);
#7672=ORIENTED_EDGE('',*,*,#5494,.F.);
#7673=ORIENTED_EDGE('',*,*,#5498,.T.);
#7674=ORIENTED_EDGE('',*,*,#5492,.F.);
#7675=ORIENTED_EDGE('',*,*,#5499,.T.);
#7676=ORIENTED_EDGE('',*,*,#5500,.T.);
#7677=ORIENTED_EDGE('',*,*,#5501,.F.);
#7678=ORIENTED_EDGE('',*,*,#5495,.F.);
#7679=ORIENTED_EDGE('',*,*,#5502,.F.);
#7680=ORIENTED_EDGE('',*,*,#5503,.T.);
#7681=ORIENTED_EDGE('',*,*,#5499,.F.);
#7682=ORIENTED_EDGE('',*,*,#5497,.F.);
#7683=ORIENTED_EDGE('',*,*,#5504,.T.);
#7684=ORIENTED_EDGE('',*,*,#5505,.T.);
#7685=ORIENTED_EDGE('',*,*,#5502,.T.);
#7686=ORIENTED_EDGE('',*,*,#5478,.F.);
#7687=ORIENTED_EDGE('',*,*,#5506,.T.);
#7688=ORIENTED_EDGE('',*,*,#5507,.T.);
#7689=ORIENTED_EDGE('',*,*,#5504,.F.);
#7690=ORIENTED_EDGE('',*,*,#5508,.F.);
#7691=ORIENTED_EDGE('',*,*,#5509,.F.);
#7692=ORIENTED_EDGE('',*,*,#5510,.F.);
#7693=ORIENTED_EDGE('',*,*,#5430,.F.);
#7694=ORIENTED_EDGE('',*,*,#5511,.F.);
#7695=ORIENTED_EDGE('',*,*,#5512,.F.);
#7696=ORIENTED_EDGE('',*,*,#5513,.F.);
#7697=ORIENTED_EDGE('',*,*,#5514,.F.);
#7698=ORIENTED_EDGE('',*,*,#5515,.F.);
#7699=ORIENTED_EDGE('',*,*,#5516,.F.);
#7700=ORIENTED_EDGE('',*,*,#5517,.F.);
#7701=ORIENTED_EDGE('',*,*,#5518,.F.);
#7702=ORIENTED_EDGE('',*,*,#5476,.F.);
#7703=ORIENTED_EDGE('',*,*,#5498,.F.);
#7704=ORIENTED_EDGE('',*,*,#5496,.F.);
#7705=ORIENTED_EDGE('',*,*,#5493,.F.);
#7706=ORIENTED_EDGE('',*,*,#5490,.F.);
#7707=ORIENTED_EDGE('',*,*,#5487,.F.);
#7708=ORIENTED_EDGE('',*,*,#5484,.F.);
#7709=ORIENTED_EDGE('',*,*,#5481,.F.);
#7710=ORIENTED_EDGE('',*,*,#5519,.F.);
#7711=ORIENTED_EDGE('',*,*,#5520,.F.);
#7712=ORIENTED_EDGE('',*,*,#5521,.F.);
#7713=ORIENTED_EDGE('',*,*,#5522,.T.);
#7714=ORIENTED_EDGE('',*,*,#5523,.F.);
#7715=ORIENTED_EDGE('',*,*,#5524,.F.);
#7716=ORIENTED_EDGE('',*,*,#5525,.F.);
#7717=ORIENTED_EDGE('',*,*,#5526,.F.);
#7718=ORIENTED_EDGE('',*,*,#5527,.F.);
#7719=ORIENTED_EDGE('',*,*,#5528,.T.);
#7720=ORIENTED_EDGE('',*,*,#5529,.F.);
#7721=ORIENTED_EDGE('',*,*,#5530,.F.);
#7722=ORIENTED_EDGE('',*,*,#5525,.T.);
#7723=ORIENTED_EDGE('',*,*,#5531,.T.);
#7724=ORIENTED_EDGE('',*,*,#5532,.T.);
#7725=ORIENTED_EDGE('',*,*,#5533,.T.);
#7726=ORIENTED_EDGE('',*,*,#5534,.F.);
#7727=ORIENTED_EDGE('',*,*,#5524,.T.);
#7728=ORIENTED_EDGE('',*,*,#5535,.T.);
#7729=ORIENTED_EDGE('',*,*,#5536,.T.);
#7730=ORIENTED_EDGE('',*,*,#5537,.F.);
#7731=ORIENTED_EDGE('',*,*,#5523,.T.);
#7732=ORIENTED_EDGE('',*,*,#5538,.T.);
#7733=ORIENTED_EDGE('',*,*,#5539,.T.);
#7734=ORIENTED_EDGE('',*,*,#5540,.T.);
#7735=ORIENTED_EDGE('',*,*,#5535,.F.);
#7736=ORIENTED_EDGE('',*,*,#5541,.F.);
#7737=ORIENTED_EDGE('',*,*,#5520,.T.);
#7738=ORIENTED_EDGE('',*,*,#5542,.F.);
#7739=ORIENTED_EDGE('',*,*,#5543,.F.);
#7740=ORIENTED_EDGE('',*,*,#5531,.F.);
#7741=ORIENTED_EDGE('',*,*,#5530,.T.);
#7742=ORIENTED_EDGE('',*,*,#5544,.F.);
#7743=ORIENTED_EDGE('',*,*,#5441,.F.);
#7744=ORIENTED_EDGE('',*,*,#5545,.T.);
#7745=ORIENTED_EDGE('',*,*,#5546,.T.);
#7746=ORIENTED_EDGE('',*,*,#5547,.T.);
#7747=ORIENTED_EDGE('',*,*,#5548,.T.);
#7748=ORIENTED_EDGE('',*,*,#5549,.F.);
#7749=ORIENTED_EDGE('',*,*,#5550,.T.);
#7750=ORIENTED_EDGE('',*,*,#5551,.F.);
#7751=ORIENTED_EDGE('',*,*,#5552,.F.);
#7752=ORIENTED_EDGE('',*,*,#5553,.F.);
#7753=ORIENTED_EDGE('',*,*,#5554,.F.);
#7754=ORIENTED_EDGE('',*,*,#5555,.F.);
#7755=ORIENTED_EDGE('',*,*,#5556,.F.);
#7756=ORIENTED_EDGE('',*,*,#5557,.F.);
#7757=ORIENTED_EDGE('',*,*,#5558,.F.);
#7758=ORIENTED_EDGE('',*,*,#5541,.T.);
#7759=ORIENTED_EDGE('',*,*,#5529,.T.);
#7760=ORIENTED_EDGE('',*,*,#5559,.T.);
#7761=ORIENTED_EDGE('',*,*,#5521,.T.);
#7762=ORIENTED_EDGE('',*,*,#5527,.T.);
#7763=ORIENTED_EDGE('',*,*,#5560,.T.);
#7764=ORIENTED_EDGE('',*,*,#5561,.T.);
#7765=ORIENTED_EDGE('',*,*,#5562,.T.);
#7766=ORIENTED_EDGE('',*,*,#5563,.T.);
#7767=ORIENTED_EDGE('',*,*,#5526,.T.);
#7768=ORIENTED_EDGE('',*,*,#5534,.T.);
#7769=ORIENTED_EDGE('',*,*,#5564,.T.);
#7770=ORIENTED_EDGE('',*,*,#5560,.F.);
#7771=ORIENTED_EDGE('',*,*,#5532,.F.);
#7772=ORIENTED_EDGE('',*,*,#5543,.T.);
#7773=ORIENTED_EDGE('',*,*,#5565,.T.);
#7774=ORIENTED_EDGE('',*,*,#5566,.T.);
#7775=ORIENTED_EDGE('',*,*,#5519,.T.);
#7776=ORIENTED_EDGE('',*,*,#5537,.T.);
#7777=ORIENTED_EDGE('',*,*,#5567,.T.);
#7778=ORIENTED_EDGE('',*,*,#5565,.F.);
#7779=ORIENTED_EDGE('',*,*,#5542,.T.);
#7780=ORIENTED_EDGE('',*,*,#5539,.F.);
#7781=ORIENTED_EDGE('',*,*,#5568,.T.);
#7782=ORIENTED_EDGE('',*,*,#5562,.F.);
#7783=ORIENTED_EDGE('',*,*,#5569,.T.);
#7784=ORIENTED_EDGE('',*,*,#5536,.F.);
#7785=ORIENTED_EDGE('',*,*,#5570,.F.);
#7786=ORIENTED_EDGE('',*,*,#5571,.F.);
#7787=ORIENTED_EDGE('',*,*,#5572,.T.);
#7788=ORIENTED_EDGE('',*,*,#5540,.F.);
#7789=ORIENTED_EDGE('',*,*,#5573,.T.);
#7790=ORIENTED_EDGE('',*,*,#5574,.F.);
#7791=ORIENTED_EDGE('',*,*,#5570,.T.);
#7792=ORIENTED_EDGE('',*,*,#5569,.F.);
#7793=ORIENTED_EDGE('',*,*,#5575,.T.);
#7794=ORIENTED_EDGE('',*,*,#5576,.F.);
#7795=ORIENTED_EDGE('',*,*,#5573,.F.);
#7796=ORIENTED_EDGE('',*,*,#5561,.F.);
#7797=ORIENTED_EDGE('',*,*,#5577,.T.);
#7798=ORIENTED_EDGE('',*,*,#5578,.F.);
#7799=ORIENTED_EDGE('',*,*,#5575,.F.);
#7800=ORIENTED_EDGE('',*,*,#5579,.T.);
#7801=ORIENTED_EDGE('',*,*,#5511,.T.);
#7802=ORIENTED_EDGE('',*,*,#5580,.T.);
#7803=ORIENTED_EDGE('',*,*,#5581,.T.);
#7804=ORIENTED_EDGE('',*,*,#5582,.T.);
#7805=ORIENTED_EDGE('',*,*,#5583,.T.);
#7806=ORIENTED_EDGE('',*,*,#5580,.F.);
#7807=ORIENTED_EDGE('',*,*,#5518,.T.);
#7808=ORIENTED_EDGE('',*,*,#5584,.T.);
#7809=ORIENTED_EDGE('',*,*,#5585,.T.);
#7810=ORIENTED_EDGE('',*,*,#5582,.F.);
#7811=ORIENTED_EDGE('',*,*,#5517,.T.);
#7812=ORIENTED_EDGE('',*,*,#5586,.T.);
#7813=ORIENTED_EDGE('',*,*,#5578,.T.);
#7814=ORIENTED_EDGE('',*,*,#5584,.F.);
#7815=ORIENTED_EDGE('',*,*,#5516,.T.);
#7816=ORIENTED_EDGE('',*,*,#5587,.T.);
#7817=ORIENTED_EDGE('',*,*,#5576,.T.);
#7818=ORIENTED_EDGE('',*,*,#5586,.F.);
#7819=ORIENTED_EDGE('',*,*,#5515,.T.);
#7820=ORIENTED_EDGE('',*,*,#5588,.T.);
#7821=ORIENTED_EDGE('',*,*,#5574,.T.);
#7822=ORIENTED_EDGE('',*,*,#5587,.F.);
#7823=ORIENTED_EDGE('',*,*,#5514,.T.);
#7824=ORIENTED_EDGE('',*,*,#5589,.T.);
#7825=ORIENTED_EDGE('',*,*,#5571,.T.);
#7826=ORIENTED_EDGE('',*,*,#5588,.F.);
#7827=ORIENTED_EDGE('',*,*,#5513,.T.);
#7828=ORIENTED_EDGE('',*,*,#5579,.F.);
#7829=ORIENTED_EDGE('',*,*,#5590,.T.);
#7830=ORIENTED_EDGE('',*,*,#5589,.F.);
#7831=ORIENTED_EDGE('',*,*,#5512,.T.);
#7832=ORIENTED_EDGE('',*,*,#5567,.F.);
#7833=ORIENTED_EDGE('',*,*,#5572,.F.);
#7834=ORIENTED_EDGE('',*,*,#5590,.F.);
#7835=ORIENTED_EDGE('',*,*,#5591,.T.);
#7836=ORIENTED_EDGE('',*,*,#5566,.F.);
#7837=ORIENTED_EDGE('',*,*,#5591,.F.);
#7838=ORIENTED_EDGE('',*,*,#5581,.F.);
#7839=ORIENTED_EDGE('',*,*,#5592,.T.);
#7840=ORIENTED_EDGE('',*,*,#5564,.F.);
#7841=ORIENTED_EDGE('',*,*,#5593,.T.);
#7842=ORIENTED_EDGE('',*,*,#5585,.F.);
#7843=ORIENTED_EDGE('',*,*,#5577,.F.);
#7844=ORIENTED_EDGE('',*,*,#5533,.F.);
#7845=ORIENTED_EDGE('',*,*,#5592,.F.);
#7846=ORIENTED_EDGE('',*,*,#5583,.F.);
#7847=ORIENTED_EDGE('',*,*,#5593,.F.);
#7848=ORIENTED_EDGE('',*,*,#5568,.F.);
#7849=ORIENTED_EDGE('',*,*,#5538,.F.);
#7850=ORIENTED_EDGE('',*,*,#5522,.F.);
#7851=ORIENTED_EDGE('',*,*,#5559,.F.);
#7852=ORIENTED_EDGE('',*,*,#5528,.F.);
#7853=ORIENTED_EDGE('',*,*,#5563,.F.);
#7854=ORIENTED_EDGE('',*,*,#5594,.T.);
#7855=ORIENTED_EDGE('',*,*,#5595,.T.);
#7856=ORIENTED_EDGE('',*,*,#5596,.T.);
#7857=ORIENTED_EDGE('',*,*,#5551,.T.);
#7858=ORIENTED_EDGE('',*,*,#5594,.F.);
#7859=ORIENTED_EDGE('',*,*,#5558,.T.);
#7860=ORIENTED_EDGE('',*,*,#5597,.T.);
#7861=ORIENTED_EDGE('',*,*,#5598,.T.);
#7862=ORIENTED_EDGE('',*,*,#5599,.T.);
#7863=ORIENTED_EDGE('',*,*,#5600,.T.);
#7864=ORIENTED_EDGE('',*,*,#5597,.F.);
#7865=ORIENTED_EDGE('',*,*,#5557,.T.);
#7866=ORIENTED_EDGE('',*,*,#5599,.F.);
#7867=ORIENTED_EDGE('',*,*,#5556,.T.);
#7868=ORIENTED_EDGE('',*,*,#5601,.T.);
#7869=ORIENTED_EDGE('',*,*,#5602,.T.);
#7870=ORIENTED_EDGE('',*,*,#5603,.T.);
#7871=ORIENTED_EDGE('',*,*,#5604,.T.);
#7872=ORIENTED_EDGE('',*,*,#5601,.F.);
#7873=ORIENTED_EDGE('',*,*,#5555,.T.);
#7874=ORIENTED_EDGE('',*,*,#5603,.F.);
#7875=ORIENTED_EDGE('',*,*,#5554,.T.);
#7876=ORIENTED_EDGE('',*,*,#5605,.T.);
#7877=ORIENTED_EDGE('',*,*,#5606,.T.);
#7878=ORIENTED_EDGE('',*,*,#5607,.T.);
#7879=ORIENTED_EDGE('',*,*,#5608,.T.);
#7880=ORIENTED_EDGE('',*,*,#5605,.F.);
#7881=ORIENTED_EDGE('',*,*,#5553,.T.);
#7882=ORIENTED_EDGE('',*,*,#5607,.F.);
#7883=ORIENTED_EDGE('',*,*,#5552,.T.);
#7884=ORIENTED_EDGE('',*,*,#5596,.F.);
#7885=ORIENTED_EDGE('',*,*,#5609,.T.);
#7886=ORIENTED_EDGE('',*,*,#5606,.F.);
#7887=ORIENTED_EDGE('',*,*,#5610,.F.);
#7888=ORIENTED_EDGE('',*,*,#5611,.F.);
#7889=ORIENTED_EDGE('',*,*,#5612,.F.);
#7890=ORIENTED_EDGE('',*,*,#5608,.F.);
#7891=ORIENTED_EDGE('',*,*,#5613,.T.);
#7892=ORIENTED_EDGE('',*,*,#5614,.F.);
#7893=ORIENTED_EDGE('',*,*,#5610,.T.);
#7894=ORIENTED_EDGE('',*,*,#5609,.F.);
#7895=ORIENTED_EDGE('',*,*,#5615,.F.);
#7896=ORIENTED_EDGE('',*,*,#5507,.F.);
#7897=ORIENTED_EDGE('',*,*,#5613,.F.);
#7898=ORIENTED_EDGE('',*,*,#5595,.F.);
#7899=ORIENTED_EDGE('',*,*,#5616,.T.);
#7900=ORIENTED_EDGE('',*,*,#5505,.F.);
#7901=ORIENTED_EDGE('',*,*,#5615,.T.);
#7902=ORIENTED_EDGE('',*,*,#5617,.T.);
#7903=ORIENTED_EDGE('',*,*,#5618,.T.);
#7904=ORIENTED_EDGE('',*,*,#5619,.T.);
#7905=ORIENTED_EDGE('',*,*,#5620,.T.);
#7906=ORIENTED_EDGE('',*,*,#5621,.T.);
#7907=ORIENTED_EDGE('',*,*,#5622,.T.);
#7908=ORIENTED_EDGE('',*,*,#5619,.F.);
#7909=ORIENTED_EDGE('',*,*,#5623,.T.);
#7910=ORIENTED_EDGE('',*,*,#5624,.T.);
#7911=ORIENTED_EDGE('',*,*,#5625,.T.);
#7912=ORIENTED_EDGE('',*,*,#5621,.F.);
#7913=ORIENTED_EDGE('',*,*,#5626,.T.);
#7914=ORIENTED_EDGE('',*,*,#5627,.T.);
#7915=ORIENTED_EDGE('',*,*,#5628,.T.);
#7916=ORIENTED_EDGE('',*,*,#5624,.F.);
#7917=ORIENTED_EDGE('',*,*,#5629,.T.);
#7918=ORIENTED_EDGE('',*,*,#5630,.T.);
#7919=ORIENTED_EDGE('',*,*,#5631,.T.);
#7920=ORIENTED_EDGE('',*,*,#5627,.F.);
#7921=ORIENTED_EDGE('',*,*,#5632,.T.);
#7922=ORIENTED_EDGE('',*,*,#5633,.T.);
#7923=ORIENTED_EDGE('',*,*,#5634,.T.);
#7924=ORIENTED_EDGE('',*,*,#5630,.F.);
#7925=ORIENTED_EDGE('',*,*,#5635,.T.);
#7926=ORIENTED_EDGE('',*,*,#5636,.T.);
#7927=ORIENTED_EDGE('',*,*,#5637,.T.);
#7928=ORIENTED_EDGE('',*,*,#5633,.F.);
#7929=ORIENTED_EDGE('',*,*,#5638,.T.);
#7930=ORIENTED_EDGE('',*,*,#5617,.F.);
#7931=ORIENTED_EDGE('',*,*,#5639,.T.);
#7932=ORIENTED_EDGE('',*,*,#5636,.F.);
#7933=ORIENTED_EDGE('',*,*,#5640,.T.);
#7934=ORIENTED_EDGE('',*,*,#5634,.F.);
#7935=ORIENTED_EDGE('',*,*,#5641,.F.);
#7936=ORIENTED_EDGE('',*,*,#5642,.T.);
#7937=ORIENTED_EDGE('',*,*,#5643,.T.);
#7938=ORIENTED_EDGE('',*,*,#5637,.F.);
#7939=ORIENTED_EDGE('',*,*,#5644,.T.);
#7940=ORIENTED_EDGE('',*,*,#5645,.T.);
#7941=ORIENTED_EDGE('',*,*,#5641,.T.);
#7942=ORIENTED_EDGE('',*,*,#5639,.F.);
#7943=ORIENTED_EDGE('',*,*,#5646,.F.);
#7944=ORIENTED_EDGE('',*,*,#5647,.T.);
#7945=ORIENTED_EDGE('',*,*,#5644,.F.);
#7946=ORIENTED_EDGE('',*,*,#5620,.F.);
#7947=ORIENTED_EDGE('',*,*,#5648,.F.);
#7948=ORIENTED_EDGE('',*,*,#5649,.T.);
#7949=ORIENTED_EDGE('',*,*,#5646,.T.);
#7950=ORIENTED_EDGE('',*,*,#5650,.F.);
#7951=ORIENTED_EDGE('',*,*,#5422,.F.);
#7952=ORIENTED_EDGE('',*,*,#5651,.F.);
#7953=ORIENTED_EDGE('',*,*,#5652,.F.);
#7954=ORIENTED_EDGE('',*,*,#5618,.F.);
#7955=ORIENTED_EDGE('',*,*,#5640,.F.);
#7956=ORIENTED_EDGE('',*,*,#5638,.F.);
#7957=ORIENTED_EDGE('',*,*,#5635,.F.);
#7958=ORIENTED_EDGE('',*,*,#5632,.F.);
#7959=ORIENTED_EDGE('',*,*,#5629,.F.);
#7960=ORIENTED_EDGE('',*,*,#5626,.F.);
#7961=ORIENTED_EDGE('',*,*,#5623,.F.);
#7962=ORIENTED_EDGE('',*,*,#5631,.F.);
#7963=ORIENTED_EDGE('',*,*,#5643,.F.);
#7964=ORIENTED_EDGE('',*,*,#5653,.T.);
#7965=ORIENTED_EDGE('',*,*,#5654,.T.);
#7966=ORIENTED_EDGE('',*,*,#5628,.F.);
#7967=ORIENTED_EDGE('',*,*,#5654,.F.);
#7968=ORIENTED_EDGE('',*,*,#5655,.T.);
#7969=ORIENTED_EDGE('',*,*,#5656,.T.);
#7970=ORIENTED_EDGE('',*,*,#5625,.F.);
#7971=ORIENTED_EDGE('',*,*,#5656,.F.);
#7972=ORIENTED_EDGE('',*,*,#5657,.T.);
#7973=ORIENTED_EDGE('',*,*,#5658,.T.);
#7974=ORIENTED_EDGE('',*,*,#5622,.F.);
#7975=ORIENTED_EDGE('',*,*,#5658,.F.);
#7976=ORIENTED_EDGE('',*,*,#5659,.T.);
#7977=ORIENTED_EDGE('',*,*,#5648,.T.);
#7978=ORIENTED_EDGE('',*,*,#5655,.F.);
#7979=ORIENTED_EDGE('',*,*,#5660,.T.);
#7980=ORIENTED_EDGE('',*,*,#5661,.T.);
#7981=ORIENTED_EDGE('',*,*,#5662,.T.);
#7982=ORIENTED_EDGE('',*,*,#5653,.F.);
#7983=ORIENTED_EDGE('',*,*,#5663,.F.);
#7984=ORIENTED_EDGE('',*,*,#5664,.F.);
#7985=ORIENTED_EDGE('',*,*,#5660,.F.);
#7986=ORIENTED_EDGE('',*,*,#5642,.F.);
#7987=ORIENTED_EDGE('',*,*,#5665,.T.);
#7988=ORIENTED_EDGE('',*,*,#5666,.T.);
#7989=ORIENTED_EDGE('',*,*,#5663,.T.);
#7990=ORIENTED_EDGE('',*,*,#5645,.F.);
#7991=ORIENTED_EDGE('',*,*,#5667,.F.);
#7992=ORIENTED_EDGE('',*,*,#5668,.F.);
#7993=ORIENTED_EDGE('',*,*,#5665,.F.);
#7994=ORIENTED_EDGE('',*,*,#5659,.F.);
#7995=ORIENTED_EDGE('',*,*,#5669,.T.);
#7996=ORIENTED_EDGE('',*,*,#5670,.T.);
#7997=ORIENTED_EDGE('',*,*,#5671,.T.);
#7998=ORIENTED_EDGE('',*,*,#5657,.F.);
#7999=ORIENTED_EDGE('',*,*,#5662,.F.);
#8000=ORIENTED_EDGE('',*,*,#5672,.F.);
#8001=ORIENTED_EDGE('',*,*,#5669,.F.);
#8002=ORIENTED_EDGE('',*,*,#5647,.F.);
#8003=ORIENTED_EDGE('',*,*,#5673,.T.);
#8004=ORIENTED_EDGE('',*,*,#5674,.T.);
#8005=ORIENTED_EDGE('',*,*,#5667,.T.);
#8006=ORIENTED_EDGE('',*,*,#5649,.F.);
#8007=ORIENTED_EDGE('',*,*,#5671,.F.);
#8008=ORIENTED_EDGE('',*,*,#5675,.F.);
#8009=ORIENTED_EDGE('',*,*,#5673,.F.);
#8010=ORIENTED_EDGE('',*,*,#5676,.F.);
#8011=ORIENTED_EDGE('',*,*,#5677,.T.);
#8012=ORIENTED_EDGE('',*,*,#5410,.F.);
#8013=ORIENTED_EDGE('',*,*,#5678,.T.);
#8014=ORIENTED_EDGE('',*,*,#5677,.F.);
#8015=ORIENTED_EDGE('',*,*,#5679,.T.);
#8016=ORIENTED_EDGE('',*,*,#5680,.F.);
#8017=ORIENTED_EDGE('',*,*,#5411,.F.);
#8018=ORIENTED_EDGE('',*,*,#5668,.T.);
#8019=ORIENTED_EDGE('',*,*,#5674,.F.);
#8020=ORIENTED_EDGE('',*,*,#5675,.T.);
#8021=ORIENTED_EDGE('',*,*,#5670,.F.);
#8022=ORIENTED_EDGE('',*,*,#5672,.T.);
#8023=ORIENTED_EDGE('',*,*,#5661,.F.);
#8024=ORIENTED_EDGE('',*,*,#5664,.T.);
#8025=ORIENTED_EDGE('',*,*,#5666,.F.);
#8026=ORIENTED_EDGE('',*,*,#5681,.F.);
#8027=ORIENTED_EDGE('',*,*,#5457,.T.);
#8028=ORIENTED_EDGE('',*,*,#5442,.F.);
#8029=ORIENTED_EDGE('',*,*,#5544,.T.);
#8030=ORIENTED_EDGE('',*,*,#5480,.F.);
#8031=ORIENTED_EDGE('',*,*,#5682,.T.);
#8032=ORIENTED_EDGE('',*,*,#5614,.T.);
#8033=ORIENTED_EDGE('',*,*,#5506,.F.);
#8034=ORIENTED_EDGE('',*,*,#5483,.F.);
#8035=ORIENTED_EDGE('',*,*,#5683,.T.);
#8036=ORIENTED_EDGE('',*,*,#5611,.T.);
#8037=ORIENTED_EDGE('',*,*,#5682,.F.);
#8038=ORIENTED_EDGE('',*,*,#5486,.F.);
#8039=ORIENTED_EDGE('',*,*,#5684,.T.);
#8040=ORIENTED_EDGE('',*,*,#5685,.T.);
#8041=ORIENTED_EDGE('',*,*,#5683,.F.);
#8042=ORIENTED_EDGE('',*,*,#5489,.F.);
#8043=ORIENTED_EDGE('',*,*,#5501,.T.);
#8044=ORIENTED_EDGE('',*,*,#5686,.T.);
#8045=ORIENTED_EDGE('',*,*,#5684,.F.);
#8046=ORIENTED_EDGE('',*,*,#5602,.F.);
#8047=ORIENTED_EDGE('',*,*,#5687,.F.);
#8048=ORIENTED_EDGE('',*,*,#5686,.F.);
#8049=ORIENTED_EDGE('',*,*,#5688,.F.);
#8050=ORIENTED_EDGE('',*,*,#5600,.F.);
#8051=ORIENTED_EDGE('',*,*,#5688,.T.);
#8052=ORIENTED_EDGE('',*,*,#5500,.F.);
#8053=ORIENTED_EDGE('',*,*,#5689,.T.);
#8054=ORIENTED_EDGE('',*,*,#5598,.F.);
#8055=ORIENTED_EDGE('',*,*,#5689,.F.);
#8056=ORIENTED_EDGE('',*,*,#5503,.F.);
#8057=ORIENTED_EDGE('',*,*,#5616,.F.);
#8058=ORIENTED_EDGE('',*,*,#5604,.F.);
#8059=ORIENTED_EDGE('',*,*,#5612,.T.);
#8060=ORIENTED_EDGE('',*,*,#5685,.F.);
#8061=ORIENTED_EDGE('',*,*,#5687,.T.);
#8062=ORIENTED_EDGE('',*,*,#5690,.F.);
#8063=ORIENTED_EDGE('',*,*,#5418,.F.);
#8064=ORIENTED_EDGE('',*,*,#5467,.F.);
#8065=ORIENTED_EDGE('',*,*,#5465,.F.);
#8066=ORIENTED_EDGE('',*,*,#5691,.T.);
#8067=ORIENTED_EDGE('',*,*,#5471,.F.);
#8068=ORIENTED_EDGE('',*,*,#5474,.T.);
#8069=ORIENTED_EDGE('',*,*,#5434,.F.);
#8070=ORIENTED_EDGE('',*,*,#5692,.F.);
#8071=ORIENTED_EDGE('',*,*,#5693,.F.);
#8072=ORIENTED_EDGE('',*,*,#5694,.F.);
#8073=ORIENTED_EDGE('',*,*,#5695,.F.);
#8074=ORIENTED_EDGE('',*,*,#5696,.F.);
#8075=ORIENTED_EDGE('',*,*,#5697,.T.);
#8076=ORIENTED_EDGE('',*,*,#5698,.T.);
#8077=ORIENTED_EDGE('',*,*,#5695,.T.);
#8078=ORIENTED_EDGE('',*,*,#5699,.T.);
#8079=ORIENTED_EDGE('',*,*,#5700,.F.);
#8080=ORIENTED_EDGE('',*,*,#5701,.F.);
#8081=ORIENTED_EDGE('',*,*,#5702,.F.);
#8082=ORIENTED_EDGE('',*,*,#5703,.T.);
#8083=ORIENTED_EDGE('',*,*,#5704,.T.);
#8084=ORIENTED_EDGE('',*,*,#5701,.T.);
#8085=ORIENTED_EDGE('',*,*,#5705,.T.);
#8086=ORIENTED_EDGE('',*,*,#5706,.T.);
#8087=ORIENTED_EDGE('',*,*,#5707,.T.);
#8088=ORIENTED_EDGE('',*,*,#5702,.T.);
#8089=ORIENTED_EDGE('',*,*,#5708,.T.);
#8090=ORIENTED_EDGE('',*,*,#5696,.T.);
#8091=ORIENTED_EDGE('',*,*,#5709,.T.);
#8092=ORIENTED_EDGE('',*,*,#5700,.T.);
#8093=ORIENTED_EDGE('',*,*,#5710,.T.);
#8094=ORIENTED_EDGE('',*,*,#5711,.T.);
#8095=ORIENTED_EDGE('',*,*,#5712,.T.);
#8096=ORIENTED_EDGE('',*,*,#5694,.T.);
#8097=ORIENTED_EDGE('',*,*,#5713,.T.);
#8098=ORIENTED_EDGE('',*,*,#5705,.F.);
#8099=ORIENTED_EDGE('',*,*,#5709,.F.);
#8100=ORIENTED_EDGE('',*,*,#5698,.F.);
#8101=ORIENTED_EDGE('',*,*,#5714,.F.);
#8102=ORIENTED_EDGE('',*,*,#5699,.F.);
#8103=ORIENTED_EDGE('',*,*,#5712,.F.);
#8104=ORIENTED_EDGE('',*,*,#5715,.F.);
#8105=ORIENTED_EDGE('',*,*,#5716,.F.);
#8106=ORIENTED_EDGE('',*,*,#5717,.T.);
#8107=ORIENTED_EDGE('',*,*,#5718,.T.);
#8108=ORIENTED_EDGE('',*,*,#5719,.T.);
#8109=ORIENTED_EDGE('',*,*,#5720,.T.);
#8110=ORIENTED_EDGE('',*,*,#5721,.T.);
#8111=ORIENTED_EDGE('',*,*,#5722,.T.);
#8112=ORIENTED_EDGE('',*,*,#5717,.F.);
#8113=ORIENTED_EDGE('',*,*,#5723,.T.);
#8114=ORIENTED_EDGE('',*,*,#5724,.T.);
#8115=ORIENTED_EDGE('',*,*,#5725,.T.);
#8116=ORIENTED_EDGE('',*,*,#5721,.F.);
#8117=ORIENTED_EDGE('',*,*,#5726,.T.);
#8118=ORIENTED_EDGE('',*,*,#5727,.T.);
#8119=ORIENTED_EDGE('',*,*,#5728,.T.);
#8120=ORIENTED_EDGE('',*,*,#5724,.F.);
#8121=ORIENTED_EDGE('',*,*,#5729,.T.);
#8122=ORIENTED_EDGE('',*,*,#5730,.T.);
#8123=ORIENTED_EDGE('',*,*,#5731,.T.);
#8124=ORIENTED_EDGE('',*,*,#5727,.F.);
#8125=ORIENTED_EDGE('',*,*,#5732,.T.);
#8126=ORIENTED_EDGE('',*,*,#5733,.T.);
#8127=ORIENTED_EDGE('',*,*,#5734,.T.);
#8128=ORIENTED_EDGE('',*,*,#5730,.F.);
#8129=ORIENTED_EDGE('',*,*,#5735,.T.);
#8130=ORIENTED_EDGE('',*,*,#5736,.T.);
#8131=ORIENTED_EDGE('',*,*,#5737,.T.);
#8132=ORIENTED_EDGE('',*,*,#5733,.F.);
#8133=ORIENTED_EDGE('',*,*,#5738,.T.);
#8134=ORIENTED_EDGE('',*,*,#5719,.F.);
#8135=ORIENTED_EDGE('',*,*,#5739,.T.);
#8136=ORIENTED_EDGE('',*,*,#5736,.F.);
#8137=ORIENTED_EDGE('',*,*,#5740,.T.);
#8138=ORIENTED_EDGE('',*,*,#5741,.F.);
#8139=ORIENTED_EDGE('',*,*,#5742,.F.);
#8140=ORIENTED_EDGE('',*,*,#5743,.F.);
#8141=ORIENTED_EDGE('',*,*,#5744,.F.);
#8142=ORIENTED_EDGE('',*,*,#5745,.F.);
#8143=ORIENTED_EDGE('',*,*,#5746,.F.);
#8144=ORIENTED_EDGE('',*,*,#5747,.F.);
#8145=ORIENTED_EDGE('',*,*,#5748,.F.);
#8146=ORIENTED_EDGE('',*,*,#5749,.F.);
#8147=ORIENTED_EDGE('',*,*,#5750,.F.);
#8148=ORIENTED_EDGE('',*,*,#5751,.F.);
#8149=ORIENTED_EDGE('',*,*,#5752,.F.);
#8150=ORIENTED_EDGE('',*,*,#5753,.F.);
#8151=ORIENTED_EDGE('',*,*,#5754,.F.);
#8152=ORIENTED_EDGE('',*,*,#5755,.F.);
#8153=ORIENTED_EDGE('',*,*,#5756,.F.);
#8154=ORIENTED_EDGE('',*,*,#5720,.F.);
#8155=ORIENTED_EDGE('',*,*,#5740,.F.);
#8156=ORIENTED_EDGE('',*,*,#5738,.F.);
#8157=ORIENTED_EDGE('',*,*,#5735,.F.);
#8158=ORIENTED_EDGE('',*,*,#5732,.F.);
#8159=ORIENTED_EDGE('',*,*,#5729,.F.);
#8160=ORIENTED_EDGE('',*,*,#5726,.F.);
#8161=ORIENTED_EDGE('',*,*,#5723,.F.);
#8162=ORIENTED_EDGE('',*,*,#5757,.F.);
#8163=ORIENTED_EDGE('',*,*,#5758,.T.);
#8164=ORIENTED_EDGE('',*,*,#5759,.T.);
#8165=ORIENTED_EDGE('',*,*,#5404,.T.);
#8166=ORIENTED_EDGE('',*,*,#5757,.T.);
#8167=ORIENTED_EDGE('',*,*,#5403,.F.);
#8168=ORIENTED_EDGE('',*,*,#5447,.F.);
#8169=ORIENTED_EDGE('',*,*,#5760,.T.);
#8170=ORIENTED_EDGE('',*,*,#5761,.T.);
#8171=ORIENTED_EDGE('',*,*,#5762,.T.);
#8172=ORIENTED_EDGE('',*,*,#5761,.F.);
#8173=ORIENTED_EDGE('',*,*,#5763,.T.);
#8174=ORIENTED_EDGE('',*,*,#5764,.T.);
#8175=ORIENTED_EDGE('',*,*,#5765,.T.);
#8176=ORIENTED_EDGE('',*,*,#5453,.F.);
#8177=ORIENTED_EDGE('',*,*,#5766,.T.);
#8178=ORIENTED_EDGE('',*,*,#5767,.T.);
#8179=ORIENTED_EDGE('',*,*,#5768,.T.);
#8180=ORIENTED_EDGE('',*,*,#5763,.F.);
#8181=ORIENTED_EDGE('',*,*,#5760,.F.);
#8182=ORIENTED_EDGE('',*,*,#5446,.F.);
#8183=ORIENTED_EDGE('',*,*,#5451,.F.);
#8184=ORIENTED_EDGE('',*,*,#5769,.T.);
#8185=ORIENTED_EDGE('',*,*,#5770,.T.);
#8186=ORIENTED_EDGE('',*,*,#5769,.F.);
#8187=ORIENTED_EDGE('',*,*,#5770,.F.);
#8188=ORIENTED_EDGE('',*,*,#5448,.F.);
#8189=ORIENTED_EDGE('',*,*,#5771,.T.);
#8190=ORIENTED_EDGE('',*,*,#5772,.T.);
#8191=ORIENTED_EDGE('',*,*,#5771,.F.);
#8192=ORIENTED_EDGE('',*,*,#5772,.F.);
#8193=ORIENTED_EDGE('',*,*,#5450,.F.);
#8194=ORIENTED_EDGE('',*,*,#5773,.T.);
#8195=ORIENTED_EDGE('',*,*,#5774,.T.);
#8196=ORIENTED_EDGE('',*,*,#5773,.F.);
#8197=ORIENTED_EDGE('',*,*,#5774,.F.);
#8198=ORIENTED_EDGE('',*,*,#5449,.F.);
#8199=ORIENTED_EDGE('',*,*,#5775,.T.);
#8200=ORIENTED_EDGE('',*,*,#5776,.T.);
#8201=ORIENTED_EDGE('',*,*,#5775,.F.);
#8202=ORIENTED_EDGE('',*,*,#5776,.F.);
#8203=ORIENTED_EDGE('',*,*,#5777,.T.);
#8204=ORIENTED_EDGE('',*,*,#5549,.T.);
#8205=ORIENTED_EDGE('',*,*,#5778,.T.);
#8206=ORIENTED_EDGE('',*,*,#5779,.F.);
#8207=ORIENTED_EDGE('',*,*,#5780,.T.);
#8208=ORIENTED_EDGE('',*,*,#5781,.F.);
#8209=ORIENTED_EDGE('',*,*,#5782,.T.);
#8210=ORIENTED_EDGE('',*,*,#5547,.F.);
#8211=ORIENTED_EDGE('',*,*,#5778,.F.);
#8212=ORIENTED_EDGE('',*,*,#5548,.F.);
#8213=ORIENTED_EDGE('',*,*,#5782,.F.);
#8214=ORIENTED_EDGE('',*,*,#5783,.F.);
#8215=ORIENTED_EDGE('',*,*,#5464,.F.);
#8216=ORIENTED_EDGE('',*,*,#5784,.T.);
#8217=ORIENTED_EDGE('',*,*,#5472,.F.);
#8218=ORIENTED_EDGE('',*,*,#5691,.F.);
#8219=ORIENTED_EDGE('',*,*,#5785,.F.);
#8220=ORIENTED_EDGE('',*,*,#5786,.T.);
#8221=ORIENTED_EDGE('',*,*,#5787,.T.);
#8222=ORIENTED_EDGE('',*,*,#5788,.F.);
#8223=ORIENTED_EDGE('',*,*,#5789,.F.);
#8224=ORIENTED_EDGE('',*,*,#5788,.T.);
#8225=ORIENTED_EDGE('',*,*,#5790,.T.);
#8226=ORIENTED_EDGE('',*,*,#5706,.F.);
#8227=ORIENTED_EDGE('',*,*,#5791,.F.);
#8228=ORIENTED_EDGE('',*,*,#5704,.F.);
#8229=ORIENTED_EDGE('',*,*,#5792,.F.);
#8230=ORIENTED_EDGE('',*,*,#5791,.T.);
#8231=ORIENTED_EDGE('',*,*,#5708,.F.);
#8232=ORIENTED_EDGE('',*,*,#5793,.F.);
#8233=ORIENTED_EDGE('',*,*,#5715,.T.);
#8234=ORIENTED_EDGE('',*,*,#5711,.F.);
#8235=ORIENTED_EDGE('',*,*,#5794,.T.);
#8236=ORIENTED_EDGE('',*,*,#5795,.F.);
#8237=ORIENTED_EDGE('',*,*,#5796,.F.);
#8238=ORIENTED_EDGE('',*,*,#5461,.T.);
#8239=ORIENTED_EDGE('',*,*,#5797,.T.);
#8240=ORIENTED_EDGE('',*,*,#5764,.F.);
#8241=ORIENTED_EDGE('',*,*,#5768,.F.);
#8242=ORIENTED_EDGE('',*,*,#5790,.F.);
#8243=ORIENTED_EDGE('',*,*,#5787,.F.);
#8244=ORIENTED_EDGE('',*,*,#5798,.F.);
#8245=ORIENTED_EDGE('',*,*,#5758,.F.);
#8246=ORIENTED_EDGE('',*,*,#5762,.F.);
#8247=ORIENTED_EDGE('',*,*,#5765,.F.);
#8248=ORIENTED_EDGE('',*,*,#5797,.F.);
#8249=ORIENTED_EDGE('',*,*,#5460,.F.);
#8250=ORIENTED_EDGE('',*,*,#5799,.F.);
#8251=ORIENTED_EDGE('',*,*,#5794,.F.);
#8252=ORIENTED_EDGE('',*,*,#5713,.F.);
#8253=ORIENTED_EDGE('',*,*,#5710,.F.);
#8254=ORIENTED_EDGE('',*,*,#5707,.F.);
#8255=ORIENTED_EDGE('',*,*,#5722,.F.);
#8256=ORIENTED_EDGE('',*,*,#5725,.F.);
#8257=ORIENTED_EDGE('',*,*,#5728,.F.);
#8258=ORIENTED_EDGE('',*,*,#5731,.F.);
#8259=ORIENTED_EDGE('',*,*,#5734,.F.);
#8260=ORIENTED_EDGE('',*,*,#5737,.F.);
#8261=ORIENTED_EDGE('',*,*,#5739,.F.);
#8262=ORIENTED_EDGE('',*,*,#5718,.F.);
#8263=ORIENTED_EDGE('',*,*,#5681,.T.);
#8264=ORIENTED_EDGE('',*,*,#5550,.F.);
#8265=ORIENTED_EDGE('',*,*,#5777,.F.);
#8266=ORIENTED_EDGE('',*,*,#5800,.T.);
#8267=ORIENTED_EDGE('',*,*,#5458,.F.);
#8268=ORIENTED_EDGE('',*,*,#5796,.T.);
#8269=ORIENTED_EDGE('',*,*,#5767,.F.);
#8270=ORIENTED_EDGE('',*,*,#5801,.F.);
#8271=ORIENTED_EDGE('',*,*,#5802,.F.);
#8272=ORIENTED_EDGE('',*,*,#5803,.T.);
#8273=ORIENTED_EDGE('',*,*,#5804,.F.);
#8274=ORIENTED_EDGE('',*,*,#5805,.F.);
#8275=ORIENTED_EDGE('',*,*,#5406,.F.);
#8276=ORIENTED_EDGE('',*,*,#5676,.T.);
#8277=ORIENTED_EDGE('',*,*,#5806,.F.);
#8278=ORIENTED_EDGE('',*,*,#5785,.T.);
#8279=ORIENTED_EDGE('',*,*,#5789,.T.);
#8280=ORIENTED_EDGE('',*,*,#5792,.T.);
#8281=ORIENTED_EDGE('',*,*,#5703,.F.);
#8282=ORIENTED_EDGE('',*,*,#5714,.T.);
#8283=ORIENTED_EDGE('',*,*,#5697,.F.);
#8284=ORIENTED_EDGE('',*,*,#5716,.T.);
#8285=ORIENTED_EDGE('',*,*,#5793,.T.);
#8286=ORIENTED_EDGE('',*,*,#5807,.T.);
#8287=ORIENTED_EDGE('',*,*,#5780,.F.);
#8288=ORIENTED_EDGE('',*,*,#5546,.F.);
#8289=ORIENTED_EDGE('',*,*,#5808,.F.);
#8290=ORIENTED_EDGE('',*,*,#5809,.F.);
#8291=ORIENTED_EDGE('',*,*,#5810,.F.);
#8292=ORIENTED_EDGE('',*,*,#5811,.F.);
#8293=ORIENTED_EDGE('',*,*,#5812,.F.);
#8294=ORIENTED_EDGE('',*,*,#5813,.F.);
#8295=ORIENTED_EDGE('',*,*,#5814,.F.);
#8296=ORIENTED_EDGE('',*,*,#5815,.F.);
#8297=ORIENTED_EDGE('',*,*,#5816,.F.);
#8298=ORIENTED_EDGE('',*,*,#5817,.F.);
#8299=ORIENTED_EDGE('',*,*,#5818,.F.);
#8300=ORIENTED_EDGE('',*,*,#5679,.F.);
#8301=ORIENTED_EDGE('',*,*,#5819,.T.);
#8302=ORIENTED_EDGE('',*,*,#5808,.T.);
#8303=ORIENTED_EDGE('',*,*,#5545,.F.);
#8304=ORIENTED_EDGE('',*,*,#5440,.F.);
#8305=ORIENTED_EDGE('',*,*,#5820,.T.);
#8306=ORIENTED_EDGE('',*,*,#5809,.T.);
#8307=ORIENTED_EDGE('',*,*,#5819,.F.);
#8308=ORIENTED_EDGE('',*,*,#5439,.F.);
#8309=ORIENTED_EDGE('',*,*,#5821,.T.);
#8310=ORIENTED_EDGE('',*,*,#5810,.T.);
#8311=ORIENTED_EDGE('',*,*,#5820,.F.);
#8312=ORIENTED_EDGE('',*,*,#5438,.F.);
#8313=ORIENTED_EDGE('',*,*,#5822,.T.);
#8314=ORIENTED_EDGE('',*,*,#5811,.T.);
#8315=ORIENTED_EDGE('',*,*,#5821,.F.);
#8316=ORIENTED_EDGE('',*,*,#5437,.F.);
#8317=ORIENTED_EDGE('',*,*,#5823,.T.);
#8318=ORIENTED_EDGE('',*,*,#5812,.T.);
#8319=ORIENTED_EDGE('',*,*,#5822,.F.);
#8320=ORIENTED_EDGE('',*,*,#5436,.F.);
#8321=ORIENTED_EDGE('',*,*,#5473,.F.);
#8322=ORIENTED_EDGE('',*,*,#5824,.T.);
#8323=ORIENTED_EDGE('',*,*,#5813,.T.);
#8324=ORIENTED_EDGE('',*,*,#5823,.F.);
#8325=ORIENTED_EDGE('',*,*,#5469,.T.);
#8326=ORIENTED_EDGE('',*,*,#5784,.F.);
#8327=ORIENTED_EDGE('',*,*,#5463,.F.);
#8328=ORIENTED_EDGE('',*,*,#5825,.T.);
#8329=ORIENTED_EDGE('',*,*,#5814,.T.);
#8330=ORIENTED_EDGE('',*,*,#5824,.F.);
#8331=ORIENTED_EDGE('',*,*,#5468,.T.);
#8332=ORIENTED_EDGE('',*,*,#5416,.F.);
#8333=ORIENTED_EDGE('',*,*,#5826,.T.);
#8334=ORIENTED_EDGE('',*,*,#5815,.T.);
#8335=ORIENTED_EDGE('',*,*,#5825,.F.);
#8336=ORIENTED_EDGE('',*,*,#5415,.F.);
#8337=ORIENTED_EDGE('',*,*,#5827,.T.);
#8338=ORIENTED_EDGE('',*,*,#5816,.T.);
#8339=ORIENTED_EDGE('',*,*,#5826,.F.);
#8340=ORIENTED_EDGE('',*,*,#5414,.F.);
#8341=ORIENTED_EDGE('',*,*,#5828,.T.);
#8342=ORIENTED_EDGE('',*,*,#5817,.T.);
#8343=ORIENTED_EDGE('',*,*,#5827,.F.);
#8344=ORIENTED_EDGE('',*,*,#5413,.F.);
#8345=ORIENTED_EDGE('',*,*,#5680,.T.);
#8346=ORIENTED_EDGE('',*,*,#5818,.T.);
#8347=ORIENTED_EDGE('',*,*,#5828,.F.);
#8348=ORIENTED_EDGE('',*,*,#5412,.F.);
#8349=ORIENTED_EDGE('',*,*,#5678,.F.);
#8350=ORIENTED_EDGE('',*,*,#5409,.F.);
#8351=ORIENTED_EDGE('',*,*,#5829,.T.);
#8352=ORIENTED_EDGE('',*,*,#5806,.T.);
#8353=ORIENTED_EDGE('',*,*,#5396,.F.);
#8354=ORIENTED_EDGE('',*,*,#5830,.T.);
#8355=ORIENTED_EDGE('',*,*,#5803,.F.);
#8356=ORIENTED_EDGE('',*,*,#5405,.T.);
#8357=ORIENTED_EDGE('',*,*,#5759,.F.);
#8358=ORIENTED_EDGE('',*,*,#5798,.T.);
#8359=ORIENTED_EDGE('',*,*,#5786,.F.);
#8360=ORIENTED_EDGE('',*,*,#5829,.F.);
#8361=ORIENTED_EDGE('',*,*,#5408,.F.);
#8362=ORIENTED_EDGE('',*,*,#5395,.F.);
#8363=ORIENTED_EDGE('',*,*,#5831,.T.);
#8364=ORIENTED_EDGE('',*,*,#5804,.T.);
#8365=ORIENTED_EDGE('',*,*,#5830,.F.);
#8366=ORIENTED_EDGE('',*,*,#5401,.F.);
#8367=ORIENTED_EDGE('',*,*,#5407,.T.);
#8368=ORIENTED_EDGE('',*,*,#5805,.T.);
#8369=ORIENTED_EDGE('',*,*,#5831,.F.);
#8370=ORIENTED_EDGE('',*,*,#5452,.F.);
#8371=ORIENTED_EDGE('',*,*,#5832,.T.);
#8372=ORIENTED_EDGE('',*,*,#5801,.T.);
#8373=ORIENTED_EDGE('',*,*,#5766,.F.);
#8374=ORIENTED_EDGE('',*,*,#5456,.F.);
#8375=ORIENTED_EDGE('',*,*,#5462,.T.);
#8376=ORIENTED_EDGE('',*,*,#5802,.T.);
#8377=ORIENTED_EDGE('',*,*,#5832,.F.);
#8378=ORIENTED_EDGE('',*,*,#5781,.T.);
#8379=ORIENTED_EDGE('',*,*,#5807,.F.);
#8380=ORIENTED_EDGE('',*,*,#5795,.T.);
#8381=ORIENTED_EDGE('',*,*,#5799,.T.);
#8382=ORIENTED_EDGE('',*,*,#5459,.F.);
#8383=ORIENTED_EDGE('',*,*,#5800,.F.);
#8384=ORIENTED_EDGE('',*,*,#5779,.T.);
#8385=ORIENTED_EDGE('',*,*,#5783,.T.);
#8386=ORIENTED_EDGE('',*,*,#5833,.T.);
#8387=ORIENTED_EDGE('',*,*,#5834,.T.);
#8388=ORIENTED_EDGE('',*,*,#5835,.T.);
#8389=ORIENTED_EDGE('',*,*,#5836,.T.);
#8390=ORIENTED_EDGE('',*,*,#5835,.F.);
#8391=ORIENTED_EDGE('',*,*,#5652,.T.);
#8392=ORIENTED_EDGE('',*,*,#5837,.T.);
#8393=ORIENTED_EDGE('',*,*,#5838,.T.);
#8394=ORIENTED_EDGE('',*,*,#5837,.F.);
#8395=ORIENTED_EDGE('',*,*,#5839,.T.);
#8396=ORIENTED_EDGE('',*,*,#5840,.T.);
#8397=ORIENTED_EDGE('',*,*,#5841,.T.);
#8398=ORIENTED_EDGE('',*,*,#5840,.F.);
#8399=ORIENTED_EDGE('',*,*,#5842,.T.);
#8400=ORIENTED_EDGE('',*,*,#5843,.T.);
#8401=ORIENTED_EDGE('',*,*,#5844,.T.);
#8402=ORIENTED_EDGE('',*,*,#5843,.F.);
#8403=ORIENTED_EDGE('',*,*,#5845,.T.);
#8404=ORIENTED_EDGE('',*,*,#5846,.T.);
#8405=ORIENTED_EDGE('',*,*,#5847,.T.);
#8406=ORIENTED_EDGE('',*,*,#5846,.F.);
#8407=ORIENTED_EDGE('',*,*,#5693,.T.);
#8408=ORIENTED_EDGE('',*,*,#5848,.T.);
#8409=ORIENTED_EDGE('',*,*,#5849,.T.);
#8410=ORIENTED_EDGE('',*,*,#5848,.F.);
#8411=ORIENTED_EDGE('',*,*,#5850,.T.);
#8412=ORIENTED_EDGE('',*,*,#5851,.T.);
#8413=ORIENTED_EDGE('',*,*,#5852,.T.);
#8414=ORIENTED_EDGE('',*,*,#5851,.F.);
#8415=ORIENTED_EDGE('',*,*,#5853,.T.);
#8416=ORIENTED_EDGE('',*,*,#5854,.T.);
#8417=ORIENTED_EDGE('',*,*,#5855,.T.);
#8418=ORIENTED_EDGE('',*,*,#5854,.F.);
#8419=ORIENTED_EDGE('',*,*,#5856,.T.);
#8420=ORIENTED_EDGE('',*,*,#5857,.T.);
#8421=ORIENTED_EDGE('',*,*,#5858,.T.);
#8422=ORIENTED_EDGE('',*,*,#5857,.F.);
#8423=ORIENTED_EDGE('',*,*,#5509,.T.);
#8424=ORIENTED_EDGE('',*,*,#5859,.T.);
#8425=ORIENTED_EDGE('',*,*,#5860,.T.);
#8426=ORIENTED_EDGE('',*,*,#5859,.F.);
#8427=ORIENTED_EDGE('',*,*,#5861,.T.);
#8428=ORIENTED_EDGE('',*,*,#5862,.T.);
#8429=ORIENTED_EDGE('',*,*,#5863,.T.);
#8430=ORIENTED_EDGE('',*,*,#5862,.F.);
#8431=ORIENTED_EDGE('',*,*,#5864,.T.);
#8432=ORIENTED_EDGE('',*,*,#5865,.T.);
#8433=ORIENTED_EDGE('',*,*,#5866,.T.);
#8434=ORIENTED_EDGE('',*,*,#5865,.F.);
#8435=ORIENTED_EDGE('',*,*,#5867,.T.);
#8436=ORIENTED_EDGE('',*,*,#5868,.T.);
#8437=ORIENTED_EDGE('',*,*,#5869,.T.);
#8438=ORIENTED_EDGE('',*,*,#5868,.F.);
#8439=ORIENTED_EDGE('',*,*,#5870,.T.);
#8440=ORIENTED_EDGE('',*,*,#5871,.T.);
#8441=ORIENTED_EDGE('',*,*,#5872,.T.);
#8442=ORIENTED_EDGE('',*,*,#5871,.F.);
#8443=ORIENTED_EDGE('',*,*,#5873,.T.);
#8444=ORIENTED_EDGE('',*,*,#5874,.T.);
#8445=ORIENTED_EDGE('',*,*,#5875,.T.);
#8446=ORIENTED_EDGE('',*,*,#5874,.F.);
#8447=ORIENTED_EDGE('',*,*,#5876,.T.);
#8448=ORIENTED_EDGE('',*,*,#5833,.F.);
#8449=ORIENTED_EDGE('',*,*,#5877,.T.);
#8450=ORIENTED_EDGE('',*,*,#5860,.F.);
#8451=ORIENTED_EDGE('',*,*,#5878,.F.);
#8452=ORIENTED_EDGE('',*,*,#5879,.F.);
#8453=ORIENTED_EDGE('',*,*,#5880,.T.);
#8454=ORIENTED_EDGE('',*,*,#5863,.F.);
#8455=ORIENTED_EDGE('',*,*,#5881,.F.);
#8456=ORIENTED_EDGE('',*,*,#5882,.F.);
#8457=ORIENTED_EDGE('',*,*,#5878,.T.);
#8458=ORIENTED_EDGE('',*,*,#5866,.F.);
#8459=ORIENTED_EDGE('',*,*,#5883,.F.);
#8460=ORIENTED_EDGE('',*,*,#5884,.F.);
#8461=ORIENTED_EDGE('',*,*,#5881,.T.);
#8462=ORIENTED_EDGE('',*,*,#5869,.F.);
#8463=ORIENTED_EDGE('',*,*,#5885,.F.);
#8464=ORIENTED_EDGE('',*,*,#5886,.F.);
#8465=ORIENTED_EDGE('',*,*,#5883,.T.);
#8466=ORIENTED_EDGE('',*,*,#5872,.F.);
#8467=ORIENTED_EDGE('',*,*,#5887,.T.);
#8468=ORIENTED_EDGE('',*,*,#5888,.F.);
#8469=ORIENTED_EDGE('',*,*,#5885,.T.);
#8470=ORIENTED_EDGE('',*,*,#5875,.F.);
#8471=ORIENTED_EDGE('',*,*,#5889,.T.);
#8472=ORIENTED_EDGE('',*,*,#5890,.F.);
#8473=ORIENTED_EDGE('',*,*,#5887,.F.);
#8474=ORIENTED_EDGE('',*,*,#5877,.F.);
#8475=ORIENTED_EDGE('',*,*,#5891,.T.);
#8476=ORIENTED_EDGE('',*,*,#5892,.F.);
#8477=ORIENTED_EDGE('',*,*,#5889,.F.);
#8478=ORIENTED_EDGE('',*,*,#5836,.F.);
#8479=ORIENTED_EDGE('',*,*,#5893,.T.);
#8480=ORIENTED_EDGE('',*,*,#5894,.F.);
#8481=ORIENTED_EDGE('',*,*,#5891,.F.);
#8482=ORIENTED_EDGE('',*,*,#5853,.F.);
#8483=ORIENTED_EDGE('',*,*,#5895,.T.);
#8484=ORIENTED_EDGE('',*,*,#5432,.F.);
#8485=ORIENTED_EDGE('',*,*,#5896,.F.);
#8486=ORIENTED_EDGE('',*,*,#5850,.F.);
#8487=ORIENTED_EDGE('',*,*,#5692,.T.);
#8488=ORIENTED_EDGE('',*,*,#5433,.F.);
#8489=ORIENTED_EDGE('',*,*,#5895,.F.);
#8490=ORIENTED_EDGE('',*,*,#5845,.F.);
#8491=ORIENTED_EDGE('',*,*,#5897,.T.);
#8492=ORIENTED_EDGE('',*,*,#5419,.F.);
#8493=ORIENTED_EDGE('',*,*,#5690,.T.);
#8494=ORIENTED_EDGE('',*,*,#5842,.F.);
#8495=ORIENTED_EDGE('',*,*,#5898,.T.);
#8496=ORIENTED_EDGE('',*,*,#5420,.F.);
#8497=ORIENTED_EDGE('',*,*,#5897,.F.);
#8498=ORIENTED_EDGE('',*,*,#5839,.F.);
#8499=ORIENTED_EDGE('',*,*,#5651,.T.);
#8500=ORIENTED_EDGE('',*,*,#5421,.F.);
#8501=ORIENTED_EDGE('',*,*,#5898,.F.);
#8502=ORIENTED_EDGE('',*,*,#5834,.F.);
#8503=ORIENTED_EDGE('',*,*,#5899,.T.);
#8504=ORIENTED_EDGE('',*,*,#5423,.F.);
#8505=ORIENTED_EDGE('',*,*,#5650,.T.);
#8506=ORIENTED_EDGE('',*,*,#5900,.T.);
#8507=ORIENTED_EDGE('',*,*,#5901,.T.);
#8508=ORIENTED_EDGE('',*,*,#5902,.T.);
#8509=ORIENTED_EDGE('',*,*,#5888,.T.);
#8510=ORIENTED_EDGE('',*,*,#5903,.T.);
#8511=ORIENTED_EDGE('',*,*,#5886,.T.);
#8512=ORIENTED_EDGE('',*,*,#5902,.F.);
#8513=ORIENTED_EDGE('',*,*,#5904,.T.);
#8514=ORIENTED_EDGE('',*,*,#5905,.T.);
#8515=ORIENTED_EDGE('',*,*,#5884,.T.);
#8516=ORIENTED_EDGE('',*,*,#5903,.F.);
#8517=ORIENTED_EDGE('',*,*,#5906,.T.);
#8518=ORIENTED_EDGE('',*,*,#5907,.T.);
#8519=ORIENTED_EDGE('',*,*,#5882,.T.);
#8520=ORIENTED_EDGE('',*,*,#5905,.F.);
#8521=ORIENTED_EDGE('',*,*,#5908,.T.);
#8522=ORIENTED_EDGE('',*,*,#5909,.T.);
#8523=ORIENTED_EDGE('',*,*,#5879,.T.);
#8524=ORIENTED_EDGE('',*,*,#5907,.F.);
#8525=ORIENTED_EDGE('',*,*,#5910,.T.);
#8526=ORIENTED_EDGE('',*,*,#5911,.T.);
#8527=ORIENTED_EDGE('',*,*,#5912,.T.);
#8528=ORIENTED_EDGE('',*,*,#5909,.F.);
#8529=ORIENTED_EDGE('',*,*,#5913,.T.);
#8530=ORIENTED_EDGE('',*,*,#5914,.T.);
#8531=ORIENTED_EDGE('',*,*,#5915,.T.);
#8532=ORIENTED_EDGE('',*,*,#5911,.F.);
#8533=ORIENTED_EDGE('',*,*,#5916,.T.);
#8534=ORIENTED_EDGE('',*,*,#5917,.T.);
#8535=ORIENTED_EDGE('',*,*,#5918,.T.);
#8536=ORIENTED_EDGE('',*,*,#5914,.F.);
#8537=ORIENTED_EDGE('',*,*,#5919,.T.);
#8538=ORIENTED_EDGE('',*,*,#5920,.T.);
#8539=ORIENTED_EDGE('',*,*,#5921,.T.);
#8540=ORIENTED_EDGE('',*,*,#5917,.F.);
#8541=ORIENTED_EDGE('',*,*,#5922,.T.);
#8542=ORIENTED_EDGE('',*,*,#5923,.T.);
#8543=ORIENTED_EDGE('',*,*,#5924,.T.);
#8544=ORIENTED_EDGE('',*,*,#5920,.F.);
#8545=ORIENTED_EDGE('',*,*,#5925,.T.);
#8546=ORIENTED_EDGE('',*,*,#5926,.T.);
#8547=ORIENTED_EDGE('',*,*,#5927,.T.);
#8548=ORIENTED_EDGE('',*,*,#5923,.F.);
#8549=ORIENTED_EDGE('',*,*,#5928,.T.);
#8550=ORIENTED_EDGE('',*,*,#5929,.T.);
#8551=ORIENTED_EDGE('',*,*,#5930,.T.);
#8552=ORIENTED_EDGE('',*,*,#5926,.F.);
#8553=ORIENTED_EDGE('',*,*,#5931,.T.);
#8554=ORIENTED_EDGE('',*,*,#5932,.T.);
#8555=ORIENTED_EDGE('',*,*,#5933,.T.);
#8556=ORIENTED_EDGE('',*,*,#5929,.F.);
#8557=ORIENTED_EDGE('',*,*,#5934,.T.);
#8558=ORIENTED_EDGE('',*,*,#5935,.T.);
#8559=ORIENTED_EDGE('',*,*,#5894,.T.);
#8560=ORIENTED_EDGE('',*,*,#5932,.F.);
#8561=ORIENTED_EDGE('',*,*,#5936,.T.);
#8562=ORIENTED_EDGE('',*,*,#5937,.T.);
#8563=ORIENTED_EDGE('',*,*,#5892,.T.);
#8564=ORIENTED_EDGE('',*,*,#5935,.F.);
#8565=ORIENTED_EDGE('',*,*,#5938,.T.);
#8566=ORIENTED_EDGE('',*,*,#5900,.F.);
#8567=ORIENTED_EDGE('',*,*,#5890,.T.);
#8568=ORIENTED_EDGE('',*,*,#5937,.F.);
#8569=ORIENTED_EDGE('',*,*,#5939,.T.);
#8570=ORIENTED_EDGE('',*,*,#5847,.F.);
#8571=ORIENTED_EDGE('',*,*,#5940,.T.);
#8572=ORIENTED_EDGE('',*,*,#5924,.F.);
#8573=ORIENTED_EDGE('',*,*,#5941,.F.);
#8574=ORIENTED_EDGE('',*,*,#5844,.F.);
#8575=ORIENTED_EDGE('',*,*,#5941,.T.);
#8576=ORIENTED_EDGE('',*,*,#5927,.F.);
#8577=ORIENTED_EDGE('',*,*,#5942,.F.);
#8578=ORIENTED_EDGE('',*,*,#5841,.F.);
#8579=ORIENTED_EDGE('',*,*,#5942,.T.);
#8580=ORIENTED_EDGE('',*,*,#5930,.F.);
#8581=ORIENTED_EDGE('',*,*,#5943,.F.);
#8582=ORIENTED_EDGE('',*,*,#5838,.F.);
#8583=ORIENTED_EDGE('',*,*,#5943,.T.);
#8584=ORIENTED_EDGE('',*,*,#5933,.F.);
#8585=ORIENTED_EDGE('',*,*,#5893,.F.);
#8586=ORIENTED_EDGE('',*,*,#5901,.F.);
#8587=ORIENTED_EDGE('',*,*,#5939,.F.);
#8588=ORIENTED_EDGE('',*,*,#5938,.F.);
#8589=ORIENTED_EDGE('',*,*,#5936,.F.);
#8590=ORIENTED_EDGE('',*,*,#5934,.F.);
#8591=ORIENTED_EDGE('',*,*,#5931,.F.);
#8592=ORIENTED_EDGE('',*,*,#5928,.F.);
#8593=ORIENTED_EDGE('',*,*,#5925,.F.);
#8594=ORIENTED_EDGE('',*,*,#5922,.F.);
#8595=ORIENTED_EDGE('',*,*,#5919,.F.);
#8596=ORIENTED_EDGE('',*,*,#5916,.F.);
#8597=ORIENTED_EDGE('',*,*,#5913,.F.);
#8598=ORIENTED_EDGE('',*,*,#5910,.F.);
#8599=ORIENTED_EDGE('',*,*,#5908,.F.);
#8600=ORIENTED_EDGE('',*,*,#5906,.F.);
#8601=ORIENTED_EDGE('',*,*,#5904,.F.);
#8602=ORIENTED_EDGE('',*,*,#5944,.T.);
#8603=ORIENTED_EDGE('',*,*,#5945,.T.);
#8604=ORIENTED_EDGE('',*,*,#5946,.T.);
#8605=ORIENTED_EDGE('',*,*,#5947,.T.);
#8606=ORIENTED_EDGE('',*,*,#5948,.T.);
#8607=ORIENTED_EDGE('',*,*,#5949,.T.);
#8608=ORIENTED_EDGE('',*,*,#5950,.T.);
#8609=ORIENTED_EDGE('',*,*,#5951,.T.);
#8610=ORIENTED_EDGE('',*,*,#5952,.T.);
#8611=ORIENTED_EDGE('',*,*,#5953,.T.);
#8612=ORIENTED_EDGE('',*,*,#5954,.T.);
#8613=ORIENTED_EDGE('',*,*,#5955,.T.);
#8614=ORIENTED_EDGE('',*,*,#5956,.T.);
#8615=ORIENTED_EDGE('',*,*,#5957,.T.);
#8616=ORIENTED_EDGE('',*,*,#5958,.T.);
#8617=ORIENTED_EDGE('',*,*,#5959,.T.);
#8618=ORIENTED_EDGE('',*,*,#5944,.F.);
#8619=ORIENTED_EDGE('',*,*,#5960,.T.);
#8620=ORIENTED_EDGE('',*,*,#5742,.T.);
#8621=ORIENTED_EDGE('',*,*,#5961,.F.);
#8622=ORIENTED_EDGE('',*,*,#5959,.F.);
#8623=ORIENTED_EDGE('',*,*,#5962,.T.);
#8624=ORIENTED_EDGE('',*,*,#5743,.T.);
#8625=ORIENTED_EDGE('',*,*,#5960,.F.);
#8626=ORIENTED_EDGE('',*,*,#5958,.F.);
#8627=ORIENTED_EDGE('',*,*,#5963,.T.);
#8628=ORIENTED_EDGE('',*,*,#5744,.T.);
#8629=ORIENTED_EDGE('',*,*,#5962,.F.);
#8630=ORIENTED_EDGE('',*,*,#5957,.F.);
#8631=ORIENTED_EDGE('',*,*,#5964,.T.);
#8632=ORIENTED_EDGE('',*,*,#5745,.T.);
#8633=ORIENTED_EDGE('',*,*,#5963,.F.);
#8634=ORIENTED_EDGE('',*,*,#5956,.F.);
#8635=ORIENTED_EDGE('',*,*,#5965,.T.);
#8636=ORIENTED_EDGE('',*,*,#5746,.T.);
#8637=ORIENTED_EDGE('',*,*,#5964,.F.);
#8638=ORIENTED_EDGE('',*,*,#5955,.F.);
#8639=ORIENTED_EDGE('',*,*,#5966,.T.);
#8640=ORIENTED_EDGE('',*,*,#5747,.T.);
#8641=ORIENTED_EDGE('',*,*,#5965,.F.);
#8642=ORIENTED_EDGE('',*,*,#5954,.F.);
#8643=ORIENTED_EDGE('',*,*,#5967,.T.);
#8644=ORIENTED_EDGE('',*,*,#5748,.T.);
#8645=ORIENTED_EDGE('',*,*,#5966,.F.);
#8646=ORIENTED_EDGE('',*,*,#5953,.F.);
#8647=ORIENTED_EDGE('',*,*,#5968,.T.);
#8648=ORIENTED_EDGE('',*,*,#5749,.T.);
#8649=ORIENTED_EDGE('',*,*,#5967,.F.);
#8650=ORIENTED_EDGE('',*,*,#5952,.F.);
#8651=ORIENTED_EDGE('',*,*,#5969,.T.);
#8652=ORIENTED_EDGE('',*,*,#5750,.T.);
#8653=ORIENTED_EDGE('',*,*,#5968,.F.);
#8654=ORIENTED_EDGE('',*,*,#5951,.F.);
#8655=ORIENTED_EDGE('',*,*,#5970,.T.);
#8656=ORIENTED_EDGE('',*,*,#5751,.T.);
#8657=ORIENTED_EDGE('',*,*,#5969,.F.);
#8658=ORIENTED_EDGE('',*,*,#5950,.F.);
#8659=ORIENTED_EDGE('',*,*,#5971,.T.);
#8660=ORIENTED_EDGE('',*,*,#5752,.T.);
#8661=ORIENTED_EDGE('',*,*,#5970,.F.);
#8662=ORIENTED_EDGE('',*,*,#5949,.F.);
#8663=ORIENTED_EDGE('',*,*,#5972,.T.);
#8664=ORIENTED_EDGE('',*,*,#5753,.T.);
#8665=ORIENTED_EDGE('',*,*,#5971,.F.);
#8666=ORIENTED_EDGE('',*,*,#5948,.F.);
#8667=ORIENTED_EDGE('',*,*,#5973,.T.);
#8668=ORIENTED_EDGE('',*,*,#5754,.T.);
#8669=ORIENTED_EDGE('',*,*,#5972,.F.);
#8670=ORIENTED_EDGE('',*,*,#5947,.F.);
#8671=ORIENTED_EDGE('',*,*,#5974,.T.);
#8672=ORIENTED_EDGE('',*,*,#5755,.T.);
#8673=ORIENTED_EDGE('',*,*,#5973,.F.);
#8674=ORIENTED_EDGE('',*,*,#5946,.F.);
#8675=ORIENTED_EDGE('',*,*,#5975,.T.);
#8676=ORIENTED_EDGE('',*,*,#5756,.T.);
#8677=ORIENTED_EDGE('',*,*,#5974,.F.);
#8678=ORIENTED_EDGE('',*,*,#5945,.F.);
#8679=ORIENTED_EDGE('',*,*,#5961,.T.);
#8680=ORIENTED_EDGE('',*,*,#5741,.T.);
#8681=ORIENTED_EDGE('',*,*,#5975,.F.);
#8682=ORIENTED_EDGE('',*,*,#5858,.F.);
#8683=ORIENTED_EDGE('',*,*,#5880,.F.);
#8684=ORIENTED_EDGE('',*,*,#5912,.F.);
#8685=ORIENTED_EDGE('',*,*,#5976,.T.);
#8686=ORIENTED_EDGE('',*,*,#5855,.F.);
#8687=ORIENTED_EDGE('',*,*,#5976,.F.);
#8688=ORIENTED_EDGE('',*,*,#5915,.F.);
#8689=ORIENTED_EDGE('',*,*,#5977,.T.);
#8690=ORIENTED_EDGE('',*,*,#5852,.F.);
#8691=ORIENTED_EDGE('',*,*,#5977,.F.);
#8692=ORIENTED_EDGE('',*,*,#5918,.F.);
#8693=ORIENTED_EDGE('',*,*,#5978,.T.);
#8694=ORIENTED_EDGE('',*,*,#5849,.F.);
#8695=ORIENTED_EDGE('',*,*,#5978,.F.);
#8696=ORIENTED_EDGE('',*,*,#5921,.F.);
#8697=ORIENTED_EDGE('',*,*,#5940,.F.);
#8698=ORIENTED_EDGE('',*,*,#5876,.F.);
#8699=ORIENTED_EDGE('',*,*,#5979,.T.);
#8700=ORIENTED_EDGE('',*,*,#5424,.F.);
#8701=ORIENTED_EDGE('',*,*,#5899,.F.);
#8702=ORIENTED_EDGE('',*,*,#5873,.F.);
#8703=ORIENTED_EDGE('',*,*,#5980,.T.);
#8704=ORIENTED_EDGE('',*,*,#5425,.F.);
#8705=ORIENTED_EDGE('',*,*,#5979,.F.);
#8706=ORIENTED_EDGE('',*,*,#5980,.F.);
#8707=ORIENTED_EDGE('',*,*,#5870,.F.);
#8708=ORIENTED_EDGE('',*,*,#5981,.F.);
#8709=ORIENTED_EDGE('',*,*,#5426,.F.);
#8710=ORIENTED_EDGE('',*,*,#5867,.F.);
#8711=ORIENTED_EDGE('',*,*,#5982,.T.);
#8712=ORIENTED_EDGE('',*,*,#5427,.F.);
#8713=ORIENTED_EDGE('',*,*,#5981,.T.);
#8714=ORIENTED_EDGE('',*,*,#5864,.F.);
#8715=ORIENTED_EDGE('',*,*,#5983,.T.);
#8716=ORIENTED_EDGE('',*,*,#5428,.F.);
#8717=ORIENTED_EDGE('',*,*,#5982,.F.);
#8718=ORIENTED_EDGE('',*,*,#5861,.F.);
#8719=ORIENTED_EDGE('',*,*,#5508,.T.);
#8720=ORIENTED_EDGE('',*,*,#5429,.F.);
#8721=ORIENTED_EDGE('',*,*,#5983,.F.);
#8722=ORIENTED_EDGE('',*,*,#5856,.F.);
#8723=ORIENTED_EDGE('',*,*,#5896,.T.);
#8724=ORIENTED_EDGE('',*,*,#5431,.F.);
#8725=ORIENTED_EDGE('',*,*,#5510,.T.);
#8726=PLANE('',#9606);
#8727=PLANE('',#9607);
#8728=PLANE('',#9608);
#8729=PLANE('',#9609);
#8730=PLANE('',#9610);
#8731=PLANE('',#9611);
#8732=PLANE('',#9612);
#8733=PLANE('',#9613);
#8734=PLANE('',#9614);
#8735=PLANE('',#9615);
#8736=PLANE('',#9616);
#8737=PLANE('',#9617);
#8738=PLANE('',#9618);
#8739=PLANE('',#9619);
#8740=PLANE('',#9620);
#8741=PLANE('',#9621);
#8742=PLANE('',#9622);
#8743=PLANE('',#9623);
#8744=PLANE('',#9624);
#8745=PLANE('',#9625);
#8746=PLANE('',#9626);
#8747=PLANE('',#9627);
#8748=PLANE('',#9628);
#8749=PLANE('',#9629);
#8750=PLANE('',#9630);
#8751=PLANE('',#9631);
#8752=PLANE('',#9632);
#8753=PLANE('',#9633);
#8754=PLANE('',#9634);
#8755=PLANE('',#9635);
#8756=PLANE('',#9636);
#8757=PLANE('',#9637);
#8758=PLANE('',#9638);
#8759=PLANE('',#9639);
#8760=PLANE('',#9640);
#8761=PLANE('',#9641);
#8762=PLANE('',#9642);
#8763=PLANE('',#9643);
#8764=PLANE('',#9644);
#8765=PLANE('',#9645);
#8766=PLANE('',#9646);
#8767=PLANE('',#9647);
#8768=PLANE('',#9648);
#8769=PLANE('',#9649);
#8770=PLANE('',#9650);
#8771=PLANE('',#9651);
#8772=PLANE('',#9652);
#8773=PLANE('',#9653);
#8774=PLANE('',#9654);
#8775=PLANE('',#9655);
#8776=PLANE('',#9664);
#8777=PLANE('',#9665);
#8778=PLANE('',#9666);
#8779=PLANE('',#9667);
#8780=PLANE('',#9680);
#8781=PLANE('',#9681);
#8782=PLANE('',#9682);
#8783=PLANE('',#9683);
#8784=PLANE('',#9684);
#8785=PLANE('',#9685);
#8786=PLANE('',#9686);
#8787=PLANE('',#9689);
#8788=PLANE('',#9692);
#8789=PLANE('',#9695);
#8790=PLANE('',#9698);
#8791=PLANE('',#9701);
#8792=PLANE('',#9704);
#8793=PLANE('',#9707);
#8794=PLANE('',#9710);
#8795=PLANE('',#9711);
#8796=PLANE('',#9714);
#8797=PLANE('',#9715);
#8798=PLANE('',#9775);
#8799=PLANE('',#9777);
#8800=PLANE('',#9778);
#8801=PLANE('',#9780);
#8802=PLANE('',#9782);
#8803=PLANE('',#9783);
#8804=PLANE('',#9786);
#8805=PLANE('',#9789);
#8806=PLANE('',#9790);
#8807=PLANE('',#9792);
#8808=PLANE('',#9794);
#8809=PLANE('',#9795);
#8810=PLANE('',#9796);
#8811=PLANE('',#9798);
#8812=PLANE('',#9799);
#8813=PLANE('',#9801);
#8814=PLANE('',#9802);
#8815=PLANE('',#9804);
#8816=PLANE('',#9806);
#8817=PLANE('',#9809);
#8818=PLANE('',#9811);
#8819=PLANE('',#9813);
#8820=PLANE('',#9814);
#8821=PLANE('',#9824);
#8822=PLANE('',#9825);
#8823=PLANE('',#9826);
#8824=PLANE('',#9827);
#8825=PLANE('',#9828);
#8826=PLANE('',#9829);
#8827=PLANE('',#9830);
#8828=PLANE('',#9831);
#8829=PLANE('',#9832);
#8830=PLANE('',#9833);
#8831=PLANE('',#9834);
#8832=PLANE('',#9835);
#8833=PLANE('',#9836);
#8834=PLANE('',#9837);
#8835=PLANE('',#9838);
#8836=PLANE('',#9839);
#8837=PLANE('',#9840);
#8838=PLANE('',#9841);
#8839=PLANE('',#9846);
#8840=PLANE('',#9857);
#8841=PLANE('',#9863);
#8842=PLANE('',#9870);
#8843=PLANE('',#9902);
#8844=PLANE('',#9905);
#8845=PLANE('',#9908);
#8846=PLANE('',#9913);
#8847=PLANE('',#9918);
#8848=PLANE('',#9954);
#8849=PLANE('',#9956);
#8850=PLANE('',#9959);
#8851=PLANE('',#9962);
#8852=PLANE('',#9965);
#8853=PLANE('',#9968);
#8854=PLANE('',#9971);
#8855=PLANE('',#9974);
#8856=PLANE('',#9978);
#8857=PLANE('',#9979);
#8858=PLANE('',#9980);
#8859=PLANE('',#9981);
#8860=PLANE('',#9989);
#8861=PLANE('',#10019);
#8862=PLANE('',#10023);
#8863=PLANE('',#10045);
#8864=PLANE('',#10047);
#8865=PLANE('',#10049);
#8866=PLANE('',#10051);
#8867=PLANE('',#10053);
#8868=PLANE('',#10056);
#8869=PLANE('',#10059);
#8870=PLANE('',#10062);
#8871=PLANE('',#10063);
#8872=PLANE('',#10066);
#8873=PLANE('',#10069);
#8874=PLANE('',#10070);
#8875=PLANE('',#10073);
#8876=PLANE('',#10076);
#8877=PLANE('',#10077);
#8878=PLANE('',#10080);
#8879=PLANE('',#10083);
#8880=PLANE('',#10154);
#8881=PLANE('',#10164);
#8882=PLANE('',#10175);
#8883=PLANE('',#10186);
#8884=PLANE('',#10196);
#8885=PLANE('',#10197);
#8886=PLANE('',#10198);
#8887=PLANE('',#10199);
#8888=PLANE('',#10200);
#8889=PLANE('',#10201);
#8890=PLANE('',#10202);
#8891=PLANE('',#10204);
#8892=PLANE('',#10205);
#8893=PLANE('',#10206);
#8894=PLANE('',#10207);
#8895=PLANE('',#10220);
#8896=PLANE('',#10221);
#8897=PLANE('',#10222);
#8898=PLANE('',#10223);
#8899=PLANE('',#10224);
#8900=PLANE('',#10225);
#8901=PLANE('',#10226);
#8902=PLANE('',#10253);
#8903=PLANE('',#10256);
#8904=PLANE('',#10257);
#8905=PLANE('',#10278);
#8906=PLANE('',#10279);
#8907=PLANE('',#10294);
#8908=PLANE('',#10297);
#8909=PLANE('',#10319);
#8910=PLANE('',#10320);
#8911=PLANE('',#10322);
#8912=PLANE('',#10325);
#8913=PLANE('',#10328);
#8914=PLANE('',#10331);
#8915=PLANE('',#10334);
#8916=PLANE('',#10335);
#8917=PLANE('',#10338);
#8918=PLANE('',#10366);
#8919=PLANE('',#10369);
#8920=PLANE('',#10370);
#8921=PLANE('',#10371);
#8922=PLANE('',#10374);
#8923=PLANE('',#10379);
#8924=PLANE('',#10382);
#8925=PLANE('',#10385);
#8926=PLANE('',#10388);
#8927=PLANE('',#10389);
#8928=PLANE('',#10390);
#8929=PLANE('',#10391);
#8930=PLANE('',#10393);
#8931=PLANE('',#10396);
#8932=PLANE('',#10397);
#8933=PLANE('',#10399);
#8934=PLANE('',#10401);
#8935=PLANE('',#10419);
#8936=PLANE('',#10420);
#8937=PLANE('',#10421);
#8938=PLANE('',#10425);
#8939=PLANE('',#10429);
#8940=PLANE('',#10433);
#8941=PLANE('',#10437);
#8942=PLANE('',#10449);
#8943=PLANE('',#10453);
#8944=PLANE('',#10456);
#8945=PLANE('',#10459);
#8946=PLANE('',#10462);
#8947=PLANE('',#10465);
#8948=PLANE('',#10466);
#8949=PLANE('',#10467);
#8950=PLANE('',#10468);
#8951=PLANE('',#10469);
#8952=PLANE('',#10470);
#8953=PLANE('',#10471);
#8954=PLANE('',#10472);
#8955=PLANE('',#10473);
#8956=PLANE('',#10474);
#8957=PLANE('',#10475);
#8958=PLANE('',#10476);
#8959=PLANE('',#10477);
#8960=PLANE('',#10478);
#8961=PLANE('',#10479);
#8962=PLANE('',#10480);
#8963=PLANE('',#10481);
#8964=PLANE('',#10482);
#8965=PLANE('',#10483);
#8966=PLANE('',#10484);
#8967=PLANE('',#10485);
#8968=PLANE('',#10486);
#8969=PLANE('',#10487);
#8970=PLANE('',#10488);
#8971=PLANE('',#10489);
#8972=PLANE('',#10490);
#8973=PLANE('',#10491);
#8974=PLANE('',#10492);
#8975=PLANE('',#10493);
#8976=PLANE('',#10494);
#8977=PLANE('',#10495);
#8978=PLANE('',#10496);
#8979=PLANE('',#10497);
#8980=PLANE('',#10546);
#8981=PLANE('',#10549);
#8982=PLANE('',#10552);
#8983=PLANE('',#10555);
#8984=PLANE('',#10558);
#8985=PLANE('',#10561);
#8986=PLANE('',#10609);
#8987=PLANE('',#10611);
#8988=PLANE('',#10612);
#8989=PLANE('',#10621);
#8990=PLANE('',#10623);
#8991=PLANE('',#10625);
#8992=PLANE('',#10627);
#8993=PLANE('',#10629);
#8994=PLANE('',#10631);
#8995=PLANE('',#10633);
#8996=PLANE('',#10635);
#8997=PLANE('',#10638);
#8998=PLANE('',#10640);
#8999=PLANE('',#10641);
#9000=PLANE('',#10643);
#9001=PLANE('',#10645);
#9002=ADVANCED_FACE('',(#854),#8726,.T.);
#9003=ADVANCED_FACE('',(#855),#8727,.T.);
#9004=ADVANCED_FACE('',(#856),#8728,.T.);
#9005=ADVANCED_FACE('',(#857),#8729,.T.);
#9006=ADVANCED_FACE('',(#858),#8730,.T.);
#9007=ADVANCED_FACE('',(#859),#8731,.T.);
#9008=ADVANCED_FACE('',(#860),#8732,.T.);
#9009=ADVANCED_FACE('',(#861),#8733,.T.);
#9010=ADVANCED_FACE('',(#862),#8734,.T.);
#9011=ADVANCED_FACE('',(#863),#8735,.T.);
#9012=ADVANCED_FACE('',(#864),#8736,.T.);
#9013=ADVANCED_FACE('',(#865),#8737,.T.);
#9014=ADVANCED_FACE('',(#866),#8738,.T.);
#9015=ADVANCED_FACE('',(#867),#8739,.T.);
#9016=ADVANCED_FACE('',(#868),#8740,.T.);
#9017=ADVANCED_FACE('',(#869),#8741,.T.);
#9018=ADVANCED_FACE('',(#870),#8742,.T.);
#9019=ADVANCED_FACE('',(#871),#8743,.T.);
#9020=ADVANCED_FACE('',(#872),#8744,.T.);
#9021=ADVANCED_FACE('',(#873),#8745,.T.);
#9022=ADVANCED_FACE('',(#874),#8746,.T.);
#9023=ADVANCED_FACE('',(#875),#8747,.T.);
#9024=ADVANCED_FACE('',(#876),#8748,.T.);
#9025=ADVANCED_FACE('',(#877),#8749,.T.);
#9026=ADVANCED_FACE('',(#878),#8750,.T.);
#9027=ADVANCED_FACE('',(#879),#8751,.T.);
#9028=ADVANCED_FACE('',(#880),#8752,.T.);
#9029=ADVANCED_FACE('',(#881),#8753,.T.);
#9030=ADVANCED_FACE('',(#882),#8754,.T.);
#9031=ADVANCED_FACE('',(#883),#8755,.T.);
#9032=ADVANCED_FACE('',(#884),#8756,.T.);
#9033=ADVANCED_FACE('',(#885),#8757,.T.);
#9034=ADVANCED_FACE('',(#886),#8758,.T.);
#9035=ADVANCED_FACE('',(#887),#8759,.T.);
#9036=ADVANCED_FACE('',(#888),#8760,.T.);
#9037=ADVANCED_FACE('',(#889),#8761,.T.);
#9038=ADVANCED_FACE('',(#890),#8762,.T.);
#9039=ADVANCED_FACE('',(#891),#8763,.T.);
#9040=ADVANCED_FACE('',(#892),#8764,.T.);
#9041=ADVANCED_FACE('',(#893),#8765,.T.);
#9042=ADVANCED_FACE('',(#894),#8766,.T.);
#9043=ADVANCED_FACE('',(#895),#8767,.T.);
#9044=ADVANCED_FACE('',(#896),#8768,.T.);
#9045=ADVANCED_FACE('',(#897),#8769,.T.);
#9046=ADVANCED_FACE('',(#898),#8770,.T.);
#9047=ADVANCED_FACE('',(#899),#8771,.T.);
#9048=ADVANCED_FACE('',(#900),#8772,.T.);
#9049=ADVANCED_FACE('',(#901),#8773,.T.);
#9050=ADVANCED_FACE('',(#902),#8774,.T.);
#9051=ADVANCED_FACE('',(#903,#355),#8775,.F.);
#9052=ADVANCED_FACE('',(#904),#8776,.T.);
#9053=ADVANCED_FACE('',(#905),#8777,.T.);
#9054=ADVANCED_FACE('',(#906),#8778,.T.);
#9055=ADVANCED_FACE('',(#907,#356,#357,#358,#359),#8779,.T.);
#9056=ADVANCED_FACE('',(#908),#8780,.T.);
#9057=ADVANCED_FACE('',(#909),#8781,.T.);
#9058=ADVANCED_FACE('',(#910),#8782,.T.);
#9059=ADVANCED_FACE('',(#911),#8783,.T.);
#9060=ADVANCED_FACE('',(#912),#8784,.T.);
#9061=ADVANCED_FACE('',(#913),#8785,.T.);
#9062=ADVANCED_FACE('',(#914),#8786,.F.);
#9063=ADVANCED_FACE('',(#915),#193,.T.);
#9064=ADVANCED_FACE('',(#916),#8787,.F.);
#9065=ADVANCED_FACE('',(#917),#194,.T.);
#9066=ADVANCED_FACE('',(#918),#8788,.F.);
#9067=ADVANCED_FACE('',(#919),#195,.T.);
#9068=ADVANCED_FACE('',(#920),#8789,.F.);
#9069=ADVANCED_FACE('',(#921),#196,.T.);
#9070=ADVANCED_FACE('',(#922),#8790,.F.);
#9071=ADVANCED_FACE('',(#923),#197,.T.);
#9072=ADVANCED_FACE('',(#924),#8791,.F.);
#9073=ADVANCED_FACE('',(#925),#198,.T.);
#9074=ADVANCED_FACE('',(#926),#8792,.F.);
#9075=ADVANCED_FACE('',(#927),#199,.T.);
#9076=ADVANCED_FACE('',(#928),#8793,.F.);
#9077=ADVANCED_FACE('',(#929),#200,.T.);
#9078=ADVANCED_FACE('',(#930),#8794,.T.);
#9079=ADVANCED_FACE('',(#931),#8795,.F.);
#9080=ADVANCED_FACE('',(#932),#8796,.T.);
#9081=ADVANCED_FACE('',(#933),#8797,.F.);
#9082=ADVANCED_FACE('',(#934),#201,.T.);
#9083=ADVANCED_FACE('',(#935),#116,.T.);
#9084=ADVANCED_FACE('',(#936),#202,.T.);
#9085=ADVANCED_FACE('',(#937),#117,.T.);
#9086=ADVANCED_FACE('',(#938),#203,.T.);
#9087=ADVANCED_FACE('',(#939),#204,.T.);
#9088=ADVANCED_FACE('',(#940),#118,.T.);
#9089=ADVANCED_FACE('',(#941),#205,.T.);
#9090=ADVANCED_FACE('',(#942),#119,.T.);
#9091=ADVANCED_FACE('',(#943),#206,.T.);
#9092=ADVANCED_FACE('',(#944),#207,.T.);
#9093=ADVANCED_FACE('',(#945),#120,.T.);
#9094=ADVANCED_FACE('',(#946),#208,.T.);
#9095=ADVANCED_FACE('',(#947),#121,.T.);
#9096=ADVANCED_FACE('',(#948),#209,.T.);
#9097=ADVANCED_FACE('',(#949),#210,.T.);
#9098=ADVANCED_FACE('',(#950),#122,.T.);
#9099=ADVANCED_FACE('',(#951),#211,.T.);
#9100=ADVANCED_FACE('',(#952),#123,.T.);
#9101=ADVANCED_FACE('',(#953),#212,.T.);
#9102=ADVANCED_FACE('',(#954),#58,.F.);
#9103=ADVANCED_FACE('',(#955),#8798,.T.);
#9104=ADVANCED_FACE('',(#956),#59,.F.);
#9105=ADVANCED_FACE('',(#957),#8799,.T.);
#9106=ADVANCED_FACE('',(#958),#8800,.T.);
#9107=ADVANCED_FACE('',(#959),#60,.F.);
#9108=ADVANCED_FACE('',(#960),#8801,.T.);
#9109=ADVANCED_FACE('',(#961),#61,.F.);
#9110=ADVANCED_FACE('',(#962),#8802,.T.);
#9111=ADVANCED_FACE('',(#963),#8803,.T.);
#9112=ADVANCED_FACE('',(#964),#213,.F.);
#9113=ADVANCED_FACE('',(#965),#8804,.F.);
#9114=ADVANCED_FACE('',(#966),#214,.F.);
#9115=ADVANCED_FACE('',(#967),#8805,.F.);
#9116=ADVANCED_FACE('',(#968),#8806,.F.);
#9117=ADVANCED_FACE('',(#969),#215,.F.);
#9118=ADVANCED_FACE('',(#970),#8807,.F.);
#9119=ADVANCED_FACE('',(#971),#216,.F.);
#9120=ADVANCED_FACE('',(#972),#8808,.F.);
#9121=ADVANCED_FACE('',(#973),#8809,.F.);
#9122=ADVANCED_FACE('',(#974),#8810,.T.);
#9123=ADVANCED_FACE('',(#975),#62,.F.);
#9124=ADVANCED_FACE('',(#976),#8811,.T.);
#9125=ADVANCED_FACE('',(#977),#8812,.T.);
#9126=ADVANCED_FACE('',(#978),#63,.F.);
#9127=ADVANCED_FACE('',(#979),#8813,.T.);
#9128=ADVANCED_FACE('',(#980),#8814,.T.);
#9129=ADVANCED_FACE('',(#981),#64,.F.);
#9130=ADVANCED_FACE('',(#982),#8815,.T.);
#9131=ADVANCED_FACE('',(#983),#65,.F.);
#9132=ADVANCED_FACE('',(#984),#8816,.F.);
#9133=ADVANCED_FACE('',(#985),#217,.F.);
#9134=ADVANCED_FACE('',(#986),#8817,.F.);
#9135=ADVANCED_FACE('',(#987),#218,.F.);
#9136=ADVANCED_FACE('',(#988),#8818,.F.);
#9137=ADVANCED_FACE('',(#989),#219,.F.);
#9138=ADVANCED_FACE('',(#990),#8819,.F.);
#9139=ADVANCED_FACE('',(#991,#360),#8820,.F.);
#9140=ADVANCED_FACE('',(#992),#8821,.T.);
#9141=ADVANCED_FACE('',(#993),#8822,.T.);
#9142=ADVANCED_FACE('',(#994),#8823,.T.);
#9143=ADVANCED_FACE('',(#995),#8824,.T.);
#9144=ADVANCED_FACE('',(#996),#8825,.T.);
#9145=ADVANCED_FACE('',(#997),#8826,.T.);
#9146=ADVANCED_FACE('',(#998),#8827,.T.);
#9147=ADVANCED_FACE('',(#999),#8828,.T.);
#9148=ADVANCED_FACE('',(#1000),#8829,.T.);
#9149=ADVANCED_FACE('',(#1001),#8830,.T.);
#9150=ADVANCED_FACE('',(#1002),#8831,.T.);
#9151=ADVANCED_FACE('',(#1003),#8832,.T.);
#9152=ADVANCED_FACE('',(#1004),#8833,.T.);
#9153=ADVANCED_FACE('',(#1005),#8834,.T.);
#9154=ADVANCED_FACE('',(#1006),#8835,.T.);
#9155=ADVANCED_FACE('',(#1007),#8836,.T.);
#9156=ADVANCED_FACE('',(#1008),#8837,.T.);
#9157=ADVANCED_FACE('',(#1009),#8838,.T.);
#9158=ADVANCED_FACE('',(#1010),#220,.T.);
#9159=ADVANCED_FACE('',(#1011),#221,.T.);
#9160=ADVANCED_FACE('',(#1012),#8839,.T.);
#9161=ADVANCED_FACE('',(#1013),#222,.F.);
#9162=ADVANCED_FACE('',(#1014),#223,.F.);
#9163=ADVANCED_FACE('',(#1015),#224,.F.);
#9164=ADVANCED_FACE('',(#1016),#225,.F.);
#9165=ADVANCED_FACE('',(#1017),#226,.T.);
#9166=ADVANCED_FACE('',(#1018),#8840,.T.);
#9167=ADVANCED_FACE('',(#1019),#227,.T.);
#9168=ADVANCED_FACE('',(#1020),#66,.T.);
#9169=ADVANCED_FACE('',(#1021),#8841,.T.);
#9170=ADVANCED_FACE('',(#1022),#67,.T.);
#9171=ADVANCED_FACE('',(#1023),#68,.T.);
#9172=ADVANCED_FACE('',(#1024),#8842,.T.);
#9173=ADVANCED_FACE('',(#1025),#69,.T.);
#9174=ADVANCED_FACE('',(#1026),#46,.F.);
#9175=ADVANCED_FACE('',(#1027),#228,.T.);
#9176=ADVANCED_FACE('',(#1028),#47,.F.);
#9177=ADVANCED_FACE('',(#1029),#229,.T.);
#9178=ADVANCED_FACE('',(#1030),#48,.F.);
#9179=ADVANCED_FACE('',(#1031),#230,.T.);
#9180=ADVANCED_FACE('',(#1032),#49,.F.);
#9181=ADVANCED_FACE('',(#1033),#231,.T.);
#9182=ADVANCED_FACE('',(#1034),#50,.F.);
#9183=ADVANCED_FACE('',(#1035),#232,.T.);
#9184=ADVANCED_FACE('',(#1036),#51,.F.);
#9185=ADVANCED_FACE('',(#1037),#233,.T.);
#9186=ADVANCED_FACE('',(#1038),#52,.F.);
#9187=ADVANCED_FACE('',(#1039),#234,.T.);
#9188=ADVANCED_FACE('',(#1040),#53,.F.);
#9189=ADVANCED_FACE('',(#1041),#235,.T.);
#9190=ADVANCED_FACE('',(#1042),#8843,.T.);
#9191=ADVANCED_FACE('',(#1043),#236,.T.);
#9192=ADVANCED_FACE('',(#1044),#8844,.T.);
#9193=ADVANCED_FACE('',(#1045),#237,.T.);
#9194=ADVANCED_FACE('',(#1046),#8845,.T.);
#9195=ADVANCED_FACE('',(#1047),#238,.T.);
#9196=ADVANCED_FACE('',(#1048),#70,.T.);
#9197=ADVANCED_FACE('',(#1049),#8846,.T.);
#9198=ADVANCED_FACE('',(#1050),#71,.T.);
#9199=ADVANCED_FACE('',(#1051),#72,.T.);
#9200=ADVANCED_FACE('',(#1052),#8847,.T.);
#9201=ADVANCED_FACE('',(#1053),#73,.T.);
#9202=ADVANCED_FACE('',(#1054),#124,.T.);
#9203=ADVANCED_FACE('',(#1055),#239,.T.);
#9204=ADVANCED_FACE('',(#1056),#125,.T.);
#9205=ADVANCED_FACE('',(#1057),#240,.T.);
#9206=ADVANCED_FACE('',(#1058),#126,.T.);
#9207=ADVANCED_FACE('',(#1059),#241,.T.);
#9208=ADVANCED_FACE('',(#1060),#127,.T.);
#9209=ADVANCED_FACE('',(#1061),#242,.T.);
#9210=ADVANCED_FACE('',(#1062),#128,.T.);
#9211=ADVANCED_FACE('',(#1063),#243,.T.);
#9212=ADVANCED_FACE('',(#1064),#129,.T.);
#9213=ADVANCED_FACE('',(#1065),#244,.T.);
#9214=ADVANCED_FACE('',(#1066),#130,.T.);
#9215=ADVANCED_FACE('',(#1067),#245,.T.);
#9216=ADVANCED_FACE('',(#1068),#131,.T.);
#9217=ADVANCED_FACE('',(#1069),#246,.T.);
#9218=ADVANCED_FACE('',(#1070),#8848,.T.);
#9219=ADVANCED_FACE('',(#1071),#8849,.T.);
#9220=ADVANCED_FACE('',(#1072),#8850,.T.);
#9221=ADVANCED_FACE('',(#1073),#8851,.T.);
#9222=ADVANCED_FACE('',(#1074,#361),#8852,.F.);
#9223=ADVANCED_FACE('',(#1075),#247,.F.);
#9224=ADVANCED_FACE('',(#1076,#362),#8853,.F.);
#9225=ADVANCED_FACE('',(#1077),#248,.F.);
#9226=ADVANCED_FACE('',(#1078,#363),#8854,.F.);
#9227=ADVANCED_FACE('',(#1079),#249,.F.);
#9228=ADVANCED_FACE('',(#1080,#364),#8855,.F.);
#9229=ADVANCED_FACE('',(#1081),#250,.F.);
#9230=ADVANCED_FACE('',(#1082),#251,.T.);
#9231=ADVANCED_FACE('',(#1083),#8856,.T.);
#9232=ADVANCED_FACE('',(#1084),#8857,.T.);
#9233=ADVANCED_FACE('',(#1085),#8858,.T.);
#9234=ADVANCED_FACE('',(#1086),#8859,.T.);
#9235=ADVANCED_FACE('',(#1087),#132,.T.);
#9236=ADVANCED_FACE('',(#1088),#74,.F.);
#9237=ADVANCED_FACE('',(#1089,#365,#366,#367,#368),#8860,.T.);
#9238=ADVANCED_FACE('',(#1090),#252,.F.);
#9239=ADVANCED_FACE('',(#1091),#133,.F.);
#9240=ADVANCED_FACE('',(#1092),#8861,.T.);
#9241=ADVANCED_FACE('',(#1093),#75,.F.);
#9242=ADVANCED_FACE('',(#1094,#369,#370,#371,#372),#8862,.T.);
#9243=ADVANCED_FACE('',(#1095),#253,.F.);
#9244=ADVANCED_FACE('',(#1096),#76,.F.);
#9245=ADVANCED_FACE('',(#1097),#254,.F.);
#9246=ADVANCED_FACE('',(#1098),#77,.F.);
#9247=ADVANCED_FACE('',(#1099),#255,.F.);
#9248=ADVANCED_FACE('',(#1100),#78,.F.);
#9249=ADVANCED_FACE('',(#1101),#256,.F.);
#9250=ADVANCED_FACE('',(#1102),#8863,.T.);
#9251=ADVANCED_FACE('',(#1103),#79,.F.);
#9252=ADVANCED_FACE('',(#1104),#8864,.T.);
#9253=ADVANCED_FACE('',(#1105),#80,.F.);
#9254=ADVANCED_FACE('',(#1106),#8865,.T.);
#9255=ADVANCED_FACE('',(#1107),#81,.F.);
#9256=ADVANCED_FACE('',(#1108),#8866,.T.);
#9257=ADVANCED_FACE('',(#1109),#82,.F.);
#9258=ADVANCED_FACE('',(#1110,#373,#374,#375,#376),#8867,.F.);
#9259=ADVANCED_FACE('',(#1111),#257,.F.);
#9260=ADVANCED_FACE('',(#1112),#8868,.T.);
#9261=ADVANCED_FACE('',(#1113),#83,.F.);
#9262=ADVANCED_FACE('',(#1114),#8869,.T.);
#9263=ADVANCED_FACE('',(#1115),#84,.F.);
#9264=ADVANCED_FACE('',(#1116),#8870,.T.);
#9265=ADVANCED_FACE('',(#1117),#8871,.F.);
#9266=ADVANCED_FACE('',(#1118),#258,.F.);
#9267=ADVANCED_FACE('',(#1119),#8872,.F.);
#9268=ADVANCED_FACE('',(#1120),#259,.F.);
#9269=ADVANCED_FACE('',(#1121),#8873,.F.);
#9270=ADVANCED_FACE('',(#1122),#8874,.T.);
#9271=ADVANCED_FACE('',(#1123),#85,.F.);
#9272=ADVANCED_FACE('',(#1124),#8875,.T.);
#9273=ADVANCED_FACE('',(#1125),#86,.F.);
#9274=ADVANCED_FACE('',(#1126),#8876,.T.);
#9275=ADVANCED_FACE('',(#1127),#8877,.F.);
#9276=ADVANCED_FACE('',(#1128),#260,.F.);
#9277=ADVANCED_FACE('',(#1129),#8878,.F.);
#9278=ADVANCED_FACE('',(#1130),#261,.F.);
#9279=ADVANCED_FACE('',(#1131),#8879,.F.);
#9280=ADVANCED_FACE('',(#1132),#134,.T.);
#9281=ADVANCED_FACE('',(#1133),#54,.F.);
#9282=ADVANCED_FACE('',(#1134),#135,.T.);
#9283=ADVANCED_FACE('',(#1135),#136,.T.);
#9284=ADVANCED_FACE('',(#1136),#137,.T.);
#9285=ADVANCED_FACE('',(#1137),#262,.T.);
#9286=ADVANCED_FACE('',(#1138),#55,.F.);
#9287=ADVANCED_FACE('',(#1139),#138,.T.);
#9288=ADVANCED_FACE('',(#1140),#263,.T.);
#9289=ADVANCED_FACE('',(#1141),#139,.T.);
#9290=ADVANCED_FACE('',(#1142),#27,.T.);
#9291=ADVANCED_FACE('',(#1143),#140,.T.);
#9292=ADVANCED_FACE('',(#1144),#56,.F.);
#9293=ADVANCED_FACE('',(#1145),#264,.T.);
#9294=ADVANCED_FACE('',(#1146),#141,.T.);
#9295=ADVANCED_FACE('',(#1147),#142,.T.);
#9296=ADVANCED_FACE('',(#1148),#143,.T.);
#9297=ADVANCED_FACE('',(#1149),#265,.T.);
#9298=ADVANCED_FACE('',(#1150),#57,.F.);
#9299=ADVANCED_FACE('',(#1151),#144,.T.);
#9300=ADVANCED_FACE('',(#1152),#28,.T.);
#9301=ADVANCED_FACE('',(#1153),#145,.T.);
#9302=ADVANCED_FACE('',(#1154),#29,.T.);
#9303=ADVANCED_FACE('',(#1155),#30,.T.);
#9304=ADVANCED_FACE('',(#1156),#266,.T.);
#9305=ADVANCED_FACE('',(#1157),#267,.T.);
#9306=ADVANCED_FACE('',(#1158),#268,.T.);
#9307=ADVANCED_FACE('',(#1159),#8880,.T.);
#9308=ADVANCED_FACE('',(#1160),#269,.F.);
#9309=ADVANCED_FACE('',(#1161),#270,.T.);
#9310=ADVANCED_FACE('',(#1162),#271,.F.);
#9311=ADVANCED_FACE('',(#1163),#8881,.T.);
#9312=ADVANCED_FACE('',(#1164),#272,.T.);
#9313=ADVANCED_FACE('',(#1165),#273,.T.);
#9314=ADVANCED_FACE('',(#1166),#274,.T.);
#9315=ADVANCED_FACE('',(#1167),#275,.F.);
#9316=ADVANCED_FACE('',(#1168),#276,.F.);
#9317=ADVANCED_FACE('',(#1169),#8882,.T.);
#9318=ADVANCED_FACE('',(#1170),#277,.F.);
#9319=ADVANCED_FACE('',(#1171),#278,.T.);
#9320=ADVANCED_FACE('',(#1172),#279,.T.);
#9321=ADVANCED_FACE('',(#1173),#280,.T.);
#9322=ADVANCED_FACE('',(#1174),#281,.T.);
#9323=ADVANCED_FACE('',(#1175),#8883,.F.);
#9324=ADVANCED_FACE('',(#1176),#282,.T.);
#9325=ADVANCED_FACE('',(#1177),#283,.T.);
#9326=ADVANCED_FACE('',(#1178),#87,.T.);
#9327=ADVANCED_FACE('',(#1179),#284,.T.);
#9328=ADVANCED_FACE('',(#1180,#377),#8884,.T.);
#9329=ADVANCED_FACE('',(#1181),#8885,.F.);
#9330=ADVANCED_FACE('',(#1182),#8886,.F.);
#9331=ADVANCED_FACE('',(#1183),#8887,.F.);
#9332=ADVANCED_FACE('',(#1184),#8888,.F.);
#9333=ADVANCED_FACE('',(#1185),#8889,.F.);
#9334=ADVANCED_FACE('',(#1186),#8890,.T.);
#9335=ADVANCED_FACE('',(#1187),#285,.F.);
#9336=ADVANCED_FACE('',(#1188),#8891,.T.);
#9337=ADVANCED_FACE('',(#1189),#8892,.T.);
#9338=ADVANCED_FACE('',(#1190),#8893,.F.);
#9339=ADVANCED_FACE('',(#1191,#378,#379,#380,#381),#8894,.F.);
#9340=ADVANCED_FACE('',(#1192),#8895,.T.);
#9341=ADVANCED_FACE('',(#1193),#8896,.T.);
#9342=ADVANCED_FACE('',(#1194),#8897,.F.);
#9343=ADVANCED_FACE('',(#1195),#8898,.T.);
#9344=ADVANCED_FACE('',(#1196),#8899,.T.);
#9345=ADVANCED_FACE('',(#1197),#8900,.T.);
#9346=ADVANCED_FACE('',(#1198),#8901,.T.);
#9347=ADVANCED_FACE('',(#1199),#286,.T.);
#9348=ADVANCED_FACE('',(#1200),#146,.T.);
#9349=ADVANCED_FACE('',(#1201),#287,.T.);
#9350=ADVANCED_FACE('',(#1202),#147,.T.);
#9351=ADVANCED_FACE('',(#1203),#288,.T.);
#9352=ADVANCED_FACE('',(#1204),#148,.T.);
#9353=ADVANCED_FACE('',(#1205),#289,.T.);
#9354=ADVANCED_FACE('',(#1206),#149,.T.);
#9355=ADVANCED_FACE('',(#1207),#88,.F.);
#9356=ADVANCED_FACE('',(#1208),#8902,.T.);
#9357=ADVANCED_FACE('',(#1209),#89,.F.);
#9358=ADVANCED_FACE('',(#1210),#8903,.T.);
#9359=ADVANCED_FACE('',(#1211,#382,#383),#8904,.T.);
#9360=ADVANCED_FACE('',(#1212),#290,.F.);
#9361=ADVANCED_FACE('',(#1213),#291,.F.);
#9362=ADVANCED_FACE('',(#1214),#150,.T.);
#9363=ADVANCED_FACE('',(#1215),#292,.T.);
#9364=ADVANCED_FACE('',(#1216),#151,.T.);
#9365=ADVANCED_FACE('',(#1217),#8905,.F.);
#9366=ADVANCED_FACE('',(#1218,#384,#385),#8906,.F.);
#9367=ADVANCED_FACE('',(#1219),#152,.T.);
#9368=ADVANCED_FACE('',(#1220),#293,.T.);
#9369=ADVANCED_FACE('',(#1221),#294,.T.);
#9370=ADVANCED_FACE('',(#1222),#153,.T.);
#9371=ADVANCED_FACE('',(#1223),#295,.T.);
#9372=ADVANCED_FACE('',(#1224),#8907,.T.);
#9373=ADVANCED_FACE('',(#1225),#90,.F.);
#9374=ADVANCED_FACE('',(#1226),#8908,.T.);
#9375=ADVANCED_FACE('',(#1227),#91,.F.);
#9376=ADVANCED_FACE('',(#1228),#296,.T.);
#9377=ADVANCED_FACE('',(#1229),#154,.T.);
#9378=ADVANCED_FACE('',(#1230),#297,.T.);
#9379=ADVANCED_FACE('',(#1231),#155,.T.);
#9380=ADVANCED_FACE('',(#1232),#298,.T.);
#9381=ADVANCED_FACE('',(#1233),#156,.T.);
#9382=ADVANCED_FACE('',(#1234),#299,.T.);
#9383=ADVANCED_FACE('',(#1235),#157,.T.);
#9384=ADVANCED_FACE('',(#1236),#92,.F.);
#9385=ADVANCED_FACE('',(#1237),#8909,.T.);
#9386=ADVANCED_FACE('',(#1238),#8910,.T.);
#9387=ADVANCED_FACE('',(#1239),#93,.F.);
#9388=ADVANCED_FACE('',(#1240),#8911,.F.);
#9389=ADVANCED_FACE('',(#1241),#94,.F.);
#9390=ADVANCED_FACE('',(#1242),#8912,.T.);
#9391=ADVANCED_FACE('',(#1243),#95,.F.);
#9392=ADVANCED_FACE('',(#1244),#8913,.T.);
#9393=ADVANCED_FACE('',(#1245),#96,.F.);
#9394=ADVANCED_FACE('',(#1246),#8914,.T.);
#9395=ADVANCED_FACE('',(#1247),#97,.F.);
#9396=ADVANCED_FACE('',(#1248),#8915,.T.);
#9397=ADVANCED_FACE('',(#1249),#8916,.F.);
#9398=ADVANCED_FACE('',(#1250),#300,.F.);
#9399=ADVANCED_FACE('',(#1251),#8917,.F.);
#9400=ADVANCED_FACE('',(#1252),#301,.F.);
#9401=ADVANCED_FACE('',(#1253),#302,.T.);
#9402=ADVANCED_FACE('',(#1254),#158,.T.);
#9403=ADVANCED_FACE('',(#1255),#303,.T.);
#9404=ADVANCED_FACE('',(#1256),#159,.T.);
#9405=ADVANCED_FACE('',(#1257),#304,.T.);
#9406=ADVANCED_FACE('',(#1258),#160,.T.);
#9407=ADVANCED_FACE('',(#1259),#305,.T.);
#9408=ADVANCED_FACE('',(#1260),#161,.T.);
#9409=ADVANCED_FACE('',(#1261),#98,.F.);
#9410=ADVANCED_FACE('',(#1262),#8918,.T.);
#9411=ADVANCED_FACE('',(#1263),#99,.F.);
#9412=ADVANCED_FACE('',(#1264),#8919,.T.);
#9413=ADVANCED_FACE('',(#1265,#386),#8920,.T.);
#9414=ADVANCED_FACE('',(#1266),#8921,.T.);
#9415=ADVANCED_FACE('',(#1267),#100,.F.);
#9416=ADVANCED_FACE('',(#1268),#8922,.T.);
#9417=ADVANCED_FACE('',(#1269),#101,.F.);
#9418=ADVANCED_FACE('',(#1270),#306,.F.);
#9419=ADVANCED_FACE('',(#1271),#8923,.F.);
#9420=ADVANCED_FACE('',(#1272),#307,.F.);
#9421=ADVANCED_FACE('',(#1273),#8924,.F.);
#9422=ADVANCED_FACE('',(#1274),#308,.F.);
#9423=ADVANCED_FACE('',(#1275),#8925,.F.);
#9424=ADVANCED_FACE('',(#1276),#309,.F.);
#9425=ADVANCED_FACE('',(#1277),#8926,.F.);
#9426=ADVANCED_FACE('',(#1278),#8927,.T.);
#9427=ADVANCED_FACE('',(#1279,#387),#8928,.F.);
#9428=ADVANCED_FACE('',(#1280),#8929,.T.);
#9429=ADVANCED_FACE('',(#1281),#102,.F.);
#9430=ADVANCED_FACE('',(#1282),#8930,.T.);
#9431=ADVANCED_FACE('',(#1283),#103,.F.);
#9432=ADVANCED_FACE('',(#1284),#8931,.T.);
#9433=ADVANCED_FACE('',(#1285),#8932,.F.);
#9434=ADVANCED_FACE('',(#1286),#310,.F.);
#9435=ADVANCED_FACE('',(#1287),#8933,.F.);
#9436=ADVANCED_FACE('',(#1288),#311,.F.);
#9437=ADVANCED_FACE('',(#1289),#8934,.T.);
#9438=ADVANCED_FACE('',(#1290),#31,.F.);
#9439=ADVANCED_FACE('',(#1291),#312,.F.);
#9440=ADVANCED_FACE('',(#1292),#32,.F.);
#9441=ADVANCED_FACE('',(#1293),#313,.F.);
#9442=ADVANCED_FACE('',(#1294),#314,.F.);
#9443=ADVANCED_FACE('',(#1295),#315,.F.);
#9444=ADVANCED_FACE('',(#1296),#316,.F.);
#9445=ADVANCED_FACE('',(#1297),#8935,.F.);
#9446=ADVANCED_FACE('',(#1298),#8936,.F.);
#9447=ADVANCED_FACE('',(#1299),#8937,.T.);
#9448=ADVANCED_FACE('',(#1300),#104,.F.);
#9449=ADVANCED_FACE('',(#1301),#8938,.T.);
#9450=ADVANCED_FACE('',(#1302),#105,.F.);
#9451=ADVANCED_FACE('',(#1303),#8939,.T.);
#9452=ADVANCED_FACE('',(#1304),#106,.F.);
#9453=ADVANCED_FACE('',(#1305),#8940,.T.);
#9454=ADVANCED_FACE('',(#1306),#107,.F.);
#9455=ADVANCED_FACE('',(#1307,#388),#8941,.T.);
#9456=ADVANCED_FACE('',(#1308),#317,.F.);
#9457=ADVANCED_FACE('',(#1309),#8942,.F.);
#9458=ADVANCED_FACE('',(#1310),#318,.F.);
#9459=ADVANCED_FACE('',(#1311),#8943,.F.);
#9460=ADVANCED_FACE('',(#1312),#319,.F.);
#9461=ADVANCED_FACE('',(#1313),#8944,.F.);
#9462=ADVANCED_FACE('',(#1314),#320,.F.);
#9463=ADVANCED_FACE('',(#1315),#8945,.F.);
#9464=ADVANCED_FACE('',(#1316),#321,.F.);
#9465=ADVANCED_FACE('',(#1317),#8946,.F.);
#9466=ADVANCED_FACE('',(#1318),#322,.F.);
#9467=ADVANCED_FACE('',(#1319),#8947,.F.);
#9468=ADVANCED_FACE('',(#1320),#8948,.F.);
#9469=ADVANCED_FACE('',(#1321),#8949,.F.);
#9470=ADVANCED_FACE('',(#1322),#8950,.F.);
#9471=ADVANCED_FACE('',(#1323),#8951,.F.);
#9472=ADVANCED_FACE('',(#1324),#8952,.F.);
#9473=ADVANCED_FACE('',(#1325),#8953,.F.);
#9474=ADVANCED_FACE('',(#1326),#8954,.F.);
#9475=ADVANCED_FACE('',(#1327),#8955,.F.);
#9476=ADVANCED_FACE('',(#1328),#8956,.F.);
#9477=ADVANCED_FACE('',(#1329,#389),#8957,.F.);
#9478=ADVANCED_FACE('',(#1330),#8958,.F.);
#9479=ADVANCED_FACE('',(#1331),#8959,.F.);
#9480=ADVANCED_FACE('',(#1332),#8960,.F.);
#9481=ADVANCED_FACE('',(#1333),#8961,.F.);
#9482=ADVANCED_FACE('',(#1334),#8962,.F.);
#9483=ADVANCED_FACE('',(#1335),#8963,.F.);
#9484=ADVANCED_FACE('',(#1336),#8964,.F.);
#9485=ADVANCED_FACE('',(#1337),#8965,.F.);
#9486=ADVANCED_FACE('',(#1338),#8966,.F.);
#9487=ADVANCED_FACE('',(#1339),#8967,.F.);
#9488=ADVANCED_FACE('',(#1340),#8968,.F.);
#9489=ADVANCED_FACE('',(#1341),#8969,.F.);
#9490=ADVANCED_FACE('',(#1342),#8970,.F.);
#9491=ADVANCED_FACE('',(#1343),#8971,.F.);
#9492=ADVANCED_FACE('',(#1344),#8972,.F.);
#9493=ADVANCED_FACE('',(#1345),#8973,.F.);
#9494=ADVANCED_FACE('',(#1346),#8974,.F.);
#9495=ADVANCED_FACE('',(#1347),#8975,.F.);
#9496=ADVANCED_FACE('',(#1348),#8976,.F.);
#9497=ADVANCED_FACE('',(#1349),#8977,.F.);
#9498=ADVANCED_FACE('',(#1350),#8978,.F.);
#9499=ADVANCED_FACE('',(#1351),#8979,.F.);
#9500=ADVANCED_FACE('',(#1352),#162,.T.);
#9501=ADVANCED_FACE('',(#1353),#323,.T.);
#9502=ADVANCED_FACE('',(#1354),#163,.T.);
#9503=ADVANCED_FACE('',(#1355),#324,.T.);
#9504=ADVANCED_FACE('',(#1356),#164,.T.);
#9505=ADVANCED_FACE('',(#1357),#325,.T.);
#9506=ADVANCED_FACE('',(#1358),#165,.T.);
#9507=ADVANCED_FACE('',(#1359),#326,.T.);
#9508=ADVANCED_FACE('',(#1360),#166,.T.);
#9509=ADVANCED_FACE('',(#1361),#327,.T.);
#9510=ADVANCED_FACE('',(#1362),#167,.T.);
#9511=ADVANCED_FACE('',(#1363),#328,.T.);
#9512=ADVANCED_FACE('',(#1364),#168,.T.);
#9513=ADVANCED_FACE('',(#1365),#329,.T.);
#9514=ADVANCED_FACE('',(#1366),#169,.T.);
#9515=ADVANCED_FACE('',(#1367),#330,.T.);
#9516=ADVANCED_FACE('',(#1368),#8980,.T.);
#9517=ADVANCED_FACE('',(#1369),#108,.T.);
#9518=ADVANCED_FACE('',(#1370),#8981,.T.);
#9519=ADVANCED_FACE('',(#1371),#109,.T.);
#9520=ADVANCED_FACE('',(#1372),#8982,.T.);
#9521=ADVANCED_FACE('',(#1373),#110,.T.);
#9522=ADVANCED_FACE('',(#1374),#8983,.T.);
#9523=ADVANCED_FACE('',(#1375),#111,.T.);
#9524=ADVANCED_FACE('',(#1376),#8984,.T.);
#9525=ADVANCED_FACE('',(#1377),#331,.T.);
#9526=ADVANCED_FACE('',(#1378),#332,.T.);
#9527=ADVANCED_FACE('',(#1379),#8985,.T.);
#9528=ADVANCED_FACE('',(#1380),#333,.T.);
#9529=ADVANCED_FACE('',(#1381),#334,.T.);
#9530=ADVANCED_FACE('',(#1382),#335,.T.);
#9531=ADVANCED_FACE('',(#1383),#170,.T.);
#9532=ADVANCED_FACE('',(#1384),#336,.T.);
#9533=ADVANCED_FACE('',(#1385),#171,.T.);
#9534=ADVANCED_FACE('',(#1386),#337,.T.);
#9535=ADVANCED_FACE('',(#1387),#172,.T.);
#9536=ADVANCED_FACE('',(#1388),#338,.T.);
#9537=ADVANCED_FACE('',(#1389),#173,.T.);
#9538=ADVANCED_FACE('',(#1390),#339,.T.);
#9539=ADVANCED_FACE('',(#1391),#174,.T.);
#9540=ADVANCED_FACE('',(#1392),#340,.T.);
#9541=ADVANCED_FACE('',(#1393),#175,.T.);
#9542=ADVANCED_FACE('',(#1394),#341,.T.);
#9543=ADVANCED_FACE('',(#1395),#176,.T.);
#9544=ADVANCED_FACE('',(#1396),#342,.T.);
#9545=ADVANCED_FACE('',(#1397),#177,.T.);
#9546=ADVANCED_FACE('',(#1398),#112,.T.);
#9547=ADVANCED_FACE('',(#1399),#8986,.T.);
#9548=ADVANCED_FACE('',(#1400),#113,.T.);
#9549=ADVANCED_FACE('',(#1401),#8987,.T.);
#9550=ADVANCED_FACE('',(#1402,#390),#8988,.T.);
#9551=ADVANCED_FACE('',(#1403),#8989,.F.);
#9552=ADVANCED_FACE('',(#1404),#343,.F.);
#9553=ADVANCED_FACE('',(#1405),#8990,.F.);
#9554=ADVANCED_FACE('',(#1406),#344,.F.);
#9555=ADVANCED_FACE('',(#1407),#8991,.F.);
#9556=ADVANCED_FACE('',(#1408),#345,.F.);
#9557=ADVANCED_FACE('',(#1409),#8992,.F.);
#9558=ADVANCED_FACE('',(#1410),#346,.F.);
#9559=ADVANCED_FACE('',(#1411),#8993,.F.);
#9560=ADVANCED_FACE('',(#1412),#347,.F.);
#9561=ADVANCED_FACE('',(#1413),#8994,.F.);
#9562=ADVANCED_FACE('',(#1414),#348,.F.);
#9563=ADVANCED_FACE('',(#1415),#8995,.F.);
#9564=ADVANCED_FACE('',(#1416),#349,.F.);
#9565=ADVANCED_FACE('',(#1417),#8996,.F.);
#9566=ADVANCED_FACE('',(#1418),#350,.F.);
#9567=ADVANCED_FACE('',(#1419),#114,.T.);
#9568=ADVANCED_FACE('',(#1420),#8997,.T.);
#9569=ADVANCED_FACE('',(#1421),#115,.T.);
#9570=ADVANCED_FACE('',(#1422),#8998,.T.);
#9571=ADVANCED_FACE('',(#1423),#8999,.T.);
#9572=ADVANCED_FACE('',(#1424),#351,.T.);
#9573=ADVANCED_FACE('',(#1425),#9000,.T.);
#9574=ADVANCED_FACE('',(#1426),#352,.T.);
#9575=ADVANCED_FACE('',(#1427),#9001,.T.);
#9576=ADVANCED_FACE('',(#1428),#353,.T.);
#9577=ADVANCED_FACE('',(#1429),#354,.T.);
#9578=CLOSED_SHELL('',(#9002,#9003,#9004,#9005,#9006,#9007,#9008,#9009,
#9010,#9011,#9012,#9013,#9014,#9015,#9016,#9017,#9018,#9019,#9020,#9021,
#9022,#9023,#9024,#9025,#9026,#9027,#9028,#9029,#9030,#9031,#9032,#9033,
#9034,#9035,#9036,#9037,#9038,#9039,#9040,#9041,#9042,#9043,#9044,#9045,
#9046,#9047,#9048,#9049,#9050,#9051,#9052,#9053,#9054,#9055,#9056,#9057,
#9058,#9059,#9060,#9061,#9062,#9063,#9064,#9065,#9066,#9067,#9068,#9069,
#9070,#9071,#9072,#9073,#9074,#9075,#9076,#9077,#9078,#9079,#9080,#9081,
#9082,#9083,#9084,#9085,#9086,#9087,#9088,#9089,#9090,#9091,#9092,#9093,
#9094,#9095,#9096,#9097,#9098,#9099,#9100,#9101,#9102,#9103,#9104,#9105,
#9106,#9107,#9108,#9109,#9110,#9111,#9112,#9113,#9114,#9115,#9116,#9117,
#9118,#9119,#9120,#9121,#9122,#9123,#9124,#9125,#9126,#9127,#9128,#9129,
#9130,#9131,#9132,#9133,#9134,#9135,#9136,#9137,#9138,#9139,#9140,#9141,
#9142,#9143,#9144,#9145,#9146,#9147,#9148,#9149,#9150,#9151,#9152,#9153,
#9154,#9155,#9156,#9157,#9158,#9159,#9160,#9161,#9162,#9163,#9164,#9165,
#9166,#9167,#9168,#9169,#9170,#9171,#9172,#9173,#9174,#9175,#9176,#9177,
#9178,#9179,#9180,#9181,#9182,#9183,#9184,#9185,#9186,#9187,#9188,#9189,
#9190,#9191,#9192,#9193,#9194,#9195,#9196,#9197,#9198,#9199,#9200,#9201,
#9202,#9203,#9204,#9205,#9206,#9207,#9208,#9209,#9210,#9211,#9212,#9213,
#9214,#9215,#9216,#9217,#9218,#9219,#9220,#9221,#9222,#9223,#9224,#9225,
#9226,#9227,#9228,#9229,#9230,#9231,#9232,#9233,#9234,#9235,#9236,#9237,
#9238,#9239,#9240,#9241,#9242,#9243,#9244,#9245,#9246,#9247,#9248,#9249,
#9250,#9251,#9252,#9253,#9254,#9255,#9256,#9257,#9258,#9259,#9260,#9261,
#9262,#9263,#9264,#9265,#9266,#9267,#9268,#9269,#9270,#9271,#9272,#9273,
#9274,#9275,#9276,#9277,#9278,#9279,#9280,#9281,#9282,#9283,#9284,#9285,
#9286,#9287,#9288,#9289,#9290,#9291,#9292,#9293,#9294,#9295,#9296,#9297,
#9298,#9299,#9300,#9301,#9302,#9303,#9304,#9305,#9306,#9307,#9308,#9309,
#9310,#9311,#9312,#9313,#9314,#9315,#9316,#9317,#9318,#9319,#9320,#9321,
#9322,#9323,#9324,#9325,#9326,#9327,#9328,#9329,#9330,#9331,#9332,#9333,
#9334,#9335));
#9579=CLOSED_SHELL('',(#9336,#9337,#9338,#9339,#9340,#9341,#9342,#9343,
#9344,#9345,#9346,#9347,#9348,#9349,#9350,#9351,#9352,#9353,#9354,#9355,
#9356,#9357,#9358,#9359,#9360,#9361,#9362,#9363,#9364,#9365,#9366,#9367,
#9368,#9369,#9370,#9371,#9372,#9373,#9374,#9375,#9376,#9377,#9378,#9379,
#9380,#9381,#9382,#9383,#9384,#9385,#9386,#9387,#9388,#9389,#9390,#9391,
#9392,#9393,#9394,#9395,#9396,#9397,#9398,#9399,#9400,#9401,#9402,#9403,
#9404,#9405,#9406,#9407,#9408,#9409,#9410,#9411,#9412,#9413,#9414,#9415,
#9416,#9417,#9418,#9419,#9420,#9421,#9422,#9423,#9424,#9425,#9426,#9427,
#9428,#9429,#9430,#9431,#9432,#9433,#9434,#9435,#9436,#9437,#9438,#9439,
#9440,#9441,#9442,#9443,#9444,#9445,#9446,#9447,#9448,#9449,#9450,#9451,
#9452,#9453,#9454,#9455,#9456,#9457,#9458,#9459,#9460,#9461,#9462,#9463,
#9464,#9465,#9466,#9467,#9468,#9469,#9470,#9471,#9472,#9473,#9474,#9475,
#9476,#9477,#9478,#9479,#9480,#9481,#9482,#9483,#9484,#9485,#9486,#9487,
#9488,#9489,#9490,#9491,#9492,#9493,#9494,#9495,#9496,#9497,#9498,#9499,
#9500,#9501,#9502,#9503,#9504,#9505,#9506,#9507,#9508,#9509,#9510,#9511,
#9512,#9513,#9514,#9515,#9516,#9517,#9518,#9519,#9520,#9521,#9522,#9523,
#9524,#9525,#9526,#9527,#9528,#9529,#9530,#9531,#9532,#9533,#9534,#9535,
#9536,#9537,#9538,#9539,#9540,#9541,#9542,#9543,#9544,#9545,#9546,#9547,
#9548,#9549,#9550,#9551,#9552,#9553,#9554,#9555,#9556,#9557,#9558,#9559,
#9560,#9561,#9562,#9563,#9564,#9565,#9566,#9567,#9568,#9569,#9570,#9571,
#9572,#9573,#9574,#9575,#9576,#9577));
#9580=DERIVED_UNIT_ELEMENT(#9584,1.);
#9581=DERIVED_UNIT_ELEMENT(#16599,-3.);
#9582=DERIVED_UNIT_ELEMENT(#9584,1.);
#9583=DERIVED_UNIT_ELEMENT(#16599,-3.);
#9584=(
MASS_UNIT()
NAMED_UNIT(*)
SI_UNIT(.KILO.,.GRAM.)
);
#9585=DERIVED_UNIT((#9580,#9581));
#9586=DERIVED_UNIT((#9582,#9583));
#9587=MEASURE_REPRESENTATION_ITEM('density measure',
POSITIVE_RATIO_MEASURE(1850.),#9585);
#9588=MEASURE_REPRESENTATION_ITEM('density measure',
POSITIVE_RATIO_MEASURE(1850.),#9586);
#9589=PROPERTY_DEFINITION_REPRESENTATION(#9599,#9593);
#9590=PROPERTY_DEFINITION_REPRESENTATION(#9600,#9594);
#9591=PROPERTY_DEFINITION_REPRESENTATION(#9601,#9595);
#9592=PROPERTY_DEFINITION_REPRESENTATION(#9602,#9596);
#9593=REPRESENTATION('material name',(#9597),#16595);
#9594=REPRESENTATION('density',(#9587),#16595);
#9595=REPRESENTATION('material name',(#9598),#16596);
#9596=REPRESENTATION('density',(#9588),#16596);
#9597=DESCRIPTIVE_REPRESENTATION_ITEM('FR4','FR4');
#9598=DESCRIPTIVE_REPRESENTATION_ITEM('FR4','FR4');
#9599=PROPERTY_DEFINITION('material property','material name',#16615);
#9600=PROPERTY_DEFINITION('material property','density of part',#16615);
#9601=PROPERTY_DEFINITION('material property','material name',#16616);
#9602=PROPERTY_DEFINITION('material property','density of part',#16616);
#9603=AXIS2_PLACEMENT_3D('placement',#13624,#10650,#10651);
#9604=AXIS2_PLACEMENT_3D('placement',#13625,#10652,#10653);
#9605=AXIS2_PLACEMENT_3D('placement',#13626,#10654,#10655);
#9606=AXIS2_PLACEMENT_3D('',#13627,#10656,#10657);
#9607=AXIS2_PLACEMENT_3D('',#13636,#10662,#10663);
#9608=AXIS2_PLACEMENT_3D('',#13654,#10673,#10674);
#9609=AXIS2_PLACEMENT_3D('',#13678,#10687,#10688);
#9610=AXIS2_PLACEMENT_3D('',#13684,#10692,#10693);
#9611=AXIS2_PLACEMENT_3D('',#13688,#10696,#10697);
#9612=AXIS2_PLACEMENT_3D('',#13695,#10701,#10702);
#9613=AXIS2_PLACEMENT_3D('',#13698,#10705,#10706);
#9614=AXIS2_PLACEMENT_3D('',#13705,#10710,#10711);
#9615=AXIS2_PLACEMENT_3D('',#13708,#10714,#10715);
#9616=AXIS2_PLACEMENT_3D('',#13715,#10719,#10720);
#9617=AXIS2_PLACEMENT_3D('',#13718,#10723,#10724);
#9618=AXIS2_PLACEMENT_3D('',#13725,#10728,#10729);
#9619=AXIS2_PLACEMENT_3D('',#13728,#10732,#10733);
#9620=AXIS2_PLACEMENT_3D('',#13739,#10739,#10740);
#9621=AXIS2_PLACEMENT_3D('',#13745,#10744,#10745);
#9622=AXIS2_PLACEMENT_3D('',#13751,#10749,#10750);
#9623=AXIS2_PLACEMENT_3D('',#13757,#10754,#10755);
#9624=AXIS2_PLACEMENT_3D('',#13763,#10759,#10760);
#9625=AXIS2_PLACEMENT_3D('',#13769,#10764,#10765);
#9626=AXIS2_PLACEMENT_3D('',#13775,#10769,#10770);
#9627=AXIS2_PLACEMENT_3D('',#13781,#10774,#10775);
#9628=AXIS2_PLACEMENT_3D('',#13787,#10779,#10780);
#9629=AXIS2_PLACEMENT_3D('',#13790,#10783,#10784);
#9630=AXIS2_PLACEMENT_3D('',#13796,#10788,#10789);
#9631=AXIS2_PLACEMENT_3D('',#13802,#10793,#10794);
#9632=AXIS2_PLACEMENT_3D('',#13805,#10797,#10798);
#9633=AXIS2_PLACEMENT_3D('',#13808,#10801,#10802);
#9634=AXIS2_PLACEMENT_3D('',#13814,#10806,#10807);
#9635=AXIS2_PLACEMENT_3D('',#13820,#10811,#10812);
#9636=AXIS2_PLACEMENT_3D('',#13823,#10815,#10816);
#9637=AXIS2_PLACEMENT_3D('',#13829,#10820,#10821);
#9638=AXIS2_PLACEMENT_3D('',#13835,#10825,#10826);
#9639=AXIS2_PLACEMENT_3D('',#13841,#10830,#10831);
#9640=AXIS2_PLACEMENT_3D('',#13847,#10835,#10836);
#9641=AXIS2_PLACEMENT_3D('',#13853,#10840,#10841);
#9642=AXIS2_PLACEMENT_3D('',#13859,#10845,#10846);
#9643=AXIS2_PLACEMENT_3D('',#13865,#10850,#10851);
#9644=AXIS2_PLACEMENT_3D('',#13871,#10855,#10856);
#9645=AXIS2_PLACEMENT_3D('',#13877,#10860,#10861);
#9646=AXIS2_PLACEMENT_3D('',#13883,#10865,#10866);
#9647=AXIS2_PLACEMENT_3D('',#13888,#10870,#10871);
#9648=AXIS2_PLACEMENT_3D('',#13892,#10874,#10875);
#9649=AXIS2_PLACEMENT_3D('',#13896,#10878,#10879);
#9650=AXIS2_PLACEMENT_3D('',#13900,#10882,#10883);
#9651=AXIS2_PLACEMENT_3D('',#13904,#10886,#10887);
#9652=AXIS2_PLACEMENT_3D('',#13908,#10890,#10891);
#9653=AXIS2_PLACEMENT_3D('',#13912,#10894,#10895);
#9654=AXIS2_PLACEMENT_3D('',#13920,#10900,#10901);
#9655=AXIS2_PLACEMENT_3D('',#13928,#10906,#10907);
#9656=AXIS2_PLACEMENT_3D('',#13932,#10909,#10910);
#9657=AXIS2_PLACEMENT_3D('',#13936,#10912,#10913);
#9658=AXIS2_PLACEMENT_3D('',#13940,#10915,#10916);
#9659=AXIS2_PLACEMENT_3D('',#13944,#10918,#10919);
#9660=AXIS2_PLACEMENT_3D('',#13948,#10921,#10922);
#9661=AXIS2_PLACEMENT_3D('',#13952,#10924,#10925);
#9662=AXIS2_PLACEMENT_3D('',#13956,#10927,#10928);
#9663=AXIS2_PLACEMENT_3D('',#13960,#10930,#10931);
#9664=AXIS2_PLACEMENT_3D('',#13962,#10933,#10934);
#9665=AXIS2_PLACEMENT_3D('',#13966,#10937,#10938);
#9666=AXIS2_PLACEMENT_3D('',#13977,#10944,#10945);
#9667=AXIS2_PLACEMENT_3D('',#13983,#10949,#10950);
#9668=AXIS2_PLACEMENT_3D('',#13985,#10951,#10952);
#9669=AXIS2_PLACEMENT_3D('',#14017,#10969,#10970);
#9670=AXIS2_PLACEMENT_3D('',#14021,#10972,#10973);
#9671=AXIS2_PLACEMENT_3D('',#14025,#10975,#10976);
#9672=AXIS2_PLACEMENT_3D('',#14029,#10978,#10979);
#9673=AXIS2_PLACEMENT_3D('',#14033,#10981,#10982);
#9674=AXIS2_PLACEMENT_3D('',#14037,#10984,#10985);
#9675=AXIS2_PLACEMENT_3D('',#14041,#10987,#10988);
#9676=AXIS2_PLACEMENT_3D('',#14044,#10990,#10991);
#9677=AXIS2_PLACEMENT_3D('',#14046,#10992,#10993);
#9678=AXIS2_PLACEMENT_3D('',#14048,#10994,#10995);
#9679=AXIS2_PLACEMENT_3D('',#14050,#10996,#10997);
#9680=AXIS2_PLACEMENT_3D('',#14051,#10998,#10999);
#9681=AXIS2_PLACEMENT_3D('',#14054,#11002,#11003);
#9682=AXIS2_PLACEMENT_3D('',#14056,#11005,#11006);
#9683=AXIS2_PLACEMENT_3D('',#14058,#11008,#11009);
#9684=AXIS2_PLACEMENT_3D('',#14060,#11011,#11012);
#9685=AXIS2_PLACEMENT_3D('',#14062,#11014,#11015);
#9686=AXIS2_PLACEMENT_3D('',#14063,#11016,#11017);
#9687=AXIS2_PLACEMENT_3D('',#14069,#11021,#11022);
#9688=AXIS2_PLACEMENT_3D('',#14071,#11023,#11024);
#9689=AXIS2_PLACEMENT_3D('',#14073,#11026,#11027);
#9690=AXIS2_PLACEMENT_3D('',#14077,#11030,#11031);
#9691=AXIS2_PLACEMENT_3D('',#14079,#11032,#11033);
#9692=AXIS2_PLACEMENT_3D('',#14081,#11035,#11036);
#9693=AXIS2_PLACEMENT_3D('',#14085,#11039,#11040);
#9694=AXIS2_PLACEMENT_3D('',#14087,#11041,#11042);
#9695=AXIS2_PLACEMENT_3D('',#14089,#11044,#11045);
#9696=AXIS2_PLACEMENT_3D('',#14093,#11048,#11049);
#9697=AXIS2_PLACEMENT_3D('',#14095,#11050,#11051);
#9698=AXIS2_PLACEMENT_3D('',#14097,#11053,#11054);
#9699=AXIS2_PLACEMENT_3D('',#14101,#11057,#11058);
#9700=AXIS2_PLACEMENT_3D('',#14103,#11059,#11060);
#9701=AXIS2_PLACEMENT_3D('',#14105,#11062,#11063);
#9702=AXIS2_PLACEMENT_3D('',#14109,#11066,#11067);
#9703=AXIS2_PLACEMENT_3D('',#14111,#11068,#11069);
#9704=AXIS2_PLACEMENT_3D('',#14113,#11071,#11072);
#9705=AXIS2_PLACEMENT_3D('',#14117,#11075,#11076);
#9706=AXIS2_PLACEMENT_3D('',#14119,#11077,#11078);
#9707=AXIS2_PLACEMENT_3D('',#14121,#11080,#11081);
#9708=AXIS2_PLACEMENT_3D('',#14125,#11084,#11085);
#9709=AXIS2_PLACEMENT_3D('',#14126,#11086,#11087);
#9710=AXIS2_PLACEMENT_3D('',#14127,#11088,#11089);
#9711=AXIS2_PLACEMENT_3D('',#14136,#11094,#11095);
#9712=AXIS2_PLACEMENT_3D('',#14138,#11096,#11097);
#9713=AXIS2_PLACEMENT_3D('',#14141,#11099,#11100);
#9714=AXIS2_PLACEMENT_3D('',#14142,#11101,#11102);
#9715=AXIS2_PLACEMENT_3D('',#14151,#11107,#11108);
#9716=AXIS2_PLACEMENT_3D('',#14153,#11109,#11110);
#9717=AXIS2_PLACEMENT_3D('',#14156,#11112,#11113);
#9718=AXIS2_PLACEMENT_3D('',#14157,#11114,#11115);
#9719=AXIS2_PLACEMENT_3D('',#14162,#11117,#11118);
#9720=AXIS2_PLACEMENT_3D('',#14165,#11120,#11121);
#9721=AXIS2_PLACEMENT_3D('',#14166,#11122,#11123);
#9722=AXIS2_PLACEMENT_3D('',#14168,#11124,#11125);
#9723=AXIS2_PLACEMENT_3D('',#14170,#11126,#11127);
#9724=AXIS2_PLACEMENT_3D('',#14171,#11128,#11129);
#9725=AXIS2_PLACEMENT_3D('',#14172,#11130,#11131);
#9726=AXIS2_PLACEMENT_3D('',#14176,#11133,#11134);
#9727=AXIS2_PLACEMENT_3D('',#14178,#11136,#11137);
#9728=AXIS2_PLACEMENT_3D('',#14180,#11138,#11139);
#9729=AXIS2_PLACEMENT_3D('',#14182,#11140,#11141);
#9730=AXIS2_PLACEMENT_3D('',#14183,#11142,#11143);
#9731=AXIS2_PLACEMENT_3D('',#14184,#11144,#11145);
#9732=AXIS2_PLACEMENT_3D('',#14189,#11148,#11149);
#9733=AXIS2_PLACEMENT_3D('',#14190,#11150,#11151);
#9734=AXIS2_PLACEMENT_3D('',#14195,#11153,#11154);
#9735=AXIS2_PLACEMENT_3D('',#14198,#11156,#11157);
#9736=AXIS2_PLACEMENT_3D('',#14199,#11158,#11159);
#9737=AXIS2_PLACEMENT_3D('',#14201,#11160,#11161);
#9738=AXIS2_PLACEMENT_3D('',#14203,#11162,#11163);
#9739=AXIS2_PLACEMENT_3D('',#14204,#11164,#11165);
#9740=AXIS2_PLACEMENT_3D('',#14205,#11166,#11167);
#9741=AXIS2_PLACEMENT_3D('',#14209,#11169,#11170);
#9742=AXIS2_PLACEMENT_3D('',#14211,#11172,#11173);
#9743=AXIS2_PLACEMENT_3D('',#14213,#11174,#11175);
#9744=AXIS2_PLACEMENT_3D('',#14215,#11176,#11177);
#9745=AXIS2_PLACEMENT_3D('',#14216,#11178,#11179);
#9746=AXIS2_PLACEMENT_3D('',#14217,#11180,#11181);
#9747=AXIS2_PLACEMENT_3D('',#14220,#11184,#11185);
#9748=AXIS2_PLACEMENT_3D('',#14224,#11187,#11188);
#9749=AXIS2_PLACEMENT_3D('',#14226,#11190,#11191);
#9750=AXIS2_PLACEMENT_3D('',#14228,#11192,#11193);
#9751=AXIS2_PLACEMENT_3D('',#14230,#11194,#11195);
#9752=AXIS2_PLACEMENT_3D('',#14231,#11196,#11197);
#9753=AXIS2_PLACEMENT_3D('',#14232,#11198,#11199);
#9754=AXIS2_PLACEMENT_3D('',#14236,#11201,#11202);
#9755=AXIS2_PLACEMENT_3D('',#14238,#11204,#11205);
#9756=AXIS2_PLACEMENT_3D('',#14240,#11206,#11207);
#9757=AXIS2_PLACEMENT_3D('',#14242,#11208,#11209);
#9758=AXIS2_PLACEMENT_3D('',#14243,#11210,#11211);
#9759=AXIS2_PLACEMENT_3D('',#14244,#11212,#11213);
#9760=AXIS2_PLACEMENT_3D('',#14248,#11215,#11216);
#9761=AXIS2_PLACEMENT_3D('',#14250,#11218,#11219);
#9762=AXIS2_PLACEMENT_3D('',#14254,#11221,#11222);
#9763=AXIS2_PLACEMENT_3D('',#14256,#11224,#11225);
#9764=AXIS2_PLACEMENT_3D('',#14258,#11226,#11227);
#9765=AXIS2_PLACEMENT_3D('',#14260,#11228,#11229);
#9766=AXIS2_PLACEMENT_3D('',#14261,#11230,#11231);
#9767=AXIS2_PLACEMENT_3D('',#14262,#11232,#11233);
#9768=AXIS2_PLACEMENT_3D('',#14266,#11235,#11236);
#9769=AXIS2_PLACEMENT_3D('',#14268,#11238,#11239);
#9770=AXIS2_PLACEMENT_3D('',#14270,#11240,#11241);
#9771=AXIS2_PLACEMENT_3D('',#14272,#11242,#11243);
#9772=AXIS2_PLACEMENT_3D('',#14273,#11244,#11245);
#9773=AXIS2_PLACEMENT_3D('',#14274,#11246,#11247);
#9774=AXIS2_PLACEMENT_3D('',#14277,#11250,#11251);
#9775=AXIS2_PLACEMENT_3D('',#14280,#11254,#11255);
#9776=AXIS2_PLACEMENT_3D('',#14282,#11257,#11258);
#9777=AXIS2_PLACEMENT_3D('',#14284,#11260,#11261);
#9778=AXIS2_PLACEMENT_3D('',#14286,#11263,#11264);
#9779=AXIS2_PLACEMENT_3D('',#14288,#11266,#11267);
#9780=AXIS2_PLACEMENT_3D('',#14290,#11269,#11270);
#9781=AXIS2_PLACEMENT_3D('',#14292,#11272,#11273);
#9782=AXIS2_PLACEMENT_3D('',#14294,#11275,#11276);
#9783=AXIS2_PLACEMENT_3D('',#14296,#11278,#11279);
#9784=AXIS2_PLACEMENT_3D('',#14298,#11281,#11282);
#9785=AXIS2_PLACEMENT_3D('',#14302,#11284,#11285);
#9786=AXIS2_PLACEMENT_3D('',#14304,#11287,#11288);
#9787=AXIS2_PLACEMENT_3D('',#14308,#11291,#11292);
#9788=AXIS2_PLACEMENT_3D('',#14311,#11294,#11295);
#9789=AXIS2_PLACEMENT_3D('',#14312,#11296,#11297);
#9790=AXIS2_PLACEMENT_3D('',#14318,#11302,#11303);
#9791=AXIS2_PLACEMENT_3D('',#14321,#11306,#11307);
#9792=AXIS2_PLACEMENT_3D('',#14323,#11309,#11310);
#9793=AXIS2_PLACEMENT_3D('',#14325,#11312,#11313);
#9794=AXIS2_PLACEMENT_3D('',#14327,#11315,#11316);
#9795=AXIS2_PLACEMENT_3D('',#14332,#11320,#11321);
#9796=AXIS2_PLACEMENT_3D('',#14333,#11322,#11323);
#9797=AXIS2_PLACEMENT_3D('',#14335,#11325,#11326);
#9798=AXIS2_PLACEMENT_3D('',#14338,#11329,#11330);
#9799=AXIS2_PLACEMENT_3D('',#14340,#11332,#11333);
#9800=AXIS2_PLACEMENT_3D('',#14341,#11334,#11335);
#9801=AXIS2_PLACEMENT_3D('',#14343,#11337,#11338);
#9802=AXIS2_PLACEMENT_3D('',#14345,#11340,#11341);
#9803=AXIS2_PLACEMENT_3D('',#14347,#11343,#11344);
#9804=AXIS2_PLACEMENT_3D('',#14349,#11346,#11347);
#9805=AXIS2_PLACEMENT_3D('',#14351,#11349,#11350);
#9806=AXIS2_PLACEMENT_3D('',#14352,#11351,#11352);
#9807=AXIS2_PLACEMENT_3D('',#14358,#11356,#11357);
#9808=AXIS2_PLACEMENT_3D('',#14359,#11358,#11359);
#9809=AXIS2_PLACEMENT_3D('',#14360,#11360,#11361);
#9810=AXIS2_PLACEMENT_3D('',#14362,#11363,#11364);
#9811=AXIS2_PLACEMENT_3D('',#14364,#11366,#11367);
#9812=AXIS2_PLACEMENT_3D('',#14366,#11369,#11370);
#9813=AXIS2_PLACEMENT_3D('',#14368,#11372,#11373);
#9814=AXIS2_PLACEMENT_3D('',#14369,#11374,#11375);
#9815=AXIS2_PLACEMENT_3D('',#14374,#11377,#11378);
#9816=AXIS2_PLACEMENT_3D('',#14378,#11380,#11381);
#9817=AXIS2_PLACEMENT_3D('',#14382,#11383,#11384);
#9818=AXIS2_PLACEMENT_3D('',#14386,#11386,#11387);
#9819=AXIS2_PLACEMENT_3D('',#14390,#11389,#11390);
#9820=AXIS2_PLACEMENT_3D('',#14394,#11392,#11393);
#9821=AXIS2_PLACEMENT_3D('',#14398,#11395,#11396);
#9822=AXIS2_PLACEMENT_3D('',#14401,#11398,#11399);
#9823=AXIS2_PLACEMENT_3D('',#14403,#11400,#11401);
#9824=AXIS2_PLACEMENT_3D('',#14404,#11402,#11403);
#9825=AXIS2_PLACEMENT_3D('',#14410,#11407,#11408);
#9826=AXIS2_PLACEMENT_3D('',#14413,#11411,#11412);
#9827=AXIS2_PLACEMENT_3D('',#14415,#11414,#11415);
#9828=AXIS2_PLACEMENT_3D('',#14417,#11417,#11418);
#9829=AXIS2_PLACEMENT_3D('',#14419,#11420,#11421);
#9830=AXIS2_PLACEMENT_3D('',#14421,#11423,#11424);
#9831=AXIS2_PLACEMENT_3D('',#14424,#11427,#11428);
#9832=AXIS2_PLACEMENT_3D('',#14425,#11429,#11430);
#9833=AXIS2_PLACEMENT_3D('',#14427,#11432,#11433);
#9834=AXIS2_PLACEMENT_3D('',#14429,#11435,#11436);
#9835=AXIS2_PLACEMENT_3D('',#14430,#11437,#11438);
#9836=AXIS2_PLACEMENT_3D('',#14431,#11439,#11440);
#9837=AXIS2_PLACEMENT_3D('',#14433,#11442,#11443);
#9838=AXIS2_PLACEMENT_3D('',#14435,#11445,#11446);
#9839=AXIS2_PLACEMENT_3D('',#14436,#11447,#11448);
#9840=AXIS2_PLACEMENT_3D('',#14438,#11450,#11451);
#9841=AXIS2_PLACEMENT_3D('',#14439,#11452,#11453);
#9842=AXIS2_PLACEMENT_3D('',#14445,#11457,#11458);
#9843=AXIS2_PLACEMENT_3D('',#14446,#11459,#11460);
#9844=AXIS2_PLACEMENT_3D('',#14447,#11461,#11462);
#9845=AXIS2_PLACEMENT_3D('',#14449,#11463,#11464);
#9846=AXIS2_PLACEMENT_3D('',#14451,#11466,#11467);
#9847=AXIS2_PLACEMENT_3D('',#14455,#11470,#11471);
#9848=AXIS2_PLACEMENT_3D('',#14458,#11473,#11474);
#9849=AXIS2_PLACEMENT_3D('',#14459,#11475,#11476);
#9850=AXIS2_PLACEMENT_3D('',#14462,#11478,#11479);
#9851=AXIS2_PLACEMENT_3D('',#14463,#11480,#11481);
#9852=AXIS2_PLACEMENT_3D('',#14466,#11483,#11484);
#9853=AXIS2_PLACEMENT_3D('',#14467,#11485,#11486);
#9854=AXIS2_PLACEMENT_3D('',#14470,#11488,#11489);
#9855=AXIS2_PLACEMENT_3D('',#14471,#11490,#11491);
#9856=AXIS2_PLACEMENT_3D('',#14474,#11493,#11494);
#9857=AXIS2_PLACEMENT_3D('',#14475,#11495,#11496);
#9858=AXIS2_PLACEMENT_3D('',#14479,#11499,#11500);
#9859=AXIS2_PLACEMENT_3D('',#14482,#11502,#11503);
#9860=AXIS2_PLACEMENT_3D('',#14483,#11504,#11505);
#9861=AXIS2_PLACEMENT_3D('',#14486,#11506,#11507);
#9862=AXIS2_PLACEMENT_3D('',#14490,#11509,#11510);
#9863=AXIS2_PLACEMENT_3D('',#14492,#11512,#11513);
#9864=AXIS2_PLACEMENT_3D('',#14498,#11517,#11518);
#9865=AXIS2_PLACEMENT_3D('',#14500,#11519,#11520);
#9866=AXIS2_PLACEMENT_3D('',#14503,#11522,#11523);
#9867=AXIS2_PLACEMENT_3D('',#14504,#11524,#11525);
#9868=AXIS2_PLACEMENT_3D('',#14507,#11526,#11527);
#9869=AXIS2_PLACEMENT_3D('',#14511,#11529,#11530);
#9870=AXIS2_PLACEMENT_3D('',#14513,#11532,#11533);
#9871=AXIS2_PLACEMENT_3D('',#14519,#11537,#11538);
#9872=AXIS2_PLACEMENT_3D('',#14521,#11539,#11540);
#9873=AXIS2_PLACEMENT_3D('',#14524,#11542,#11543);
#9874=AXIS2_PLACEMENT_3D('',#14535,#11544,#11545);
#9875=AXIS2_PLACEMENT_3D('',#14537,#11546,#11547);
#9876=AXIS2_PLACEMENT_3D('',#14538,#11548,#11549);
#9877=AXIS2_PLACEMENT_3D('',#14539,#11550,#11551);
#9878=AXIS2_PLACEMENT_3D('',#14542,#11553,#11554);
#9879=AXIS2_PLACEMENT_3D('',#14553,#11555,#11556);
#9880=AXIS2_PLACEMENT_3D('',#14554,#11557,#11558);
#9881=AXIS2_PLACEMENT_3D('',#14555,#11559,#11560);
#9882=AXIS2_PLACEMENT_3D('',#14557,#11562,#11563);
#9883=AXIS2_PLACEMENT_3D('',#14567,#11564,#11565);
#9884=AXIS2_PLACEMENT_3D('',#14568,#11566,#11567);
#9885=AXIS2_PLACEMENT_3D('',#14569,#11568,#11569);
#9886=AXIS2_PLACEMENT_3D('',#14579,#11570,#11571);
#9887=AXIS2_PLACEMENT_3D('',#14580,#11572,#11573);
#9888=AXIS2_PLACEMENT_3D('',#14582,#11575,#11576);
#9889=AXIS2_PLACEMENT_3D('',#14592,#11577,#11578);
#9890=AXIS2_PLACEMENT_3D('',#14593,#11579,#11580);
#9891=AXIS2_PLACEMENT_3D('',#14594,#11581,#11582);
#9892=AXIS2_PLACEMENT_3D('',#14604,#11583,#11584);
#9893=AXIS2_PLACEMENT_3D('',#14605,#11585,#11586);
#9894=AXIS2_PLACEMENT_3D('',#14608,#11588,#11589);
#9895=AXIS2_PLACEMENT_3D('',#14619,#11590,#11591);
#9896=AXIS2_PLACEMENT_3D('',#14620,#11592,#11593);
#9897=AXIS2_PLACEMENT_3D('',#14621,#11594,#11595);
#9898=AXIS2_PLACEMENT_3D('',#14624,#11597,#11598);
#9899=AXIS2_PLACEMENT_3D('',#14635,#11599,#11600);
#9900=AXIS2_PLACEMENT_3D('',#14636,#11601,#11602);
#9901=AXIS2_PLACEMENT_3D('',#14637,#11603,#11604);
#9902=AXIS2_PLACEMENT_3D('',#14639,#11606,#11607);
#9903=AXIS2_PLACEMENT_3D('',#14643,#11610,#11611);
#9904=AXIS2_PLACEMENT_3D('',#14646,#11613,#11614);
#9905=AXIS2_PLACEMENT_3D('',#14647,#11615,#11616);
#9906=AXIS2_PLACEMENT_3D('',#14651,#11619,#11620);
#9907=AXIS2_PLACEMENT_3D('',#14654,#11622,#11623);
#9908=AXIS2_PLACEMENT_3D('',#14655,#11624,#11625);
#9909=AXIS2_PLACEMENT_3D('',#14659,#11628,#11629);
#9910=AXIS2_PLACEMENT_3D('',#14660,#11630,#11631);
#9911=AXIS2_PLACEMENT_3D('',#14661,#11632,#11633);
#9912=AXIS2_PLACEMENT_3D('',#14664,#11634,#11635);
#9913=AXIS2_PLACEMENT_3D('',#14667,#11638,#11639);
#9914=AXIS2_PLACEMENT_3D('',#14671,#11642,#11643);
#9915=AXIS2_PLACEMENT_3D('',#14673,#11644,#11645);
#9916=AXIS2_PLACEMENT_3D('',#14675,#11647,#11648);
#9917=AXIS2_PLACEMENT_3D('',#14678,#11649,#11650);
#9918=AXIS2_PLACEMENT_3D('',#14681,#11653,#11654);
#9919=AXIS2_PLACEMENT_3D('',#14685,#11657,#11658);
#9920=AXIS2_PLACEMENT_3D('',#14687,#11659,#11660);
#9921=AXIS2_PLACEMENT_3D('',#14689,#11662,#11663);
#9922=AXIS2_PLACEMENT_3D('',#14690,#11664,#11665);
#9923=AXIS2_PLACEMENT_3D('',#14691,#11666,#11667);
#9924=AXIS2_PLACEMENT_3D('',#14692,#11668,#11669);
#9925=AXIS2_PLACEMENT_3D('',#14693,#11670,#11671);
#9926=AXIS2_PLACEMENT_3D('',#14694,#11672,#11673);
#9927=AXIS2_PLACEMENT_3D('',#14695,#11674,#11675);
#9928=AXIS2_PLACEMENT_3D('',#14696,#11676,#11677);
#9929=AXIS2_PLACEMENT_3D('',#14710,#11679,#11680);
#9930=AXIS2_PLACEMENT_3D('',#14712,#11682,#11683);
#9931=AXIS2_PLACEMENT_3D('',#14713,#11684,#11685);
#9932=AXIS2_PLACEMENT_3D('',#14714,#11686,#11687);
#9933=AXIS2_PLACEMENT_3D('',#14715,#11688,#11689);
#9934=AXIS2_PLACEMENT_3D('',#14716,#11690,#11691);
#9935=AXIS2_PLACEMENT_3D('',#14717,#11692,#11693);
#9936=AXIS2_PLACEMENT_3D('',#14718,#11694,#11695);
#9937=AXIS2_PLACEMENT_3D('',#14745,#11697,#11698);
#9938=AXIS2_PLACEMENT_3D('',#14747,#11700,#11701);
#9939=AXIS2_PLACEMENT_3D('',#14748,#11702,#11703);
#9940=AXIS2_PLACEMENT_3D('',#14749,#11704,#11705);
#9941=AXIS2_PLACEMENT_3D('',#14750,#11706,#11707);
#9942=AXIS2_PLACEMENT_3D('',#14751,#11708,#11709);
#9943=AXIS2_PLACEMENT_3D('',#14752,#11710,#11711);
#9944=AXIS2_PLACEMENT_3D('',#14753,#11712,#11713);
#9945=AXIS2_PLACEMENT_3D('',#14754,#11714,#11715);
#9946=AXIS2_PLACEMENT_3D('',#14776,#11717,#11718);
#9947=AXIS2_PLACEMENT_3D('',#14778,#11720,#11721);
#9948=AXIS2_PLACEMENT_3D('',#14779,#11722,#11723);
#9949=AXIS2_PLACEMENT_3D('',#14780,#11724,#11725);
#9950=AXIS2_PLACEMENT_3D('',#14781,#11726,#11727);
#9951=AXIS2_PLACEMENT_3D('',#14782,#11728,#11729);
#9952=AXIS2_PLACEMENT_3D('',#14783,#11730,#11731);
#9953=AXIS2_PLACEMENT_3D('',#14784,#11732,#11733);
#9954=AXIS2_PLACEMENT_3D('',#14799,#11736,#11737);
#9955=AXIS2_PLACEMENT_3D('',#14800,#11738,#11739);
#9956=AXIS2_PLACEMENT_3D('',#14801,#11740,#11741);
#9957=AXIS2_PLACEMENT_3D('',#14803,#11742,#11743);
#9958=AXIS2_PLACEMENT_3D('',#14804,#11744,#11745);
#9959=AXIS2_PLACEMENT_3D('',#14805,#11746,#11747);
#9960=AXIS2_PLACEMENT_3D('',#14807,#11748,#11749);
#9961=AXIS2_PLACEMENT_3D('',#14808,#11750,#11751);
#9962=AXIS2_PLACEMENT_3D('',#14809,#11752,#11753);
#9963=AXIS2_PLACEMENT_3D('',#14811,#11754,#11755);
#9964=AXIS2_PLACEMENT_3D('',#14812,#11756,#11757);
#9965=AXIS2_PLACEMENT_3D('',#14813,#11758,#11759);
#9966=AXIS2_PLACEMENT_3D('',#14815,#11760,#11761);
#9967=AXIS2_PLACEMENT_3D('',#14816,#11762,#11763);
#9968=AXIS2_PLACEMENT_3D('',#14818,#11765,#11766);
#9969=AXIS2_PLACEMENT_3D('',#14820,#11767,#11768);
#9970=AXIS2_PLACEMENT_3D('',#14821,#11769,#11770);
#9971=AXIS2_PLACEMENT_3D('',#14823,#11772,#11773);
#9972=AXIS2_PLACEMENT_3D('',#14825,#11774,#11775);
#9973=AXIS2_PLACEMENT_3D('',#14826,#11776,#11777);
#9974=AXIS2_PLACEMENT_3D('',#14828,#11779,#11780);
#9975=AXIS2_PLACEMENT_3D('',#14830,#11781,#11782);
#9976=AXIS2_PLACEMENT_3D('',#14831,#11783,#11784);
#9977=AXIS2_PLACEMENT_3D('',#14833,#11786,#11787);
#9978=AXIS2_PLACEMENT_3D('',#14834,#11788,#11789);
#9979=AXIS2_PLACEMENT_3D('',#14835,#11790,#11791);
#9980=AXIS2_PLACEMENT_3D('',#14837,#11793,#11794);
#9981=AXIS2_PLACEMENT_3D('',#14839,#11796,#11797);
#9982=AXIS2_PLACEMENT_3D('',#14840,#11798,#11799);
#9983=AXIS2_PLACEMENT_3D('',#14843,#11800,#11801);
#9984=AXIS2_PLACEMENT_3D('',#14845,#11802,#11803);
#9985=AXIS2_PLACEMENT_3D('',#14846,#11804,#11805);
#9986=AXIS2_PLACEMENT_3D('',#14847,#11806,#11807);
#9987=AXIS2_PLACEMENT_3D('',#14848,#11808,#11809);
#9988=AXIS2_PLACEMENT_3D('',#14851,#11811,#11812);
#9989=AXIS2_PLACEMENT_3D('',#14852,#11813,#11814);
#9990=AXIS2_PLACEMENT_3D('',#14855,#11815,#11816);
#9991=AXIS2_PLACEMENT_3D('',#14859,#11818,#11819);
#9992=AXIS2_PLACEMENT_3D('',#14861,#11820,#11821);
#9993=AXIS2_PLACEMENT_3D('',#14863,#11822,#11823);
#9994=AXIS2_PLACEMENT_3D('',#14865,#11824,#11825);
#9995=AXIS2_PLACEMENT_3D('',#14867,#11826,#11827);
#9996=AXIS2_PLACEMENT_3D('',#14871,#11829,#11830);
#9997=AXIS2_PLACEMENT_3D('',#14873,#11831,#11832);
#9998=AXIS2_PLACEMENT_3D('',#14875,#11833,#11834);
#9999=AXIS2_PLACEMENT_3D('',#14879,#11836,#11837);
#10000=AXIS2_PLACEMENT_3D('',#14881,#11838,#11839);
#10001=AXIS2_PLACEMENT_3D('',#14883,#11840,#11841);
#10002=AXIS2_PLACEMENT_3D('',#14885,#11842,#11843);
#10003=AXIS2_PLACEMENT_3D('',#14887,#11844,#11845);
#10004=AXIS2_PLACEMENT_3D('',#14891,#11847,#11848);
#10005=AXIS2_PLACEMENT_3D('',#14892,#11849,#11850);
#10006=AXIS2_PLACEMENT_3D('',#14899,#11853,#11854);
#10007=AXIS2_PLACEMENT_3D('',#14903,#11856,#11857);
#10008=AXIS2_PLACEMENT_3D('',#14911,#11861,#11862);
#10009=AXIS2_PLACEMENT_3D('',#14915,#11864,#11865);
#10010=AXIS2_PLACEMENT_3D('',#14921,#11868,#11869);
#10011=AXIS2_PLACEMENT_3D('',#14925,#11871,#11872);
#10012=AXIS2_PLACEMENT_3D('',#14929,#11874,#11875);
#10013=AXIS2_PLACEMENT_3D('',#14932,#11877,#11878);
#10014=AXIS2_PLACEMENT_3D('',#14933,#11879,#11880);
#10015=AXIS2_PLACEMENT_3D('',#14936,#11882,#11883);
#10016=AXIS2_PLACEMENT_3D('',#14937,#11884,#11885);
#10017=AXIS2_PLACEMENT_3D('',#14939,#11886,#11887);
#10018=AXIS2_PLACEMENT_3D('',#14940,#11888,#11889);
#10019=AXIS2_PLACEMENT_3D('',#14941,#11890,#11891);
#10020=AXIS2_PLACEMENT_3D('',#14942,#11892,#11893);
#10021=AXIS2_PLACEMENT_3D('',#14944,#11894,#11895);
#10022=AXIS2_PLACEMENT_3D('',#14947,#11897,#11898);
#10023=AXIS2_PLACEMENT_3D('',#14948,#11899,#11900);
#10024=AXIS2_PLACEMENT_3D('',#14951,#11901,#11902);
#10025=AXIS2_PLACEMENT_3D('',#14955,#11904,#11905);
#10026=AXIS2_PLACEMENT_3D('',#14959,#11907,#11908);
#10027=AXIS2_PLACEMENT_3D('',#14963,#11910,#11911);
#10028=AXIS2_PLACEMENT_3D('',#14966,#11913,#11914);
#10029=AXIS2_PLACEMENT_3D('',#14968,#11915,#11916);
#10030=AXIS2_PLACEMENT_3D('',#14970,#11917,#11918);
#10031=AXIS2_PLACEMENT_3D('',#14971,#11919,#11920);
#10032=AXIS2_PLACEMENT_3D('',#14974,#11922,#11923);
#10033=AXIS2_PLACEMENT_3D('',#14975,#11924,#11925);
#10034=AXIS2_PLACEMENT_3D('',#14977,#11926,#11927);
#10035=AXIS2_PLACEMENT_3D('',#14979,#11929,#11930);
#10036=AXIS2_PLACEMENT_3D('',#14982,#11932,#11933);
#10037=AXIS2_PLACEMENT_3D('',#14983,#11934,#11935);
#10038=AXIS2_PLACEMENT_3D('',#14985,#11936,#11937);
#10039=AXIS2_PLACEMENT_3D('',#14987,#11939,#11940);
#10040=AXIS2_PLACEMENT_3D('',#14990,#11942,#11943);
#10041=AXIS2_PLACEMENT_3D('',#14991,#11944,#11945);
#10042=AXIS2_PLACEMENT_3D('',#14993,#11946,#11947);
#10043=AXIS2_PLACEMENT_3D('',#14995,#11949,#11950);
#10044=AXIS2_PLACEMENT_3D('',#14998,#11952,#11953);
#10045=AXIS2_PLACEMENT_3D('',#14999,#11954,#11955);
#10046=AXIS2_PLACEMENT_3D('',#15002,#11958,#11959);
#10047=AXIS2_PLACEMENT_3D('',#15004,#11961,#11962);
#10048=AXIS2_PLACEMENT_3D('',#15006,#11964,#11965);
#10049=AXIS2_PLACEMENT_3D('',#15008,#11967,#11968);
#10050=AXIS2_PLACEMENT_3D('',#15010,#11970,#11971);
#10051=AXIS2_PLACEMENT_3D('',#15012,#11973,#11974);
#10052=AXIS2_PLACEMENT_3D('',#15014,#11976,#11977);
#10053=AXIS2_PLACEMENT_3D('',#15015,#11978,#11979);
#10054=AXIS2_PLACEMENT_3D('',#15016,#11980,#11981);
#10055=AXIS2_PLACEMENT_3D('',#15017,#11982,#11983);
#10056=AXIS2_PLACEMENT_3D('',#15018,#11984,#11985);
#10057=AXIS2_PLACEMENT_3D('',#15026,#11990,#11991);
#10058=AXIS2_PLACEMENT_3D('',#15028,#11992,#11993);
#10059=AXIS2_PLACEMENT_3D('',#15030,#11995,#11996);
#10060=AXIS2_PLACEMENT_3D('',#15034,#11999,#12000);
#10061=AXIS2_PLACEMENT_3D('',#15036,#12001,#12002);
#10062=AXIS2_PLACEMENT_3D('',#15038,#12004,#12005);
#10063=AXIS2_PLACEMENT_3D('',#15044,#12009,#12010);
#10064=AXIS2_PLACEMENT_3D('',#15048,#12013,#12014);
#10065=AXIS2_PLACEMENT_3D('',#15051,#12016,#12017);
#10066=AXIS2_PLACEMENT_3D('',#15052,#12018,#12019);
#10067=AXIS2_PLACEMENT_3D('',#15056,#12022,#12023);
#10068=AXIS2_PLACEMENT_3D('',#15059,#12025,#12026);
#10069=AXIS2_PLACEMENT_3D('',#15060,#12027,#12028);
#10070=AXIS2_PLACEMENT_3D('',#15062,#12030,#12031);
#10071=AXIS2_PLACEMENT_3D('',#15070,#12036,#12037);
#10072=AXIS2_PLACEMENT_3D('',#15072,#12038,#12039);
#10073=AXIS2_PLACEMENT_3D('',#15074,#12041,#12042);
#10074=AXIS2_PLACEMENT_3D('',#15078,#12045,#12046);
#10075=AXIS2_PLACEMENT_3D('',#15080,#12047,#12048);
#10076=AXIS2_PLACEMENT_3D('',#15082,#12050,#12051);
#10077=AXIS2_PLACEMENT_3D('',#15088,#12055,#12056);
#10078=AXIS2_PLACEMENT_3D('',#15092,#12059,#12060);
#10079=AXIS2_PLACEMENT_3D('',#15095,#12062,#12063);
#10080=AXIS2_PLACEMENT_3D('',#15096,#12064,#12065);
#10081=AXIS2_PLACEMENT_3D('',#15100,#12068,#12069);
#10082=AXIS2_PLACEMENT_3D('',#15103,#12071,#12072);
#10083=AXIS2_PLACEMENT_3D('',#15104,#12073,#12074);
#10084=AXIS2_PLACEMENT_3D('',#15106,#12076,#12077);
#10085=AXIS2_PLACEMENT_3D('',#15108,#12078,#12079);
#10086=AXIS2_PLACEMENT_3D('',#15110,#12080,#12081);
#10087=AXIS2_PLACEMENT_3D('',#15111,#12082,#12083);
#10088=AXIS2_PLACEMENT_3D('',#15122,#12084,#12085);
#10089=AXIS2_PLACEMENT_3D('',#15123,#12086,#12087);
#10090=AXIS2_PLACEMENT_3D('',#15124,#12088,#12089);
#10091=AXIS2_PLACEMENT_3D('',#15126,#12090,#12091);
#10092=AXIS2_PLACEMENT_3D('',#15128,#12092,#12093);
#10093=AXIS2_PLACEMENT_3D('',#15129,#12094,#12095);
#10094=AXIS2_PLACEMENT_3D('',#15130,#12096,#12097);
#10095=AXIS2_PLACEMENT_3D('',#15132,#12098,#12099);
#10096=AXIS2_PLACEMENT_3D('',#15133,#12100,#12101);
#10097=AXIS2_PLACEMENT_3D('',#15134,#12102,#12103);
#10098=AXIS2_PLACEMENT_3D('',#15136,#12104,#12105);
#10099=AXIS2_PLACEMENT_3D('',#15137,#12106,#12107);
#10100=AXIS2_PLACEMENT_3D('',#15138,#12108,#12109);
#10101=AXIS2_PLACEMENT_3D('',#15140,#12110,#12111);
#10102=AXIS2_PLACEMENT_3D('',#15152,#12113,#12114);
#10103=AXIS2_PLACEMENT_3D('',#15153,#12115,#12116);
#10104=AXIS2_PLACEMENT_3D('',#15154,#12117,#12118);
#10105=AXIS2_PLACEMENT_3D('',#15156,#12119,#12120);
#10106=AXIS2_PLACEMENT_3D('',#15157,#12121,#12122);
#10107=AXIS2_PLACEMENT_3D('',#15158,#12123,#12124);
#10108=AXIS2_PLACEMENT_3D('',#15160,#12126,#12127);
#10109=AXIS2_PLACEMENT_3D('',#15162,#12128,#12129);
#10110=AXIS2_PLACEMENT_3D('',#15164,#12130,#12131);
#10111=AXIS2_PLACEMENT_3D('',#15165,#12132,#12133);
#10112=AXIS2_PLACEMENT_3D('',#15166,#12134,#12135);
#10113=AXIS2_PLACEMENT_3D('',#15167,#12136,#12137);
#10114=AXIS2_PLACEMENT_3D('',#15168,#12138,#12139);
#10115=AXIS2_PLACEMENT_3D('',#15170,#12140,#12141);
#10116=AXIS2_PLACEMENT_3D('',#15172,#12142,#12143);
#10117=AXIS2_PLACEMENT_3D('',#15173,#12144,#12145);
#10118=AXIS2_PLACEMENT_3D('',#15184,#12146,#12147);
#10119=AXIS2_PLACEMENT_3D('',#15185,#12148,#12149);
#10120=AXIS2_PLACEMENT_3D('',#15186,#12150,#12151);
#10121=AXIS2_PLACEMENT_3D('',#15188,#12152,#12153);
#10122=AXIS2_PLACEMENT_3D('',#15190,#12155,#12156);
#10123=AXIS2_PLACEMENT_3D('',#15192,#12157,#12158);
#10124=AXIS2_PLACEMENT_3D('',#15193,#12159,#12160);
#10125=AXIS2_PLACEMENT_3D('',#15194,#12161,#12162);
#10126=AXIS2_PLACEMENT_3D('',#15196,#12163,#12164);
#10127=AXIS2_PLACEMENT_3D('',#15197,#12165,#12166);
#10128=AXIS2_PLACEMENT_3D('',#15198,#12167,#12168);
#10129=AXIS2_PLACEMENT_3D('',#15200,#12169,#12170);
#10130=AXIS2_PLACEMENT_3D('',#15201,#12171,#12172);
#10131=AXIS2_PLACEMENT_3D('',#15202,#12173,#12174);
#10132=AXIS2_PLACEMENT_3D('',#15204,#12175,#12176);
#10133=AXIS2_PLACEMENT_3D('',#15216,#12178,#12179);
#10134=AXIS2_PLACEMENT_3D('',#15217,#12180,#12181);
#10135=AXIS2_PLACEMENT_3D('',#15218,#12182,#12183);
#10136=AXIS2_PLACEMENT_3D('',#15220,#12184,#12185);
#10137=AXIS2_PLACEMENT_3D('',#15221,#12186,#12187);
#10138=AXIS2_PLACEMENT_3D('',#15222,#12188,#12189);
#10139=AXIS2_PLACEMENT_3D('',#15223,#12190,#12191);
#10140=AXIS2_PLACEMENT_3D('',#15224,#12192,#12193);
#10141=AXIS2_PLACEMENT_3D('',#15226,#12194,#12195);
#10142=AXIS2_PLACEMENT_3D('',#15228,#12196,#12197);
#10143=AXIS2_PLACEMENT_3D('',#15229,#12198,#12199);
#10144=AXIS2_PLACEMENT_3D('',#15230,#12200,#12201);
#10145=AXIS2_PLACEMENT_3D('',#15231,#12202,#12203);
#10146=AXIS2_PLACEMENT_3D('',#15232,#12204,#12205);
#10147=AXIS2_PLACEMENT_3D('',#15233,#12206,#12207);
#10148=AXIS2_PLACEMENT_3D('',#15234,#12208,#12209);
#10149=AXIS2_PLACEMENT_3D('',#15238,#12211,#12212);
#10150=AXIS2_PLACEMENT_3D('',#15240,#12214,#12215);
#10151=AXIS2_PLACEMENT_3D('',#15243,#12217,#12218);
#10152=AXIS2_PLACEMENT_3D('',#15244,#12219,#12220);
#10153=AXIS2_PLACEMENT_3D('',#15247,#12222,#12223);
#10154=AXIS2_PLACEMENT_3D('',#15248,#12224,#12225);
#10155=AXIS2_PLACEMENT_3D('',#15252,#12228,#12229);
#10156=AXIS2_PLACEMENT_3D('',#15255,#12231,#12232);
#10157=AXIS2_PLACEMENT_3D('',#15256,#12233,#12234);
#10158=AXIS2_PLACEMENT_3D('',#15260,#12236,#12237);
#10159=AXIS2_PLACEMENT_3D('',#15263,#12239,#12240);
#10160=AXIS2_PLACEMENT_3D('',#15265,#12241,#12242);
#10161=AXIS2_PLACEMENT_3D('',#15269,#12245,#12246);
#10162=AXIS2_PLACEMENT_3D('',#15270,#12247,#12248);
#10163=AXIS2_PLACEMENT_3D('',#15273,#12250,#12251);
#10164=AXIS2_PLACEMENT_3D('',#15274,#12252,#12253);
#10165=AXIS2_PLACEMENT_3D('',#15278,#12256,#12257);
#10166=AXIS2_PLACEMENT_3D('',#15281,#12259,#12260);
#10167=AXIS2_PLACEMENT_3D('',#15282,#12261,#12262);
#10168=AXIS2_PLACEMENT_3D('',#15285,#12264,#12265);
#10169=AXIS2_PLACEMENT_3D('',#15286,#12266,#12267);
#10170=AXIS2_PLACEMENT_3D('',#15289,#12269,#12270);
#10171=AXIS2_PLACEMENT_3D('',#15290,#12271,#12272);
#10172=AXIS2_PLACEMENT_3D('',#15293,#12274,#12275);
#10173=AXIS2_PLACEMENT_3D('',#15294,#12276,#12277);
#10174=AXIS2_PLACEMENT_3D('',#15296,#12278,#12279);
#10175=AXIS2_PLACEMENT_3D('',#15298,#12281,#12282);
#10176=AXIS2_PLACEMENT_3D('',#15302,#12285,#12286);
#10177=AXIS2_PLACEMENT_3D('',#15305,#12288,#12289);
#10178=AXIS2_PLACEMENT_3D('',#15306,#12290,#12291);
#10179=AXIS2_PLACEMENT_3D('',#15309,#12293,#12294);
#10180=AXIS2_PLACEMENT_3D('',#15310,#12295,#12296);
#10181=AXIS2_PLACEMENT_3D('',#15313,#12298,#12299);
#10182=AXIS2_PLACEMENT_3D('',#15314,#12300,#12301);
#10183=AXIS2_PLACEMENT_3D('',#15318,#12303,#12304);
#10184=AXIS2_PLACEMENT_3D('',#15320,#12306,#12307);
#10185=AXIS2_PLACEMENT_3D('',#15322,#12308,#12309);
#10186=AXIS2_PLACEMENT_3D('',#15324,#12311,#12312);
#10187=AXIS2_PLACEMENT_3D('',#15327,#12314,#12315);
#10188=AXIS2_PLACEMENT_3D('',#15328,#12316,#12317);
#10189=AXIS2_PLACEMENT_3D('',#15329,#12318,#12319);
#10190=AXIS2_PLACEMENT_3D('',#15330,#12320,#12321);
#10191=AXIS2_PLACEMENT_3D('',#15331,#12322,#12323);
#10192=AXIS2_PLACEMENT_3D('',#15333,#12325,#12326);
#10193=AXIS2_PLACEMENT_3D('',#15335,#12327,#12328);
#10194=AXIS2_PLACEMENT_3D('',#15338,#12330,#12331);
#10195=AXIS2_PLACEMENT_3D('',#15339,#12332,#12333);
#10196=AXIS2_PLACEMENT_3D('',#15341,#12335,#12336);
#10197=AXIS2_PLACEMENT_3D('',#15342,#12337,#12338);
#10198=AXIS2_PLACEMENT_3D('',#15344,#12340,#12341);
#10199=AXIS2_PLACEMENT_3D('',#15345,#12342,#12343);
#10200=AXIS2_PLACEMENT_3D('',#15347,#12345,#12346);
#10201=AXIS2_PLACEMENT_3D('',#15348,#12347,#12348);
#10202=AXIS2_PLACEMENT_3D('',#15349,#12349,#12350);
#10203=AXIS2_PLACEMENT_3D('',#15350,#12351,#12352);
#10204=AXIS2_PLACEMENT_3D('',#15351,#12353,#12354);
#10205=AXIS2_PLACEMENT_3D('',#15360,#12359,#12360);
#10206=AXIS2_PLACEMENT_3D('',#15366,#12364,#12365);
#10207=AXIS2_PLACEMENT_3D('',#15378,#12372,#12373);
#10208=AXIS2_PLACEMENT_3D('',#15402,#12385,#12386);
#10209=AXIS2_PLACEMENT_3D('',#15406,#12388,#12389);
#10210=AXIS2_PLACEMENT_3D('',#15410,#12391,#12392);
#10211=AXIS2_PLACEMENT_3D('',#15414,#12394,#12395);
#10212=AXIS2_PLACEMENT_3D('',#15418,#12397,#12398);
#10213=AXIS2_PLACEMENT_3D('',#15422,#12400,#12401);
#10214=AXIS2_PLACEMENT_3D('',#15426,#12403,#12404);
#10215=AXIS2_PLACEMENT_3D('',#15430,#12406,#12407);
#10216=AXIS2_PLACEMENT_3D('',#15459,#12422,#12423);
#10217=AXIS2_PLACEMENT_3D('',#15461,#12424,#12425);
#10218=AXIS2_PLACEMENT_3D('',#15463,#12426,#12427);
#10219=AXIS2_PLACEMENT_3D('',#15465,#12428,#12429);
#10220=AXIS2_PLACEMENT_3D('',#15466,#12430,#12431);
#10221=AXIS2_PLACEMENT_3D('',#15472,#12435,#12436);
#10222=AXIS2_PLACEMENT_3D('',#15476,#12439,#12440);
#10223=AXIS2_PLACEMENT_3D('',#15488,#12447,#12448);
#10224=AXIS2_PLACEMENT_3D('',#15497,#12453,#12454);
#10225=AXIS2_PLACEMENT_3D('',#15500,#12457,#12458);
#10226=AXIS2_PLACEMENT_3D('',#15509,#12463,#12464);
#10227=AXIS2_PLACEMENT_3D('',#15512,#12467,#12468);
#10228=AXIS2_PLACEMENT_3D('',#15515,#12469,#12470);
#10229=AXIS2_PLACEMENT_3D('',#15519,#12472,#12473);
#10230=AXIS2_PLACEMENT_3D('',#15521,#12475,#12476);
#10231=AXIS2_PLACEMENT_3D('',#15524,#12477,#12478);
#10232=AXIS2_PLACEMENT_3D('',#15525,#12479,#12480);
#10233=AXIS2_PLACEMENT_3D('',#15526,#12481,#12482);
#10234=AXIS2_PLACEMENT_3D('',#15527,#12483,#12484);
#10235=AXIS2_PLACEMENT_3D('',#15530,#12485,#12486);
#10236=AXIS2_PLACEMENT_3D('',#15533,#12489,#12490);
#10237=AXIS2_PLACEMENT_3D('',#15536,#12491,#12492);
#10238=AXIS2_PLACEMENT_3D('',#15537,#12493,#12494);
#10239=AXIS2_PLACEMENT_3D('',#15538,#12495,#12496);
#10240=AXIS2_PLACEMENT_3D('',#15539,#12497,#12498);
#10241=AXIS2_PLACEMENT_3D('',#15542,#12499,#12500);
#10242=AXIS2_PLACEMENT_3D('',#15545,#12503,#12504);
#10243=AXIS2_PLACEMENT_3D('',#15548,#12505,#12506);
#10244=AXIS2_PLACEMENT_3D('',#15549,#12507,#12508);
#10245=AXIS2_PLACEMENT_3D('',#15550,#12509,#12510);
#10246=AXIS2_PLACEMENT_3D('',#15551,#12511,#12512);
#10247=AXIS2_PLACEMENT_3D('',#15554,#12513,#12514);
#10248=AXIS2_PLACEMENT_3D('',#15557,#12517,#12518);
#10249=AXIS2_PLACEMENT_3D('',#15558,#12519,#12520);
#10250=AXIS2_PLACEMENT_3D('',#15559,#12521,#12522);
#10251=AXIS2_PLACEMENT_3D('',#15560,#12523,#12524);
#10252=AXIS2_PLACEMENT_3D('',#15564,#12526,#12527);
#10253=AXIS2_PLACEMENT_3D('',#15566,#12529,#12530);
#10254=AXIS2_PLACEMENT_3D('',#15570,#12533,#12534);
#10255=AXIS2_PLACEMENT_3D('',#15573,#12536,#12537);
#10256=AXIS2_PLACEMENT_3D('',#15574,#12538,#12539);
#10257=AXIS2_PLACEMENT_3D('',#15578,#12542,#12543);
#10258=AXIS2_PLACEMENT_3D('',#15588,#12548,#12549);
#10259=AXIS2_PLACEMENT_3D('',#15592,#12551,#12552);
#10260=AXIS2_PLACEMENT_3D('',#15596,#12554,#12555);
#10261=AXIS2_PLACEMENT_3D('',#15599,#12557,#12558);
#10262=AXIS2_PLACEMENT_3D('',#15600,#12559,#12560);
#10263=AXIS2_PLACEMENT_3D('',#15616,#12561,#12562);
#10264=AXIS2_PLACEMENT_3D('',#15620,#12564,#12565);
#10265=AXIS2_PLACEMENT_3D('',#15633,#12567,#12568);
#10266=AXIS2_PLACEMENT_3D('',#15662,#12570,#12571);
#10267=AXIS2_PLACEMENT_3D('',#15665,#12573,#12574);
#10268=AXIS2_PLACEMENT_3D('',#15666,#12575,#12576);
#10269=AXIS2_PLACEMENT_3D('',#15673,#12577,#12578);
#10270=AXIS2_PLACEMENT_3D('',#15675,#12579,#12580);
#10271=AXIS2_PLACEMENT_3D('',#15676,#12581,#12582);
#10272=AXIS2_PLACEMENT_3D('',#15677,#12583,#12584);
#10273=AXIS2_PLACEMENT_3D('',#15679,#12585,#12586);
#10274=AXIS2_PLACEMENT_3D('',#15682,#12588,#12589);
#10275=AXIS2_PLACEMENT_3D('',#15683,#12590,#12591);
#10276=AXIS2_PLACEMENT_3D('',#15690,#12592,#12593);
#10277=AXIS2_PLACEMENT_3D('',#15691,#12594,#12595);
#10278=AXIS2_PLACEMENT_3D('',#15692,#12596,#12597);
#10279=AXIS2_PLACEMENT_3D('',#15700,#12600,#12601);
#10280=AXIS2_PLACEMENT_3D('',#15716,#12609,#12610);
#10281=AXIS2_PLACEMENT_3D('',#15720,#12612,#12613);
#10282=AXIS2_PLACEMENT_3D('',#15724,#12615,#12616);
#10283=AXIS2_PLACEMENT_3D('',#15728,#12618,#12619);
#10284=AXIS2_PLACEMENT_3D('',#15731,#12622,#12623);
#10285=AXIS2_PLACEMENT_3D('',#15733,#12624,#12625);
#10286=AXIS2_PLACEMENT_3D('',#15735,#12626,#12627);
#10287=AXIS2_PLACEMENT_3D('',#15737,#12628,#12629);
#10288=AXIS2_PLACEMENT_3D('',#15742,#12630,#12631);
#10289=AXIS2_PLACEMENT_3D('',#15744,#12633,#12634);
#10290=AXIS2_PLACEMENT_3D('',#15746,#12635,#12636);
#10291=AXIS2_PLACEMENT_3D('',#15748,#12638,#12639);
#10292=AXIS2_PLACEMENT_3D('',#15749,#12640,#12641);
#10293=AXIS2_PLACEMENT_3D('',#15750,#12642,#12643);
#10294=AXIS2_PLACEMENT_3D('',#15753,#12646,#12647);
#10295=AXIS2_PLACEMENT_3D('',#15759,#12651,#12652);
#10296=AXIS2_PLACEMENT_3D('',#15762,#12654,#12655);
#10297=AXIS2_PLACEMENT_3D('',#15763,#12656,#12657);
#10298=AXIS2_PLACEMENT_3D('',#15767,#12660,#12661);
#10299=AXIS2_PLACEMENT_3D('',#15770,#12663,#12664);
#10300=AXIS2_PLACEMENT_3D('',#15771,#12665,#12666);
#10301=AXIS2_PLACEMENT_3D('',#15773,#12667,#12668);
#10302=AXIS2_PLACEMENT_3D('',#15775,#12669,#12670);
#10303=AXIS2_PLACEMENT_3D('',#15777,#12672,#12673);
#10304=AXIS2_PLACEMENT_3D('',#15779,#12674,#12675);
#10305=AXIS2_PLACEMENT_3D('',#15780,#12676,#12677);
#10306=AXIS2_PLACEMENT_3D('',#15781,#12678,#12679);
#10307=AXIS2_PLACEMENT_3D('',#15782,#12680,#12681);
#10308=AXIS2_PLACEMENT_3D('',#15784,#12683,#12684);
#10309=AXIS2_PLACEMENT_3D('',#15785,#12685,#12686);
#10310=AXIS2_PLACEMENT_3D('',#15786,#12687,#12688);
#10311=AXIS2_PLACEMENT_3D('',#15787,#12689,#12690);
#10312=AXIS2_PLACEMENT_3D('',#15788,#12691,#12692);
#10313=AXIS2_PLACEMENT_3D('',#15789,#12693,#12694);
#10314=AXIS2_PLACEMENT_3D('',#15790,#12695,#12696);
#10315=AXIS2_PLACEMENT_3D('',#15791,#12697,#12698);
#10316=AXIS2_PLACEMENT_3D('',#15792,#12699,#12700);
#10317=AXIS2_PLACEMENT_3D('',#15793,#12701,#12702);
#10318=AXIS2_PLACEMENT_3D('',#15794,#12703,#12704);
#10319=AXIS2_PLACEMENT_3D('',#15796,#12706,#12707);
#10320=AXIS2_PLACEMENT_3D('',#15798,#12709,#12710);
#10321=AXIS2_PLACEMENT_3D('',#15800,#12712,#12713);
#10322=AXIS2_PLACEMENT_3D('',#15801,#12714,#12715);
#10323=AXIS2_PLACEMENT_3D('',#15802,#12716,#12717);
#10324=AXIS2_PLACEMENT_3D('',#15806,#12719,#12720);
#10325=AXIS2_PLACEMENT_3D('',#15808,#12722,#12723);
#10326=AXIS2_PLACEMENT_3D('',#15812,#12726,#12727);
#10327=AXIS2_PLACEMENT_3D('',#15815,#12729,#12730);
#10328=AXIS2_PLACEMENT_3D('',#15816,#12731,#12732);
#10329=AXIS2_PLACEMENT_3D('',#15820,#12735,#12736);
#10330=AXIS2_PLACEMENT_3D('',#15823,#12738,#12739);
#10331=AXIS2_PLACEMENT_3D('',#15824,#12740,#12741);
#10332=AXIS2_PLACEMENT_3D('',#15828,#12744,#12745);
#10333=AXIS2_PLACEMENT_3D('',#15831,#12747,#12748);
#10334=AXIS2_PLACEMENT_3D('',#15832,#12749,#12750);
#10335=AXIS2_PLACEMENT_3D('',#15834,#12752,#12753);
#10336=AXIS2_PLACEMENT_3D('',#15840,#12757,#12758);
#10337=AXIS2_PLACEMENT_3D('',#15842,#12760,#12761);
#10338=AXIS2_PLACEMENT_3D('',#15843,#12762,#12763);
#10339=AXIS2_PLACEMENT_3D('',#15845,#12765,#12766);
#10340=AXIS2_PLACEMENT_3D('',#15847,#12768,#12769);
#10341=AXIS2_PLACEMENT_3D('',#15850,#12770,#12771);
#10342=AXIS2_PLACEMENT_3D('',#15854,#12773,#12774);
#10343=AXIS2_PLACEMENT_3D('',#15856,#12776,#12777);
#10344=AXIS2_PLACEMENT_3D('',#15859,#12778,#12779);
#10345=AXIS2_PLACEMENT_3D('',#15860,#12780,#12781);
#10346=AXIS2_PLACEMENT_3D('',#15861,#12782,#12783);
#10347=AXIS2_PLACEMENT_3D('',#15862,#12784,#12785);
#10348=AXIS2_PLACEMENT_3D('',#15865,#12786,#12787);
#10349=AXIS2_PLACEMENT_3D('',#15868,#12790,#12791);
#10350=AXIS2_PLACEMENT_3D('',#15871,#12792,#12793);
#10351=AXIS2_PLACEMENT_3D('',#15872,#12794,#12795);
#10352=AXIS2_PLACEMENT_3D('',#15873,#12796,#12797);
#10353=AXIS2_PLACEMENT_3D('',#15874,#12798,#12799);
#10354=AXIS2_PLACEMENT_3D('',#15877,#12800,#12801);
#10355=AXIS2_PLACEMENT_3D('',#15880,#12804,#12805);
#10356=AXIS2_PLACEMENT_3D('',#15883,#12806,#12807);
#10357=AXIS2_PLACEMENT_3D('',#15884,#12808,#12809);
#10358=AXIS2_PLACEMENT_3D('',#15885,#12810,#12811);
#10359=AXIS2_PLACEMENT_3D('',#15886,#12812,#12813);
#10360=AXIS2_PLACEMENT_3D('',#15889,#12814,#12815);
#10361=AXIS2_PLACEMENT_3D('',#15892,#12818,#12819);
#10362=AXIS2_PLACEMENT_3D('',#15893,#12820,#12821);
#10363=AXIS2_PLACEMENT_3D('',#15894,#12822,#12823);
#10364=AXIS2_PLACEMENT_3D('',#15895,#12824,#12825);
#10365=AXIS2_PLACEMENT_3D('',#15899,#12827,#12828);
#10366=AXIS2_PLACEMENT_3D('',#15901,#12830,#12831);
#10367=AXIS2_PLACEMENT_3D('',#15905,#12834,#12835);
#10368=AXIS2_PLACEMENT_3D('',#15908,#12837,#12838);
#10369=AXIS2_PLACEMENT_3D('',#15909,#12839,#12840);
#10370=AXIS2_PLACEMENT_3D('',#15913,#12843,#12844);
#10371=AXIS2_PLACEMENT_3D('',#15919,#12848,#12849);
#10372=AXIS2_PLACEMENT_3D('',#15923,#12852,#12853);
#10373=AXIS2_PLACEMENT_3D('',#15925,#12854,#12855);
#10374=AXIS2_PLACEMENT_3D('',#15927,#12857,#12858);
#10375=AXIS2_PLACEMENT_3D('',#15931,#12861,#12862);
#10376=AXIS2_PLACEMENT_3D('',#15932,#12863,#12864);
#10377=AXIS2_PLACEMENT_3D('',#15933,#12865,#12866);
#10378=AXIS2_PLACEMENT_3D('',#15937,#12868,#12869);
#10379=AXIS2_PLACEMENT_3D('',#15939,#12871,#12872);
#10380=AXIS2_PLACEMENT_3D('',#15943,#12875,#12876);
#10381=AXIS2_PLACEMENT_3D('',#15946,#12878,#12879);
#10382=AXIS2_PLACEMENT_3D('',#15947,#12880,#12881);
#10383=AXIS2_PLACEMENT_3D('',#15951,#12884,#12885);
#10384=AXIS2_PLACEMENT_3D('',#15955,#12887,#12888);
#10385=AXIS2_PLACEMENT_3D('',#15957,#12890,#12891);
#10386=AXIS2_PLACEMENT_3D('',#15959,#12893,#12894);
#10387=AXIS2_PLACEMENT_3D('',#15962,#12896,#12897);
#10388=AXIS2_PLACEMENT_3D('',#15963,#12898,#12899);
#10389=AXIS2_PLACEMENT_3D('',#15965,#12901,#12902);
#10390=AXIS2_PLACEMENT_3D('',#15971,#12906,#12907);
#10391=AXIS2_PLACEMENT_3D('',#15975,#12910,#12911);
#10392=AXIS2_PLACEMENT_3D('',#15977,#12913,#12914);
#10393=AXIS2_PLACEMENT_3D('',#15979,#12916,#12917);
#10394=AXIS2_PLACEMENT_3D('',#15981,#12919,#12920);
#10395=AXIS2_PLACEMENT_3D('',#15984,#12922,#12923);
#10396=AXIS2_PLACEMENT_3D('',#15985,#12924,#12925);
#10397=AXIS2_PLACEMENT_3D('',#15987,#12927,#12928);
#10398=AXIS2_PLACEMENT_3D('',#15990,#12931,#12932);
#10399=AXIS2_PLACEMENT_3D('',#15992,#12934,#12935);
#10400=AXIS2_PLACEMENT_3D('',#15993,#12936,#12937);
#10401=AXIS2_PLACEMENT_3D('',#15994,#12938,#12939);
#10402=AXIS2_PLACEMENT_3D('',#16001,#12944,#12945);
#10403=AXIS2_PLACEMENT_3D('',#16004,#12946,#12947);
#10404=AXIS2_PLACEMENT_3D('',#16006,#12948,#12949);
#10405=AXIS2_PLACEMENT_3D('',#16007,#12950,#12951);
#10406=AXIS2_PLACEMENT_3D('',#16008,#12952,#12953);
#10407=AXIS2_PLACEMENT_3D('',#16011,#12954,#12955);
#10408=AXIS2_PLACEMENT_3D('',#16014,#12958,#12959);
#10409=AXIS2_PLACEMENT_3D('',#16017,#12960,#12961);
#10410=AXIS2_PLACEMENT_3D('',#16019,#12962,#12963);
#10411=AXIS2_PLACEMENT_3D('',#16020,#12964,#12965);
#10412=AXIS2_PLACEMENT_3D('',#16021,#12966,#12967);
#10413=AXIS2_PLACEMENT_3D('',#16024,#12968,#12969);
#10414=AXIS2_PLACEMENT_3D('',#16027,#12972,#12973);
#10415=AXIS2_PLACEMENT_3D('',#16030,#12974,#12975);
#10416=AXIS2_PLACEMENT_3D('',#16033,#12978,#12979);
#10417=AXIS2_PLACEMENT_3D('',#16036,#12982,#12983);
#10418=AXIS2_PLACEMENT_3D('',#16039,#12984,#12985);
#10419=AXIS2_PLACEMENT_3D('',#16042,#12988,#12989);
#10420=AXIS2_PLACEMENT_3D('',#16044,#12991,#12992);
#10421=AXIS2_PLACEMENT_3D('',#16048,#12995,#12996);
#10422=AXIS2_PLACEMENT_3D('',#16057,#13001,#13002);
#10423=AXIS2_PLACEMENT_3D('',#16061,#13004,#13005);
#10424=AXIS2_PLACEMENT_3D('',#16062,#13006,#13007);
#10425=AXIS2_PLACEMENT_3D('',#16063,#13008,#13009);
#10426=AXIS2_PLACEMENT_3D('',#16069,#13013,#13014);
#10427=AXIS2_PLACEMENT_3D('',#16073,#13016,#13017);
#10428=AXIS2_PLACEMENT_3D('',#16074,#13018,#13019);
#10429=AXIS2_PLACEMENT_3D('',#16075,#13020,#13021);
#10430=AXIS2_PLACEMENT_3D('',#16081,#13025,#13026);
#10431=AXIS2_PLACEMENT_3D('',#16085,#13028,#13029);
#10432=AXIS2_PLACEMENT_3D('',#16086,#13030,#13031);
#10433=AXIS2_PLACEMENT_3D('',#16087,#13032,#13033);
#10434=AXIS2_PLACEMENT_3D('',#16093,#13037,#13038);
#10435=AXIS2_PLACEMENT_3D('',#16094,#13039,#13040);
#10436=AXIS2_PLACEMENT_3D('',#16095,#13041,#13042);
#10437=AXIS2_PLACEMENT_3D('',#16096,#13043,#13044);
#10438=AXIS2_PLACEMENT_3D('',#16099,#13045,#13046);
#10439=AXIS2_PLACEMENT_3D('',#16103,#13048,#13049);
#10440=AXIS2_PLACEMENT_3D('',#16107,#13051,#13052);
#10441=AXIS2_PLACEMENT_3D('',#16111,#13054,#13055);
#10442=AXIS2_PLACEMENT_3D('',#16115,#13057,#13058);
#10443=AXIS2_PLACEMENT_3D('',#16119,#13060,#13061);
#10444=AXIS2_PLACEMENT_3D('',#16123,#13063,#13064);
#10445=AXIS2_PLACEMENT_3D('',#16127,#13066,#13067);
#10446=AXIS2_PLACEMENT_3D('',#16129,#13069,#13070);
#10447=AXIS2_PLACEMENT_3D('',#16131,#13071,#13072);
#10448=AXIS2_PLACEMENT_3D('',#16134,#13074,#13075);
#10449=AXIS2_PLACEMENT_3D('',#16135,#13076,#13077);
#10450=AXIS2_PLACEMENT_3D('',#16139,#13079,#13080);
#10451=AXIS2_PLACEMENT_3D('',#16141,#13082,#13083);
#10452=AXIS2_PLACEMENT_3D('',#16145,#13085,#13086);
#10453=AXIS2_PLACEMENT_3D('',#16147,#13088,#13089);
#10454=AXIS2_PLACEMENT_3D('',#16153,#13093,#13094);
#10455=AXIS2_PLACEMENT_3D('',#16156,#13096,#13097);
#10456=AXIS2_PLACEMENT_3D('',#16157,#13098,#13099);
#10457=AXIS2_PLACEMENT_3D('',#16158,#13100,#13101);
#10458=AXIS2_PLACEMENT_3D('',#16161,#13103,#13104);
#10459=AXIS2_PLACEMENT_3D('',#16162,#13105,#13106);
#10460=AXIS2_PLACEMENT_3D('',#16163,#13107,#13108);
#10461=AXIS2_PLACEMENT_3D('',#16166,#13110,#13111);
#10462=AXIS2_PLACEMENT_3D('',#16167,#13112,#13113);
#10463=AXIS2_PLACEMENT_3D('',#16168,#13114,#13115);
#10464=AXIS2_PLACEMENT_3D('',#16171,#13117,#13118);
#10465=AXIS2_PLACEMENT_3D('',#16172,#13119,#13120);
#10466=AXIS2_PLACEMENT_3D('',#16173,#13121,#13122);
#10467=AXIS2_PLACEMENT_3D('',#16179,#13126,#13127);
#10468=AXIS2_PLACEMENT_3D('',#16185,#13131,#13132);
#10469=AXIS2_PLACEMENT_3D('',#16187,#13134,#13135);
#10470=AXIS2_PLACEMENT_3D('',#16189,#13137,#13138);
#10471=AXIS2_PLACEMENT_3D('',#16198,#13143,#13144);
#10472=AXIS2_PLACEMENT_3D('',#16203,#13148,#13149);
#10473=AXIS2_PLACEMENT_3D('',#16205,#13151,#13152);
#10474=AXIS2_PLACEMENT_3D('',#16211,#13156,#13157);
#10475=AXIS2_PLACEMENT_3D('',#16214,#13160,#13161);
#10476=AXIS2_PLACEMENT_3D('',#16217,#13164,#13165);
#10477=AXIS2_PLACEMENT_3D('',#16219,#13167,#13168);
#10478=AXIS2_PLACEMENT_3D('',#16223,#13171,#13172);
#10479=AXIS2_PLACEMENT_3D('',#16229,#13176,#13177);
#10480=AXIS2_PLACEMENT_3D('',#16253,#13191,#13192);
#10481=AXIS2_PLACEMENT_3D('',#16255,#13194,#13195);
#10482=AXIS2_PLACEMENT_3D('',#16257,#13197,#13198);
#10483=AXIS2_PLACEMENT_3D('',#16259,#13200,#13201);
#10484=AXIS2_PLACEMENT_3D('',#16261,#13203,#13204);
#10485=AXIS2_PLACEMENT_3D('',#16263,#13206,#13207);
#10486=AXIS2_PLACEMENT_3D('',#16265,#13209,#13210);
#10487=AXIS2_PLACEMENT_3D('',#16267,#13212,#13213);
#10488=AXIS2_PLACEMENT_3D('',#16269,#13215,#13216);
#10489=AXIS2_PLACEMENT_3D('',#16271,#13218,#13219);
#10490=AXIS2_PLACEMENT_3D('',#16273,#13221,#13222);
#10491=AXIS2_PLACEMENT_3D('',#16274,#13223,#13224);
#10492=AXIS2_PLACEMENT_3D('',#16276,#13226,#13227);
#10493=AXIS2_PLACEMENT_3D('',#16278,#13229,#13230);
#10494=AXIS2_PLACEMENT_3D('',#16280,#13232,#13233);
#10495=AXIS2_PLACEMENT_3D('',#16281,#13234,#13235);
#10496=AXIS2_PLACEMENT_3D('',#16283,#13237,#13238);
#10497=AXIS2_PLACEMENT_3D('',#16284,#13239,#13240);
#10498=AXIS2_PLACEMENT_3D('',#16285,#13241,#13242);
#10499=AXIS2_PLACEMENT_3D('',#16288,#13243,#13244);
#10500=AXIS2_PLACEMENT_3D('',#16289,#13245,#13246);
#10501=AXIS2_PLACEMENT_3D('',#16291,#13247,#13248);
#10502=AXIS2_PLACEMENT_3D('',#16292,#13249,#13250);
#10503=AXIS2_PLACEMENT_3D('',#16293,#13251,#13252);
#10504=AXIS2_PLACEMENT_3D('',#16295,#13253,#13254);
#10505=AXIS2_PLACEMENT_3D('',#16297,#13256,#13257);
#10506=AXIS2_PLACEMENT_3D('',#16299,#13258,#13259);
#10507=AXIS2_PLACEMENT_3D('',#16301,#13260,#13261);
#10508=AXIS2_PLACEMENT_3D('',#16302,#13262,#13263);
#10509=AXIS2_PLACEMENT_3D('',#16303,#13264,#13265);
#10510=AXIS2_PLACEMENT_3D('',#16307,#13267,#13268);
#10511=AXIS2_PLACEMENT_3D('',#16309,#13270,#13271);
#10512=AXIS2_PLACEMENT_3D('',#16310,#13272,#13273);
#10513=AXIS2_PLACEMENT_3D('',#16312,#13274,#13275);
#10514=AXIS2_PLACEMENT_3D('',#16313,#13276,#13277);
#10515=AXIS2_PLACEMENT_3D('',#16314,#13278,#13279);
#10516=AXIS2_PLACEMENT_3D('',#16316,#13280,#13281);
#10517=AXIS2_PLACEMENT_3D('',#16318,#13283,#13284);
#10518=AXIS2_PLACEMENT_3D('',#16320,#13285,#13286);
#10519=AXIS2_PLACEMENT_3D('',#16322,#13287,#13288);
#10520=AXIS2_PLACEMENT_3D('',#16323,#13289,#13290);
#10521=AXIS2_PLACEMENT_3D('',#16324,#13291,#13292);
#10522=AXIS2_PLACEMENT_3D('',#16328,#13294,#13295);
#10523=AXIS2_PLACEMENT_3D('',#16330,#13297,#13298);
#10524=AXIS2_PLACEMENT_3D('',#16331,#13299,#13300);
#10525=AXIS2_PLACEMENT_3D('',#16333,#13301,#13302);
#10526=AXIS2_PLACEMENT_3D('',#16334,#13303,#13304);
#10527=AXIS2_PLACEMENT_3D('',#16335,#13305,#13306);
#10528=AXIS2_PLACEMENT_3D('',#16337,#13307,#13308);
#10529=AXIS2_PLACEMENT_3D('',#16339,#13310,#13311);
#10530=AXIS2_PLACEMENT_3D('',#16341,#13312,#13313);
#10531=AXIS2_PLACEMENT_3D('',#16343,#13314,#13315);
#10532=AXIS2_PLACEMENT_3D('',#16344,#13316,#13317);
#10533=AXIS2_PLACEMENT_3D('',#16345,#13318,#13319);
#10534=AXIS2_PLACEMENT_3D('',#16349,#13321,#13322);
#10535=AXIS2_PLACEMENT_3D('',#16351,#13324,#13325);
#10536=AXIS2_PLACEMENT_3D('',#16353,#13326,#13327);
#10537=AXIS2_PLACEMENT_3D('',#16355,#13328,#13329);
#10538=AXIS2_PLACEMENT_3D('',#16356,#13330,#13331);
#10539=AXIS2_PLACEMENT_3D('',#16357,#13332,#13333);
#10540=AXIS2_PLACEMENT_3D('',#16361,#13335,#13336);
#10541=AXIS2_PLACEMENT_3D('',#16363,#13338,#13339);
#10542=AXIS2_PLACEMENT_3D('',#16365,#13340,#13341);
#10543=AXIS2_PLACEMENT_3D('',#16367,#13342,#13343);
#10544=AXIS2_PLACEMENT_3D('',#16368,#13344,#13345);
#10545=AXIS2_PLACEMENT_3D('',#16369,#13346,#13347);
#10546=AXIS2_PLACEMENT_3D('',#16372,#13350,#13351);
#10547=AXIS2_PLACEMENT_3D('',#16378,#13355,#13356);
#10548=AXIS2_PLACEMENT_3D('',#16381,#13358,#13359);
#10549=AXIS2_PLACEMENT_3D('',#16382,#13360,#13361);
#10550=AXIS2_PLACEMENT_3D('',#16386,#13364,#13365);
#10551=AXIS2_PLACEMENT_3D('',#16389,#13367,#13368);
#10552=AXIS2_PLACEMENT_3D('',#16390,#13369,#13370);
#10553=AXIS2_PLACEMENT_3D('',#16394,#13373,#13374);
#10554=AXIS2_PLACEMENT_3D('',#16397,#13376,#13377);
#10555=AXIS2_PLACEMENT_3D('',#16398,#13378,#13379);
#10556=AXIS2_PLACEMENT_3D('',#16402,#13382,#13383);
#10557=AXIS2_PLACEMENT_3D('',#16405,#13385,#13386);
#10558=AXIS2_PLACEMENT_3D('',#16406,#13387,#13388);
#10559=AXIS2_PLACEMENT_3D('',#16409,#13391,#13392);
#10560=AXIS2_PLACEMENT_3D('',#16410,#13393,#13394);
#10561=AXIS2_PLACEMENT_3D('',#16412,#13396,#13397);
#10562=AXIS2_PLACEMENT_3D('',#16414,#13399,#13400);
#10563=AXIS2_PLACEMENT_3D('',#16415,#13401,#13402);
#10564=AXIS2_PLACEMENT_3D('',#16417,#13404,#13405);
#10565=AXIS2_PLACEMENT_3D('',#16419,#13406,#13407);
#10566=AXIS2_PLACEMENT_3D('',#16422,#13409,#13410);
#10567=AXIS2_PLACEMENT_3D('',#16423,#13411,#13412);
#10568=AXIS2_PLACEMENT_3D('',#16425,#13413,#13414);
#10569=AXIS2_PLACEMENT_3D('',#16426,#13415,#13416);
#10570=AXIS2_PLACEMENT_3D('',#16427,#13417,#13418);
#10571=AXIS2_PLACEMENT_3D('',#16429,#13419,#13420);
#10572=AXIS2_PLACEMENT_3D('',#16431,#13422,#13423);
#10573=AXIS2_PLACEMENT_3D('',#16433,#13424,#13425);
#10574=AXIS2_PLACEMENT_3D('',#16434,#13426,#13427);
#10575=AXIS2_PLACEMENT_3D('',#16435,#13428,#13429);
#10576=AXIS2_PLACEMENT_3D('',#16437,#13430,#13431);
#10577=AXIS2_PLACEMENT_3D('',#16439,#13433,#13434);
#10578=AXIS2_PLACEMENT_3D('',#16442,#13435,#13436);
#10579=AXIS2_PLACEMENT_3D('',#16443,#13437,#13438);
#10580=AXIS2_PLACEMENT_3D('',#16444,#13439,#13440);
#10581=AXIS2_PLACEMENT_3D('',#16445,#13441,#13442);
#10582=AXIS2_PLACEMENT_3D('',#16448,#13443,#13444);
#10583=AXIS2_PLACEMENT_3D('',#16451,#13447,#13448);
#10584=AXIS2_PLACEMENT_3D('',#16454,#13449,#13450);
#10585=AXIS2_PLACEMENT_3D('',#16455,#13451,#13452);
#10586=AXIS2_PLACEMENT_3D('',#16456,#13453,#13454);
#10587=AXIS2_PLACEMENT_3D('',#16457,#13455,#13456);
#10588=AXIS2_PLACEMENT_3D('',#16460,#13457,#13458);
#10589=AXIS2_PLACEMENT_3D('',#16463,#13461,#13462);
#10590=AXIS2_PLACEMENT_3D('',#16466,#13463,#13464);
#10591=AXIS2_PLACEMENT_3D('',#16467,#13465,#13466);
#10592=AXIS2_PLACEMENT_3D('',#16468,#13467,#13468);
#10593=AXIS2_PLACEMENT_3D('',#16469,#13469,#13470);
#10594=AXIS2_PLACEMENT_3D('',#16472,#13471,#13472);
#10595=AXIS2_PLACEMENT_3D('',#16475,#13475,#13476);
#10596=AXIS2_PLACEMENT_3D('',#16478,#13477,#13478);
#10597=AXIS2_PLACEMENT_3D('',#16479,#13479,#13480);
#10598=AXIS2_PLACEMENT_3D('',#16480,#13481,#13482);
#10599=AXIS2_PLACEMENT_3D('',#16481,#13483,#13484);
#10600=AXIS2_PLACEMENT_3D('',#16483,#13485,#13486);
#10601=AXIS2_PLACEMENT_3D('',#16486,#13489,#13490);
#10602=AXIS2_PLACEMENT_3D('',#16488,#13491,#13492);
#10603=AXIS2_PLACEMENT_3D('',#16489,#13493,#13494);
#10604=AXIS2_PLACEMENT_3D('',#16490,#13495,#13496);
#10605=AXIS2_PLACEMENT_3D('',#16492,#13497,#13498);
#10606=AXIS2_PLACEMENT_3D('',#16494,#13500,#13501);
#10607=AXIS2_PLACEMENT_3D('',#16495,#13502,#13503);
#10608=AXIS2_PLACEMENT_3D('',#16496,#13504,#13505);
#10609=AXIS2_PLACEMENT_3D('',#16499,#13508,#13509);
#10610=AXIS2_PLACEMENT_3D('',#16501,#13511,#13512);
#10611=AXIS2_PLACEMENT_3D('',#16503,#13514,#13515);
#10612=AXIS2_PLACEMENT_3D('',#16504,#13516,#13517);
#10613=AXIS2_PLACEMENT_3D('',#16509,#13519,#13520);
#10614=AXIS2_PLACEMENT_3D('',#16513,#13522,#13523);
#10615=AXIS2_PLACEMENT_3D('',#16517,#13525,#13526);
#10616=AXIS2_PLACEMENT_3D('',#16521,#13528,#13529);
#10617=AXIS2_PLACEMENT_3D('',#16525,#13531,#13532);
#10618=AXIS2_PLACEMENT_3D('',#16529,#13534,#13535);
#10619=AXIS2_PLACEMENT_3D('',#16533,#13537,#13538);
#10620=AXIS2_PLACEMENT_3D('',#16536,#13540,#13541);
#10621=AXIS2_PLACEMENT_3D('',#16537,#13542,#13543);
#10622=AXIS2_PLACEMENT_3D('',#16540,#13546,#13547);
#10623=AXIS2_PLACEMENT_3D('',#16542,#13549,#13550);
#10624=AXIS2_PLACEMENT_3D('',#16544,#13552,#13553);
#10625=AXIS2_PLACEMENT_3D('',#16546,#13555,#13556);
#10626=AXIS2_PLACEMENT_3D('',#16548,#13558,#13559);
#10627=AXIS2_PLACEMENT_3D('',#16550,#13561,#13562);
#10628=AXIS2_PLACEMENT_3D('',#16552,#13564,#13565);
#10629=AXIS2_PLACEMENT_3D('',#16554,#13567,#13568);
#10630=AXIS2_PLACEMENT_3D('',#16556,#13570,#13571);
#10631=AXIS2_PLACEMENT_3D('',#16558,#13573,#13574);
#10632=AXIS2_PLACEMENT_3D('',#16560,#13576,#13577);
#10633=AXIS2_PLACEMENT_3D('',#16562,#13579,#13580);
#10634=AXIS2_PLACEMENT_3D('',#16564,#13582,#13583);
#10635=AXIS2_PLACEMENT_3D('',#16566,#13585,#13586);
#10636=AXIS2_PLACEMENT_3D('',#16568,#13588,#13589);
#10637=AXIS2_PLACEMENT_3D('',#16569,#13590,#13591);
#10638=AXIS2_PLACEMENT_3D('',#16571,#13593,#13594);
#10639=AXIS2_PLACEMENT_3D('',#16573,#13596,#13597);
#10640=AXIS2_PLACEMENT_3D('',#16575,#13599,#13600);
#10641=AXIS2_PLACEMENT_3D('',#16576,#13601,#13602);
#10642=AXIS2_PLACEMENT_3D('',#16578,#13604,#13605);
#10643=AXIS2_PLACEMENT_3D('',#16580,#13607,#13608);
#10644=AXIS2_PLACEMENT_3D('',#16582,#13610,#13611);
#10645=AXIS2_PLACEMENT_3D('',#16584,#13613,#13614);
#10646=AXIS2_PLACEMENT_3D('',#16586,#13616,#13617);
#10647=AXIS2_PLACEMENT_3D('',#16587,#13618,#13619);
#10648=AXIS2_PLACEMENT_3D('',#16588,#13620,#13621);
#10649=AXIS2_PLACEMENT_3D('',#16589,#13622,#13623);
#10650=DIRECTION('axis',(0.,0.,1.));
#10651=DIRECTION('refdir',(1.,0.,0.));
#10652=DIRECTION('axis',(0.,0.,1.));
#10653=DIRECTION('refdir',(1.,0.,0.));
#10654=DIRECTION('axis',(0.,0.,1.));
#10655=DIRECTION('refdir',(1.,0.,0.));
#10656=DIRECTION('center_axis',(8.65956056235493E-17,0.707106781186548,
0.707106781186548));
#10657=DIRECTION('ref_axis',(1.,0.,-1.22464679914735E-16));
#10658=DIRECTION('',(-8.65956056235493E-17,0.707106781186548,-0.707106781186548));
#10659=DIRECTION('',(-1.,0.,1.22464679914735E-16));
#10660=DIRECTION('',(8.65956056235493E-17,-0.707106781186548,0.707106781186548));
#10661=DIRECTION('',(1.,0.,-1.22464679914735E-16));
#10662=DIRECTION('center_axis',(-1.,-1.49975978266186E-32,1.22464679914735E-16));
#10663=DIRECTION('ref_axis',(1.22464679914735E-16,-1.22464679914735E-16,
1.));
#10664=DIRECTION('',(1.22464679914735E-16,-1.22464679914735E-16,1.));
#10665=DIRECTION('',(8.65956056235494E-17,0.707106781186547,0.707106781186548));
#10666=DIRECTION('',(1.49975978266186E-32,-1.,-1.83667601732677E-48));
#10667=DIRECTION('',(1.22464679914735E-16,-1.22464679914735E-16,1.));
#10668=DIRECTION('',(0.,1.,0.));
#10669=DIRECTION('',(-1.22464679914735E-16,1.22464679914735E-16,-1.));
#10670=DIRECTION('',(0.,-1.,-1.22464679914735E-16));
#10671=DIRECTION('',(1.22464679914735E-16,-1.22464679914735E-16,1.));
#10672=DIRECTION('',(0.,1.,1.22464679914735E-16));
#10673=DIRECTION('center_axis',(0.,1.,0.));
#10674=DIRECTION('ref_axis',(0.,0.,1.));
#10675=DIRECTION('',(-1.22464679914735E-16,1.22464679914735E-16,-1.));
#10676=DIRECTION('',(-0.707106781186547,0.,0.707106781186547));
#10677=DIRECTION('',(1.,1.49975978266186E-32,-1.22464679914735E-16));
#10678=DIRECTION('',(-1.22464679914735E-16,1.22464679914735E-16,-1.));
#10679=DIRECTION('',(-1.,-1.49975978266186E-32,1.22464679914735E-16));
#10680=DIRECTION('',(0.707106761430207,0.,0.707106800942888));
#10681=DIRECTION('',(-1.22464679914735E-16,1.22464679914735E-16,-1.));
#10682=DIRECTION('',(-0.707106781186551,0.,0.707106781186544));
#10683=DIRECTION('',(1.,1.49975978266186E-32,-1.22464679914735E-16));
#10684=DIRECTION('',(-1.22464679914735E-16,1.22464679914735E-16,-1.));
#10685=DIRECTION('',(-1.,-1.49975978266186E-32,1.22464679914735E-16));
#10686=DIRECTION('',(1.,0.,-1.22464679914735E-16));
#10687=DIRECTION('center_axis',(-8.65956056235493E-17,0.707106781186548,
-0.707106781186547));
#10688=DIRECTION('ref_axis',(-1.,0.,1.22464679914735E-16));
#10689=DIRECTION('',(-0.577350247681647,-0.577350279943615,-0.577350279943615));
#10690=DIRECTION('',(-8.65956056235494E-17,-0.707106781186547,-0.707106781186548));
#10691=DIRECTION('',(-1.,0.,1.22464679914735E-16));
#10692=DIRECTION('center_axis',(-1.22464679914735E-16,1.22464679914735E-16,
-1.));
#10693=DIRECTION('ref_axis',(-1.,-1.49975978266186E-32,1.22464679914735E-16));
#10694=DIRECTION('',(0.,1.,1.22464679914735E-16));
#10695=DIRECTION('',(-1.,-1.49975978266186E-32,1.22464679914735E-16));
#10696=DIRECTION('center_axis',(0.577350279943611,0.577350279943624,-0.577350247681642));
#10697=DIRECTION('ref_axis',(-0.707106761430206,0.,-0.707106800942888));
#10698=DIRECTION('',(0.707106781186555,-0.70710678118654,0.));
#10699=DIRECTION('',(-0.707106761430207,4.90653907047394E-16,-0.707106800942888));
#10700=DIRECTION('',(-3.95126956004424E-8,0.707106781186547,0.707106781186547));
#10701=DIRECTION('center_axis',(0.707106800942888,8.65956032040954E-17,
-0.707106761430207));
#10702=DIRECTION('ref_axis',(-0.707106761430207,0.,-0.707106800942888));
#10703=DIRECTION('',(0.,-1.,-1.22464679914735E-16));
#10704=DIRECTION('',(0.,1.,1.22464679914735E-16));
#10705=DIRECTION('center_axis',(0.577350269189617,0.577350269189637,0.577350269189624));
#10706=DIRECTION('ref_axis',(0.707106781186552,0.,-0.707106781186543));
#10707=DIRECTION('',(1.57009245868377E-14,-0.707106781186548,0.707106781186548));
#10708=DIRECTION('',(0.707106781186551,9.81307786677364E-16,-0.707106781186544));
#10709=DIRECTION('',(-0.707106781186556,0.707106781186539,-7.85046229341879E-15));
#10710=DIRECTION('center_axis',(0.707106781186544,-8.65956056235498E-17,
0.707106781186551));
#10711=DIRECTION('ref_axis',(0.707106781186551,0.,-0.707106781186544));
#10712=DIRECTION('',(0.,-1.,-1.22464679914735E-16));
#10713=DIRECTION('',(0.,1.,1.22464679914735E-16));
#10714=DIRECTION('center_axis',(0.577350279943608,0.577350279943629,-0.57735024768164));
#10715=DIRECTION('ref_axis',(-0.707106761430207,0.,-0.707106800942888));
#10716=DIRECTION('',(0.707106781186556,-0.707106781186539,-7.85046229341879E-15));
#10717=DIRECTION('',(-0.707106761430207,0.,-0.707106800942888));
#10718=DIRECTION('',(-3.95126956004422E-8,0.707106781186543,0.707106781186551));
#10719=DIRECTION('center_axis',(0.707106800942888,8.65956032040954E-17,
-0.707106761430207));
#10720=DIRECTION('ref_axis',(-0.707106761430207,0.,-0.707106800942888));
#10721=DIRECTION('',(0.,-1.,-1.22464679914735E-16));
#10722=DIRECTION('',(0.,1.,1.22464679914735E-16));
#10723=DIRECTION('center_axis',(0.577350269189621,0.577350269189635,0.577350269189622));
#10724=DIRECTION('ref_axis',(0.707106781186548,0.,-0.707106781186547));
#10725=DIRECTION('',(1.57009245868377E-14,-0.707106781186547,0.707106781186548));
#10726=DIRECTION('',(0.707106781186548,4.90653893338679E-16,-0.707106781186548));
#10727=DIRECTION('',(-0.707106781186556,0.707106781186539,0.));
#10728=DIRECTION('center_axis',(0.707106781186548,-8.65956056235493E-17,
0.707106781186548));
#10729=DIRECTION('ref_axis',(0.707106781186548,0.,-0.707106781186548));
#10730=DIRECTION('',(0.,-1.,-1.22464679914735E-16));
#10731=DIRECTION('',(0.,1.,1.22464679914735E-16));
#10732=DIRECTION('center_axis',(-1.20849559229249E-7,0.707106781186549,
-0.707106781186536));
#10733=DIRECTION('ref_axis',(-0.999999999999985,0.,1.70907085668815E-7));
#10734=DIRECTION('',(0.999999999999985,2.09300815415917E-23,-1.70907085668815E-7));
#10735=DIRECTION('',(-0.999999999999986,-1.69429154080198E-7,1.47793158861359E-9));
#10736=DIRECTION('',(-1.82564453253302E-8,0.707106781186539,0.707106781186556));
#10737=DIRECTION('',(-0.999999999999985,-2.09300815415917E-23,1.70907085668815E-7));
#10738=DIRECTION('',(0.577350291676846,0.577350307282637,0.57735020860939));
#10739=DIRECTION('center_axis',(-0.707106781186555,0.70710678118654,-1.91131062333254E-8));
#10740=DIRECTION('ref_axis',(-2.70300140542462E-8,0.,1.));
#10741=DIRECTION('',(-2.70300141767109E-8,-1.22464679914735E-16,1.));
#10742=DIRECTION('',(0.678598337972875,0.678598345570597,0.281084651109411));
#10743=DIRECTION('',(2.70300141767109E-8,1.22464679914735E-16,-1.));
#10744=DIRECTION('center_axis',(-0.49999999324251,0.707106781186549,-0.500000006757487));
#10745=DIRECTION('ref_axis',(-0.70710679074308,0.,0.707106771630015));
#10746=DIRECTION('',(0.70710679074308,8.65956044532116E-17,-0.707106771630015));
#10747=DIRECTION('',(-0.70710679074308,-8.65956044532116E-17,0.707106771630015));
#10748=DIRECTION('',(0.281084632766933,0.678598345570601,0.678598345570575));
#10749=DIRECTION('center_axis',(-3.89843719392876E-14,0.707106781186544,
-0.707106781186551));
#10750=DIRECTION('ref_axis',(-1.,0.,5.51322275171373E-14));
#10751=DIRECTION('',(1.,6.75175059587258E-30,-5.51322275171373E-14));
#10752=DIRECTION('',(-1.,-6.75175059587258E-30,5.51322275171373E-14));
#10753=DIRECTION('',(-0.281084637714808,0.678598344545843,0.678598344545856));
#10754=DIRECTION('center_axis',(0.499999999999998,0.707106781186549,-0.5));
#10755=DIRECTION('ref_axis',(-0.707106781186549,0.,-0.707106781186546));
#10756=DIRECTION('',(0.707106781186549,-8.65956056235492E-17,0.707106781186546));
#10757=DIRECTION('',(-0.707106781186549,8.65956056235492E-17,-0.707106781186546));
#10758=DIRECTION('',(-0.678598344545848,0.678598344545847,0.281084637714817));
#10759=DIRECTION('center_axis',(0.707106781186547,0.707106781186548,6.80919061883222E-32));
#10760=DIRECTION('ref_axis',(9.62964972193618E-32,0.,-1.));
#10761=DIRECTION('',(1.22464679914735E-16,-1.22464679914735E-16,1.));
#10762=DIRECTION('',(-1.22464679914735E-16,1.22464679914735E-16,-1.));
#10763=DIRECTION('',(-0.678598349065262,0.678598349065261,0.281084615893155));
#10764=DIRECTION('center_axis',(0.500000029802321,0.707106781186547,-0.499999970197679));
#10765=DIRECTION('ref_axis',(-0.7071067390397,0.,-0.707106823333393));
#10766=DIRECTION('',(0.7071067390397,-8.65956107850492E-17,0.707106823333393));
#10767=DIRECTION('',(-0.7071067390397,8.65956107850492E-17,-0.707106823333393));
#10768=DIRECTION('',(-0.281084696788396,0.678598349065262,0.678598315557353));
#10769=DIRECTION('center_axis',(8.42937002847221E-8,0.707106781186545,-0.707106781186546));
#10770=DIRECTION('ref_axis',(-0.999999999999993,0.,-1.19209294165266E-7));
#10771=DIRECTION('',(0.999999999999993,-1.45989280528109E-23,1.19209294165266E-7));
#10772=DIRECTION('',(-0.999999999999993,1.45989280528109E-23,-1.19209294165266E-7));
#10773=DIRECTION('',(-0.281084696788382,0.678598349065265,0.678598315557356));
#10774=DIRECTION('center_axis',(0.50000002980232,0.707106781186547,-0.49999997019768));
#10775=DIRECTION('ref_axis',(-0.707106739039702,0.,-0.707106823333391));
#10776=DIRECTION('',(0.707106739039702,-8.6595610785049E-17,0.707106823333391));
#10777=DIRECTION('',(-0.707106739039702,8.6595610785049E-17,-0.707106823333391));
#10778=DIRECTION('',(-0.678598349065273,0.678598349065257,0.281084615893139));
#10779=DIRECTION('center_axis',(0.707106781186539,0.707106781186556,2.04275718564964E-30));
#10780=DIRECTION('ref_axis',(2.88889491658086E-30,0.,-1.));
#10781=DIRECTION('',(-1.22464679914735E-16,1.22464679914735E-16,-1.));
#10782=DIRECTION('',(1.22464679914735E-16,-1.22464679914735E-16,1.));
#10783=DIRECTION('center_axis',(8.65956056235493E-17,0.707106781186548,
0.707106781186547));
#10784=DIRECTION('ref_axis',(1.,0.,-1.22464679914735E-16));
#10785=DIRECTION('',(-1.,-1.49975978266186E-32,1.22464679914735E-16));
#10786=DIRECTION('',(1.,1.49975978266186E-32,-1.22464679914735E-16));
#10787=DIRECTION('',(-0.577350269189626,0.577350269189626,-0.577350269189626));
#10788=DIRECTION('center_axis',(0.707106781186548,0.707106781186548,0.));
#10789=DIRECTION('ref_axis',(0.,0.,-1.));
#10790=DIRECTION('',(1.22464679914735E-16,-1.22464679914735E-16,1.));
#10791=DIRECTION('',(-1.22464679914735E-16,1.22464679914735E-16,-1.));
#10792=DIRECTION('',(-0.577350269189624,0.577350269189623,0.57735026918963));
#10793=DIRECTION('center_axis',(-8.65956056235488E-17,0.707106781186552,
-0.707106781186543));
#10794=DIRECTION('ref_axis',(-1.,0.,1.22464679914735E-16));
#10795=DIRECTION('',(-1.,-1.49975978266186E-32,1.22464679914735E-16));
#10796=DIRECTION('',(1.,1.49975978266186E-32,-1.22464679914735E-16));
#10797=DIRECTION('center_axis',(0.707106781186539,0.707106781186556,2.11084909183797E-30));
#10798=DIRECTION('ref_axis',(2.98519141380022E-30,0.,-1.));
#10799=DIRECTION('',(1.22464679914735E-16,-1.22464679914735E-16,1.));
#10800=DIRECTION('',(-1.22464679914735E-16,1.22464679914735E-16,-1.));
#10801=DIRECTION('center_axis',(8.65956056235493E-17,0.707106781186548,
0.707106781186548));
#10802=DIRECTION('ref_axis',(1.,0.,-1.22464679914735E-16));
#10803=DIRECTION('',(-1.,-1.49975978266186E-32,1.22464679914735E-16));
#10804=DIRECTION('',(1.,1.49975978266186E-32,-1.22464679914735E-16));
#10805=DIRECTION('',(-0.577350269189626,0.577350269189626,-0.577350269189626));
#10806=DIRECTION('center_axis',(0.707106781186547,0.707106781186548,6.80919061883222E-32));
#10807=DIRECTION('ref_axis',(9.62964972193618E-32,0.,-1.));
#10808=DIRECTION('',(1.22464679914735E-16,-1.22464679914735E-16,1.));
#10809=DIRECTION('',(-1.22464679914735E-16,1.22464679914735E-16,-1.));
#10810=DIRECTION('',(-0.577350269189626,0.577350269189626,0.577350269189626));
#10811=DIRECTION('center_axis',(-8.65956056235493E-17,0.707106781186548,
-0.707106781186547));
#10812=DIRECTION('ref_axis',(-1.,0.,1.22464679914735E-16));
#10813=DIRECTION('',(-1.,-1.49975978266186E-32,1.22464679914735E-16));
#10814=DIRECTION('',(1.,1.49975978266186E-32,-1.22464679914735E-16));
#10815=DIRECTION('center_axis',(0.70710678118654,0.707106781186555,1.92019175451066E-30));
#10816=DIRECTION('ref_axis',(2.715561221586E-30,0.,-1.));
#10817=DIRECTION('',(1.22464679914735E-16,-1.22464679914735E-16,1.));
#10818=DIRECTION('',(-1.22464679914735E-16,1.22464679914735E-16,-1.));
#10819=DIRECTION('',(-0.678598344545856,0.678598344545841,-0.281084637714814));
#10820=DIRECTION('center_axis',(0.500000000000001,0.707106781186549,0.499999999999998));
#10821=DIRECTION('ref_axis',(0.707106781186546,0.,-0.707106781186549));
#10822=DIRECTION('',(-0.707106781186545,-8.65956056235496E-17,0.707106781186549));
#10823=DIRECTION('',(0.707106781186545,8.65956056235496E-17,-0.707106781186549));
#10824=DIRECTION('',(-0.281084637714837,0.678598344545844,-0.678598344545844));
#10825=DIRECTION('center_axis',(8.65956056235493E-17,0.707106781186548,
0.707106781186548));
#10826=DIRECTION('ref_axis',(1.,0.,-1.22464679914735E-16));
#10827=DIRECTION('',(-1.,-1.49975978266186E-32,1.22464679914735E-16));
#10828=DIRECTION('',(1.,1.49975978266186E-32,-1.22464679914735E-16));
#10829=DIRECTION('',(-0.281084637714822,0.678598344545842,-0.678598344545851));
#10830=DIRECTION('center_axis',(0.499999999999995,0.707106781186552,0.499999999999999));
#10831=DIRECTION('ref_axis',(0.707106781186551,0.,-0.707106781186544));
#10832=DIRECTION('',(-0.707106781186551,-8.6595605623549E-17,0.707106781186544));
#10833=DIRECTION('',(0.707106781186551,8.6595605623549E-17,-0.707106781186544));
#10834=DIRECTION('',(-0.678598344545858,0.678598344545842,-0.281084637714807));
#10835=DIRECTION('center_axis',(0.707106781186539,0.707106781186556,1.98828366069899E-30));
#10836=DIRECTION('ref_axis',(2.81185771880536E-30,0.,-1.));
#10837=DIRECTION('',(1.22464679914735E-16,-1.22464679914735E-16,1.));
#10838=DIRECTION('',(-1.22464679914735E-16,1.22464679914735E-16,-1.));
#10839=DIRECTION('',(-0.678598344545859,0.678598344545844,-0.2810846377148));
#10840=DIRECTION('center_axis',(0.500000000000004,0.707106781186546,0.499999999999997));
#10841=DIRECTION('ref_axis',(0.707106781186542,0.,-0.707106781186553));
#10842=DIRECTION('',(-0.707106781186542,-8.65956056235499E-17,0.707106781186553));
#10843=DIRECTION('',(0.707106781186542,8.65956056235499E-17,-0.707106781186553));
#10844=DIRECTION('',(-0.281084637714823,0.678598344545846,-0.678598344545847));
#10845=DIRECTION('center_axis',(-3.18589549327074E-16,0.707106781186548,
0.707106781186547));
#10846=DIRECTION('ref_axis',(1.,0.,4.50553661488681E-16));
#10847=DIRECTION('',(-1.,5.51769099386233E-32,-4.50553661488681E-16));
#10848=DIRECTION('',(1.,-5.51769099386233E-32,4.50553661488681E-16));
#10849=DIRECTION('',(0.281084642662747,0.678598343521098,-0.678598343521098));
#10850=DIRECTION('center_axis',(-0.500000006757502,0.707106781186543,0.499999993242504));
#10851=DIRECTION('ref_axis',(0.70710677163,0.,0.707106790743094));
#10852=DIRECTION('',(-0.70710677163,8.65956067938888E-17,-0.707106790743094));
#10853=DIRECTION('',(0.70710677163,-8.65956067938888E-17,0.707106790743094));
#10854=DIRECTION('',(0.67859835111881,0.678598343521102,-0.281084624320235));
#10855=DIRECTION('center_axis',(-0.707106781186555,0.70710678118654,-1.91131062333254E-8));
#10856=DIRECTION('ref_axis',(-2.70300140542462E-8,0.,1.));
#10857=DIRECTION('',(2.70300141767109E-8,1.22464679914735E-16,-1.));
#10858=DIRECTION('',(-2.70300141767109E-8,-1.22464679914735E-16,1.));
#10859=DIRECTION('',(0.577350279593471,0.577350263987706,-0.5773502639877));
#10860=DIRECTION('center_axis',(1.93376316534026E-15,0.70710678118654,0.707106781186555));
#10861=DIRECTION('ref_axis',(1.,0.,-2.73475409484169E-15));
#10862=DIRECTION('',(1.,3.34910784870299E-31,-2.73475409484169E-15));
#10863=DIRECTION('',(-1.82564453253298E-8,-0.707106781186555,0.70710678118654));
#10864=DIRECTION('',(-1.,-3.34910784870299E-31,2.73475409484169E-15));
#10865=DIRECTION('center_axis',(0.70710678118655,-8.65956056235491E-17,
0.707106781186546));
#10866=DIRECTION('ref_axis',(0.707106781186545,8.65956056235496E-17,-0.707106781186549));
#10867=DIRECTION('',(0.,1.,0.));
#10868=DIRECTION('',(0.707106781186545,8.65956056235496E-17,-0.707106781186549));
#10869=DIRECTION('',(0.,1.,1.22464679914735E-16));
#10870=DIRECTION('center_axis',(1.22464679914735E-16,-1.22464679914735E-16,
1.));
#10871=DIRECTION('ref_axis',(1.,1.49975978266186E-32,-1.22464679914735E-16));
#10872=DIRECTION('',(0.,1.,0.));
#10873=DIRECTION('',(1.,1.49975978266186E-32,-1.22464679914735E-16));
#10874=DIRECTION('center_axis',(0.707106781186544,-8.65956056235497E-17,
0.707106781186551));
#10875=DIRECTION('ref_axis',(0.707106781186551,8.6595605623549E-17,-0.707106781186544));
#10876=DIRECTION('',(0.,1.,0.));
#10877=DIRECTION('',(0.707106781186551,8.6595605623549E-17,-0.707106781186544));
#10878=DIRECTION('center_axis',(1.,1.49975978266186E-32,-1.22464679914735E-16));
#10879=DIRECTION('ref_axis',(-1.22464679914735E-16,1.22464679914735E-16,
-1.));
#10880=DIRECTION('',(0.,1.,0.));
#10881=DIRECTION('',(-1.22464679914735E-16,1.22464679914735E-16,-1.));
#10882=DIRECTION('center_axis',(0.707106781186553,-8.65956056235487E-17,
0.707106781186542));
#10883=DIRECTION('ref_axis',(0.707106781186542,8.65956056235499E-17,-0.707106781186553));
#10884=DIRECTION('',(0.,1.,0.));
#10885=DIRECTION('',(0.707106781186542,8.65956056235499E-17,-0.707106781186553));
#10886=DIRECTION('center_axis',(-4.50553661488681E-16,-1.22464679914735E-16,
1.));
#10887=DIRECTION('ref_axis',(1.,-5.51769099386233E-32,4.50553661488681E-16));
#10888=DIRECTION('',(0.,-1.,0.));
#10889=DIRECTION('',(1.,-5.51769099386233E-32,4.50553661488681E-16));
#10890=DIRECTION('center_axis',(-0.707106790743094,-8.65956044532098E-17,
0.70710677163));
#10891=DIRECTION('ref_axis',(0.70710677163,-8.65956067938888E-17,0.707106790743094));
#10892=DIRECTION('',(0.,1.,0.));
#10893=DIRECTION('',(0.70710677163,-8.65956067938888E-17,0.707106790743094));
#10894=DIRECTION('center_axis',(-1.,3.31022203424166E-24,-2.70300141767109E-8));
#10895=DIRECTION('ref_axis',(-2.70300141767109E-8,-1.22464679914735E-16,
1.));
#10896=DIRECTION('',(0.,1.,1.22464679914735E-16));
#10897=DIRECTION('',(-2.70300141767109E-8,-1.22464679914735E-16,1.));
#10898=DIRECTION('',(-3.31022203424166E-24,-1.,4.05385281870109E-40));
#10899=DIRECTION('',(-2.70300141767109E-8,-1.22464679914735E-16,1.));
#10900=DIRECTION('center_axis',(2.73475409484169E-15,-1.22464679914735E-16,
1.));
#10901=DIRECTION('ref_axis',(1.,3.34910784870299E-31,-2.73475409484169E-15));
#10902=DIRECTION('',(0.,1.,0.));
#10903=DIRECTION('',(1.,3.34910784870299E-31,-2.73475409484169E-15));
#10904=DIRECTION('',(0.,1.,1.22464679914735E-16));
#10905=DIRECTION('',(1.,3.34910784870299E-31,-2.73475409484169E-15));
#10906=DIRECTION('center_axis',(0.,-1.,-1.22464679914735E-16));
#10907=DIRECTION('ref_axis',(1.,1.49975978266186E-32,-1.22464679914735E-16));
#10908=DIRECTION('',(-2.58185125798046E-8,-1.22464679914735E-16,1.));
#10909=DIRECTION('center_axis',(0.,1.,1.22464679914735E-16));
#10910=DIRECTION('ref_axis',(0.707106781186541,-8.65956056235501E-17,0.707106781186554));
#10911=DIRECTION('',(1.,2.71926214689378E-32,-2.22044604925031E-16));
#10912=DIRECTION('center_axis',(0.,1.,1.22464679914735E-16));
#10913=DIRECTION('ref_axis',(0.707106781186554,-8.65956056235486E-17,0.707106781186541));
#10914=DIRECTION('',(1.,4.21902192955564E-32,-3.44509284839767E-16));
#10915=DIRECTION('center_axis',(0.,1.,1.22464679914735E-16));
#10916=DIRECTION('ref_axis',(-0.707106781186554,-8.65956056235486E-17,0.707106781186541));
#10917=DIRECTION('',(1.,2.71926214689378E-32,-2.22044604925031E-16));
#10918=DIRECTION('center_axis',(0.,1.,1.22464679914735E-16));
#10919=DIRECTION('ref_axis',(-0.707106781186554,-8.65956056235486E-17,0.707106781186541));
#10920=DIRECTION('',(2.22044604925031E-16,-1.22464679914735E-16,1.));
#10921=DIRECTION('center_axis',(0.,1.,1.22464679914735E-16));
#10922=DIRECTION('ref_axis',(-0.707106781186541,8.65956056235501E-17,-0.707106781186554));
#10923=DIRECTION('',(-1.,-2.71926214689378E-32,2.22044604925031E-16));
#10924=DIRECTION('center_axis',(0.,1.,1.22464679914735E-16));
#10925=DIRECTION('ref_axis',(-0.707106781186554,8.65956056235485E-17,-0.707106781186541));
#10926=DIRECTION('',(-1.,-2.71926214689378E-32,2.22044604925031E-16));
#10927=DIRECTION('center_axis',(0.,1.,1.22464679914735E-16));
#10928=DIRECTION('ref_axis',(0.707106781186554,8.65956056235486E-17,-0.707106781186541));
#10929=DIRECTION('',(-1.,-2.71926214689378E-32,2.22044604925031E-16));
#10930=DIRECTION('center_axis',(0.,1.,1.22464679914735E-16));
#10931=DIRECTION('ref_axis',(0.707106781186554,8.65956056235486E-17,-0.707106781186541));
#10932=DIRECTION('',(-2.22044604925031E-16,1.22464679914735E-16,-1.));
#10933=DIRECTION('center_axis',(-1.,3.16185587896034E-24,-2.58185125798046E-8));
#10934=DIRECTION('ref_axis',(-2.58185125798046E-8,-1.22464679914735E-16,
1.));
#10935=DIRECTION('',(0.,1.,0.));
#10936=DIRECTION('',(-2.58185125798046E-8,-1.22464679914735E-16,1.));
#10937=DIRECTION('center_axis',(0.,1.,0.));
#10938=DIRECTION('ref_axis',(0.,0.,1.));
#10939=DIRECTION('',(0.707106899821191,8.65955910949932E-17,-0.707106662551884));
#10940=DIRECTION('',(1.67774750691856E-7,1.22464679914734E-16,-0.999999999999986));
#10941=DIRECTION('',(-0.999999999999985,-2.09300815415917E-23,1.70907085668815E-7));
#10942=DIRECTION('',(-2.70300141767109E-8,-1.22464679914735E-16,1.));
#10943=DIRECTION('',(0.999999999999986,-2.05464817578613E-23,1.67774755726848E-7));
#10944=DIRECTION('center_axis',(0.,1.,0.));
#10945=DIRECTION('ref_axis',(0.,0.,1.));
#10946=DIRECTION('',(-0.707106781186554,8.65956056235486E-17,-0.707106781186541));
#10947=DIRECTION('',(-1.,-1.49975978266186E-32,1.22464679914735E-16));
#10948=DIRECTION('',(-1.22464679914735E-16,1.22464679914735E-16,-1.));
#10949=DIRECTION('center_axis',(0.,1.,1.22464679914735E-16));
#10950=DIRECTION('ref_axis',(1.22464679914735E-16,-1.22464679914735E-16,
1.));
#10951=DIRECTION('center_axis',(0.,1.,1.22464679914735E-16));
#10952=DIRECTION('ref_axis',(-0.923879532511287,4.68652040532629E-17,-0.382683432365089));
#10953=DIRECTION('',(-1.,-1.49975978266186E-32,1.22464679914735E-16));
#10954=DIRECTION('',(-0.707106781186554,8.65956056235486E-17,-0.707106781186541));
#10955=DIRECTION('',(-1.22464679914735E-16,1.22464679914735E-16,-1.));
#10956=DIRECTION('',(-1.,-1.80994418935445E-25,1.47793158861363E-9));
#10957=DIRECTION('',(1.67774750691856E-7,1.22464679914734E-16,-0.999999999999986));
#10958=DIRECTION('',(0.707106899821191,8.65955910949932E-17,-0.707106662551884));
#10959=DIRECTION('',(0.999999999999986,-2.05464817578613E-23,1.67774755726848E-7));
#10960=DIRECTION('',(-2.70300141767109E-8,-1.22464679914735E-16,1.));
#10961=DIRECTION('',(-0.70710679074308,-8.65956044532116E-17,0.707106771630015));
#10962=DIRECTION('',(-1.,-6.75175059587258E-30,5.51322275171373E-14));
#10963=DIRECTION('',(-0.707106781186549,8.65956056235492E-17,-0.707106781186546));
#10964=DIRECTION('',(-1.22464679914735E-16,1.22464679914735E-16,-1.));
#10965=DIRECTION('',(-0.7071067390397,8.65956107850492E-17,-0.707106823333393));
#10966=DIRECTION('',(-0.999999999999993,1.45989280528109E-23,-1.19209294165266E-7));
#10967=DIRECTION('',(-0.707106739039702,8.6595610785049E-17,-0.707106823333391));
#10968=DIRECTION('',(1.,1.49975978266186E-32,-1.22464679914735E-16));
#10969=DIRECTION('center_axis',(0.,1.,1.22464679914735E-16));
#10970=DIRECTION('ref_axis',(-0.923879532511286,-4.68652040532631E-17,0.382683432365091));
#10971=DIRECTION('',(0.707106781186548,-8.65956056235493E-17,0.707106781186547));
#10972=DIRECTION('center_axis',(0.,1.,1.22464679914735E-16));
#10973=DIRECTION('ref_axis',(-0.382683432365089,-1.1314261122877E-16,0.923879532511287));
#10974=DIRECTION('',(1.,1.49975978266186E-32,-1.22464679914735E-16));
#10975=DIRECTION('center_axis',(0.,1.,1.22464679914735E-16));
#10976=DIRECTION('ref_axis',(0.38268343236509,-1.1314261122877E-16,0.923879532511287));
#10977=DIRECTION('',(0.707106781186548,8.65956056235493E-17,-0.707106781186547));
#10978=DIRECTION('center_axis',(0.,1.,1.22464679914735E-16));
#10979=DIRECTION('ref_axis',(0.923879532511287,-4.68652040532629E-17,0.382683432365089));
#10980=DIRECTION('',(-1.22464679914735E-16,1.22464679914735E-16,-1.));
#10981=DIRECTION('center_axis',(0.,1.,1.22464679914735E-16));
#10982=DIRECTION('ref_axis',(0.923879532511287,4.68652040532629E-17,-0.382683432365089));
#10983=DIRECTION('',(-0.707106781186548,8.65956056235493E-17,-0.707106781186547));
#10984=DIRECTION('center_axis',(0.,1.,1.22464679914735E-16));
#10985=DIRECTION('ref_axis',(0.38268343236509,1.1314261122877E-16,-0.923879532511287));
#10986=DIRECTION('',(-1.,-1.49975978266186E-32,1.22464679914735E-16));
#10987=DIRECTION('center_axis',(0.,1.,1.22464679914735E-16));
#10988=DIRECTION('ref_axis',(-0.382683432365089,1.1314261122877E-16,-0.923879532511287));
#10989=DIRECTION('',(-0.707106781186549,-8.65956056235492E-17,0.707106781186546));
#10990=DIRECTION('center_axis',(0.,-1.,-1.22464679914735E-16));
#10991=DIRECTION('ref_axis',(1.22464679914735E-16,-1.22464679914735E-16,
1.));
#10992=DIRECTION('center_axis',(0.,-1.,-1.22464679914735E-16));
#10993=DIRECTION('ref_axis',(1.22464679914735E-16,-1.22464679914735E-16,
1.));
#10994=DIRECTION('center_axis',(0.,-1.,-1.22464679914735E-16));
#10995=DIRECTION('ref_axis',(1.22464679914735E-16,-1.22464679914735E-16,
1.));
#10996=DIRECTION('center_axis',(0.,-1.,-1.22464679914735E-16));
#10997=DIRECTION('ref_axis',(1.22464679914735E-16,-1.22464679914735E-16,
1.));
#10998=DIRECTION('center_axis',(-1.67774755726848E-7,-1.22464679914734E-16,
0.999999999999986));
#10999=DIRECTION('ref_axis',(0.999999999999986,-2.05464817578613E-23,1.67774755726848E-7));
#11000=DIRECTION('',(-1.19723117531663E-39,-1.,-1.22464679914735E-16));
#11001=DIRECTION('',(0.,1.,1.22464679914735E-16));
#11002=DIRECTION('center_axis',(0.707106662551884,-8.6595620152103E-17,
0.707106899821191));
#11003=DIRECTION('ref_axis',(0.707106899821191,0.,-0.707106662551884));
#11004=DIRECTION('',(-2.93873587705572E-39,1.,1.22464679914735E-16));
#11005=DIRECTION('center_axis',(0.999999999999986,-2.05464811412527E-23,
1.67774750691856E-7));
#11006=DIRECTION('ref_axis',(1.67774750691856E-7,1.22464679914734E-16,-0.999999999999986));
#11007=DIRECTION('',(0.,1.,1.22464679914735E-16));
#11008=DIRECTION('center_axis',(1.,1.49975978266186E-32,-1.22464679914735E-16));
#11009=DIRECTION('ref_axis',(-1.22464679914735E-16,1.22464679914735E-16,
-1.));
#11010=DIRECTION('',(0.,-1.,-1.22464679914735E-16));
#11011=DIRECTION('center_axis',(0.707106781186541,8.65956056235501E-17,
-0.707106781186554));
#11012=DIRECTION('ref_axis',(-0.707106781186554,0.,-0.707106781186541));
#11013=DIRECTION('',(0.,1.,1.22464679914735E-16));
#11014=DIRECTION('center_axis',(-1.22464679914735E-16,1.22464679914735E-16,
-1.));
#11015=DIRECTION('ref_axis',(-1.,-1.49975978266186E-32,1.22464679914735E-16));
#11016=DIRECTION('center_axis',(-2.22044604925031E-16,0.,-1.));
#11017=DIRECTION('ref_axis',(1.,2.71926214689378E-32,-2.22044604925031E-16));
#11018=DIRECTION('',(1.,2.71926214689378E-32,-2.22044604925031E-16));
#11019=DIRECTION('',(0.,-1.,0.));
#11020=DIRECTION('',(0.,-1.,0.));
#11021=DIRECTION('center_axis',(0.,-1.,0.));
#11022=DIRECTION('ref_axis',(0.707106781186554,0.,0.707106781186541));
#11023=DIRECTION('center_axis',(0.,1.,1.22464679914735E-16));
#11024=DIRECTION('ref_axis',(0.707106781186554,-8.65956056235486E-17,0.707106781186541));
#11025=DIRECTION('',(0.,-1.,0.));
#11026=DIRECTION('center_axis',(-3.44509284839767E-16,0.,-1.));
#11027=DIRECTION('ref_axis',(1.,4.21902192955564E-32,-3.44509284839767E-16));
#11028=DIRECTION('',(1.,4.21902192955564E-32,-3.44509284839767E-16));
#11029=DIRECTION('',(0.,-1.,0.));
#11030=DIRECTION('center_axis',(0.,-1.,0.));
#11031=DIRECTION('ref_axis',(-0.707106781186554,0.,0.707106781186541));
#11032=DIRECTION('center_axis',(0.,1.,1.22464679914735E-16));
#11033=DIRECTION('ref_axis',(-0.707106781186554,-8.65956056235486E-17,0.707106781186541));
#11034=DIRECTION('',(0.,-1.,0.));
#11035=DIRECTION('center_axis',(-2.22044604925031E-16,0.,-1.));
#11036=DIRECTION('ref_axis',(1.,2.71926214689378E-32,-2.22044604925031E-16));
#11037=DIRECTION('',(1.,2.71926214689378E-32,-2.22044604925031E-16));
#11038=DIRECTION('',(0.,-1.,0.));
#11039=DIRECTION('center_axis',(0.,-1.,0.));
#11040=DIRECTION('ref_axis',(-0.707106781186554,0.,0.707106781186541));
#11041=DIRECTION('center_axis',(0.,1.,1.22464679914735E-16));
#11042=DIRECTION('ref_axis',(-0.707106781186554,-8.65956056235486E-17,0.707106781186541));
#11043=DIRECTION('',(0.,-1.,0.));
#11044=DIRECTION('center_axis',(1.,0.,-2.22044604925031E-16));
#11045=DIRECTION('ref_axis',(2.22044604925031E-16,-1.22464679914735E-16,
1.));
#11046=DIRECTION('',(2.22044604925031E-16,-1.22464679914735E-16,1.));
#11047=DIRECTION('',(0.,-1.,0.));
#11048=DIRECTION('center_axis',(0.,-1.,0.));
#11049=DIRECTION('ref_axis',(-0.707106781186541,0.,-0.707106781186554));
#11050=DIRECTION('center_axis',(0.,1.,1.22464679914735E-16));
#11051=DIRECTION('ref_axis',(-0.707106781186541,8.65956056235501E-17,-0.707106781186554));
#11052=DIRECTION('',(0.,-1.,0.));
#11053=DIRECTION('center_axis',(2.22044604925031E-16,0.,1.));
#11054=DIRECTION('ref_axis',(-1.,-2.71926214689378E-32,2.22044604925031E-16));
#11055=DIRECTION('',(-1.,-2.71926214689378E-32,2.22044604925031E-16));
#11056=DIRECTION('',(0.,-1.,0.));
#11057=DIRECTION('center_axis',(0.,-1.,0.));
#11058=DIRECTION('ref_axis',(-0.707106781186554,0.,-0.707106781186541));
#11059=DIRECTION('center_axis',(0.,1.,1.22464679914735E-16));
#11060=DIRECTION('ref_axis',(-0.707106781186554,8.65956056235485E-17,-0.707106781186541));
#11061=DIRECTION('',(0.,-1.,0.));
#11062=DIRECTION('center_axis',(2.22044604925031E-16,0.,1.));
#11063=DIRECTION('ref_axis',(-1.,-2.71926214689378E-32,2.22044604925031E-16));
#11064=DIRECTION('',(-1.,-2.71926214689378E-32,2.22044604925031E-16));
#11065=DIRECTION('',(0.,-1.,0.));
#11066=DIRECTION('center_axis',(0.,-1.,0.));
#11067=DIRECTION('ref_axis',(0.707106781186554,0.,-0.707106781186541));
#11068=DIRECTION('center_axis',(0.,1.,1.22464679914735E-16));
#11069=DIRECTION('ref_axis',(0.707106781186554,8.65956056235486E-17,-0.707106781186541));
#11070=DIRECTION('',(0.,-1.,0.));
#11071=DIRECTION('center_axis',(2.22044604925031E-16,0.,1.));
#11072=DIRECTION('ref_axis',(-1.,-2.71926214689378E-32,2.22044604925031E-16));
#11073=DIRECTION('',(-1.,-2.71926214689378E-32,2.22044604925031E-16));
#11074=DIRECTION('',(0.,-1.,0.));
#11075=DIRECTION('center_axis',(0.,-1.,0.));
#11076=DIRECTION('ref_axis',(0.707106781186554,0.,-0.707106781186541));
#11077=DIRECTION('center_axis',(0.,1.,1.22464679914735E-16));
#11078=DIRECTION('ref_axis',(0.707106781186554,8.65956056235486E-17,-0.707106781186541));
#11079=DIRECTION('',(0.,-1.,0.));
#11080=DIRECTION('center_axis',(-1.,0.,2.22044604925031E-16));
#11081=DIRECTION('ref_axis',(-2.22044604925031E-16,1.22464679914735E-16,
-1.));
#11082=DIRECTION('',(-2.22044604925031E-16,1.22464679914735E-16,-1.));
#11083=DIRECTION('',(0.,-1.,0.));
#11084=DIRECTION('center_axis',(0.,-1.,0.));
#11085=DIRECTION('ref_axis',(0.707106781186541,0.,0.707106781186554));
#11086=DIRECTION('center_axis',(0.,1.,1.22464679914735E-16));
#11087=DIRECTION('ref_axis',(0.707106781186541,-8.65956056235501E-17,0.707106781186554));
#11088=DIRECTION('center_axis',(-2.43604851491927E-16,0.707106781186546,
-0.707106781186549));
#11089=DIRECTION('ref_axis',(-1.,0.,3.44509284839766E-16));
#11090=DIRECTION('',(-1.57009245868377E-16,-0.707106781186549,-0.707106781186546));
#11091=DIRECTION('',(1.,1.22464679914735E-16,-2.22044604925031E-16));
#11092=DIRECTION('',(1.57009245868377E-16,0.707106781186549,0.707106781186546));
#11093=DIRECTION('',(-1.,-1.22464679914735E-16,2.22044604925031E-16));
#11094=DIRECTION('center_axis',(1.22464679914735E-16,-1.,-1.22464679914735E-16));
#11095=DIRECTION('ref_axis',(-1.,-1.22464679914735E-16,2.22044604925031E-16));
#11096=DIRECTION('center_axis',(-1.22464679914735E-16,1.,1.22464679914735E-16));
#11097=DIRECTION('ref_axis',(-0.707106781186554,-1.73191211247099E-16,0.707106781186541));
#11098=DIRECTION('',(-1.,-7.39557098644699E-32,3.44509284839767E-16));
#11099=DIRECTION('center_axis',(-1.22464679914735E-16,1.,1.22464679914735E-16));
#11100=DIRECTION('ref_axis',(0.707106781186554,1.55615139506489E-30,0.707106781186541));
#11101=DIRECTION('center_axis',(7.04136402448286E-17,0.707106781186546,
0.707106781186549));
#11102=DIRECTION('ref_axis',(1.,0.,-9.95799250102964E-17));
#11103=DIRECTION('',(1.57009245868377E-16,-0.707106781186549,0.707106781186546));
#11104=DIRECTION('',(-1.,-1.22464679914735E-16,2.22044604925031E-16));
#11105=DIRECTION('',(-1.57009245868377E-16,0.707106781186549,-0.707106781186546));
#11106=DIRECTION('',(1.,1.22464679914735E-16,-2.22044604925031E-16));
#11107=DIRECTION('center_axis',(1.22464679914735E-16,-1.,-1.22464679914735E-16));
#11108=DIRECTION('ref_axis',(-1.,-1.22464679914735E-16,2.22044604925031E-16));
#11109=DIRECTION('center_axis',(-1.22464679914735E-16,1.,1.22464679914735E-16));
#11110=DIRECTION('ref_axis',(0.707106781186554,-2.30703460883756E-17,-0.707106781186541));
#11111=DIRECTION('',(1.,-5.34378139077155E-24,-3.44509290183548E-16));
#11112=DIRECTION('center_axis',(-1.22464679914735E-16,1.,1.22464679914735E-16));
#11113=DIRECTION('ref_axis',(-0.707106781186554,-1.55615139506489E-30,-0.707106781186541));
#11114=DIRECTION('center_axis',(1.,0.,-2.22044604925031E-16));
#11115=DIRECTION('ref_axis',(0.,0.229752920547361,0.97324898946773));
#11116=DIRECTION('',(1.,0.,-2.22044604925031E-16));
#11117=DIRECTION('center_axis',(-1.,0.,0.));
#11118=DIRECTION('ref_axis',(0.,4.16333634234435E-16,1.));
#11119=DIRECTION('',(-1.,0.,2.22044604925031E-16));
#11120=DIRECTION('center_axis',(0.707106781186548,-1.41553435639713E-14,
0.707106781186548));
#11121=DIRECTION('ref_axis',(-0.707106781186548,-1.41553435639713E-14,0.707106781186548));
#11122=DIRECTION('center_axis',(2.46519032881566E-32,-1.,-1.22464679914735E-16));
#11123=DIRECTION('ref_axis',(0.,1.11022302462516E-16,-1.));
#11124=DIRECTION('center_axis',(2.46519032881566E-32,-1.,-1.22464679914735E-16));
#11125=DIRECTION('ref_axis',(0.707106781186548,6.93889390390724E-17,-0.707106781186548));
#11126=DIRECTION('center_axis',(0.,0.,-1.));
#11127=DIRECTION('ref_axis',(-1.,0.,0.));
#11128=DIRECTION('center_axis',(3.5504049256236E-16,1.,5.32560738843542E-16));
#11129=DIRECTION('ref_axis',(0.707106781186548,1.2552576994333E-16,-0.707106781186548));
#11130=DIRECTION('center_axis',(2.22044604925031E-16,-1.22464679914735E-16,
1.));
#11131=DIRECTION('ref_axis',(-0.97324898946773,0.229752920547363,0.));
#11132=DIRECTION('',(2.22044604925031E-16,-1.22464679914735E-16,1.));
#11133=DIRECTION('center_axis',(0.,0.,-1.));
#11134=DIRECTION('ref_axis',(-1.,0.,0.));
#11135=DIRECTION('',(-2.22044604925031E-16,1.22464679914735E-16,-1.));
#11136=DIRECTION('center_axis',(2.46519032881566E-32,-1.,-1.22464679914735E-16));
#11137=DIRECTION('ref_axis',(0.,1.11022302462516E-16,-1.));
#11138=DIRECTION('center_axis',(2.46519032881566E-32,-1.,-1.22464679914735E-16));
#11139=DIRECTION('ref_axis',(0.707106781186548,-6.93889390390724E-17,0.707106781186548));
#11140=DIRECTION('center_axis',(1.,0.,0.));
#11141=DIRECTION('ref_axis',(0.,1.38777878078148E-16,-1.));
#11142=DIRECTION('center_axis',(4.4380061570295E-16,1.,-2.66280369421778E-16));
#11143=DIRECTION('ref_axis',(0.707106781186556,-1.25525769943328E-16,0.707106781186539));
#11144=DIRECTION('center_axis',(-1.,0.,2.22044604925031E-16));
#11145=DIRECTION('ref_axis',(0.,0.229752920547361,-0.97324898946773));
#11146=DIRECTION('',(1.,0.,-2.22044604925031E-16));
#11147=DIRECTION('',(-1.,0.,2.22044604925031E-16));
#11148=DIRECTION('center_axis',(0.707106781186548,0.,-0.707106781186548));
#11149=DIRECTION('ref_axis',(0.707106781186547,0.,0.707106781186547));
#11150=DIRECTION('center_axis',(-2.22044604925031E-16,1.22464679914735E-16,
-1.));
#11151=DIRECTION('ref_axis',(0.97324898946773,0.229752920547361,0.));
#11152=DIRECTION('',(-2.22044604925031E-16,1.22464679914735E-16,-1.));
#11153=DIRECTION('center_axis',(0.,0.,1.));
#11154=DIRECTION('ref_axis',(1.,0.,0.));
#11155=DIRECTION('',(2.22044604925031E-16,-1.22464679914735E-16,1.));
#11156=DIRECTION('center_axis',(0.707106781186548,0.,-0.707106781186548));
#11157=DIRECTION('ref_axis',(0.707106781186548,-1.73191211247099E-16,0.707106781186548));
#11158=DIRECTION('center_axis',(2.46519032881566E-32,-1.,-1.22464679914735E-16));
#11159=DIRECTION('ref_axis',(0.,1.11022302462516E-16,-1.));
#11160=DIRECTION('center_axis',(2.46519032881566E-32,-1.,-1.22464679914735E-16));
#11161=DIRECTION('ref_axis',(-0.707106781186548,6.93889390390724E-17,-0.707106781186548));
#11162=DIRECTION('center_axis',(-1.,0.,0.));
#11163=DIRECTION('ref_axis',(0.,-1.38777878078143E-16,1.));
#11164=DIRECTION('center_axis',(3.5504049256236E-16,1.,-1.77520246281178E-16));
#11165=DIRECTION('ref_axis',(-0.707106781186548,1.2552576994333E-16,-0.707106781186548));
#11166=DIRECTION('center_axis',(1.,5.51233315270689E-32,-2.22044604925031E-16));
#11167=DIRECTION('ref_axis',(0.,0.229752920547362,0.97324898946773));
#11168=DIRECTION('',(1.,5.51233315270689E-32,-2.22044604925031E-16));
#11169=DIRECTION('center_axis',(-1.,0.,0.));
#11170=DIRECTION('ref_axis',(0.,-1.38777878078145E-16,1.));
#11171=DIRECTION('',(-1.,-5.51233315270689E-32,2.22044604925031E-16));
#11172=DIRECTION('center_axis',(2.46519032881566E-32,-1.,-1.22464679914735E-16));
#11173=DIRECTION('ref_axis',(0.,1.11022302462516E-16,-1.));
#11174=DIRECTION('center_axis',(2.46519032881566E-32,-1.,-1.22464679914735E-16));
#11175=DIRECTION('ref_axis',(0.707106781186548,6.93889390390724E-17,-0.707106781186548));
#11176=DIRECTION('center_axis',(0.,0.,-1.));
#11177=DIRECTION('ref_axis',(-1.,0.,0.));
#11178=DIRECTION('center_axis',(4.4380061570295E-16,1.,6.21320861984132E-16));
#11179=DIRECTION('ref_axis',(0.707106781186548,1.2552576994333E-16,-0.707106781186548));
#11180=DIRECTION('center_axis',(2.22044604925031E-16,-1.22464679914735E-16,
1.));
#11181=DIRECTION('ref_axis',(-0.97324898946773,0.229752920547363,0.));
#11182=DIRECTION('',(2.22044604925031E-16,-1.22464679914735E-16,1.));
#11183=DIRECTION('',(-2.22044604925031E-16,1.22464679914735E-16,-1.));
#11184=DIRECTION('center_axis',(3.44509284839767E-16,-1.22464679914735E-16,
1.));
#11185=DIRECTION('ref_axis',(-0.97324898946773,0.229752920547361,0.));
#11186=DIRECTION('',(3.44509284839767E-16,-1.22464679914735E-16,1.));
#11187=DIRECTION('center_axis',(0.,0.,-1.));
#11188=DIRECTION('ref_axis',(-1.,-2.7755575615629E-16,0.));
#11189=DIRECTION('',(-3.44509284839767E-16,1.22464679914735E-16,-1.));
#11190=DIRECTION('center_axis',(1.22464679914735E-16,-1.,-1.22464679914735E-16));
#11191=DIRECTION('ref_axis',(0.,1.11022302462516E-16,-1.));
#11192=DIRECTION('center_axis',(1.22464679914735E-16,-1.,-1.22464679914735E-16));
#11193=DIRECTION('ref_axis',(0.707106781186548,0.,0.707106781186548));
#11194=DIRECTION('center_axis',(1.,0.,0.));
#11195=DIRECTION('ref_axis',(0.,2.77555756156285E-16,-1.));
#11196=DIRECTION('center_axis',(-7.1008098512472E-16,1.,7.1008098512472E-16));
#11197=DIRECTION('ref_axis',(0.707106781186548,0.,0.707106781186548));
#11198=DIRECTION('center_axis',(-1.,0.,3.44509284839767E-16));
#11199=DIRECTION('ref_axis',(0.,0.229752920547361,-0.97324898946773));
#11200=DIRECTION('',(-1.,0.,3.44509284839767E-16));
#11201=DIRECTION('center_axis',(1.,0.,0.));
#11202=DIRECTION('ref_axis',(0.,0.,-1.));
#11203=DIRECTION('',(1.,0.,-3.44509284839767E-16));
#11204=DIRECTION('center_axis',(1.22464679914735E-16,-1.,-1.22464679914735E-16));
#11205=DIRECTION('ref_axis',(0.,1.11022302462516E-16,-1.));
#11206=DIRECTION('center_axis',(1.22464679914735E-16,-1.,-1.22464679914735E-16));
#11207=DIRECTION('ref_axis',(-0.707106781186548,-1.38777878078145E-16,0.707106781186548));
#11208=DIRECTION('center_axis',(0.,0.,1.));
#11209=DIRECTION('ref_axis',(1.,1.38777878078143E-16,0.));
#11210=DIRECTION('center_axis',(-7.9884110826531E-16,1.,-4.43800615702946E-16));
#11211=DIRECTION('ref_axis',(-0.707106781186548,-2.5105153988666E-16,0.707106781186548));
#11212=DIRECTION('center_axis',(-3.44509284839767E-16,1.22464679914735E-16,
-1.));
#11213=DIRECTION('ref_axis',(0.97324898946773,0.229752920547361,0.));
#11214=DIRECTION('',(-3.44509284839767E-16,1.22464679914735E-16,-1.));
#11215=DIRECTION('center_axis',(0.707106781186548,0.,0.707106781186548));
#11216=DIRECTION('ref_axis',(-0.707106781186547,-1.73191211247099E-16,0.707106781186547));
#11217=DIRECTION('',(3.44509284839767E-16,-1.22464679914735E-16,1.));
#11218=DIRECTION('center_axis',(-1.,0.,2.22044604925031E-16));
#11219=DIRECTION('ref_axis',(0.,0.229752920547358,-0.973248989467731));
#11220=DIRECTION('',(-1.,0.,2.22044604925031E-16));
#11221=DIRECTION('center_axis',(1.,0.,0.));
#11222=DIRECTION('ref_axis',(0.,4.16333634234435E-16,-1.));
#11223=DIRECTION('',(1.,0.,-2.22044604925031E-16));
#11224=DIRECTION('center_axis',(2.46519032881566E-32,-1.,-1.22464679914735E-16));
#11225=DIRECTION('ref_axis',(0.,1.11022302462516E-16,-1.));
#11226=DIRECTION('center_axis',(2.46519032881566E-32,-1.,-1.22464679914735E-16));
#11227=DIRECTION('ref_axis',(-0.707106781186548,-6.93889390390724E-17,0.707106781186548));
#11228=DIRECTION('center_axis',(0.,0.,1.));
#11229=DIRECTION('ref_axis',(1.,0.,0.));
#11230=DIRECTION('center_axis',(-4.4380061570295E-16,1.,-2.66280369421768E-16));
#11231=DIRECTION('ref_axis',(-0.707106781186548,-1.2552576994333E-16,0.707106781186548));
#11232=DIRECTION('center_axis',(-2.22044604925031E-16,1.22464679914735E-16,
-1.));
#11233=DIRECTION('ref_axis',(0.97324898946773,0.229752920547363,0.));
#11234=DIRECTION('',(-2.22044604925031E-16,1.22464679914735E-16,-1.));
#11235=DIRECTION('center_axis',(0.,0.,1.));
#11236=DIRECTION('ref_axis',(1.,-6.93889390390725E-16,0.));
#11237=DIRECTION('',(2.22044604925031E-16,-1.22464679914735E-16,1.));
#11238=DIRECTION('center_axis',(2.46519032881566E-32,-1.,-1.22464679914735E-16));
#11239=DIRECTION('ref_axis',(0.,1.11022302462516E-16,-1.));
#11240=DIRECTION('center_axis',(2.46519032881566E-32,-1.,-1.22464679914735E-16));
#11241=DIRECTION('ref_axis',(-0.707106781186548,6.93889390390724E-17,-0.707106781186548));
#11242=DIRECTION('center_axis',(-1.,0.,0.));
#11243=DIRECTION('ref_axis',(0.,-1.38777878078148E-16,1.));
#11244=DIRECTION('center_axis',(-3.5504049256236E-16,1.,5.3256073884355E-16));
#11245=DIRECTION('ref_axis',(-0.707106781186556,1.25525769943328E-16,-0.707106781186539));
#11246=DIRECTION('center_axis',(1.,0.,-2.22044604925031E-16));
#11247=DIRECTION('ref_axis',(0.,0.229752920547361,0.97324898946773));
#11248=DIRECTION('',(-1.,0.,2.22044604925031E-16));
#11249=DIRECTION('',(1.,0.,-2.22044604925031E-16));
#11250=DIRECTION('center_axis',(0.,1.,0.));
#11251=DIRECTION('ref_axis',(0.707106781186554,-5.77304037490318E-17,0.707106781186541));
#11252=DIRECTION('',(0.,0.894427190999913,0.447213595499963));
#11253=DIRECTION('',(0.447213595499957,0.894427190999916,0.));
#11254=DIRECTION('center_axis',(-3.08138471912622E-16,0.447213595499957,
-0.894427190999916));
#11255=DIRECTION('ref_axis',(-1.,0.,3.44509284839767E-16));
#11256=DIRECTION('',(0.,0.894427190999916,0.447213595499957));
#11257=DIRECTION('center_axis',(0.,1.,0.));
#11258=DIRECTION('ref_axis',(-0.707106781186554,-1.15460807498065E-16,0.707106781186541));
#11259=DIRECTION('',(-0.447213595499963,0.894427190999913,0.));
#11260=DIRECTION('center_axis',(0.894427190999916,0.447213595499957,-2.53370602086202E-16));
#11261=DIRECTION('ref_axis',(-2.83276944882399E-16,0.,-1.));
#11262=DIRECTION('',(0.408248290463863,-0.816496580927728,-0.408248290463859));
#11263=DIRECTION('center_axis',(-1.98602732259782E-16,0.447213595499953,
-0.894427190999918));
#11264=DIRECTION('ref_axis',(-1.,0.,2.22044604925031E-16));
#11265=DIRECTION('',(0.,0.894427190999918,0.447213595499953));
#11266=DIRECTION('center_axis',(0.,1.,0.));
#11267=DIRECTION('ref_axis',(-0.707106781186554,-8.65956056235486E-17,0.707106781186541));
#11268=DIRECTION('',(-0.44721359549995,0.89442719099992,0.));
#11269=DIRECTION('center_axis',(0.894427190999917,0.447213595499957,-1.43834862433362E-16));
#11270=DIRECTION('ref_axis',(-1.60812264967664E-16,0.,-1.));
#11271=DIRECTION('',(-0.447213595499957,0.894427190999917,0.));
#11272=DIRECTION('center_axis',(0.,1.,0.));
#11273=DIRECTION('ref_axis',(-0.707106781186541,8.659560562355E-17,-0.707106781186554));
#11274=DIRECTION('',(0.,-0.894427190999916,0.447213595499957));
#11275=DIRECTION('center_axis',(1.98602732259782E-16,0.447213595499957,
0.894427190999916));
#11276=DIRECTION('ref_axis',(1.,0.,-2.22044604925031E-16));
#11277=DIRECTION('',(0.408248290463862,-0.816496580927727,0.408248290463862));
#11278=DIRECTION('center_axis',(0.894427190999917,0.447213595499957,-1.43834862433362E-16));
#11279=DIRECTION('ref_axis',(-1.60812264967664E-16,0.,-1.));
#11280=DIRECTION('',(0.447213424901482,-0.894427276299134,0.));
#11281=DIRECTION('center_axis',(2.46519032881566E-32,-1.,-1.22464679914735E-16));
#11282=DIRECTION('ref_axis',(0.707106781186541,-8.65956056235502E-17,0.707106781186554));
#11283=DIRECTION('',(2.46519032881566E-32,-1.,-1.22464679914735E-16));
#11284=DIRECTION('center_axis',(-2.46519032881566E-32,1.,1.22464679914735E-16));
#11285=DIRECTION('ref_axis',(0.707106781186541,-8.65956056235502E-17,0.707106781186554));
#11286=DIRECTION('',(-2.46519032881566E-32,1.,1.22464679914735E-16));
#11287=DIRECTION('center_axis',(1.,4.93038065763132E-32,-2.22044604925031E-16));
#11288=DIRECTION('ref_axis',(2.22044604925031E-16,-1.22464679914735E-16,
1.));
#11289=DIRECTION('',(-2.46519032881566E-32,1.,1.22464679914735E-16));
#11290=DIRECTION('',(2.22044604925031E-16,-1.22464679914735E-16,1.));
#11291=DIRECTION('center_axis',(2.46519032881566E-32,-1.,-1.22464679914735E-16));
#11292=DIRECTION('ref_axis',(0.707106781186554,8.65956056235488E-17,-0.707106781186541));
#11293=DIRECTION('',(0.,1.,0.));
#11294=DIRECTION('center_axis',(-2.46519032881566E-32,1.,1.22464679914735E-16));
#11295=DIRECTION('ref_axis',(0.707106781186554,8.65956056235488E-17,-0.707106781186541));
#11296=DIRECTION('center_axis',(2.22044604925031E-16,-1.22464679914735E-16,
1.));
#11297=DIRECTION('ref_axis',(-1.,-4.93038065763132E-32,2.22044604925031E-16));
#11298=DIRECTION('',(0.,1.,0.));
#11299=DIRECTION('',(1.,4.93038065763132E-32,-2.22044604925031E-16));
#11300=DIRECTION('',(0.,1.,0.));
#11301=DIRECTION('',(0.,1.,0.));
#11302=DIRECTION('center_axis',(1.,4.93038065763132E-32,-2.22044604925031E-16));
#11303=DIRECTION('ref_axis',(2.46519032881566E-32,-1.,-1.22464679914735E-16));
#11304=DIRECTION('',(0.,1.,0.));
#11305=DIRECTION('',(2.46519032881566E-32,-1.,-1.22464679914735E-16));
#11306=DIRECTION('center_axis',(2.46519032881566E-32,-1.,-1.22464679914735E-16));
#11307=DIRECTION('ref_axis',(0.707106781186554,-2.30703460883756E-17,-0.707106781186541));
#11308=DIRECTION('',(0.,1.,0.));
#11309=DIRECTION('center_axis',(-2.22044604925031E-16,1.22464679914735E-16,
-1.));
#11310=DIRECTION('ref_axis',(1.,4.93038065763132E-32,-2.22044604925031E-16));
#11311=DIRECTION('',(0.,1.,0.));
#11312=DIRECTION('center_axis',(2.46519032881566E-32,-1.,-1.22464679914735E-16));
#11313=DIRECTION('ref_axis',(-0.707106781186554,-1.55615139506489E-30,-0.707106781186541));
#11314=DIRECTION('',(0.,1.,0.));
#11315=DIRECTION('center_axis',(-2.22044604925031E-16,1.22464679914735E-16,
-1.));
#11316=DIRECTION('ref_axis',(1.,4.93038065763132E-32,-2.22044604925031E-16));
#11317=DIRECTION('',(-2.46519032881566E-32,1.,1.22464679914735E-16));
#11318=DIRECTION('',(-2.46519032881566E-32,1.,1.22464679914735E-16));
#11319=DIRECTION('',(1.,4.93038065763132E-32,-2.22044604925031E-16));
#11320=DIRECTION('center_axis',(-1.,-4.93038065763132E-32,2.22044604925031E-16));
#11321=DIRECTION('ref_axis',(-2.46519032881566E-32,1.,1.22464679914735E-16));
#11322=DIRECTION('center_axis',(-0.894427190999916,0.447213595499957,3.62906341739043E-16));
#11323=DIRECTION('ref_axis',(4.05741624797134E-16,0.,1.));
#11324=DIRECTION('',(-0.408248290463862,-0.816496580927727,-0.408248290463862));
#11325=DIRECTION('center_axis',(0.,1.,0.));
#11326=DIRECTION('ref_axis',(0.707106781186541,-8.65956056235501E-17,0.707106781186554));
#11327=DIRECTION('',(0.,0.89442719099992,0.44721359549995));
#11328=DIRECTION('',(-0.447213595499963,-0.894427190999913,0.));
#11329=DIRECTION('center_axis',(-0.894427190999917,0.447213595499957,2.53370602086202E-16));
#11330=DIRECTION('ref_axis',(2.83276944882399E-16,0.,1.));
#11331=DIRECTION('',(-0.447213595499957,-0.894427190999916,0.));
#11332=DIRECTION('center_axis',(-1.98602732259782E-16,0.447213595499957,
-0.894427190999916));
#11333=DIRECTION('ref_axis',(-1.,0.,2.22044604925031E-16));
#11334=DIRECTION('center_axis',(0.,1.,0.));
#11335=DIRECTION('ref_axis',(0.707106781186554,8.65956056235487E-17,-0.707106781186541));
#11336=DIRECTION('',(0.,-0.894427190999917,0.447213595499956));
#11337=DIRECTION('center_axis',(1.98602732259782E-16,0.447213595499957,
0.894427190999917));
#11338=DIRECTION('ref_axis',(1.,0.,-2.22044604925031E-16));
#11339=DIRECTION('',(-0.408248290463862,-0.816496580927727,0.408248290463862));
#11340=DIRECTION('center_axis',(-0.894427190999916,0.447213595499957,2.53370602086202E-16));
#11341=DIRECTION('ref_axis',(2.83276944882399E-16,0.,1.));
#11342=DIRECTION('',(-0.447213595499957,-0.894427190999916,0.));
#11343=DIRECTION('center_axis',(0.,1.,0.));
#11344=DIRECTION('ref_axis',(0.707106781186554,5.00402883862405E-17,-0.707106781186541));
#11345=DIRECTION('',(0.,-0.894427190999916,0.447213595499957));
#11346=DIRECTION('center_axis',(1.98602732259782E-16,0.447213595499957,
0.894427190999917));
#11347=DIRECTION('ref_axis',(1.,0.,-2.22044604925031E-16));
#11348=DIRECTION('',(0.,-0.894427190999916,0.447213595499957));
#11349=DIRECTION('center_axis',(0.,1.,0.));
#11350=DIRECTION('ref_axis',(-0.707106781186554,5.77304037490318E-17,-0.707106781186541));
#11351=DIRECTION('center_axis',(-1.,-4.93038065763132E-32,2.22044604925031E-16));
#11352=DIRECTION('ref_axis',(-2.22044604925031E-16,1.22464679914735E-16,
-1.));
#11353=DIRECTION('',(-2.46519032881566E-32,1.,1.22464679914735E-16));
#11354=DIRECTION('',(-2.22044604925031E-16,1.22464679914735E-16,-1.));
#11355=DIRECTION('',(0.,1.,0.));
#11356=DIRECTION('center_axis',(2.46519032881566E-32,-1.,-1.22464679914735E-16));
#11357=DIRECTION('ref_axis',(-0.707106781186554,-8.65956056235488E-17,0.707106781186541));
#11358=DIRECTION('center_axis',(-2.46519032881566E-32,1.,1.22464679914735E-16));
#11359=DIRECTION('ref_axis',(-0.707106781186554,-8.65956056235488E-17,0.707106781186541));
#11360=DIRECTION('center_axis',(-1.,-1.22464679914735E-16,3.44509284839767E-16));
#11361=DIRECTION('ref_axis',(-3.44509284839767E-16,1.22464679914735E-16,
-1.));
#11362=DIRECTION('',(-1.22464679914735E-16,1.,1.22464679914735E-16));
#11363=DIRECTION('center_axis',(1.22464679914735E-16,-1.,-1.22464679914735E-16));
#11364=DIRECTION('ref_axis',(-0.707106781186554,-1.73191211247099E-16,0.707106781186541));
#11365=DIRECTION('',(1.22464679914735E-16,-1.,-1.22464679914735E-16));
#11366=DIRECTION('center_axis',(3.44509284839767E-16,-1.22464679914735E-16,
1.));
#11367=DIRECTION('ref_axis',(-1.,-7.39557098644699E-32,3.44509284839767E-16));
#11368=DIRECTION('',(-1.22464679914735E-16,1.,1.22464679914735E-16));
#11369=DIRECTION('center_axis',(1.22464679914735E-16,-1.,-1.22464679914735E-16));
#11370=DIRECTION('ref_axis',(0.707106781186554,1.55615139506489E-30,0.707106781186541));
#11371=DIRECTION('',(1.22464679914735E-16,-1.,-1.22464679914735E-16));
#11372=DIRECTION('center_axis',(1.,1.22464679914735E-16,-3.44509284839767E-16));
#11373=DIRECTION('ref_axis',(3.44509284839767E-16,-1.22464679914735E-16,
1.));
#11374=DIRECTION('center_axis',(0.,1.,1.22464679914735E-16));
#11375=DIRECTION('ref_axis',(1.22464679914735E-16,-1.22464679914735E-16,
1.));
#11376=DIRECTION('',(-0.707106781186548,8.65956056235492E-17,-0.707106781186547));
#11377=DIRECTION('center_axis',(0.,1.,1.22464679914735E-16));
#11378=DIRECTION('ref_axis',(0.923879532511284,4.68652040532637E-17,-0.382683432365096));
#11379=DIRECTION('',(-1.22464679914735E-16,1.22464679914735E-16,-1.));
#11380=DIRECTION('center_axis',(0.,1.,1.22464679914735E-16));
#11381=DIRECTION('ref_axis',(0.923879532511288,-4.68652040532628E-17,0.382683432365088));
#11382=DIRECTION('',(0.707106781186548,8.65956056235493E-17,-0.707106781186547));
#11383=DIRECTION('center_axis',(0.,1.,1.22464679914735E-16));
#11384=DIRECTION('ref_axis',(0.382683432365088,-1.1314261122877E-16,0.923879532511288));
#11385=DIRECTION('',(1.,1.49975978266186E-32,-1.22464679914735E-16));
#11386=DIRECTION('center_axis',(0.,1.,1.22464679914735E-16));
#11387=DIRECTION('ref_axis',(-0.382683432365088,-1.1314261122877E-16,0.923879532511288));
#11388=DIRECTION('',(0.707106781186548,-8.65956056235493E-17,0.707106781186547));
#11389=DIRECTION('center_axis',(0.,1.,1.22464679914735E-16));
#11390=DIRECTION('ref_axis',(-0.923879532511287,-4.68652040532629E-17,0.382683432365089));
#11391=DIRECTION('',(1.22464679914735E-16,-1.22464679914735E-16,1.));
#11392=DIRECTION('center_axis',(0.,1.,1.22464679914735E-16));
#11393=DIRECTION('ref_axis',(-0.923879532511289,4.68652040532623E-17,-0.382683432365084));
#11394=DIRECTION('',(-0.707106781186549,-8.65956056235492E-17,0.707106781186546));
#11395=DIRECTION('center_axis',(0.,1.,1.22464679914735E-16));
#11396=DIRECTION('ref_axis',(-0.38268343236509,1.1314261122877E-16,-0.923879532511287));
#11397=DIRECTION('',(-1.,-1.49975978266186E-32,1.22464679914735E-16));
#11398=DIRECTION('center_axis',(0.,1.,1.22464679914735E-16));
#11399=DIRECTION('ref_axis',(0.382683432365089,1.1314261122877E-16,-0.923879532511287));
#11400=DIRECTION('center_axis',(2.46519032881566E-32,-1.,-1.22464679914735E-16));
#11401=DIRECTION('ref_axis',(-2.22044604925031E-16,1.22464679914735E-16,
-1.));
#11402=DIRECTION('center_axis',(-1.22464679914735E-16,1.22464679914735E-16,
-1.));
#11403=DIRECTION('ref_axis',(-1.,-1.49975978266186E-32,1.22464679914735E-16));
#11404=DIRECTION('',(0.,1.,1.22464679914735E-16));
#11405=DIRECTION('',(1.,1.49975978266186E-32,-1.22464679914735E-16));
#11406=DIRECTION('',(0.,-1.,-1.22464679914735E-16));
#11407=DIRECTION('center_axis',(0.707106823333391,8.65956004620493E-17,
-0.707106739039702));
#11408=DIRECTION('ref_axis',(-0.707106739039702,8.6595610785049E-17,-0.707106823333391));
#11409=DIRECTION('',(0.,1.,1.22464679914735E-16));
#11410=DIRECTION('',(0.,1.,1.22464679914735E-16));
#11411=DIRECTION('center_axis',(1.19209294165266E-7,1.22464679914734E-16,
-0.999999999999993));
#11412=DIRECTION('ref_axis',(-0.999999999999993,1.45989280528109E-23,-1.19209294165266E-7));
#11413=DIRECTION('',(0.,1.,1.22464679914735E-16));
#11414=DIRECTION('center_axis',(0.707106823333393,8.65956004620491E-17,
-0.7071067390397));
#11415=DIRECTION('ref_axis',(-0.7071067390397,8.65956107850492E-17,-0.707106823333393));
#11416=DIRECTION('',(0.,1.,1.22464679914735E-16));
#11417=DIRECTION('center_axis',(1.,1.49975978266186E-32,-1.22464679914735E-16));
#11418=DIRECTION('ref_axis',(-1.22464679914735E-16,1.22464679914735E-16,
-1.));
#11419=DIRECTION('',(0.,1.,1.22464679914735E-16));
#11420=DIRECTION('center_axis',(0.707106781186546,8.65956056235495E-17,
-0.707106781186549));
#11421=DIRECTION('ref_axis',(-0.707106781186549,8.65956056235492E-17,-0.707106781186546));
#11422=DIRECTION('',(0.,1.,0.));
#11423=DIRECTION('center_axis',(-1.70907085668815E-7,1.22464679914734E-16,
-0.999999999999985));
#11424=DIRECTION('ref_axis',(-0.999999999999985,-2.09300815415917E-23,1.70907085668815E-7));
#11425=DIRECTION('',(0.,1.,1.22464679914735E-16));
#11426=DIRECTION('',(0.,1.,1.22464679914735E-16));
#11427=DIRECTION('center_axis',(1.,1.49975978266186E-32,-1.22464679914735E-16));
#11428=DIRECTION('ref_axis',(-1.22464679914735E-16,1.22464679914735E-16,
-1.));
#11429=DIRECTION('center_axis',(-1.22464679914735E-16,1.22464679914735E-16,
-1.));
#11430=DIRECTION('ref_axis',(-1.,-1.49975978266186E-32,1.22464679914735E-16));
#11431=DIRECTION('',(0.,-1.,0.));
#11432=DIRECTION('center_axis',(1.,1.49975978266186E-32,-1.22464679914735E-16));
#11433=DIRECTION('ref_axis',(-1.22464679914735E-16,1.22464679914735E-16,
-1.));
#11434=DIRECTION('',(0.,-1.,0.));
#11435=DIRECTION('center_axis',(1.22464679914735E-16,-1.22464679914735E-16,
1.));
#11436=DIRECTION('ref_axis',(1.,1.49975978266186E-32,-1.22464679914735E-16));
#11437=DIRECTION('center_axis',(1.,1.49975978266186E-32,-1.22464679914735E-16));
#11438=DIRECTION('ref_axis',(-1.22464679914735E-16,1.22464679914735E-16,
-1.));
#11439=DIRECTION('center_axis',(-1.22464679914735E-16,1.22464679914735E-16,
-1.));
#11440=DIRECTION('ref_axis',(-1.,-1.49975978266186E-32,1.22464679914735E-16));
#11441=DIRECTION('',(0.,-1.,0.));
#11442=DIRECTION('center_axis',(1.,1.49975978266186E-32,-1.22464679914735E-16));
#11443=DIRECTION('ref_axis',(-1.22464679914735E-16,1.22464679914735E-16,
-1.));
#11444=DIRECTION('',(0.,-1.,0.));
#11445=DIRECTION('center_axis',(1.22464679914735E-16,-1.22464679914735E-16,
1.));
#11446=DIRECTION('ref_axis',(1.,1.49975978266186E-32,-1.22464679914735E-16));
#11447=DIRECTION('center_axis',(1.,1.49975978266186E-32,-1.22464679914735E-16));
#11448=DIRECTION('ref_axis',(-1.22464679914735E-16,1.22464679914735E-16,
-1.));
#11449=DIRECTION('',(0.,1.,1.22464679914735E-16));
#11450=DIRECTION('center_axis',(1.22464679914735E-16,-1.22464679914735E-16,
1.));
#11451=DIRECTION('ref_axis',(1.,1.49975978266186E-32,-1.22464679914735E-16));
#11452=DIRECTION('center_axis',(0.707106781186547,8.65956056235494E-17,
-0.707106781186548));
#11453=DIRECTION('ref_axis',(-0.707106781186548,8.65956056235493E-17,-0.707106781186547));
#11454=DIRECTION('',(0.,1.,1.22464679914735E-16));
#11455=DIRECTION('',(0.707106781186548,-8.65956056235493E-17,0.707106781186547));
#11456=DIRECTION('',(0.,-1.,-1.22464679914735E-16));
#11457=DIRECTION('center_axis',(0.,1.,1.22464679914735E-16));
#11458=DIRECTION('ref_axis',(0.38268343236509,1.1314261122877E-16,-0.923879532511287));
#11459=DIRECTION('center_axis',(0.,-1.,-1.22464679914735E-16));
#11460=DIRECTION('ref_axis',(0.382683432365091,1.1314261122877E-16,-0.923879532511287));
#11461=DIRECTION('center_axis',(0.,-1.,-1.22464679914735E-16));
#11462=DIRECTION('ref_axis',(-0.382683432365089,1.1314261122877E-16,-0.923879532511287));
#11463=DIRECTION('center_axis',(0.,-1.,-1.22464679914735E-16));
#11464=DIRECTION('ref_axis',(-0.382683432365088,1.1314261122877E-16,-0.923879532511287));
#11465=DIRECTION('',(0.,1.,1.22464679914735E-16));
#11466=DIRECTION('center_axis',(-0.707106781186546,8.65956056235495E-17,
-0.707106781186549));
#11467=DIRECTION('ref_axis',(-0.707106781186549,-8.65956056235492E-17,0.707106781186546));
#11468=DIRECTION('',(0.707106781186549,5.67019358221401E-17,-0.707106781186546));
#11469=DIRECTION('',(0.,-1.,-1.22464679914735E-16));
#11470=DIRECTION('center_axis',(0.,1.,1.22464679914735E-16));
#11471=DIRECTION('ref_axis',(1.22464679914735E-16,-1.22464679914735E-16,
1.));
#11472=DIRECTION('',(0.,-1.,-1.22464679914735E-16));
#11473=DIRECTION('center_axis',(0.,-1.,-1.22464679914735E-16));
#11474=DIRECTION('ref_axis',(1.22464679914735E-16,-1.22464679914735E-16,
1.));
#11475=DIRECTION('center_axis',(0.,1.,1.22464679914735E-16));
#11476=DIRECTION('ref_axis',(1.22464679914735E-16,-1.22464679914735E-16,
1.));
#11477=DIRECTION('',(0.,-1.,-1.22464679914735E-16));
#11478=DIRECTION('center_axis',(0.,-1.,-1.22464679914735E-16));
#11479=DIRECTION('ref_axis',(1.22464679914735E-16,-1.22464679914735E-16,
1.));
#11480=DIRECTION('center_axis',(0.,1.,1.22464679914735E-16));
#11481=DIRECTION('ref_axis',(1.22464679914735E-16,-1.22464679914735E-16,
1.));
#11482=DIRECTION('',(0.,-1.,-1.22464679914735E-16));
#11483=DIRECTION('center_axis',(0.,-1.,-1.22464679914735E-16));
#11484=DIRECTION('ref_axis',(1.22464679914735E-16,-1.22464679914735E-16,
1.));
#11485=DIRECTION('center_axis',(0.,1.,1.22464679914735E-16));
#11486=DIRECTION('ref_axis',(1.22464679914735E-16,-1.22464679914735E-16,
1.));
#11487=DIRECTION('',(0.,-1.,-1.22464679914735E-16));
#11488=DIRECTION('center_axis',(0.,-1.,-1.22464679914735E-16));
#11489=DIRECTION('ref_axis',(1.22464679914735E-16,-1.22464679914735E-16,
1.));
#11490=DIRECTION('center_axis',(0.,-1.,-1.22464679914735E-16));
#11491=DIRECTION('ref_axis',(0.923879532511287,4.68652040532629E-17,-0.382683432365089));
#11492=DIRECTION('',(0.,-1.,-1.22464679914735E-16));
#11493=DIRECTION('center_axis',(0.,-1.,-1.22464679914735E-16));
#11494=DIRECTION('ref_axis',(0.923879532511287,4.6865204053263E-17,-0.38268343236509));
#11495=DIRECTION('center_axis',(1.,1.49975978266186E-32,-1.22464679914735E-16));
#11496=DIRECTION('ref_axis',(-1.22464679914735E-16,1.22464679914735E-16,
-1.));
#11497=DIRECTION('',(0.,1.,1.22464679914735E-16));
#11498=DIRECTION('',(1.22464679914735E-16,-1.22464679914735E-16,1.));
#11499=DIRECTION('center_axis',(0.,1.,1.22464679914735E-16));
#11500=DIRECTION('ref_axis',(0.923879532511287,-4.68652040532629E-17,0.382683432365089));
#11501=DIRECTION('',(0.,-1.,-1.22464679914735E-16));
#11502=DIRECTION('center_axis',(0.,-1.,-1.22464679914735E-16));
#11503=DIRECTION('ref_axis',(0.923879532511286,-4.68652040532631E-17,0.382683432365091));
#11504=DIRECTION('center_axis',(0.,1.,1.22464679914735E-16));
#11505=DIRECTION('ref_axis',(-0.923879532511286,-4.68652040532631E-17,0.382683432365091));
#11506=DIRECTION('center_axis',(-3.55141557210175E-17,1.,-1.16198719098205E-16));
#11507=DIRECTION('ref_axis',(-0.923879532511287,1.16565230758613E-17,0.38268343236509));
#11508=DIRECTION('',(-0.928476690885259,0.371390676354104,1.59187841060578E-16));
#11509=DIRECTION('center_axis',(2.7660994058789E-17,-1.,-1.89244226920185E-16));
#11510=DIRECTION('ref_axis',(-0.923879532511285,-9.79760565729264E-17,0.382683432365093));
#11511=DIRECTION('',(0.656532164298613,-0.371390676354103,-0.656532164298613));
#11512=DIRECTION('center_axis',(-0.371390676354104,-0.928476690885259,-6.82233604545336E-17));
#11513=DIRECTION('ref_axis',(0.928476690885259,-0.371390676354104,-1.59187841060578E-16));
#11514=DIRECTION('',(1.22464679914735E-16,-1.22464679914735E-16,1.));
#11515=DIRECTION('',(-0.928476690885259,0.371390676354103,1.59187841060578E-16));
#11516=DIRECTION('',(-1.22464679914735E-16,1.22464679914735E-16,-1.));
#11517=DIRECTION('center_axis',(0.,1.,1.22464679914735E-16));
#11518=DIRECTION('ref_axis',(-0.923879532511287,4.68652040532629E-17,-0.382683432365089));
#11519=DIRECTION('center_axis',(-1.11976477028532E-16,1.,3.92799809423778E-16));
#11520=DIRECTION('ref_axis',(-0.923879532511287,4.6865204053263E-17,-0.38268343236509));
#11521=DIRECTION('',(-0.656532164298613,0.371390676354103,-0.656532164298613));
#11522=DIRECTION('center_axis',(-2.73829870626628E-16,-1.,5.38619107534944E-16));
#11523=DIRECTION('ref_axis',(-0.923879532511288,4.68652040532628E-17,-0.382683432365088));
#11524=DIRECTION('center_axis',(0.,1.,1.22464679914735E-16));
#11525=DIRECTION('ref_axis',(0.38268343236509,-1.1314261122877E-16,0.923879532511287));
#11526=DIRECTION('center_axis',(-1.08134051803617E-16,1.,1.67255270726148E-16));
#11527=DIRECTION('ref_axis',(0.382683432365091,-1.1314261122877E-16,0.923879532511286));
#11528=DIRECTION('',(-1.13705600757556E-16,-0.371390676354104,-0.928476690885259));
#11529=DIRECTION('center_axis',(1.03932293630328E-16,-1.,-9.40022679151051E-16));
#11530=DIRECTION('ref_axis',(0.382683432365086,-8.28694546504052E-16,0.923879532511288));
#11531=DIRECTION('',(-0.656532164298613,-0.371390676354103,-0.656532164298613));
#11532=DIRECTION('center_axis',(4.54822403030224E-17,-0.928476690885259,
0.371390676354104));
#11533=DIRECTION('ref_axis',(1.,1.49975978266186E-32,-1.22464679914735E-16));
#11534=DIRECTION('',(1.,1.49975978266186E-32,-1.22464679914735E-16));
#11535=DIRECTION('',(-1.13705600757556E-16,-0.371390676354104,-0.928476690885259));
#11536=DIRECTION('',(-1.,-1.49975978266186E-32,1.22464679914735E-16));
#11537=DIRECTION('center_axis',(0.,1.,1.22464679914735E-16));
#11538=DIRECTION('ref_axis',(-0.382683432365089,-1.1314261122877E-16,0.923879532511287));
#11539=DIRECTION('center_axis',(2.16268103607234E-16,1.,2.12045861537561E-16));
#11540=DIRECTION('ref_axis',(-0.382683432365089,-1.1314261122877E-16,0.923879532511287));
#11541=DIRECTION('',(0.656532164298612,-0.371390676354104,-0.656532164298613));
#11542=DIRECTION('center_axis',(2.83321623192718E-16,-1.,-5.10902107475284E-18));
#11543=DIRECTION('ref_axis',(-0.382683432365087,-1.1314261122877E-16,0.923879532511288));
#11544=DIRECTION('center_axis',(-0.70710678118656,8.65956056235478E-17,
-0.707106781186535));
#11545=DIRECTION('ref_axis',(0.262612865719439,-0.92847669088526,-0.262612865719448));
#11546=DIRECTION('center_axis',(-1.47308164676346E-15,-1.,-2.61032561792679E-15));
#11547=DIRECTION('ref_axis',(0.923879532511288,-3.62021616104044E-16,-0.382683432365088));
#11548=DIRECTION('center_axis',(1.22464679914735E-16,-1.22464679914735E-16,
1.));
#11549=DIRECTION('ref_axis',(0.,-1.,-1.22464679914735E-16));
#11550=DIRECTION('center_axis',(-1.22464679914735E-16,1.22464679914735E-16,
-1.));
#11551=DIRECTION('ref_axis',(0.189107521154954,-0.981956386731421,-1.43413966639004E-16));
#11552=DIRECTION('',(1.22464679914735E-16,-1.22464679914735E-16,1.));
#11553=DIRECTION('center_axis',(1.22464679914735E-16,-1.22464679914735E-16,
1.));
#11554=DIRECTION('ref_axis',(0.,-1.,-1.22464679914735E-16));
#11555=DIRECTION('center_axis',(4.006772820327E-16,-1.,-2.88430644267469E-16));
#11556=DIRECTION('ref_axis',(0.923879532511286,2.59799911064714E-16,0.382683432365091));
#11557=DIRECTION('center_axis',(-0.707106781186547,-8.65956056235493E-17,
0.707106781186548));
#11558=DIRECTION('ref_axis',(0.,-1.,-1.22464679914735E-16));
#11559=DIRECTION('center_axis',(0.707106781186548,8.65956056235493E-17,
-0.707106781186547));
#11560=DIRECTION('ref_axis',(0.133719210582045,-0.981956386731422,0.133719210582045));
#11561=DIRECTION('',(-0.707106781186548,-6.08252006223346E-17,0.707106781186547));
#11562=DIRECTION('center_axis',(-0.707106781186547,-8.65956056235493E-17,
0.707106781186548));
#11563=DIRECTION('ref_axis',(0.,-1.,-1.22464679914735E-16));
#11564=DIRECTION('center_axis',(-1.,-1.49975978266186E-32,1.22464679914735E-16));
#11565=DIRECTION('ref_axis',(0.,-1.,-1.22464679914735E-16));
#11566=DIRECTION('center_axis',(1.,1.49975978266186E-32,-1.22464679914735E-16));
#11567=DIRECTION('ref_axis',(2.31589920477099E-17,-0.981956386731422,0.189107521154949));
#11568=DIRECTION('center_axis',(-1.,-1.49975978266186E-32,1.22464679914735E-16));
#11569=DIRECTION('ref_axis',(0.,-1.,-1.22464679914735E-16));
#11570=DIRECTION('center_axis',(-0.707106781186548,8.65956056235493E-17,
-0.707106781186547));
#11571=DIRECTION('ref_axis',(0.,-1.,-1.22464679914735E-16));
#11572=DIRECTION('center_axis',(0.707106781186548,-8.65956056235493E-17,
0.707106781186547));
#11573=DIRECTION('ref_axis',(-0.133719210582045,-0.981956386731422,0.133719210582045));
#11574=DIRECTION('',(-0.707106781186548,8.65956056235493E-17,-0.707106781186547));
#11575=DIRECTION('center_axis',(-0.707106781186553,8.65956056235487E-17,
-0.707106781186542));
#11576=DIRECTION('ref_axis',(0.,-1.,-1.22464679914735E-16));
#11577=DIRECTION('center_axis',(-1.22464679914735E-16,1.22464679914735E-16,
-1.));
#11578=DIRECTION('ref_axis',(0.,-1.,-1.22464679914735E-16));
#11579=DIRECTION('center_axis',(1.22464679914735E-16,-1.22464679914735E-16,
1.));
#11580=DIRECTION('ref_axis',(-0.189107521154951,-0.981956386731422,-9.70959825435835E-17));
#11581=DIRECTION('center_axis',(-1.22464679914735E-16,1.22464679914735E-16,
-1.));
#11582=DIRECTION('ref_axis',(0.,-1.,-1.22464679914735E-16));
#11583=DIRECTION('center_axis',(0.707106781186551,8.65956056235489E-17,
-0.707106781186544));
#11584=DIRECTION('ref_axis',(0.,-1.,-1.22464679914735E-16));
#11585=DIRECTION('center_axis',(-0.707106781186549,-8.65956056235492E-17,
0.707106781186546));
#11586=DIRECTION('ref_axis',(-0.133719210582044,-0.981956386731422,-0.133719210582046));
#11587=DIRECTION('',(0.707106781186549,1.12366010624764E-16,-0.707106781186546));
#11588=DIRECTION('center_axis',(0.707106781186558,8.65956056235481E-17,
-0.707106781186537));
#11589=DIRECTION('ref_axis',(0.,-1.,-1.22464679914735E-16));
#11590=DIRECTION('center_axis',(1.41660811596359E-15,-1.,-7.09242974114645E-16));
#11591=DIRECTION('ref_axis',(-0.382683432365085,1.1314261122877E-16,-0.923879532511289));
#11592=DIRECTION('center_axis',(1.,1.49975978266186E-32,-1.22464679914735E-16));
#11593=DIRECTION('ref_axis',(0.,-1.,-1.22464679914735E-16));
#11594=DIRECTION('center_axis',(-1.,-1.49975978266186E-32,1.22464679914735E-16));
#11595=DIRECTION('ref_axis',(-2.31589920477099E-17,-0.981956386731422,-0.18910752115495));
#11596=DIRECTION('',(1.,1.49975978266186E-32,-1.22464679914735E-16));
#11597=DIRECTION('center_axis',(1.,7.4718133856788E-31,-6.10119864019647E-15));
#11598=DIRECTION('ref_axis',(0.,-1.,-1.22464679914735E-16));
#11599=DIRECTION('center_axis',(-6.67795470054496E-17,-1.,-9.48036858559455E-17));
#11600=DIRECTION('ref_axis',(0.382683432365078,6.20317587091078E-17,-0.923879532511292));
#11601=DIRECTION('center_axis',(0.707106781186554,-8.65956056235486E-17,
0.707106781186541));
#11602=DIRECTION('ref_axis',(0.,-1.,-1.22464679914735E-16));
#11603=DIRECTION('center_axis',(-0.707106781186548,8.65956056235493E-17,
-0.707106781186547));
#11604=DIRECTION('ref_axis',(0.133719210582045,-0.981956386731421,-0.133719210582046));
#11605=DIRECTION('',(0.707106781186548,-6.08252006223345E-17,0.707106781186547));
#11606=DIRECTION('center_axis',(0.707106781186547,-8.65956056235494E-17,
0.707106781186548));
#11607=DIRECTION('ref_axis',(0.707106781186548,8.65956056235493E-17,-0.707106781186547));
#11608=DIRECTION('',(0.,1.,1.22464679914735E-16));
#11609=DIRECTION('',(-0.707106781186548,-1.16489275424958E-16,0.707106781186547));
#11610=DIRECTION('center_axis',(0.,-1.,-1.22464679914735E-16));
#11611=DIRECTION('ref_axis',(0.38268343236509,-1.1314261122877E-16,0.923879532511287));
#11612=DIRECTION('',(0.,-1.,-1.22464679914735E-16));
#11613=DIRECTION('center_axis',(0.,-1.,-1.22464679914735E-16));
#11614=DIRECTION('ref_axis',(0.38268343236509,-1.1314261122877E-16,0.923879532511287));
#11615=DIRECTION('center_axis',(1.22464679914735E-16,-1.22464679914735E-16,
1.));
#11616=DIRECTION('ref_axis',(1.,1.49975978266186E-32,-1.22464679914735E-16));
#11617=DIRECTION('',(0.,1.,1.22464679914735E-16));
#11618=DIRECTION('',(-1.,-1.49975978266186E-32,1.22464679914735E-16));
#11619=DIRECTION('center_axis',(0.,1.,1.22464679914735E-16));
#11620=DIRECTION('ref_axis',(-0.382683432365089,-1.1314261122877E-16,0.923879532511287));
#11621=DIRECTION('',(0.,-1.,-1.22464679914735E-16));
#11622=DIRECTION('center_axis',(0.,-1.,-1.22464679914735E-16));
#11623=DIRECTION('ref_axis',(-0.382683432365089,-1.1314261122877E-16,0.923879532511287));
#11624=DIRECTION('center_axis',(-0.707106781186547,-8.65956056235494E-17,
0.707106781186548));
#11625=DIRECTION('ref_axis',(0.707106781186548,-8.65956056235493E-17,0.707106781186547));
#11626=DIRECTION('',(0.,1.,1.22464679914735E-16));
#11627=DIRECTION('',(-0.707106781186548,8.65956056235493E-17,-0.707106781186547));
#11628=DIRECTION('center_axis',(0.,-1.,-1.22464679914735E-16));
#11629=DIRECTION('ref_axis',(-0.923879532511286,-4.68652040532631E-17,0.382683432365091));
#11630=DIRECTION('center_axis',(0.,-1.,-1.22464679914735E-16));
#11631=DIRECTION('ref_axis',(-0.923879532511286,-4.68652040532631E-17,0.382683432365091));
#11632=DIRECTION('center_axis',(0.,1.,1.22464679914735E-16));
#11633=DIRECTION('ref_axis',(0.923879532511287,-4.68652040532629E-17,0.382683432365089));
#11634=DIRECTION('center_axis',(-7.68485044983132E-18,1.,7.52716120555647E-16));
#11635=DIRECTION('ref_axis',(0.923879532511287,-2.8095211256976E-16,0.38268343236509));
#11636=DIRECTION('',(-0.656532164298611,-0.371390676354104,-0.656532164298614));
#11637=DIRECTION('',(-0.928476690885259,-0.371390676354104,6.82233604545336E-17));
#11638=DIRECTION('center_axis',(0.371390676354104,-0.928476690885259,-1.59187841060578E-16));
#11639=DIRECTION('ref_axis',(0.928476690885259,0.371390676354104,-6.82233604545336E-17));
#11640=DIRECTION('',(-1.22464679914735E-16,1.22464679914735E-16,-1.));
#11641=DIRECTION('',(-0.928476690885259,-0.371390676354104,6.82233604545336E-17));
#11642=DIRECTION('center_axis',(0.,1.,1.22464679914735E-16));
#11643=DIRECTION('ref_axis',(0.923879532511287,4.68652040532629E-17,-0.382683432365089));
#11644=DIRECTION('center_axis',(-3.35929431085598E-16,1.,-6.88540708612392E-16));
#11645=DIRECTION('ref_axis',(0.923879532511287,4.6865204053263E-17,-0.38268343236509));
#11646=DIRECTION('',(0.656532164298613,0.371390676354103,-0.656532164298613));
#11647=DIRECTION('center_axis',(0.,1.,1.22464679914735E-16));
#11648=DIRECTION('ref_axis',(0.38268343236509,1.1314261122877E-16,-0.923879532511287));
#11649=DIRECTION('center_axis',(-1.35167564754521E-15,1.,-4.37417705227926E-16));
#11650=DIRECTION('ref_axis',(0.38268343236509,1.1314261122877E-16,-0.923879532511287));
#11651=DIRECTION('',(0.656532164298611,0.371390676354103,-0.656532164298614));
#11652=DIRECTION('',(-1.13705600757556E-16,0.371390676354105,-0.928476690885259));
#11653=DIRECTION('center_axis',(-4.54822403030224E-17,-0.928476690885259,
-0.371390676354104));
#11654=DIRECTION('ref_axis',(1.,1.49975978266186E-32,-1.22464679914735E-16));
#11655=DIRECTION('',(-1.,-1.49975978266186E-32,1.22464679914735E-16));
#11656=DIRECTION('',(2.9862087926188E-16,0.371390676354104,-0.928476690885259));
#11657=DIRECTION('center_axis',(0.,1.,1.22464679914735E-16));
#11658=DIRECTION('ref_axis',(-0.382683432365089,1.1314261122877E-16,-0.923879532511287));
#11659=DIRECTION('center_axis',(-1.2435415957416E-15,1.,6.37556474245982E-16));
#11660=DIRECTION('ref_axis',(-0.382683432365088,1.1314261122877E-16,-0.923879532511288));
#11661=DIRECTION('',(-0.656532164298611,0.371390676354104,-0.656532164298615));
#11662=DIRECTION('center_axis',(0.,-1.,-1.22464679914735E-16));
#11663=DIRECTION('ref_axis',(1.,0.,0.));
#11664=DIRECTION('center_axis',(-1.22464679914735E-16,1.22464679914735E-16,
-1.));
#11665=DIRECTION('ref_axis',(1.,1.49975978266186E-32,-1.22464679914735E-16));
#11666=DIRECTION('center_axis',(-0.707106781186547,-8.65956056235494E-17,
0.707106781186548));
#11667=DIRECTION('ref_axis',(0.262612865719447,-0.928476690885259,0.262612865719447));
#11668=DIRECTION('center_axis',(1.22464679914735E-16,-1.22464679914735E-16,
1.));
#11669=DIRECTION('ref_axis',(0.828067230469273,-0.560628809305183,-1.70066216009839E-16));
#11670=DIRECTION('center_axis',(-1.22464679914735E-16,1.22464679914735E-16,
-1.));
#11671=DIRECTION('ref_axis',(1.,1.49975978266186E-32,-1.22464679914735E-16));
#11672=DIRECTION('center_axis',(0.,-1.,-1.22464679914735E-16));
#11673=DIRECTION('ref_axis',(1.,0.,0.));
#11674=DIRECTION('center_axis',(-0.70710678118655,2.21184869306749E-15,
-0.707106781186545));
#11675=DIRECTION('ref_axis',(0.707106781186545,8.65956056235496E-17,-0.70710678118655));
#11676=DIRECTION('center_axis',(0.707106781186548,-8.65956056235493E-17,
0.707106781186547));
#11677=DIRECTION('ref_axis',(0.585531953943183,-0.560628809305185,-0.585531953943189));
#11678=DIRECTION('',(-0.707106781186548,8.65956056235493E-17,-0.707106781186547));
#11679=DIRECTION('center_axis',(-0.707106781186548,3.47298788781443E-15,
-0.707106781186547));
#11680=DIRECTION('ref_axis',(0.707106781186547,8.65956056235493E-17,-0.707106781186548));
#11681=DIRECTION('',(-0.707106781186548,8.65956056235493E-17,-0.707106781186547));
#11682=DIRECTION('center_axis',(0.,-1.,-1.22464679914735E-16));
#11683=DIRECTION('ref_axis',(1.,0.,0.));
#11684=DIRECTION('center_axis',(-1.,-1.49975978266186E-32,1.22464679914735E-16));
#11685=DIRECTION('ref_axis',(-1.22464679914735E-16,1.22464679914735E-16,
-1.));
#11686=DIRECTION('center_axis',(1.,1.49975978266186E-32,-1.22464679914735E-16));
#11687=DIRECTION('ref_axis',(-1.01408988327301E-16,-0.560628809305186,-0.828067230469272));
#11688=DIRECTION('center_axis',(-1.,-1.49975978266186E-32,1.22464679914735E-16));
#11689=DIRECTION('ref_axis',(-1.22464679914735E-16,1.22464679914735E-16,
-1.));
#11690=DIRECTION('center_axis',(0.,-1.,-1.22464679914735E-16));
#11691=DIRECTION('ref_axis',(1.,0.,0.));
#11692=DIRECTION('center_axis',(-0.707106781186545,6.42929023390232E-15,
0.70710678118655));
#11693=DIRECTION('ref_axis',(-0.70710678118655,8.65956056235491E-17,-0.707106781186546));
#11694=DIRECTION('center_axis',(0.707106781186549,5.67019358221401E-17,
-0.707106781186546));
#11695=DIRECTION('ref_axis',(-0.585531953943185,-0.560628809305185,-0.585531953943187));
#11696=DIRECTION('',(-0.707106781186549,-5.67019358221401E-17,0.707106781186546));
#11697=DIRECTION('center_axis',(-0.707106781186548,5.47175862307596E-15,
0.707106781186547));
#11698=DIRECTION('ref_axis',(-0.707106781186547,8.65956056235493E-17,-0.707106781186547));
#11699=DIRECTION('',(-0.707106781186549,-5.67019358221401E-17,0.707106781186546));
#11700=DIRECTION('center_axis',(0.,-1.,-1.22464679914735E-16));
#11701=DIRECTION('ref_axis',(1.,0.,0.));
#11702=DIRECTION('center_axis',(1.22464679914735E-16,-1.22464679914735E-16,
1.));
#11703=DIRECTION('ref_axis',(-1.,-1.49975978266186E-32,1.22464679914735E-16));
#11704=DIRECTION('center_axis',(0.,-1.,-1.22464679914735E-16));
#11705=DIRECTION('ref_axis',(-0.923879532511287,4.6865204053263E-17,-0.38268343236509));
#11706=DIRECTION('center_axis',(-1.22464679914735E-16,1.22464679914735E-16,
-1.));
#11707=DIRECTION('ref_axis',(-0.828067230469273,-0.560628809305184,3.27517606447624E-17));
#11708=DIRECTION('center_axis',(1.22464679914735E-16,-1.22464679914735E-16,
1.));
#11709=DIRECTION('ref_axis',(-1.,-1.49975978266186E-32,1.22464679914735E-16));
#11710=DIRECTION('center_axis',(0.,-1.,-1.22464679914735E-16));
#11711=DIRECTION('ref_axis',(1.,0.,0.));
#11712=DIRECTION('center_axis',(0.707106781186547,1.15118915959105E-15,
0.707106781186548));
#11713=DIRECTION('ref_axis',(-0.707106781186548,-8.65956056235493E-17,0.707106781186547));
#11714=DIRECTION('center_axis',(-0.707106781186548,8.65956056235493E-17,
-0.707106781186547));
#11715=DIRECTION('ref_axis',(-0.585531953943186,-0.560628809305184,0.585531953943187));
#11716=DIRECTION('',(0.707106781186548,-8.65956056235493E-17,0.707106781186547));
#11717=DIRECTION('center_axis',(0.707106781186548,5.20619562217575E-16,
0.707106781186547));
#11718=DIRECTION('ref_axis',(-0.707106781186547,-8.65956056235494E-17,0.707106781186548));
#11719=DIRECTION('',(0.707106781186548,-8.65956056235493E-17,0.707106781186547));
#11720=DIRECTION('center_axis',(0.,-1.,-1.22464679914735E-16));
#11721=DIRECTION('ref_axis',(1.,0.,0.));
#11722=DIRECTION('center_axis',(1.,1.49975978266186E-32,-1.22464679914735E-16));
#11723=DIRECTION('ref_axis',(1.22464679914735E-16,-1.22464679914735E-16,
1.));
#11724=DIRECTION('center_axis',(-1.,-1.49975978266186E-32,1.22464679914735E-16));
#11725=DIRECTION('ref_axis',(1.01408988327301E-16,-0.560628809305183,0.828067230469273));
#11726=DIRECTION('center_axis',(1.,1.49975978266186E-32,-1.22464679914735E-16));
#11727=DIRECTION('ref_axis',(1.22464679914735E-16,-1.22464679914735E-16,
1.));
#11728=DIRECTION('center_axis',(0.,-1.,-1.22464679914735E-16));
#11729=DIRECTION('ref_axis',(1.,0.,0.));
#11730=DIRECTION('center_axis',(0.707106781186547,8.65956056235494E-17,
-0.707106781186548));
#11731=DIRECTION('ref_axis',(0.707106781186548,-8.65956056235493E-17,0.707106781186547));
#11732=DIRECTION('center_axis',(-0.707106781186548,-1.16489275424958E-16,
0.707106781186547));
#11733=DIRECTION('ref_axis',(0.585531953943186,-0.560628809305184,0.585531953943186));
#11734=DIRECTION('',(0.707106781186548,1.16489275424958E-16,-0.707106781186547));
#11735=DIRECTION('',(0.707106781186548,1.16489275424958E-16,-0.707106781186547));
#11736=DIRECTION('center_axis',(-0.262612865719444,-0.92847669088526,-0.262612865719445));
#11737=DIRECTION('ref_axis',(0.962250448649377,-0.272165526975908,-1.51172357336586E-16));
#11738=DIRECTION('center_axis',(0.262612865719444,0.92847669088526,0.262612865719445));
#11739=DIRECTION('ref_axis',(0.656532164298612,-0.371390676354103,0.656532164298614));
#11740=DIRECTION('center_axis',(0.262612865719444,-0.92847669088526,-0.262612865719445));
#11741=DIRECTION('ref_axis',(0.962250448649376,0.272165526975908,-8.45110290467265E-17));
#11742=DIRECTION('center_axis',(-0.262612865719444,0.92847669088526,0.262612865719445));
#11743=DIRECTION('ref_axis',(-0.656532164298612,-0.371390676354103,0.656532164298613));
#11744=DIRECTION('center_axis',(-0.262612865719444,0.92847669088526,0.262612865719445));
#11745=DIRECTION('ref_axis',(-0.656532164298612,-0.371390676354103,0.656532164298613));
#11746=DIRECTION('center_axis',(-0.262612865719445,-0.928476690885259,0.262612865719445));
#11747=DIRECTION('ref_axis',(0.962250448649376,-0.272165526975909,-1.51172357336586E-16));
#11748=DIRECTION('center_axis',(0.262612865719445,0.928476690885259,-0.262612865719445));
#11749=DIRECTION('ref_axis',(-0.656532164298612,0.371390676354103,0.656532164298613));
#11750=DIRECTION('center_axis',(0.262612865719445,0.928476690885259,-0.262612865719445));
#11751=DIRECTION('ref_axis',(-0.656532164298612,0.371390676354103,0.656532164298613));
#11752=DIRECTION('center_axis',(0.262612865719445,-0.928476690885259,0.262612865719445));
#11753=DIRECTION('ref_axis',(0.962250448649376,0.272165526975908,-8.45110290467265E-17));
#11754=DIRECTION('center_axis',(-0.262612865719445,0.928476690885259,-0.262612865719445));
#11755=DIRECTION('ref_axis',(0.656532164298612,0.371390676354104,0.656532164298613));
#11756=DIRECTION('center_axis',(-0.262612865719445,0.928476690885259,-0.262612865719445));
#11757=DIRECTION('ref_axis',(0.656532164298612,0.371390676354104,0.656532164298613));
#11758=DIRECTION('center_axis',(0.,1.,1.22464679914735E-16));
#11759=DIRECTION('ref_axis',(1.22464679914735E-16,-1.22464679914735E-16,
1.));
#11760=DIRECTION('center_axis',(0.,1.,1.22464679914735E-16));
#11761=DIRECTION('ref_axis',(1.22464679914735E-16,-1.22464679914735E-16,
1.));
#11762=DIRECTION('center_axis',(0.,1.,1.22464679914735E-16));
#11763=DIRECTION('ref_axis',(1.22464679914735E-16,-1.22464679914735E-16,
1.));
#11764=DIRECTION('',(0.,1.,1.22464679914735E-16));
#11765=DIRECTION('center_axis',(0.,1.,1.22464679914735E-16));
#11766=DIRECTION('ref_axis',(1.22464679914735E-16,-1.22464679914735E-16,
1.));
#11767=DIRECTION('center_axis',(0.,1.,1.22464679914735E-16));
#11768=DIRECTION('ref_axis',(1.22464679914735E-16,-1.22464679914735E-16,
1.));
#11769=DIRECTION('center_axis',(0.,1.,1.22464679914735E-16));
#11770=DIRECTION('ref_axis',(1.22464679914735E-16,-1.22464679914735E-16,
1.));
#11771=DIRECTION('',(0.,1.,1.22464679914735E-16));
#11772=DIRECTION('center_axis',(0.,1.,1.22464679914735E-16));
#11773=DIRECTION('ref_axis',(1.22464679914735E-16,-1.22464679914735E-16,
1.));
#11774=DIRECTION('center_axis',(0.,1.,1.22464679914735E-16));
#11775=DIRECTION('ref_axis',(1.22464679914735E-16,-1.22464679914735E-16,
1.));
#11776=DIRECTION('center_axis',(0.,1.,1.22464679914735E-16));
#11777=DIRECTION('ref_axis',(1.22464679914735E-16,-1.22464679914735E-16,
1.));
#11778=DIRECTION('',(0.,1.,1.22464679914735E-16));
#11779=DIRECTION('center_axis',(0.,1.,1.22464679914735E-16));
#11780=DIRECTION('ref_axis',(1.22464679914735E-16,-1.22464679914735E-16,
1.));
#11781=DIRECTION('center_axis',(0.,1.,1.22464679914735E-16));
#11782=DIRECTION('ref_axis',(1.22464679914735E-16,-1.22464679914735E-16,
1.));
#11783=DIRECTION('center_axis',(0.,1.,1.22464679914735E-16));
#11784=DIRECTION('ref_axis',(1.22464679914735E-16,-1.22464679914735E-16,
1.));
#11785=DIRECTION('',(0.,1.,1.22464679914735E-16));
#11786=DIRECTION('center_axis',(0.,1.,1.22464679914735E-16));
#11787=DIRECTION('ref_axis',(-0.923879532511287,4.68652040532629E-17,-0.382683432365089));
#11788=DIRECTION('center_axis',(-1.47793158861363E-9,1.22464679914735E-16,
-1.));
#11789=DIRECTION('ref_axis',(-1.,-1.80994418935445E-25,1.47793158861363E-9));
#11790=DIRECTION('center_axis',(-1.,3.31022203424166E-24,-2.70300141767109E-8));
#11791=DIRECTION('ref_axis',(-2.70300141767109E-8,-1.22464679914735E-16,
1.));
#11792=DIRECTION('',(0.,-1.,0.));
#11793=DIRECTION('center_axis',(-0.707106771630015,8.6595606793887E-17,
-0.70710679074308));
#11794=DIRECTION('ref_axis',(-0.70710679074308,-8.65956044532116E-17,0.707106771630015));
#11795=DIRECTION('',(0.,1.,0.));
#11796=DIRECTION('center_axis',(-5.51322275171373E-14,1.22464679914735E-16,
-1.));
#11797=DIRECTION('ref_axis',(-1.,-6.75175059587258E-30,5.51322275171373E-14));
#11798=DIRECTION('center_axis',(2.46519032881566E-32,-1.,-1.22464679914735E-16));
#11799=DIRECTION('ref_axis',(-1.,0.,0.));
#11800=DIRECTION('center_axis',(-1.22464679914734E-16,1.,5.31510293788269E-15));
#11801=DIRECTION('ref_axis',(1.,1.22464679914735E-16,-2.22044604925031E-16));
#11802=DIRECTION('center_axis',(0.,-1.22464679914735E-16,1.));
#11803=DIRECTION('ref_axis',(1.,0.,0.));
#11804=DIRECTION('center_axis',(2.46519032881566E-32,-1.,-1.22464679914735E-16));
#11805=DIRECTION('ref_axis',(1.,5.90441961440531E-32,-2.22044604925031E-16));
#11806=DIRECTION('center_axis',(-1.22464679914734E-16,1.,5.31510293788269E-15));
#11807=DIRECTION('ref_axis',(1.,1.22464679914735E-16,-2.22044604925031E-16));
#11808=DIRECTION('center_axis',(1.22464679914735E-16,-1.,-1.22464679914735E-16));
#11809=DIRECTION('ref_axis',(1.,5.10269499644733E-17,-3.44509290183548E-16));
#11810=DIRECTION('',(0.70710678118654,0.707106781186555,-7.04136440234496E-17));
#11811=DIRECTION('center_axis',(-2.46519032881566E-32,1.,1.22464679914735E-16));
#11812=DIRECTION('ref_axis',(1.,1.22464679914735E-16,-3.44509290183548E-16));
#11813=DIRECTION('center_axis',(2.46519032881566E-32,-1.,-1.22464679914735E-16));
#11814=DIRECTION('ref_axis',(-2.22044604925031E-16,1.22464679914735E-16,
-1.));
#11815=DIRECTION('center_axis',(2.46519032881566E-32,-1.,-1.22464679914735E-16));
#11816=DIRECTION('ref_axis',(-0.854850414265095,6.35438022113457E-17,-0.518874521662796));
#11817=DIRECTION('',(-2.22044604925031E-16,1.22464679914735E-16,-1.));
#11818=DIRECTION('center_axis',(-2.46519032881566E-32,1.,1.22464679914735E-16));
#11819=DIRECTION('ref_axis',(0.818029909190874,-7.04387060575487E-17,0.575175684177601));
#11820=DIRECTION('center_axis',(-2.46519032881566E-32,1.,1.22464679914735E-16));
#11821=DIRECTION('ref_axis',(0.215164726205257,-1.19596283998521E-16,0.97657776986629));
#11822=DIRECTION('center_axis',(2.46519032881566E-32,-1.,-1.22464679914735E-16));
#11823=DIRECTION('ref_axis',(-1.98682139629369E-8,1.22464679914735E-16,
-1.));
#11824=DIRECTION('center_axis',(-2.46519032881566E-32,1.,1.22464679914735E-16));
#11825=DIRECTION('ref_axis',(-0.215164706802399,-1.1959628452205E-16,0.976577774141229));
#11826=DIRECTION('center_axis',(-2.46519032881566E-32,1.,1.22464679914735E-16));
#11827=DIRECTION('ref_axis',(-0.818029909190874,-7.04387060575487E-17,0.5751756841776));
#11828=DIRECTION('',(2.22044604925031E-16,-1.22464679914735E-16,1.));
#11829=DIRECTION('center_axis',(2.46519032881566E-32,-1.,-1.22464679914735E-16));
#11830=DIRECTION('ref_axis',(0.854850414265095,6.35438022113458E-17,-0.518874521662796));
#11831=DIRECTION('center_axis',(-2.46519032881566E-32,1.,1.22464679914735E-16));
#11832=DIRECTION('ref_axis',(-1.,-4.1086505480261E-32,2.22044604925031E-16));
#11833=DIRECTION('center_axis',(2.46519032881566E-32,-1.,-1.22464679914735E-16));
#11834=DIRECTION('ref_axis',(0.854850414265095,-6.35438022113457E-17,0.518874521662796));
#11835=DIRECTION('',(2.22044604925031E-16,-1.22464679914735E-16,1.));
#11836=DIRECTION('center_axis',(-2.46519032881566E-32,1.,1.22464679914735E-16));
#11837=DIRECTION('ref_axis',(-0.818029909190874,7.04387060575486E-17,-0.5751756841776));
#11838=DIRECTION('center_axis',(-2.46519032881566E-32,1.,1.22464679914735E-16));
#11839=DIRECTION('ref_axis',(-0.215164706802399,1.1959628452205E-16,-0.976577774141229));
#11840=DIRECTION('center_axis',(2.46519032881566E-32,-1.,-1.22464679914735E-16));
#11841=DIRECTION('ref_axis',(-1.98682206242751E-8,-1.22464679914735E-16,
1.));
#11842=DIRECTION('center_axis',(-2.46519032881566E-32,1.,1.22464679914735E-16));
#11843=DIRECTION('ref_axis',(0.215164726205257,1.19596283998521E-16,-0.97657776986629));
#11844=DIRECTION('center_axis',(-2.46519032881566E-32,1.,1.22464679914735E-16));
#11845=DIRECTION('ref_axis',(0.818029909190875,7.04387060575486E-17,-0.575175684177599));
#11846=DIRECTION('',(-2.22044604925031E-16,1.22464679914735E-16,-1.));
#11847=DIRECTION('center_axis',(2.46519032881566E-32,-1.,-1.22464679914735E-16));
#11848=DIRECTION('ref_axis',(-0.854850414265095,-6.35438022113458E-17,0.518874521662796));
#11849=DIRECTION('center_axis',(-2.46519032881566E-32,1.,1.22464679914735E-16));
#11850=DIRECTION('ref_axis',(1.,4.1086505480261E-32,-2.22044604925031E-16));
#11851=DIRECTION('',(-1.,-4.93038065763132E-32,2.22044604925031E-16));
#11852=DIRECTION('',(-0.0995037190209986,-1.21856911002324E-16,0.995037190209989));
#11853=DIRECTION('center_axis',(2.46519032881566E-32,-1.,-1.22464679914735E-16));
#11854=DIRECTION('ref_axis',(0.741452533551876,8.2174451828074E-17,-0.671005320760949));
#11855=DIRECTION('',(1.,4.93038065763132E-32,-2.22044604925031E-16));
#11856=DIRECTION('center_axis',(2.46519032881566E-32,-1.,-1.22464679914735E-16));
#11857=DIRECTION('ref_axis',(-0.741452533551873,8.21744518280743E-17,-0.671005320760952));
#11858=DIRECTION('',(-0.099503719020999,1.21856911002324E-16,-0.995037190209989));
#11859=DIRECTION('',(1.,4.93038065763132E-32,-2.22044604925031E-16));
#11860=DIRECTION('',(0.0995037190209986,1.21856911002324E-16,-0.995037190209989));
#11861=DIRECTION('center_axis',(2.46519032881566E-32,-1.,-1.22464679914735E-16));
#11862=DIRECTION('ref_axis',(-0.741452533551876,-8.2174451828074E-17,0.671005320760949));
#11863=DIRECTION('',(-1.,-4.93038065763132E-32,2.22044604925031E-16));
#11864=DIRECTION('center_axis',(2.46519032881566E-32,-1.,-1.22464679914735E-16));
#11865=DIRECTION('ref_axis',(0.720566849826142,-8.49152300759579E-17,0.693385473551062));
#11866=DIRECTION('',(0.03843317013679,-1.2237419967619E-16,0.999261172783791));
#11867=DIRECTION('',(1.,7.39557098644699E-32,-3.44509290183548E-16));
#11868=DIRECTION('center_axis',(2.46519032881566E-32,-1.,-1.22464679914735E-16));
#11869=DIRECTION('ref_axis',(-0.707106781186554,8.65956056235486E-17,-0.707106781186541));
#11870=DIRECTION('',(-3.44509290183548E-16,1.22464679914735E-16,-1.));
#11871=DIRECTION('center_axis',(2.46519032881566E-32,-1.,-1.22464679914735E-16));
#11872=DIRECTION('ref_axis',(-0.707106781186541,-8.65956056235501E-17,0.707106781186554));
#11873=DIRECTION('',(-1.,-7.39557098644699E-32,3.44509290183548E-16));
#11874=DIRECTION('center_axis',(2.46519032881566E-32,-1.,-1.22464679914735E-16));
#11875=DIRECTION('ref_axis',(0.707106781186541,-8.65956056235501E-17,0.707106781186554));
#11876=DIRECTION('',(3.44509290183548E-16,-1.22464679914735E-16,1.));
#11877=DIRECTION('center_axis',(2.46519032881566E-32,-1.,-1.22464679914735E-16));
#11878=DIRECTION('ref_axis',(0.707106781186554,8.65956056235486E-17,-0.707106781186541));
#11879=DIRECTION('center_axis',(-1.22464679914735E-16,1.,1.22464679914735E-16));
#11880=DIRECTION('ref_axis',(1.,1.22464679914735E-16,-3.44509290183548E-16));
#11881=DIRECTION('',(-1.22464679914735E-16,1.,1.22464679914735E-16));
#11882=DIRECTION('center_axis',(-5.34378144007536E-24,-1.,-1.22464679914735E-16));
#11883=DIRECTION('ref_axis',(1.,-1.63131981634097E-17,-2.22044604925031E-16));
#11884=DIRECTION('center_axis',(5.34378144007536E-24,1.,1.22464679914735E-16));
#11885=DIRECTION('ref_axis',(1.,0.,0.));
#11886=DIRECTION('center_axis',(5.34378144007536E-24,1.,1.22464679914735E-16));
#11887=DIRECTION('ref_axis',(1.,-5.34378141747781E-24,-2.22044604925031E-16));
#11888=DIRECTION('center_axis',(0.,-1.22464679914735E-16,1.));
#11889=DIRECTION('ref_axis',(-1.,0.,0.));
#11890=DIRECTION('center_axis',(-5.34378144007536E-24,-1.,-1.22464679914735E-16));
#11891=DIRECTION('ref_axis',(1.,-5.34378139077155E-24,-3.44509290183548E-16));
#11892=DIRECTION('center_axis',(1.22464679914735E-16,-1.,-1.22464679914735E-16));
#11893=DIRECTION('ref_axis',(-2.22044604925031E-16,1.22464679914735E-16,
-1.));
#11894=DIRECTION('center_axis',(5.34378144007536E-24,1.,1.22464679914735E-16));
#11895=DIRECTION('ref_axis',(-2.22044604925031E-16,1.22464679914735E-16,
-1.));
#11896=DIRECTION('',(3.30200457115476E-16,-0.707106781186548,0.707106781186547));
#11897=DIRECTION('center_axis',(-5.34378144007536E-24,-1.,-1.22464679914735E-16));
#11898=DIRECTION('ref_axis',(-2.22044604925031E-16,1.22464679914735E-16,
-1.));
#11899=DIRECTION('center_axis',(-5.34378144007536E-24,-1.,-1.22464679914735E-16));
#11900=DIRECTION('ref_axis',(1.,-5.34378139077155E-24,-3.44509290183548E-16));
#11901=DIRECTION('center_axis',(-5.34378144007536E-24,-1.,-1.22464679914735E-16));
#11902=DIRECTION('ref_axis',(-0.707106781186541,-1.73191211247099E-16,0.707106781186554));
#11903=DIRECTION('',(3.44509290183548E-16,-1.22464679914735E-16,1.));
#11904=DIRECTION('center_axis',(-5.34378144007536E-24,-1.,-1.22464679914735E-16));
#11905=DIRECTION('ref_axis',(-0.707106781186554,-1.55615139506489E-30,-0.707106781186541));
#11906=DIRECTION('',(-1.,5.34378139077155E-24,3.44509290183548E-16));
#11907=DIRECTION('center_axis',(-5.34378144007536E-24,-1.,-1.22464679914735E-16));
#11908=DIRECTION('ref_axis',(0.707106781186554,1.73191211247099E-16,-0.707106781186541));
#11909=DIRECTION('',(-3.44509290183548E-16,1.22464679914735E-16,-1.));
#11910=DIRECTION('center_axis',(-5.34378144007536E-24,-1.,-1.22464679914735E-16));
#11911=DIRECTION('ref_axis',(0.707106781186541,-1.4945216368445E-30,0.707106781186554));
#11912=DIRECTION('',(1.,-5.34378139077155E-24,-3.44509290183548E-16));
#11913=DIRECTION('center_axis',(-5.34378144007536E-24,-1.,-1.22464679914735E-16));
#11914=DIRECTION('ref_axis',(-2.22044604925031E-16,1.22464679914735E-16,
-1.));
#11915=DIRECTION('center_axis',(-5.34378144007536E-24,-1.,-1.22464679914735E-16));
#11916=DIRECTION('ref_axis',(-2.22044604925031E-16,1.22464679914735E-16,
-1.));
#11917=DIRECTION('center_axis',(-5.34378144007536E-24,-1.,-1.22464679914735E-16));
#11918=DIRECTION('ref_axis',(-2.22044604925031E-16,1.22464679914735E-16,
-1.));
#11919=DIRECTION('center_axis',(2.46519032881566E-32,-1.,-1.22464679914735E-16));
#11920=DIRECTION('ref_axis',(-2.22044604925031E-16,1.22464679914735E-16,
-1.));
#11921=DIRECTION('',(-2.46519032881566E-32,1.,1.22464679914735E-16));
#11922=DIRECTION('center_axis',(-2.46519032881566E-32,1.,1.22464679914735E-16));
#11923=DIRECTION('ref_axis',(-2.22044604925031E-16,1.22464679914735E-16,
-1.));
#11924=DIRECTION('center_axis',(1.22464679914735E-16,-1.,-1.22464679914735E-16));
#11925=DIRECTION('ref_axis',(-2.22044604925031E-16,1.22464679914735E-16,
-1.));
#11926=DIRECTION('center_axis',(5.34378144007536E-24,1.,1.22464679914735E-16));
#11927=DIRECTION('ref_axis',(-2.22044604925031E-16,1.22464679914735E-16,
-1.));
#11928=DIRECTION('',(3.30200457115476E-16,-0.707106781186548,0.707106781186547));
#11929=DIRECTION('center_axis',(2.46519032881566E-32,-1.,-1.22464679914735E-16));
#11930=DIRECTION('ref_axis',(-2.22044604925031E-16,1.22464679914735E-16,
-1.));
#11931=DIRECTION('',(-2.46519032881566E-32,1.,1.22464679914735E-16));
#11932=DIRECTION('center_axis',(-2.46519032881566E-32,1.,1.22464679914735E-16));
#11933=DIRECTION('ref_axis',(-2.22044604925031E-16,1.22464679914735E-16,
-1.));
#11934=DIRECTION('center_axis',(1.22464679914735E-16,-1.,-1.22464679914735E-16));
#11935=DIRECTION('ref_axis',(-2.22044604925031E-16,1.22464679914735E-16,
-1.));
#11936=DIRECTION('center_axis',(5.34378144007536E-24,1.,1.22464679914735E-16));
#11937=DIRECTION('ref_axis',(-2.22044604925031E-16,1.22464679914735E-16,
-1.));
#11938=DIRECTION('',(3.30200457115476E-16,-0.707106781186548,0.707106781186547));
#11939=DIRECTION('center_axis',(2.46519032881566E-32,-1.,-1.22464679914735E-16));
#11940=DIRECTION('ref_axis',(-2.22044604925031E-16,1.22464679914735E-16,
-1.));
#11941=DIRECTION('',(-2.46519032881566E-32,1.,1.22464679914735E-16));
#11942=DIRECTION('center_axis',(-2.46519032881566E-32,1.,1.22464679914735E-16));
#11943=DIRECTION('ref_axis',(-2.22044604925031E-16,1.22464679914735E-16,
-1.));
#11944=DIRECTION('center_axis',(1.22464679914735E-16,-1.,-1.22464679914735E-16));
#11945=DIRECTION('ref_axis',(-2.22044604925031E-16,1.22464679914735E-16,
-1.));
#11946=DIRECTION('center_axis',(5.34378144007536E-24,1.,1.22464679914735E-16));
#11947=DIRECTION('ref_axis',(-2.22044604925031E-16,1.22464679914735E-16,
-1.));
#11948=DIRECTION('',(3.30200457115476E-16,-0.707106781186548,0.707106781186547));
#11949=DIRECTION('center_axis',(2.46519032881566E-32,-1.,-1.22464679914735E-16));
#11950=DIRECTION('ref_axis',(-2.22044604925031E-16,1.22464679914735E-16,
-1.));
#11951=DIRECTION('',(-2.46519032881566E-32,1.,1.22464679914735E-16));
#11952=DIRECTION('center_axis',(-2.46519032881566E-32,1.,1.22464679914735E-16));
#11953=DIRECTION('ref_axis',(-2.22044604925031E-16,1.22464679914735E-16,
-1.));
#11954=DIRECTION('center_axis',(2.43604855270554E-16,-0.70710678118654,
0.707106781186555));
#11955=DIRECTION('ref_axis',(1.,1.22464679914735E-16,-2.22044610268815E-16));
#11956=DIRECTION('',(-7.04136402448254E-17,-0.707106781186555,-0.70710678118654));
#11957=DIRECTION('',(7.04136402448254E-17,0.707106781186555,0.70710678118654));
#11958=DIRECTION('center_axis',(1.22464679914735E-16,-1.,-1.22464679914735E-16));
#11959=DIRECTION('ref_axis',(-0.707106781186554,4.72339667037529E-17,-0.707106781186541));
#11960=DIRECTION('',(-0.70710678118654,-0.707106781186555,7.04136402448254E-17));
#11961=DIRECTION('center_axis',(0.707106781186555,-0.70710678118654,-3.30200460894102E-16));
#11962=DIRECTION('ref_axis',(-3.44509290183548E-16,1.22464679914735E-16,
-1.));
#11963=DIRECTION('',(-0.70710678118654,-0.707106781186555,7.04136402448254E-17));
#11964=DIRECTION('center_axis',(1.22464679914735E-16,-1.,-1.22464679914735E-16));
#11965=DIRECTION('ref_axis',(-0.707106781186541,-1.25957244543345E-16,0.707106781186554));
#11966=DIRECTION('',(2.43604851491927E-16,-0.70710678118655,0.707106781186545));
#11967=DIRECTION('center_axis',(-2.43604855270564E-16,-0.707106781186508,
-0.707106781186587));
#11968=DIRECTION('ref_axis',(-1.,-1.22464679914735E-16,4.6697397009827E-16));
#11969=DIRECTION('',(2.43604851491923E-16,-0.707106781186583,0.707106781186512));
#11970=DIRECTION('center_axis',(1.22464679914735E-16,-1.,-1.22464679914735E-16));
#11971=DIRECTION('ref_axis',(0.707106781186541,-4.72339667037552E-17,0.707106781186554));
#11972=DIRECTION('',(0.707106781186544,-0.707106781186551,-2.43604851491926E-16));
#11973=DIRECTION('center_axis',(-0.707106781186557,-0.707106781186538,1.57009249647006E-16));
#11974=DIRECTION('ref_axis',(3.44509290183548E-16,-1.22464679914735E-16,
1.));
#11975=DIRECTION('',(0.707106781186544,-0.707106781186551,-2.43604851491926E-16));
#11976=DIRECTION('center_axis',(1.22464679914735E-16,-1.,-1.22464679914735E-16));
#11977=DIRECTION('ref_axis',(0.707106781186554,1.25957244543344E-16,-0.707106781186541));
#11978=DIRECTION('center_axis',(2.46519032881566E-32,-1.,-1.22464679914735E-16));
#11979=DIRECTION('ref_axis',(-2.22044604925031E-16,1.22464679914735E-16,
-1.));
#11980=DIRECTION('center_axis',(-2.46519032881566E-32,1.,1.22464679914735E-16));
#11981=DIRECTION('ref_axis',(-0.707106781186541,8.65956056235498E-17,-0.707106781186554));
#11982=DIRECTION('center_axis',(2.46519032881566E-32,-1.,-1.22464679914735E-16));
#11983=DIRECTION('ref_axis',(-0.707106781186541,8.65956056235498E-17,-0.707106781186554));
#11984=DIRECTION('center_axis',(0.703597544730297,-0.707106781186543,0.0703597544730293));
#11985=DIRECTION('ref_axis',(-0.0995037190209986,-1.21856911002324E-16,
0.995037190209989));
#11986=DIRECTION('',(-0.0513377362092052,-0.149338158513576,-0.987452556456607));
#11987=DIRECTION('',(-0.0995037190209986,-1.21856911002324E-16,0.995037190209989));
#11988=DIRECTION('',(-0.703597544730289,-0.707106781186552,-0.0703597544730061));
#11989=DIRECTION('',(-0.708863570928178,-0.705345615858603,7.10194064771085E-17));
#11990=DIRECTION('center_axis',(2.46519032881566E-32,-1.,-1.22464679914735E-16));
#11991=DIRECTION('ref_axis',(-0.741452533551876,-8.21744518280739E-17,0.671005320760949));
#11992=DIRECTION('center_axis',(-2.46519032881566E-32,1.,1.22464679914735E-16));
#11993=DIRECTION('ref_axis',(-0.741452533551876,-8.2174451828074E-17,0.671005320760949));
#11994=DIRECTION('',(1.57009245868369E-16,-0.707106781186587,0.707106781186508));
#11995=DIRECTION('center_axis',(-1.57009245868372E-16,-0.707106781186571,
-0.707106781186524));
#11996=DIRECTION('ref_axis',(1.,4.93038065763132E-32,-2.22044604925031E-16));
#11997=DIRECTION('',(1.57009245868383E-16,-0.707106781186524,0.707106781186571));
#11998=DIRECTION('',(1.,4.93038065763132E-32,-2.22044604925031E-16));
#11999=DIRECTION('center_axis',(2.46519032881566E-32,-1.,-1.22464679914735E-16));
#12000=DIRECTION('ref_axis',(0.720566849826142,-8.49152300759579E-17,0.693385473551062));
#12001=DIRECTION('center_axis',(-2.46519032881566E-32,1.,1.22464679914735E-16));
#12002=DIRECTION('ref_axis',(0.720566849826142,-8.4915230075958E-17,0.693385473551062));
#12003=DIRECTION('',(0.706584351451827,-0.707106781186563,-0.027176355226172));
#12004=DIRECTION('center_axis',(-0.70658435145184,-0.707106781186549,0.0271763552262204));
#12005=DIRECTION('ref_axis',(-0.03843317013679,1.2237419967619E-16,-0.999261172783791));
#12006=DIRECTION('',(-0.707368044284221,0.706845421521224,2.43630856225475E-16));
#12007=DIRECTION('',(-0.03843317013679,1.2237419967619E-16,-0.999261172783791));
#12008=DIRECTION('',(-0.110927918770025,0.148612479257519,0.982654225985053));
#12009=DIRECTION('center_axis',(0.999261172783791,4.70670587891057E-18,
-0.03843317013679));
#12010=DIRECTION('ref_axis',(-0.03843317013679,1.2237419967619E-16,-0.999261172783791));
#12011=DIRECTION('',(2.46519032881566E-32,-1.,-1.22464679914735E-16));
#12012=DIRECTION('',(-0.038001669807162,-0.149427330426902,-0.988042178256251));
#12013=DIRECTION('center_axis',(-2.46519032881566E-32,1.,1.22464679914735E-16));
#12014=DIRECTION('ref_axis',(0.720566849826142,-8.4915230075958E-17,0.693385473551062));
#12015=DIRECTION('',(-2.46519032881566E-32,1.,1.22464679914735E-16));
#12016=DIRECTION('center_axis',(3.32035162572874E-17,-0.988756381047006,
0.149535343443709));
#12017=DIRECTION('ref_axis',(2.82668075745733E-15,0.149535343443709,0.988756381047006));
#12018=DIRECTION('center_axis',(2.22044604925031E-16,-1.22464679914735E-16,
1.));
#12019=DIRECTION('ref_axis',(1.,4.93038065763132E-32,-2.22044604925031E-16));
#12020=DIRECTION('',(2.46519032881566E-32,-1.,-1.22464679914735E-16));
#12021=DIRECTION('',(1.,4.93038065763132E-32,-2.22044604925031E-16));
#12022=DIRECTION('center_axis',(-2.46519032881566E-32,1.,1.22464679914735E-16));
#12023=DIRECTION('ref_axis',(-0.741452533551876,-8.2174451828074E-17,0.671005320760949));
#12024=DIRECTION('',(-2.46519032881566E-32,1.,1.22464679914735E-16));
#12025=DIRECTION('center_axis',(3.32035162572874E-17,-0.988756381047006,
0.149535343443709));
#12026=DIRECTION('ref_axis',(7.68418069988401E-16,0.149535343443709,0.988756381047006));
#12027=DIRECTION('center_axis',(-0.995037190209989,1.21856911002323E-17,
-0.0995037190209986));
#12028=DIRECTION('ref_axis',(-0.0995037190209986,-1.21856911002324E-16,
0.995037190209989));
#12029=DIRECTION('',(-0.0983958298581772,0.148809701695082,0.983958298581775));
#12030=DIRECTION('center_axis',(-0.703597544730293,-0.707106781186547,-0.0703597544730291));
#12031=DIRECTION('ref_axis',(0.0995037190209986,1.21856911002324E-16,-0.995037190209989));
#12032=DIRECTION('',(0.0513377362092069,-0.149338158513576,0.987452556456607));
#12033=DIRECTION('',(0.0995037190209986,1.21856911002324E-16,-0.995037190209989));
#12034=DIRECTION('',(0.703597544730293,-0.707106781186548,0.0703597544730055));
#12035=DIRECTION('',(0.708863570928182,-0.705345615858599,-2.4377925662788E-16));
#12036=DIRECTION('center_axis',(2.46519032881566E-32,-1.,-1.22464679914735E-16));
#12037=DIRECTION('ref_axis',(0.741452533551876,8.21744518280739E-17,-0.671005320760949));
#12038=DIRECTION('center_axis',(-2.46519032881566E-32,1.,1.22464679914735E-16));
#12039=DIRECTION('ref_axis',(0.741452533551876,8.2174451828074E-17,-0.671005320760949));
#12040=DIRECTION('',(-1.57009245868369E-16,-0.707106781186587,-0.707106781186508));
#12041=DIRECTION('center_axis',(1.57009245868372E-16,-0.707106781186571,
0.707106781186524));
#12042=DIRECTION('ref_axis',(-1.,-4.93038065763132E-32,2.22044604925031E-16));
#12043=DIRECTION('',(-1.57009245868383E-16,-0.707106781186524,-0.707106781186571));
#12044=DIRECTION('',(-1.,-4.93038065763132E-32,2.22044604925031E-16));
#12045=DIRECTION('center_axis',(2.46519032881566E-32,-1.,-1.22464679914735E-16));
#12046=DIRECTION('ref_axis',(-0.741452533551873,8.21744518280743E-17,-0.671005320760952));
#12047=DIRECTION('center_axis',(-2.46519032881566E-32,1.,1.22464679914735E-16));
#12048=DIRECTION('ref_axis',(-0.741452533551873,8.21744518280743E-17,-0.671005320760952));
#12049=DIRECTION('',(-0.703597544730317,-0.707106781186525,0.0703597544730035));
#12050=DIRECTION('center_axis',(0.703597544730297,-0.707106781186543,-0.0703597544730298));
#12051=DIRECTION('ref_axis',(0.099503719020999,-1.21856911002324E-16,0.995037190209989));
#12052=DIRECTION('',(0.708863570928178,0.705345615858603,-7.10194064771085E-17));
#12053=DIRECTION('',(0.099503719020999,-1.21856911002324E-16,0.995037190209989));
#12054=DIRECTION('',(0.0513377362092048,0.149338158513576,-0.987452556456607));
#12055=DIRECTION('center_axis',(-0.995037190209989,-1.21856911002324E-17,
0.099503719020999));
#12056=DIRECTION('ref_axis',(0.099503719020999,-1.21856911002324E-16,0.995037190209989));
#12057=DIRECTION('',(2.46519032881566E-32,-1.,-1.22464679914735E-16));
#12058=DIRECTION('',(0.0983958298581776,-0.148809701695082,0.983958298581775));
#12059=DIRECTION('center_axis',(-2.46519032881566E-32,1.,1.22464679914735E-16));
#12060=DIRECTION('ref_axis',(-0.741452533551873,8.21744518280743E-17,-0.671005320760952));
#12061=DIRECTION('',(-2.46519032881566E-32,1.,1.22464679914735E-16));
#12062=DIRECTION('center_axis',(-3.32035162572873E-17,-0.988756381047006,
-0.14953534344371));
#12063=DIRECTION('ref_axis',(9.46800836235709E-16,0.14953534344371,-0.988756381047006));
#12064=DIRECTION('center_axis',(-2.22044604925031E-16,1.22464679914735E-16,
-1.));
#12065=DIRECTION('ref_axis',(-1.,-4.93038065763132E-32,2.22044604925031E-16));
#12066=DIRECTION('',(2.46519032881566E-32,-1.,-1.22464679914735E-16));
#12067=DIRECTION('',(-1.,-4.93038065763132E-32,2.22044604925031E-16));
#12068=DIRECTION('center_axis',(-2.46519032881566E-32,1.,1.22464679914735E-16));
#12069=DIRECTION('ref_axis',(0.741452533551876,8.2174451828074E-17,-0.671005320760949));
#12070=DIRECTION('',(-2.46519032881566E-32,1.,1.22464679914735E-16));
#12071=DIRECTION('center_axis',(-3.32035162572873E-17,-0.988756381047006,
-0.14953534344371));
#12072=DIRECTION('ref_axis',(-7.68418069988401E-16,0.14953534344371,-0.988756381047006));
#12073=DIRECTION('center_axis',(0.995037190209989,-1.21856911002323E-17,
0.0995037190209986));
#12074=DIRECTION('ref_axis',(0.0995037190209986,1.21856911002324E-16,-0.995037190209989));
#12075=DIRECTION('',(0.0983958298581772,0.148809701695082,-0.983958298581775));
#12076=DIRECTION('center_axis',(2.46519032881566E-32,-1.,-1.22464679914735E-16));
#12077=DIRECTION('ref_axis',(-1.,0.,0.));
#12078=DIRECTION('center_axis',(-0.941021825393202,-4.14354180162647E-17,
0.338345864661661));
#12079=DIRECTION('ref_axis',(1.54074395550979E-32,-1.,-1.22464679914735E-16));
#12080=DIRECTION('center_axis',(2.46519032881566E-32,-1.,-1.22464679914735E-16));
#12081=DIRECTION('ref_axis',(0.215164726205257,-1.19596283998521E-16,0.97657776986629));
#12082=DIRECTION('center_axis',(0.996080906638058,1.0831602821316E-17,-0.0884467491268284));
#12083=DIRECTION('ref_axis',(0.0884467491268284,-1.21984729400609E-16,0.996080906638058));
#12084=DIRECTION('center_axis',(2.22044604925031E-16,-1.22464679914735E-16,
1.));
#12085=DIRECTION('ref_axis',(1.54074395550979E-32,-1.,-1.22464679914735E-16));
#12086=DIRECTION('center_axis',(2.46519032881566E-32,-1.,-1.22464679914735E-16));
#12087=DIRECTION('ref_axis',(0.818029909190874,-7.04387060575487E-17,0.575175684177601));
#12088=DIRECTION('center_axis',(2.46519032881566E-32,-1.,-1.22464679914735E-16));
#12089=DIRECTION('ref_axis',(-1.,0.,0.));
#12090=DIRECTION('center_axis',(-2.22044604925031E-16,1.22464679914735E-16,
-1.));
#12091=DIRECTION('ref_axis',(1.,4.62223186652934E-32,-2.22044604925031E-16));
#12092=DIRECTION('center_axis',(-0.887120199590062,-5.6522159960647E-17,
0.461538461538461));
#12093=DIRECTION('ref_axis',(1.54074395550979E-32,-1.,-1.22464679914735E-16));
#12094=DIRECTION('center_axis',(-2.46519032881566E-32,1.,1.22464679914735E-16));
#12095=DIRECTION('ref_axis',(-0.854850414265095,6.35438022113457E-17,-0.518874521662796));
#12096=DIRECTION('center_axis',(2.46519032881566E-32,-1.,-1.22464679914735E-16));
#12097=DIRECTION('ref_axis',(1.,0.,0.));
#12098=DIRECTION('center_axis',(0.887120199590062,-5.65221599606469E-17,
0.46153846153846));
#12099=DIRECTION('ref_axis',(1.54074395550979E-32,-1.,-1.22464679914735E-16));
#12100=DIRECTION('center_axis',(2.46519032881566E-32,-1.,-1.22464679914735E-16));
#12101=DIRECTION('ref_axis',(1.,3.94430452610506E-32,-2.22044604925031E-16));
#12102=DIRECTION('center_axis',(2.46519032881566E-32,-1.,-1.22464679914735E-16));
#12103=DIRECTION('ref_axis',(-1.,0.,0.));
#12104=DIRECTION('center_axis',(2.22044604925031E-16,-1.22464679914735E-16,
1.));
#12105=DIRECTION('ref_axis',(1.54074395550979E-32,-1.,-1.22464679914735E-16));
#12106=DIRECTION('center_axis',(-2.46519032881566E-32,1.,1.22464679914735E-16));
#12107=DIRECTION('ref_axis',(-0.854850414265095,-6.35438022113458E-17,0.518874521662796));
#12108=DIRECTION('center_axis',(2.22044604925031E-16,-1.22464679914735E-16,
1.));
#12109=DIRECTION('ref_axis',(0.707106781186546,-0.707106781186549,-2.43604851491927E-16));
#12110=DIRECTION('center_axis',(2.22044604925031E-16,-1.22464679914735E-16,
1.));
#12111=DIRECTION('ref_axis',(1.54074395550979E-32,-1.,-1.22464679914735E-16));
#12112=DIRECTION('',(2.22044604925031E-16,-1.22464679914735E-16,1.));
#12113=DIRECTION('center_axis',(0.941021825393205,-4.14354180162636E-17,
0.338345864661652));
#12114=DIRECTION('ref_axis',(1.54074395550979E-32,-1.,-1.22464679914735E-16));
#12115=DIRECTION('center_axis',(2.46519032881566E-32,-1.,-1.22464679914735E-16));
#12116=DIRECTION('ref_axis',(0.818029909190875,7.04387060575486E-17,-0.575175684177599));
#12117=DIRECTION('center_axis',(2.46519032881566E-32,-1.,-1.22464679914735E-16));
#12118=DIRECTION('ref_axis',(-1.,0.,0.));
#12119=DIRECTION('center_axis',(0.996080906638058,-1.08316028213159E-17,
0.088446749126828));
#12120=DIRECTION('ref_axis',(1.54074395550979E-32,-1.,-1.22464679914735E-16));
#12121=DIRECTION('center_axis',(2.46519032881566E-32,-1.,-1.22464679914735E-16));
#12122=DIRECTION('ref_axis',(0.215164726205257,1.19596283998521E-16,-0.97657776986629));
#12123=DIRECTION('center_axis',(-2.22044604925031E-16,1.22464679914735E-16,
-1.));
#12124=DIRECTION('ref_axis',(0.707106781186546,-0.707106781186549,-2.43604851491927E-16));
#12125=DIRECTION('',(2.22044604925031E-16,-1.22464679914735E-16,1.));
#12126=DIRECTION('center_axis',(2.46519032881566E-32,-1.,-1.22464679914735E-16));
#12127=DIRECTION('ref_axis',(-1.,0.,0.));
#12128=DIRECTION('center_axis',(-0.716618242155927,-8.54149042496262E-17,
0.697465622815454));
#12129=DIRECTION('ref_axis',(-0.697465622815454,8.77604236466858E-17,-0.716618242155927));
#12130=DIRECTION('center_axis',(0.716618214441131,-8.54149077369122E-17,
0.697465651291306));
#12131=DIRECTION('ref_axis',(1.54074395550979E-32,-1.,-1.22464679914735E-16));
#12132=DIRECTION('center_axis',(-2.46519032881566E-32,1.,1.22464679914735E-16));
#12133=DIRECTION('ref_axis',(-1.98682206242751E-8,-1.22464679914735E-16,
1.));
#12134=DIRECTION('center_axis',(-1.,0.,0.));
#12135=DIRECTION('ref_axis',(0.,0.,-1.));
#12136=DIRECTION('center_axis',(2.46519032881566E-32,-1.,-1.22464679914735E-16));
#12137=DIRECTION('ref_axis',(-0.33503856843221,1.1538676196838E-16,-0.942204413947894));
#12138=DIRECTION('center_axis',(2.46519032881566E-32,-1.,-1.22464679914735E-16));
#12139=DIRECTION('ref_axis',(-1.,0.,0.));
#12140=DIRECTION('center_axis',(0.9410218253932,4.14354180162652E-17,-0.338345864661665));
#12141=DIRECTION('ref_axis',(1.54074395550979E-32,-1.,-1.22464679914735E-16));
#12142=DIRECTION('center_axis',(2.46519032881566E-32,-1.,-1.22464679914735E-16));
#12143=DIRECTION('ref_axis',(-0.215164706802399,1.1959628452205E-16,-0.976577774141229));
#12144=DIRECTION('center_axis',(-0.996080910152615,-1.08315979740782E-17,
0.0884467095461284));
#12145=DIRECTION('ref_axis',(-0.0884467095461284,1.21984729831018E-16,-0.996080910152615));
#12146=DIRECTION('center_axis',(-2.22044604925031E-16,1.22464679914735E-16,
-1.));
#12147=DIRECTION('ref_axis',(1.54074395550979E-32,-1.,-1.22464679914735E-16));
#12148=DIRECTION('center_axis',(2.46519032881566E-32,-1.,-1.22464679914735E-16));
#12149=DIRECTION('ref_axis',(-0.818029909190874,7.04387060575486E-17,-0.5751756841776));
#12150=DIRECTION('center_axis',(2.22044604925031E-16,-1.22464679914735E-16,
1.));
#12151=DIRECTION('ref_axis',(-0.707106781186546,-0.707106781186549,7.04136402448276E-17));
#12152=DIRECTION('center_axis',(-2.22044604925031E-16,1.22464679914735E-16,
-1.));
#12153=DIRECTION('ref_axis',(1.54074395550979E-32,-1.,-1.22464679914735E-16));
#12154=DIRECTION('',(-2.22044604925031E-16,1.22464679914735E-16,-1.));
#12155=DIRECTION('center_axis',(2.46519032881566E-32,-1.,-1.22464679914735E-16));
#12156=DIRECTION('ref_axis',(-1.,0.,0.));
#12157=DIRECTION('center_axis',(0.887120199590063,5.65221599606466E-17,
-0.461538461538457));
#12158=DIRECTION('ref_axis',(1.54074395550979E-32,-1.,-1.22464679914735E-16));
#12159=DIRECTION('center_axis',(-2.46519032881566E-32,1.,1.22464679914735E-16));
#12160=DIRECTION('ref_axis',(0.854850414265095,-6.35438022113457E-17,0.518874521662796));
#12161=DIRECTION('center_axis',(2.46519032881566E-32,-1.,-1.22464679914735E-16));
#12162=DIRECTION('ref_axis',(-1.,0.,0.));
#12163=DIRECTION('center_axis',(-0.887120199590058,5.65221599606478E-17,
-0.461538461538467));
#12164=DIRECTION('ref_axis',(1.54074395550979E-32,-1.,-1.22464679914735E-16));
#12165=DIRECTION('center_axis',(2.46519032881566E-32,-1.,-1.22464679914735E-16));
#12166=DIRECTION('ref_axis',(-1.,-3.94430452610506E-32,2.22044604925031E-16));
#12167=DIRECTION('center_axis',(2.46519032881566E-32,-1.,-1.22464679914735E-16));
#12168=DIRECTION('ref_axis',(-1.,0.,0.));
#12169=DIRECTION('center_axis',(-2.22044604925031E-16,1.22464679914735E-16,
-1.));
#12170=DIRECTION('ref_axis',(1.54074395550979E-32,-1.,-1.22464679914735E-16));
#12171=DIRECTION('center_axis',(-2.46519032881566E-32,1.,1.22464679914735E-16));
#12172=DIRECTION('ref_axis',(0.854850414265095,6.35438022113458E-17,-0.518874521662797));
#12173=DIRECTION('center_axis',(-2.22044604925031E-16,1.22464679914735E-16,
-1.));
#12174=DIRECTION('ref_axis',(-0.707106781186546,-0.707106781186549,7.04136402448276E-17));
#12175=DIRECTION('center_axis',(-2.22044604925031E-16,1.22464679914735E-16,
-1.));
#12176=DIRECTION('ref_axis',(1.54074395550979E-32,-1.,-1.22464679914735E-16));
#12177=DIRECTION('',(-2.22044604925031E-16,1.22464679914735E-16,-1.));
#12178=DIRECTION('center_axis',(-0.941021825393205,4.14354180162636E-17,
-0.338345864661652));
#12179=DIRECTION('ref_axis',(1.54074395550979E-32,-1.,-1.22464679914735E-16));
#12180=DIRECTION('center_axis',(2.46519032881566E-32,-1.,-1.22464679914735E-16));
#12181=DIRECTION('ref_axis',(-0.818029909190874,-7.04387060575487E-17,0.5751756841776));
#12182=DIRECTION('center_axis',(2.46519032881566E-32,-1.,-1.22464679914735E-16));
#12183=DIRECTION('ref_axis',(-1.,0.,0.));
#12184=DIRECTION('center_axis',(-0.996080910152615,1.08315979740783E-17,
-0.0884467095461292));
#12185=DIRECTION('ref_axis',(1.54074395550979E-32,-1.,-1.22464679914735E-16));
#12186=DIRECTION('center_axis',(2.46519032881566E-32,-1.,-1.22464679914735E-16));
#12187=DIRECTION('ref_axis',(-0.215164706802399,-1.1959628452205E-16,0.976577774141229));
#12188=DIRECTION('center_axis',(-1.,0.,0.));
#12189=DIRECTION('ref_axis',(0.,0.,-1.));
#12190=DIRECTION('center_axis',(2.46519032881566E-32,-1.,-1.22464679914735E-16));
#12191=DIRECTION('ref_axis',(0.335038605872052,1.15386760337978E-16,-0.942204400634656));
#12192=DIRECTION('center_axis',(2.46519032881566E-32,-1.,-1.22464679914735E-16));
#12193=DIRECTION('ref_axis',(-1.,0.,0.));
#12194=DIRECTION('center_axis',(0.716618214441122,8.54149077369133E-17,
-0.697465651291315));
#12195=DIRECTION('ref_axis',(0.697465651291315,-8.77604202526012E-17,0.716618214441122));
#12196=DIRECTION('center_axis',(-0.716618242155944,8.54149042496239E-17,
-0.697465622815436));
#12197=DIRECTION('ref_axis',(1.54074395550979E-32,-1.,-1.22464679914735E-16));
#12198=DIRECTION('center_axis',(-2.46519032881566E-32,1.,1.22464679914735E-16));
#12199=DIRECTION('ref_axis',(-1.98682139629369E-8,1.22464679914735E-16,
-1.));
#12200=DIRECTION('center_axis',(-1.,0.,0.));
#12201=DIRECTION('ref_axis',(0.,0.,-1.));
#12202=DIRECTION('center_axis',(2.46519032881566E-32,-1.,-1.22464679914735E-16));
#12203=DIRECTION('ref_axis',(0.335038605872045,-1.15386760337979E-16,0.942204400634659));
#12204=DIRECTION('center_axis',(-1.,0.,0.));
#12205=DIRECTION('ref_axis',(0.,0.,-1.));
#12206=DIRECTION('center_axis',(2.46519032881566E-32,-1.,-1.22464679914735E-16));
#12207=DIRECTION('ref_axis',(-0.335038568432202,-1.1538676196838E-16,0.942204413947897));
#12208=DIRECTION('center_axis',(-2.46519032881566E-32,1.,1.22464679914735E-16));
#12209=DIRECTION('ref_axis',(0.335038605872058,1.15386760337978E-16,-0.942204400634654));
#12210=DIRECTION('',(-2.46519032881566E-32,1.,1.22464679914735E-16));
#12211=DIRECTION('center_axis',(2.46519032881566E-32,-1.,-1.22464679914735E-16));
#12212=DIRECTION('ref_axis',(0.335038605872058,1.15386760337978E-16,-0.942204400634654));
#12213=DIRECTION('',(2.46519032881566E-32,-1.,-1.22464679914735E-16));
#12214=DIRECTION('center_axis',(-2.46519032881566E-32,1.,1.22464679914735E-16));
#12215=DIRECTION('ref_axis',(-0.384615384615385,1.13044319921294E-16,-0.923076923076923));
#12216=DIRECTION('',(2.46519032881566E-32,-1.,-1.22464679914735E-16));
#12217=DIRECTION('center_axis',(-2.46519032881566E-32,1.,1.22464679914735E-16));
#12218=DIRECTION('ref_axis',(-0.384615384615385,1.13044319921294E-16,-0.923076923076923));
#12219=DIRECTION('center_axis',(-2.46519032881566E-32,1.,1.22464679914735E-16));
#12220=DIRECTION('ref_axis',(-0.818029909190874,7.04387060575487E-17,-0.5751756841776));
#12221=DIRECTION('',(-2.46519032881566E-32,1.,1.22464679914735E-16));
#12222=DIRECTION('center_axis',(2.46519032881566E-32,-1.,-1.22464679914735E-16));
#12223=DIRECTION('ref_axis',(-0.818029909190874,7.04387060575487E-17,-0.5751756841776));
#12224=DIRECTION('center_axis',(-1.,-4.93038065763132E-32,2.22044604925031E-16));
#12225=DIRECTION('ref_axis',(2.22044604925031E-16,-1.22464679914735E-16,
1.));
#12226=DIRECTION('',(2.46519032881566E-32,-1.,-1.22464679914735E-16));
#12227=DIRECTION('',(2.22044604925031E-16,-1.22464679914735E-16,1.));
#12228=DIRECTION('center_axis',(2.46519032881566E-32,-1.,-1.22464679914735E-16));
#12229=DIRECTION('ref_axis',(0.854850414265097,-6.35438022113453E-17,0.518874521662792));
#12230=DIRECTION('',(-2.46519032881566E-32,1.,1.22464679914735E-16));
#12231=DIRECTION('center_axis',(-2.46519032881566E-32,1.,1.22464679914735E-16));
#12232=DIRECTION('ref_axis',(0.854850414265097,-6.35438022113453E-17,0.518874521662792));
#12233=DIRECTION('center_axis',(2.46519032881566E-32,-1.,-1.22464679914735E-16));
#12234=DIRECTION('ref_axis',(-2.22044604925031E-16,1.22464679914735E-16,
-1.));
#12235=DIRECTION('',(2.46519032881566E-32,-1.,-1.22464679914735E-16));
#12236=DIRECTION('center_axis',(-2.46519032881566E-32,1.,1.22464679914735E-16));
#12237=DIRECTION('ref_axis',(-2.22044604925031E-16,1.22464679914735E-16,
-1.));
#12238=DIRECTION('',(-2.46519032881566E-32,1.,1.22464679914735E-16));
#12239=DIRECTION('center_axis',(2.46519032881566E-32,-1.,-1.22464679914735E-16));
#12240=DIRECTION('ref_axis',(-2.22044604925031E-16,1.22464679914735E-16,
-1.));
#12241=DIRECTION('center_axis',(-2.46519032881566E-32,1.,1.22464679914735E-16));
#12242=DIRECTION('ref_axis',(-2.22044604925031E-16,1.22464679914735E-16,
-1.));
#12243=DIRECTION('',(-2.46519032881566E-32,1.,1.22464679914735E-16));
#12244=DIRECTION('',(2.46519032881566E-32,-1.,-1.22464679914735E-16));
#12245=DIRECTION('center_axis',(-2.46519032881566E-32,1.,1.22464679914735E-16));
#12246=DIRECTION('ref_axis',(-2.22044604925031E-16,1.22464679914735E-16,
-1.));
#12247=DIRECTION('center_axis',(-2.46519032881566E-32,1.,1.22464679914735E-16));
#12248=DIRECTION('ref_axis',(0.854850414265097,6.35438022113454E-17,-0.518874521662793));
#12249=DIRECTION('',(-2.46519032881566E-32,1.,1.22464679914735E-16));
#12250=DIRECTION('center_axis',(-2.46519032881566E-32,1.,1.22464679914735E-16));
#12251=DIRECTION('ref_axis',(0.854850414265097,6.35438022113454E-17,-0.518874521662793));
#12252=DIRECTION('center_axis',(-1.,-4.93038065763132E-32,2.22044604925031E-16));
#12253=DIRECTION('ref_axis',(2.22044604925031E-16,-1.22464679914735E-16,
1.));
#12254=DIRECTION('',(2.46519032881566E-32,-1.,-1.22464679914735E-16));
#12255=DIRECTION('',(2.22044604925031E-16,-1.22464679914735E-16,1.));
#12256=DIRECTION('center_axis',(-2.46519032881566E-32,1.,1.22464679914735E-16));
#12257=DIRECTION('ref_axis',(-0.818029909190874,-7.04387060575487E-17,0.5751756841776));
#12258=DIRECTION('',(-2.46519032881566E-32,1.,1.22464679914735E-16));
#12259=DIRECTION('center_axis',(2.46519032881566E-32,-1.,-1.22464679914735E-16));
#12260=DIRECTION('ref_axis',(-0.818029909190874,-7.04387060575487E-17,0.5751756841776));
#12261=DIRECTION('center_axis',(-2.46519032881566E-32,1.,1.22464679914735E-16));
#12262=DIRECTION('ref_axis',(-0.0706665260619469,-1.22158517729653E-16,
0.997499996037261));
#12263=DIRECTION('',(2.46519032881566E-32,-1.,-1.22464679914735E-16));
#12264=DIRECTION('center_axis',(-2.46519032881566E-32,1.,1.22464679914735E-16));
#12265=DIRECTION('ref_axis',(-0.0706665260619469,-1.22158517729653E-16,
0.997499996037261));
#12266=DIRECTION('center_axis',(-2.46519032881566E-32,1.,1.22464679914735E-16));
#12267=DIRECTION('ref_axis',(0.335038605872046,-1.15386760337979E-16,0.942204400634658));
#12268=DIRECTION('',(-2.46519032881566E-32,1.,1.22464679914735E-16));
#12269=DIRECTION('center_axis',(2.46519032881566E-32,-1.,-1.22464679914735E-16));
#12270=DIRECTION('ref_axis',(0.335038605872046,-1.15386760337979E-16,0.942204400634658));
#12271=DIRECTION('center_axis',(-2.46519032881566E-32,1.,1.22464679914735E-16));
#12272=DIRECTION('ref_axis',(-0.828493453142314,6.85800674635134E-17,-0.559998748302462));
#12273=DIRECTION('',(2.46519032881566E-32,-1.,-1.22464679914735E-16));
#12274=DIRECTION('center_axis',(2.46519032881566E-32,-1.,-1.22464679914735E-16));
#12275=DIRECTION('ref_axis',(-0.828493453142314,6.85800674635134E-17,-0.559998748302462));
#12276=DIRECTION('center_axis',(2.46519032881566E-32,-1.,-1.22464679914735E-16));
#12277=DIRECTION('ref_axis',(-0.854850414265096,6.35438022113456E-17,-0.518874521662795));
#12278=DIRECTION('center_axis',(-2.46519032881566E-32,1.,1.22464679914735E-16));
#12279=DIRECTION('ref_axis',(-0.854850414265096,6.35438022113456E-17,-0.518874521662795));
#12280=DIRECTION('',(2.46519032881566E-32,-1.,-1.22464679914735E-16));
#12281=DIRECTION('center_axis',(1.,4.93038065763132E-32,-2.22044604925031E-16));
#12282=DIRECTION('ref_axis',(-2.22044604925031E-16,1.22464679914735E-16,
-1.));
#12283=DIRECTION('',(-2.22044604925031E-16,1.22464679914735E-16,-1.));
#12284=DIRECTION('',(-2.46519032881566E-32,1.,1.22464679914735E-16));
#12285=DIRECTION('center_axis',(-2.46519032881566E-32,1.,1.22464679914735E-16));
#12286=DIRECTION('ref_axis',(-0.854850414265096,-6.35438022113456E-17,0.518874521662795));
#12287=DIRECTION('',(-2.46519032881566E-32,1.,1.22464679914735E-16));
#12288=DIRECTION('center_axis',(-2.46519032881566E-32,1.,1.22464679914735E-16));
#12289=DIRECTION('ref_axis',(-0.854850414265096,-6.35438022113456E-17,0.518874521662795));
#12290=DIRECTION('center_axis',(-2.46519032881566E-32,1.,1.22464679914735E-16));
#12291=DIRECTION('ref_axis',(-0.335038568432203,-1.1538676196838E-16,0.942204413947897));
#12292=DIRECTION('',(-2.46519032881566E-32,1.,1.22464679914735E-16));
#12293=DIRECTION('center_axis',(2.46519032881566E-32,-1.,-1.22464679914735E-16));
#12294=DIRECTION('ref_axis',(-0.335038568432203,-1.1538676196838E-16,0.942204413947897));
#12295=DIRECTION('center_axis',(-2.46519032881566E-32,1.,1.22464679914735E-16));
#12296=DIRECTION('ref_axis',(0.384615384615385,-1.13044319921294E-16,0.923076923076923));
#12297=DIRECTION('',(2.46519032881566E-32,-1.,-1.22464679914735E-16));
#12298=DIRECTION('center_axis',(-2.46519032881566E-32,1.,1.22464679914735E-16));
#12299=DIRECTION('ref_axis',(0.384615384615385,-1.13044319921294E-16,0.923076923076923));
#12300=DIRECTION('center_axis',(-2.46519032881566E-32,1.,1.22464679914735E-16));
#12301=DIRECTION('ref_axis',(-0.335038568432212,1.1538676196838E-16,-0.942204413947894));
#12302=DIRECTION('',(-2.46519032881566E-32,1.,1.22464679914735E-16));
#12303=DIRECTION('center_axis',(2.46519032881566E-32,-1.,-1.22464679914735E-16));
#12304=DIRECTION('ref_axis',(-0.335038568432212,1.1538676196838E-16,-0.942204413947894));
#12305=DIRECTION('',(2.46519032881566E-32,-1.,-1.22464679914735E-16));
#12306=DIRECTION('center_axis',(-2.46519032881566E-32,1.,1.22464679914735E-16));
#12307=DIRECTION('ref_axis',(0.0706665656990396,1.22158517385768E-16,-0.997499993229225));
#12308=DIRECTION('center_axis',(-2.46519032881566E-32,1.,1.22464679914735E-16));
#12309=DIRECTION('ref_axis',(0.0706665656990396,1.22158517385768E-16,-0.997499993229225));
#12310=DIRECTION('',(-2.46519032881566E-32,1.,1.22464679914735E-16));
#12311=DIRECTION('center_axis',(2.46519032881566E-32,-1.,-1.22464679914735E-16));
#12312=DIRECTION('ref_axis',(2.22044604925031E-16,-1.22464679914735E-16,
1.));
#12313=DIRECTION('',(-2.22044604925031E-16,1.22464679914735E-16,-1.));
#12314=DIRECTION('center_axis',(2.46519032881566E-32,-1.,-1.22464679914735E-16));
#12315=DIRECTION('ref_axis',(0.818029909190874,7.04387060575487E-17,-0.5751756841776));
#12316=DIRECTION('center_axis',(2.46519032881566E-32,-1.,-1.22464679914735E-16));
#12317=DIRECTION('ref_axis',(0.828493453142314,-6.85800674635134E-17,0.559998748302462));
#12318=DIRECTION('center_axis',(-2.46519032881566E-32,1.,1.22464679914735E-16));
#12319=DIRECTION('ref_axis',(0.818029909190874,-7.04387060575487E-17,0.5751756841776));
#12320=DIRECTION('center_axis',(2.46519032881566E-32,-1.,-1.22464679914735E-16));
#12321=DIRECTION('ref_axis',(0.818029909190874,-7.04387060575487E-17,0.5751756841776));
#12322=DIRECTION('center_axis',(-2.46519032881566E-32,1.,1.22464679914735E-16));
#12323=DIRECTION('ref_axis',(0.818029909190874,7.04387060575487E-17,-0.5751756841776));
#12324=DIRECTION('',(2.46519032881566E-32,-1.,-1.22464679914735E-16));
#12325=DIRECTION('center_axis',(-2.46519032881566E-32,1.,1.22464679914735E-16));
#12326=DIRECTION('ref_axis',(-2.22044604925031E-16,1.22464679914735E-16,
-1.));
#12327=DIRECTION('center_axis',(-2.46519032881566E-32,1.,1.22464679914735E-16));
#12328=DIRECTION('ref_axis',(-2.22044604925031E-16,1.22464679914735E-16,
-1.));
#12329=DIRECTION('',(7.0413640244828E-17,0.707106781186549,0.707106781186546));
#12330=DIRECTION('center_axis',(2.46519032881566E-32,-1.,-1.22464679914735E-16));
#12331=DIRECTION('ref_axis',(-2.22044604925031E-16,1.22464679914735E-16,
-1.));
#12332=DIRECTION('center_axis',(2.46519032881566E-32,-1.,-1.22464679914735E-16));
#12333=DIRECTION('ref_axis',(-2.22044604925031E-16,1.22464679914735E-16,
-1.));
#12334=DIRECTION('',(-2.46519032881566E-32,1.,1.22464679914735E-16));
#12335=DIRECTION('center_axis',(2.46519032881566E-32,-1.,-1.22464679914735E-16));
#12336=DIRECTION('ref_axis',(-2.22044604925031E-16,1.22464679914735E-16,
-1.));
#12337=DIRECTION('center_axis',(-2.22044604925031E-16,1.22464679914735E-16,
-1.));
#12338=DIRECTION('ref_axis',(-1.,-4.93038065763132E-32,2.22044604925031E-16));
#12339=DIRECTION('',(-1.,-4.93038065763132E-32,2.22044604925031E-16));
#12340=DIRECTION('center_axis',(-3.32035162572874E-17,0.988756381047006,
-0.149535343443709));
#12341=DIRECTION('ref_axis',(1.,4.93038065763132E-32,-2.22044604925031E-16));
#12342=DIRECTION('center_axis',(2.22044604925031E-16,-1.22464679914735E-16,
1.));
#12343=DIRECTION('ref_axis',(1.,4.93038065763132E-32,-2.22044604925031E-16));
#12344=DIRECTION('',(1.,4.93038065763132E-32,-2.22044604925031E-16));
#12345=DIRECTION('center_axis',(3.32035162572873E-17,0.988756381047006,
0.14953534344371));
#12346=DIRECTION('ref_axis',(1.,4.93038065763132E-32,-2.22044604925031E-16));
#12347=DIRECTION('center_axis',(2.46519032881566E-32,-1.,-1.22464679914735E-16));
#12348=DIRECTION('ref_axis',(2.22044604925031E-16,-1.22464679914735E-16,
1.));
#12349=DIRECTION('center_axis',(1.,4.93038065763132E-32,-2.22044604925031E-16));
#12350=DIRECTION('ref_axis',(-2.22044604925031E-16,1.22464679914735E-16,
-1.));
#12351=DIRECTION('center_axis',(-2.46519032881566E-32,1.,1.22464679914735E-16));
#12352=DIRECTION('ref_axis',(0.828493453142314,-6.85800674635134E-17,0.559998748302462));
#12353=DIRECTION('center_axis',(0.707106781186548,-0.707106781186548,0.));
#12354=DIRECTION('ref_axis',(0.,0.,-1.));
#12355=DIRECTION('',(0.,0.,1.));
#12356=DIRECTION('',(-0.707106781186548,-0.707106781186548,0.));
#12357=DIRECTION('',(0.,0.,-1.));
#12358=DIRECTION('',(0.577350269189627,0.577350269189627,0.577350269189624));
#12359=DIRECTION('center_axis',(0.,-0.707106781186546,0.707106781186549));
#12360=DIRECTION('ref_axis',(1.,0.,0.));
#12361=DIRECTION('',(1.,0.,0.));
#12362=DIRECTION('',(0.,0.707106781186549,0.707106781186546));
#12363=DIRECTION('',(-1.,0.,0.));
#12364=DIRECTION('center_axis',(-1.,0.,0.));
#12365=DIRECTION('ref_axis',(0.,0.,1.));
#12366=DIRECTION('',(0.,0.,1.));
#12367=DIRECTION('',(0.,1.,0.));
#12368=DIRECTION('',(0.,0.,-1.));
#12369=DIRECTION('',(0.,1.,0.));
#12370=DIRECTION('',(0.,0.,-1.));
#12371=DIRECTION('',(0.,1.,0.));
#12372=DIRECTION('center_axis',(0.,1.,0.));
#12373=DIRECTION('ref_axis',(1.,0.,0.));
#12374=DIRECTION('',(-1.,0.,0.));
#12375=DIRECTION('',(-1.,0.,-2.70300142991745E-8));
#12376=DIRECTION('',(-0.707106790743099,0.,0.707106771629996));
#12377=DIRECTION('',(0.,0.,1.));
#12378=DIRECTION('',(0.707106781186548,0.,0.707106781186547));
#12379=DIRECTION('',(1.,0.,0.));
#12380=DIRECTION('',(0.707106781186547,0.,0.707106781186547));
#12381=DIRECTION('',(0.,0.,1.));
#12382=DIRECTION('',(0.707106781186547,0.,0.707106781186548));
#12383=DIRECTION('',(0.,0.,1.));
#12384=DIRECTION('',(-1.,0.,0.));
#12385=DIRECTION('center_axis',(0.,-1.,0.));
#12386=DIRECTION('ref_axis',(-0.707106781186547,0.,0.707106781186547));
#12387=DIRECTION('',(-0.707106781186548,0.,-0.707106781186547));
#12388=DIRECTION('center_axis',(0.,-1.,0.));
#12389=DIRECTION('ref_axis',(-1.,0.,-7.40148683083439E-16));
#12390=DIRECTION('',(0.,0.,-1.));
#12391=DIRECTION('center_axis',(0.,-1.,0.));
#12392=DIRECTION('ref_axis',(-0.707106781186547,0.,-0.707106781186547));
#12393=DIRECTION('',(0.707106781186548,0.,-0.707106781186547));
#12394=DIRECTION('center_axis',(0.,-1.,0.));
#12395=DIRECTION('ref_axis',(-3.70074341541722E-16,0.,-1.));
#12396=DIRECTION('',(1.,0.,0.));
#12397=DIRECTION('center_axis',(0.,-1.,0.));
#12398=DIRECTION('ref_axis',(0.707106781186551,0.,-0.707106781186544));
#12399=DIRECTION('',(0.707106781186548,0.,0.707106781186548));
#12400=DIRECTION('center_axis',(0.,-1.,0.));
#12401=DIRECTION('ref_axis',(1.,0.,-2.22044604925031E-15));
#12402=DIRECTION('',(0.,0.,1.));
#12403=DIRECTION('center_axis',(0.,-1.,0.));
#12404=DIRECTION('ref_axis',(0.707106781186544,0.,0.707106781186551));
#12405=DIRECTION('',(-0.707106781186548,0.,0.707106781186548));
#12406=DIRECTION('center_axis',(0.,-1.,0.));
#12407=DIRECTION('ref_axis',(-7.4014868308344E-16,0.,1.));
#12408=DIRECTION('',(-1.,0.,0.));
#12409=DIRECTION('',(0.,0.,-1.));
#12410=DIRECTION('',(0.707106823333394,0.,-0.707106739039698));
#12411=DIRECTION('',(1.19209290340271E-7,0.,-0.999999999999993));
#12412=DIRECTION('',(0.707106823333397,0.,-0.707106739039695));
#12413=DIRECTION('',(1.,0.,0.));
#12414=DIRECTION('',(0.707106781186546,0.,-0.707106781186549));
#12415=DIRECTION('',(0.,0.,-1.));
#12416=DIRECTION('',(-0.707106722482005,0.,-0.707106839891086));
#12417=DIRECTION('',(-0.999999999999986,0.,-1.66041517043626E-7));
#12418=DIRECTION('',(-8.30207372531169E-8,0.,0.999999999999996));
#12419=DIRECTION('',(0.999999999999996,0.,8.30207613766731E-8));
#12420=DIRECTION('',(0.,0.,-1.));
#12421=DIRECTION('',(-1.,0.,-2.70300146488394E-8));
#12422=DIRECTION('center_axis',(0.,1.,0.));
#12423=DIRECTION('ref_axis',(1.,0.,0.));
#12424=DIRECTION('center_axis',(0.,1.,0.));
#12425=DIRECTION('ref_axis',(1.,0.,0.));
#12426=DIRECTION('center_axis',(0.,1.,0.));
#12427=DIRECTION('ref_axis',(1.,0.,0.));
#12428=DIRECTION('center_axis',(0.,1.,0.));
#12429=DIRECTION('ref_axis',(1.,0.,0.));
#12430=DIRECTION('center_axis',(-5.87045433487158E-8,-0.707106781186547,
0.707106781186545));
#12431=DIRECTION('ref_axis',(0.999999999999996,0.,8.30207613766731E-8));
#12432=DIRECTION('',(-0.999999999999996,0.,-8.30207613766731E-8));
#12433=DIRECTION('',(0.,-0.707106781186547,-0.707106781186548));
#12434=DIRECTION('',(-0.577350317121675,0.577350269189628,0.57735022125757));
#12435=DIRECTION('center_axis',(-0.707106781186542,-0.70710678118655,-5.87045262907854E-8));
#12436=DIRECTION('ref_axis',(-8.30207372531169E-8,0.,0.999999999999996));
#12437=DIRECTION('',(-0.707106781186542,0.707106781186544,-1.1740908266005E-7));
#12438=DIRECTION('',(8.30207372531169E-8,0.,-0.999999999999996));
#12439=DIRECTION('center_axis',(1.66041517043626E-7,0.,-0.999999999999986));
#12440=DIRECTION('ref_axis',(-0.999999999999986,0.,-1.66041517043626E-7));
#12441=DIRECTION('',(0.,-1.,0.));
#12442=DIRECTION('',(-0.999999999999986,0.,-1.66041517043626E-7));
#12443=DIRECTION('',(0.,1.,0.));
#12444=DIRECTION('',(-0.999999999999986,0.,-1.66041517043626E-7));
#12445=DIRECTION('',(0.,1.,0.));
#12446=DIRECTION('',(0.,1.,0.));
#12447=DIRECTION('center_axis',(0.707106781186548,-0.707106781186547,0.));
#12448=DIRECTION('ref_axis',(0.,0.,-1.));
#12449=DIRECTION('',(0.707106781186547,0.707106781186548,0.));
#12450=DIRECTION('',(0.,0.,1.));
#12451=DIRECTION('',(-0.707106781186547,-0.707106781186548,0.));
#12452=DIRECTION('',(0.,0.,-1.));
#12453=DIRECTION('center_axis',(1.,0.,0.));
#12454=DIRECTION('ref_axis',(0.,0.,1.));
#12455=DIRECTION('',(0.,-1.,0.));
#12456=DIRECTION('',(0.,-1.,0.));
#12457=DIRECTION('center_axis',(-0.707106781186547,-0.707106781186548,0.));
#12458=DIRECTION('ref_axis',(0.,0.,1.));
#12459=DIRECTION('',(0.707106781186548,-0.707106781186547,0.));
#12460=DIRECTION('',(0.,0.,1.));
#12461=DIRECTION('',(-0.707106781186548,0.707106781186547,0.));
#12462=DIRECTION('',(0.,0.,-1.));
#12463=DIRECTION('center_axis',(-1.,0.,0.));
#12464=DIRECTION('ref_axis',(0.,0.,-1.));
#12465=DIRECTION('',(0.,-1.,0.));
#12466=DIRECTION('',(0.,-1.,0.));
#12467=DIRECTION('center_axis',(0.,1.,0.));
#12468=DIRECTION('ref_axis',(0.923879532511285,0.,0.382683432365094));
#12469=DIRECTION('center_axis',(0.,1.,0.));
#12470=DIRECTION('ref_axis',(0.707106781186548,0.,0.707106781186548));
#12471=DIRECTION('',(0.,1.,0.));
#12472=DIRECTION('center_axis',(0.,-1.,0.));
#12473=DIRECTION('ref_axis',(1.,0.,0.));
#12474=DIRECTION('',(0.,-1.,0.));
#12475=DIRECTION('center_axis',(1.,0.,0.));
#12476=DIRECTION('ref_axis',(0.,0.,-1.));
#12477=DIRECTION('center_axis',(0.,-6.2803698347351E-15,-1.));
#12478=DIRECTION('ref_axis',(1.,0.,0.));
#12479=DIRECTION('center_axis',(-1.,0.,0.));
#12480=DIRECTION('ref_axis',(0.,0.707106781186548,-0.707106781186547));
#12481=DIRECTION('center_axis',(1.,0.,0.));
#12482=DIRECTION('ref_axis',(0.,0.707106781186548,-0.707106781186547));
#12483=DIRECTION('center_axis',(0.,0.,1.));
#12484=DIRECTION('ref_axis',(0.923879532511286,-0.382683432365091,0.));
#12485=DIRECTION('center_axis',(0.,0.,-1.));
#12486=DIRECTION('ref_axis',(1.,0.,0.));
#12487=DIRECTION('',(0.,0.,-1.));
#12488=DIRECTION('',(0.,0.,1.));
#12489=DIRECTION('center_axis',(1.,0.,0.));
#12490=DIRECTION('ref_axis',(0.,0.,-1.));
#12491=DIRECTION('center_axis',(0.,1.,-1.17756934401283E-15));
#12492=DIRECTION('ref_axis',(1.,0.,0.));
#12493=DIRECTION('center_axis',(-1.,0.,0.));
#12494=DIRECTION('ref_axis',(0.,0.707106781186547,0.707106781186548));
#12495=DIRECTION('center_axis',(1.,0.,0.));
#12496=DIRECTION('ref_axis',(0.,0.707106781186548,0.707106781186548));
#12497=DIRECTION('center_axis',(0.,-1.,0.));
#12498=DIRECTION('ref_axis',(0.923879532511285,0.,-0.382683432365094));
#12499=DIRECTION('center_axis',(0.,1.,7.85046229341896E-16));
#12500=DIRECTION('ref_axis',(1.,0.,0.));
#12501=DIRECTION('',(0.,1.,0.));
#12502=DIRECTION('',(0.,-1.,0.));
#12503=DIRECTION('center_axis',(1.,0.,0.));
#12504=DIRECTION('ref_axis',(0.,0.,-1.));
#12505=DIRECTION('center_axis',(0.,0.,1.));
#12506=DIRECTION('ref_axis',(1.,0.,0.));
#12507=DIRECTION('center_axis',(-1.,0.,0.));
#12508=DIRECTION('ref_axis',(0.,-0.707106781186547,0.707106781186548));
#12509=DIRECTION('center_axis',(1.,0.,0.));
#12510=DIRECTION('ref_axis',(0.,-0.707106781186547,0.707106781186548));
#12511=DIRECTION('center_axis',(0.,0.,-1.));
#12512=DIRECTION('ref_axis',(0.923879532511285,0.382683432365094,0.));
#12513=DIRECTION('center_axis',(0.,6.28036983473514E-15,1.));
#12514=DIRECTION('ref_axis',(1.,0.,0.));
#12515=DIRECTION('',(0.,0.,1.));
#12516=DIRECTION('',(0.,0.,-1.));
#12517=DIRECTION('center_axis',(1.,0.,0.));
#12518=DIRECTION('ref_axis',(0.,0.,-1.));
#12519=DIRECTION('center_axis',(-1.,0.,0.));
#12520=DIRECTION('ref_axis',(0.,-0.707106781186549,-0.707106781186546));
#12521=DIRECTION('center_axis',(1.,0.,0.));
#12522=DIRECTION('ref_axis',(0.,-0.707106781186548,-0.707106781186547));
#12523=DIRECTION('center_axis',(1.,0.,0.));
#12524=DIRECTION('ref_axis',(0.,-0.707106781186547,0.707106781186548));
#12525=DIRECTION('',(-0.707106781186546,0.707106781186549,0.));
#12526=DIRECTION('center_axis',(-1.,0.,0.));
#12527=DIRECTION('ref_axis',(0.,-0.707106781186547,0.707106781186548));
#12528=DIRECTION('',(-0.707106781186546,0.,-0.707106781186549));
#12529=DIRECTION('center_axis',(0.707106781186549,0.707106781186546,0.));
#12530=DIRECTION('ref_axis',(0.,0.,-1.));
#12531=DIRECTION('',(0.707106781186547,-0.707106781186548,0.));
#12532=DIRECTION('',(0.,0.,1.));
#12533=DIRECTION('center_axis',(1.,0.,0.));
#12534=DIRECTION('ref_axis',(0.,-0.707106781186548,-0.707106781186547));
#12535=DIRECTION('',(-0.707106781186548,0.,0.707106781186548));
#12536=DIRECTION('center_axis',(-1.,0.,0.));
#12537=DIRECTION('ref_axis',(0.,-0.707106781186548,-0.707106781186547));
#12538=DIRECTION('center_axis',(0.707106781186549,0.,0.707106781186546));
#12539=DIRECTION('ref_axis',(0.707106781186546,0.,-0.707106781186549));
#12540=DIRECTION('',(-0.707106781186546,0.,0.707106781186549));
#12541=DIRECTION('',(0.,-1.,0.));
#12542=DIRECTION('center_axis',(1.,0.,0.));
#12543=DIRECTION('ref_axis',(0.,0.,-1.));
#12544=DIRECTION('',(0.,-1.,0.));
#12545=DIRECTION('',(0.,0.,-1.));
#12546=DIRECTION('',(0.,1.,0.));
#12547=DIRECTION('',(0.,0.,1.));
#12548=DIRECTION('center_axis',(1.,0.,0.));
#12549=DIRECTION('ref_axis',(0.,0.707106781186548,-0.707106781186547));
#12550=DIRECTION('',(0.,1.,0.));
#12551=DIRECTION('center_axis',(1.,0.,0.));
#12552=DIRECTION('ref_axis',(0.,-0.707106781186547,-0.707106781186547));
#12553=DIRECTION('',(0.,0.,-1.));
#12554=DIRECTION('center_axis',(1.,0.,0.));
#12555=DIRECTION('ref_axis',(0.,-0.707106781186548,0.707106781186547));
#12556=DIRECTION('',(0.,-1.,0.));
#12557=DIRECTION('center_axis',(1.,0.,0.));
#12558=DIRECTION('ref_axis',(0.,0.707106781186547,0.707106781186548));
#12559=DIRECTION('center_axis',(0.,-1.,0.));
#12560=DIRECTION('ref_axis',(1.,0.,0.));
#12561=DIRECTION('center_axis',(0.,-1.,0.));
#12562=DIRECTION('ref_axis',(1.,0.,0.));
#12563=DIRECTION('',(0.,1.,0.));
#12564=DIRECTION('center_axis',(0.,-1.,0.));
#12565=DIRECTION('ref_axis',(1.,0.,0.));
#12566=DIRECTION('',(0.,-1.,0.));
#12567=DIRECTION('center_axis',(0.,-1.,0.));
#12568=DIRECTION('ref_axis',(1.,0.,0.));
#12569=DIRECTION('',(0.,1.,0.));
#12570=DIRECTION('center_axis',(0.,-1.,0.));
#12571=DIRECTION('ref_axis',(1.,0.,0.));
#12572=DIRECTION('',(0.,-1.,0.));
#12573=DIRECTION('center_axis',(0.,-1.,0.));
#12574=DIRECTION('ref_axis',(1.,0.,0.));
#12575=DIRECTION('center_axis',(-1.,0.,0.));
#12576=DIRECTION('ref_axis',(0.,0.,1.));
#12577=DIRECTION('center_axis',(0.,0.,1.));
#12578=DIRECTION('ref_axis',(0.,-1.,0.));
#12579=DIRECTION('center_axis',(1.,0.,0.));
#12580=DIRECTION('ref_axis',(0.,0.707106781186549,0.707106781186546));
#12581=DIRECTION('center_axis',(0.,-1.,0.));
#12582=DIRECTION('ref_axis',(0.,0.,-1.));
#12583=DIRECTION('center_axis',(0.,-1.,0.));
#12584=DIRECTION('ref_axis',(0.471857925532029,0.,0.881674598767941));
#12585=DIRECTION('center_axis',(0.,1.,0.));
#12586=DIRECTION('ref_axis',(0.,0.,1.));
#12587=DIRECTION('',(0.,1.,0.));
#12588=DIRECTION('center_axis',(0.,1.,0.));
#12589=DIRECTION('ref_axis',(0.,0.,1.));
#12590=DIRECTION('center_axis',(-1.,0.,0.));
#12591=DIRECTION('ref_axis',(0.,0.,1.));
#12592=DIRECTION('center_axis',(0.,0.,-1.));
#12593=DIRECTION('ref_axis',(0.,1.,0.));
#12594=DIRECTION('center_axis',(1.,0.,0.));
#12595=DIRECTION('ref_axis',(0.,-0.707106781186549,-0.707106781186546));
#12596=DIRECTION('center_axis',(0.,1.,0.));
#12597=DIRECTION('ref_axis',(0.,0.,-1.));
#12598=DIRECTION('',(0.,0.,1.));
#12599=DIRECTION('',(0.,0.,-1.));
#12600=DIRECTION('center_axis',(1.,0.,0.));
#12601=DIRECTION('ref_axis',(0.,0.,-1.));
#12602=DIRECTION('',(0.,1.,0.));
#12603=DIRECTION('',(0.,1.,0.));
#12604=DIRECTION('',(0.,0.,-1.));
#12605=DIRECTION('',(0.,1.,0.));
#12606=DIRECTION('',(0.,0.,-1.));
#12607=DIRECTION('',(0.,1.,0.));
#12608=DIRECTION('',(0.,0.,-1.));
#12609=DIRECTION('center_axis',(-1.,0.,0.));
#12610=DIRECTION('ref_axis',(0.,-0.707106781186548,-0.707106781186547));
#12611=DIRECTION('',(0.,-1.,0.));
#12612=DIRECTION('center_axis',(-1.,0.,0.));
#12613=DIRECTION('ref_axis',(0.,0.707106781186547,-0.707106781186548));
#12614=DIRECTION('',(0.,0.,-1.));
#12615=DIRECTION('center_axis',(-1.,0.,0.));
#12616=DIRECTION('ref_axis',(0.,0.707106781186547,0.707106781186548));
#12617=DIRECTION('',(0.,1.,0.));
#12618=DIRECTION('center_axis',(-1.,0.,0.));
#12619=DIRECTION('ref_axis',(0.,-0.707106781186547,0.707106781186548));
#12620=DIRECTION('',(0.,0.,1.));
#12621=DIRECTION('',(0.,0.,-1.));
#12622=DIRECTION('center_axis',(-1.,0.,0.));
#12623=DIRECTION('ref_axis',(0.,0.,1.));
#12624=DIRECTION('center_axis',(0.,-1.,0.));
#12625=DIRECTION('ref_axis',(0.,0.,-1.));
#12626=DIRECTION('center_axis',(1.,0.,0.));
#12627=DIRECTION('ref_axis',(0.,-0.707106781186548,0.707106781186547));
#12628=DIRECTION('center_axis',(0.,0.,1.));
#12629=DIRECTION('ref_axis',(0.832050294337846,0.554700196225226,0.));
#12630=DIRECTION('center_axis',(0.,1.,0.));
#12631=DIRECTION('ref_axis',(0.471857925532029,0.,-0.881674598767941));
#12632=DIRECTION('',(0.,-1.,0.));
#12633=DIRECTION('center_axis',(0.,0.,-1.));
#12634=DIRECTION('ref_axis',(0.471857925532026,-0.881674598767943,0.));
#12635=DIRECTION('center_axis',(0.,0.,1.));
#12636=DIRECTION('ref_axis',(0.,-1.,0.));
#12637=DIRECTION('',(0.,0.,1.));
#12638=DIRECTION('center_axis',(-1.,0.,0.));
#12639=DIRECTION('ref_axis',(0.,0.,1.));
#12640=DIRECTION('center_axis',(1.,0.,0.));
#12641=DIRECTION('ref_axis',(0.,0.707106781186548,-0.707106781186547));
#12642=DIRECTION('center_axis',(0.,0.,1.));
#12643=DIRECTION('ref_axis',(0.471857925532026,0.881674598767943,0.));
#12644=DIRECTION('',(0.,0.,1.));
#12645=DIRECTION('',(0.,0.,-1.));
#12646=DIRECTION('center_axis',(0.832050294337844,0.,0.554700196225228));
#12647=DIRECTION('ref_axis',(0.554700196225228,0.,-0.832050294337844));
#12648=DIRECTION('',(-0.554700196225227,0.,0.832050294337845));
#12649=DIRECTION('',(0.,-1.,0.));
#12650=DIRECTION('',(-0.554700196225228,0.,0.832050294337844));
#12651=DIRECTION('center_axis',(1.,0.,0.));
#12652=DIRECTION('ref_axis',(0.,-0.707106781186549,-0.707106781186546));
#12653=DIRECTION('',(0.554700196225227,-0.832050294337845,0.));
#12654=DIRECTION('center_axis',(-1.,0.,0.));
#12655=DIRECTION('ref_axis',(0.,-0.707106781186547,-0.707106781186548));
#12656=DIRECTION('center_axis',(0.832050294337845,0.554700196225228,0.));
#12657=DIRECTION('ref_axis',(0.,0.,-1.));
#12658=DIRECTION('',(0.554700196225228,-0.832050294337845,0.));
#12659=DIRECTION('',(0.,0.,1.));
#12660=DIRECTION('center_axis',(1.,0.,0.));
#12661=DIRECTION('ref_axis',(0.,-0.707106781186555,0.70710678118654));
#12662=DIRECTION('',(0.554700196225227,0.,0.832050294337845));
#12663=DIRECTION('center_axis',(-1.,0.,0.));
#12664=DIRECTION('ref_axis',(0.,-0.707106781186548,0.707106781186547));
#12665=DIRECTION('center_axis',(0.,0.,1.));
#12666=DIRECTION('ref_axis',(0.957092026489053,-0.289784148688428,0.));
#12667=DIRECTION('center_axis',(0.,0.,1.));
#12668=DIRECTION('ref_axis',(0.832050294337845,-0.554700196225228,0.));
#12669=DIRECTION('center_axis',(0.,0.,-1.));
#12670=DIRECTION('ref_axis',(1.,0.,0.));
#12671=DIRECTION('',(0.,0.,-1.));
#12672=DIRECTION('center_axis',(1.,0.,0.));
#12673=DIRECTION('ref_axis',(0.,0.,-1.));
#12674=DIRECTION('center_axis',(0.,1.,1.51627501609347E-15));
#12675=DIRECTION('ref_axis',(1.,0.,0.));
#12676=DIRECTION('center_axis',(-1.,0.,0.));
#12677=DIRECTION('ref_axis',(0.,0.707106781186547,0.707106781186548));
#12678=DIRECTION('center_axis',(0.,-1.,0.));
#12679=DIRECTION('ref_axis',(0.957092026489054,0.,-0.289784148688428));
#12680=DIRECTION('center_axis',(0.,1.,-1.01085001072899E-15));
#12681=DIRECTION('ref_axis',(1.,0.,0.));
#12682=DIRECTION('',(0.,1.,0.));
#12683=DIRECTION('center_axis',(1.,0.,0.));
#12684=DIRECTION('ref_axis',(0.,0.,-1.));
#12685=DIRECTION('center_axis',(0.,0.,1.));
#12686=DIRECTION('ref_axis',(1.,0.,0.));
#12687=DIRECTION('center_axis',(0.,0.,-1.));
#12688=DIRECTION('ref_axis',(0.957092026489054,0.289784148688427,0.));
#12689=DIRECTION('center_axis',(0.,0.,1.));
#12690=DIRECTION('ref_axis',(1.,0.,0.));
#12691=DIRECTION('center_axis',(1.,0.,0.));
#12692=DIRECTION('ref_axis',(0.,0.,-1.));
#12693=DIRECTION('center_axis',(0.,-1.,2.02170002145796E-15));
#12694=DIRECTION('ref_axis',(1.,0.,0.));
#12695=DIRECTION('center_axis',(0.,1.,0.));
#12696=DIRECTION('ref_axis',(0.957092026489054,0.,0.289784148688428));
#12697=DIRECTION('center_axis',(0.,-1.,0.));
#12698=DIRECTION('ref_axis',(1.,0.,0.));
#12699=DIRECTION('center_axis',(1.,0.,0.));
#12700=DIRECTION('ref_axis',(0.,0.,-1.));
#12701=DIRECTION('center_axis',(-1.,0.,0.));
#12702=DIRECTION('ref_axis',(0.,0.707106781186548,-0.707106781186547));
#12703=DIRECTION('center_axis',(1.,0.,0.));
#12704=DIRECTION('ref_axis',(0.,0.707106781186555,-0.70710678118654));
#12705=DIRECTION('',(-0.554700196225228,-0.832050294337844,0.));
#12706=DIRECTION('center_axis',(0.832050294337845,-0.554700196225228,0.));
#12707=DIRECTION('ref_axis',(0.,0.,-1.));
#12708=DIRECTION('',(-0.554700196225228,-0.832050294337845,0.));
#12709=DIRECTION('center_axis',(0.832050294337844,0.,-0.554700196225228));
#12710=DIRECTION('ref_axis',(-0.554700196225228,0.,-0.832050294337844));
#12711=DIRECTION('',(0.554700196225228,0.,0.832050294337844));
#12712=DIRECTION('center_axis',(1.,0.,0.));
#12713=DIRECTION('ref_axis',(0.,0.707106781186549,0.707106781186546));
#12714=DIRECTION('center_axis',(0.,-1.,0.));
#12715=DIRECTION('ref_axis',(0.,0.,1.));
#12716=DIRECTION('center_axis',(-1.,0.,0.));
#12717=DIRECTION('ref_axis',(0.,-0.707106781186548,-0.707106781186547));
#12718=DIRECTION('',(0.707106781186547,0.707106781186548,0.));
#12719=DIRECTION('center_axis',(1.,0.,0.));
#12720=DIRECTION('ref_axis',(0.,-0.707106781186548,-0.707106781186547));
#12721=DIRECTION('',(-0.707106781186548,0.,-0.707106781186548));
#12722=DIRECTION('center_axis',(-0.707106781186549,0.707106781186546,0.));
#12723=DIRECTION('ref_axis',(0.,0.,1.));
#12724=DIRECTION('',(0.707106781186546,0.707106781186549,0.));
#12725=DIRECTION('',(0.,0.,-1.));
#12726=DIRECTION('center_axis',(-1.,0.,0.));
#12727=DIRECTION('ref_axis',(0.,-0.707106781186547,0.707106781186548));
#12728=DIRECTION('',(0.707106781186548,3.92523114670946E-16,-0.707106781186547));
#12729=DIRECTION('center_axis',(1.,0.,0.));
#12730=DIRECTION('ref_axis',(0.,-0.707106781186547,0.707106781186548));
#12731=DIRECTION('center_axis',(-0.707106781186549,0.,-0.707106781186546));
#12732=DIRECTION('ref_axis',(-0.707106781186546,0.,0.707106781186549));
#12733=DIRECTION('',(0.707106781186546,0.,-0.707106781186549));
#12734=DIRECTION('',(0.,-1.,0.));
#12735=DIRECTION('center_axis',(-1.,0.,0.));
#12736=DIRECTION('ref_axis',(0.,0.707106781186547,0.707106781186548));
#12737=DIRECTION('',(0.707106781186546,-0.707106781186549,0.));
#12738=DIRECTION('center_axis',(1.,0.,0.));
#12739=DIRECTION('ref_axis',(0.,0.707106781186547,0.707106781186548));
#12740=DIRECTION('center_axis',(-0.707106781186549,-0.707106781186546,0.));
#12741=DIRECTION('ref_axis',(0.,0.,1.));
#12742=DIRECTION('',(0.707106781186546,-0.707106781186549,0.));
#12743=DIRECTION('',(0.,0.,1.));
#12744=DIRECTION('center_axis',(-1.,0.,0.));
#12745=DIRECTION('ref_axis',(0.,0.707106781186547,-0.707106781186548));
#12746=DIRECTION('',(0.707106781186548,-1.96261557335473E-16,0.707106781186548));
#12747=DIRECTION('center_axis',(1.,0.,0.));
#12748=DIRECTION('ref_axis',(0.,0.707106781186546,-0.707106781186548));
#12749=DIRECTION('center_axis',(-0.707106781186549,0.,0.707106781186546));
#12750=DIRECTION('ref_axis',(0.707106781186546,0.,0.707106781186549));
#12751=DIRECTION('',(0.,1.,0.));
#12752=DIRECTION('center_axis',(0.,1.,0.));
#12753=DIRECTION('ref_axis',(0.,0.,-1.));
#12754=DIRECTION('',(-1.,0.,0.));
#12755=DIRECTION('',(0.,0.,-1.));
#12756=DIRECTION('',(1.,0.,0.));
#12757=DIRECTION('center_axis',(-1.,0.,0.));
#12758=DIRECTION('ref_axis',(0.,0.707106781186546,-0.707106781186548));
#12759=DIRECTION('',(1.,0.,0.));
#12760=DIRECTION('center_axis',(-1.,0.,0.));
#12761=DIRECTION('ref_axis',(0.,0.707106781186546,-0.707106781186548));
#12762=DIRECTION('center_axis',(0.,0.,-1.));
#12763=DIRECTION('ref_axis',(0.,-1.,0.));
#12764=DIRECTION('',(-1.,0.,0.));
#12765=DIRECTION('center_axis',(-1.,0.,0.));
#12766=DIRECTION('ref_axis',(0.,-0.707106781186548,-0.707106781186547));
#12767=DIRECTION('',(1.,0.,0.));
#12768=DIRECTION('center_axis',(0.,1.,0.));
#12769=DIRECTION('ref_axis',(-0.923879532511287,0.,-0.38268343236509));
#12770=DIRECTION('center_axis',(0.,1.,0.));
#12771=DIRECTION('ref_axis',(-0.707106781186548,0.,-0.707106781186547));
#12772=DIRECTION('',(0.,1.,0.));
#12773=DIRECTION('center_axis',(0.,-1.,-3.92523114670945E-16));
#12774=DIRECTION('ref_axis',(-1.,0.,0.));
#12775=DIRECTION('',(0.,-1.,0.));
#12776=DIRECTION('center_axis',(-1.,0.,0.));
#12777=DIRECTION('ref_axis',(0.,0.,1.));
#12778=DIRECTION('center_axis',(0.,0.,1.));
#12779=DIRECTION('ref_axis',(-1.,0.,0.));
#12780=DIRECTION('center_axis',(1.,1.27901186347553E-15,-1.33649554273286E-15));
#12781=DIRECTION('ref_axis',(4.06470994104087E-17,0.707106781186549,0.707106781186547));
#12782=DIRECTION('center_axis',(-1.,0.,0.));
#12783=DIRECTION('ref_axis',(0.,0.707106781186548,0.707106781186547));
#12784=DIRECTION('center_axis',(0.,0.,-1.));
#12785=DIRECTION('ref_axis',(-0.923879532511287,-0.38268343236509,0.));
#12786=DIRECTION('center_axis',(0.,0.,1.));
#12787=DIRECTION('ref_axis',(-1.,0.,0.));
#12788=DIRECTION('',(0.,0.,1.));
#12789=DIRECTION('',(0.,0.,-1.));
#12790=DIRECTION('center_axis',(-1.,0.,0.));
#12791=DIRECTION('ref_axis',(0.,0.,1.));
#12792=DIRECTION('center_axis',(0.,1.,-2.35513868802561E-15));
#12793=DIRECTION('ref_axis',(-1.,0.,0.));
#12794=DIRECTION('center_axis',(1.,-1.32212462291853E-15,-1.3508664625472E-15));
#12795=DIRECTION('ref_axis',(-2.03235497052043E-17,0.707106781186548,-0.707106781186547));
#12796=DIRECTION('center_axis',(-1.,0.,0.));
#12797=DIRECTION('ref_axis',(0.,0.707106781186548,-0.707106781186547));
#12798=DIRECTION('center_axis',(0.,-1.,0.));
#12799=DIRECTION('ref_axis',(-0.923879532511283,0.,0.382683432365098));
#12800=DIRECTION('center_axis',(0.,1.,0.));
#12801=DIRECTION('ref_axis',(-1.,0.,0.));
#12802=DIRECTION('',(0.,1.,0.));
#12803=DIRECTION('',(0.,-1.,0.));
#12804=DIRECTION('center_axis',(-1.,0.,0.));
#12805=DIRECTION('ref_axis',(0.,0.,1.));
#12806=DIRECTION('center_axis',(0.,0.,-1.));
#12807=DIRECTION('ref_axis',(-1.,0.,0.));
#12808=DIRECTION('center_axis',(1.,2.73047476472305E-16,-2.73047476472306E-16));
#12809=DIRECTION('ref_axis',(0.,-0.707106781186548,-0.707106781186547));
#12810=DIRECTION('center_axis',(-1.,0.,0.));
#12811=DIRECTION('ref_axis',(0.,-0.707106781186548,-0.707106781186547));
#12812=DIRECTION('center_axis',(0.,0.,1.));
#12813=DIRECTION('ref_axis',(-0.923879532511287,0.38268343236509,0.));
#12814=DIRECTION('center_axis',(0.,0.,-1.));
#12815=DIRECTION('ref_axis',(-1.,0.,0.));
#12816=DIRECTION('',(0.,0.,-1.));
#12817=DIRECTION('',(0.,0.,1.));
#12818=DIRECTION('center_axis',(-1.,0.,0.));
#12819=DIRECTION('ref_axis',(0.,0.,1.));
#12820=DIRECTION('center_axis',(1.,-2.2993471702931E-16,-2.01192877400646E-16));
#12821=DIRECTION('ref_axis',(-2.03235497052043E-17,-0.707106781186548,0.707106781186547));
#12822=DIRECTION('center_axis',(-1.,0.,0.));
#12823=DIRECTION('ref_axis',(0.,-0.707106781186548,0.707106781186547));
#12824=DIRECTION('center_axis',(-1.,0.,0.));
#12825=DIRECTION('ref_axis',(0.,-0.707106781186549,-0.707106781186546));
#12826=DIRECTION('',(-0.707106781186547,-0.707106781186548,0.));
#12827=DIRECTION('center_axis',(1.,0.,0.));
#12828=DIRECTION('ref_axis',(0.,-0.707106781186549,-0.707106781186546));
#12829=DIRECTION('',(-0.707106781186546,0.,-0.707106781186549));
#12830=DIRECTION('center_axis',(-0.707106781186548,0.707106781186547,0.));
#12831=DIRECTION('ref_axis',(0.,0.,1.));
#12832=DIRECTION('',(0.707106781186547,0.707106781186548,0.));
#12833=DIRECTION('',(0.,0.,-1.));
#12834=DIRECTION('center_axis',(-1.,0.,0.));
#12835=DIRECTION('ref_axis',(0.,-0.707106781186549,0.707106781186546));
#12836=DIRECTION('',(-0.707106781186549,0.,0.707106781186546));
#12837=DIRECTION('center_axis',(1.,0.,0.));
#12838=DIRECTION('ref_axis',(0.,-0.707106781186549,0.707106781186546));
#12839=DIRECTION('center_axis',(-0.707106781186546,0.,-0.707106781186549));
#12840=DIRECTION('ref_axis',(-0.707106781186549,0.,0.707106781186546));
#12841=DIRECTION('',(-0.707106781186546,0.,0.707106781186549));
#12842=DIRECTION('',(0.,-1.,0.));
#12843=DIRECTION('center_axis',(-1.,0.,0.));
#12844=DIRECTION('ref_axis',(0.,0.,1.));
#12845=DIRECTION('',(0.,1.,0.));
#12846=DIRECTION('',(0.,-1.,0.));
#12847=DIRECTION('',(0.,0.,1.));
#12848=DIRECTION('center_axis',(-0.707106781186543,0.,0.707106781186552));
#12849=DIRECTION('ref_axis',(0.707106781186552,0.,0.707106781186543));
#12850=DIRECTION('',(0.,1.,0.));
#12851=DIRECTION('',(-0.707106781186552,0.,-0.707106781186543));
#12852=DIRECTION('center_axis',(-1.,0.,0.));
#12853=DIRECTION('ref_axis',(0.,0.707106781186549,-0.707106781186546));
#12854=DIRECTION('center_axis',(1.,0.,0.));
#12855=DIRECTION('ref_axis',(0.,0.707106781186549,-0.707106781186546));
#12856=DIRECTION('',(-0.707106781186548,0.707106781186547,0.));
#12857=DIRECTION('center_axis',(-0.707106781186548,-0.707106781186548,0.));
#12858=DIRECTION('ref_axis',(0.,0.,1.));
#12859=DIRECTION('',(0.,0.,1.));
#12860=DIRECTION('',(-0.707106781186547,0.707106781186547,0.));
#12861=DIRECTION('center_axis',(-1.,0.,0.));
#12862=DIRECTION('ref_axis',(0.,0.707106781186549,0.707106781186546));
#12863=DIRECTION('center_axis',(1.,0.,0.));
#12864=DIRECTION('ref_axis',(0.,0.707106781186549,0.707106781186546));
#12865=DIRECTION('center_axis',(1.,0.,0.));
#12866=DIRECTION('ref_axis',(0.,0.707106781186549,-0.707106781186546));
#12867=DIRECTION('',(1.,0.,0.));
#12868=DIRECTION('center_axis',(1.,0.,0.));
#12869=DIRECTION('ref_axis',(0.,0.707106781186549,-0.707106781186546));
#12870=DIRECTION('',(-1.,0.,0.));
#12871=DIRECTION('center_axis',(0.,0.,-1.));
#12872=DIRECTION('ref_axis',(0.,1.,0.));
#12873=DIRECTION('',(-1.,0.,0.));
#12874=DIRECTION('',(0.,-1.,0.));
#12875=DIRECTION('center_axis',(1.,0.,0.));
#12876=DIRECTION('ref_axis',(0.,-0.707106781186549,-0.707106781186546));
#12877=DIRECTION('',(1.,0.,0.));
#12878=DIRECTION('center_axis',(1.,0.,0.));
#12879=DIRECTION('ref_axis',(0.,-0.707106781186549,-0.707106781186546));
#12880=DIRECTION('center_axis',(0.,-1.,0.));
#12881=DIRECTION('ref_axis',(0.,0.,-1.));
#12882=DIRECTION('',(-1.,0.,0.));
#12883=DIRECTION('',(0.,0.,1.));
#12884=DIRECTION('center_axis',(1.,0.,0.));
#12885=DIRECTION('ref_axis',(0.,0.707106781186549,0.707106781186546));
#12886=DIRECTION('',(1.,0.,0.));
#12887=DIRECTION('center_axis',(1.,0.,0.));
#12888=DIRECTION('ref_axis',(0.,0.707106781186549,0.707106781186546));
#12889=DIRECTION('',(-1.,0.,0.));
#12890=DIRECTION('center_axis',(0.,1.,0.));
#12891=DIRECTION('ref_axis',(0.,0.,1.));
#12892=DIRECTION('',(0.,0.,-1.));
#12893=DIRECTION('center_axis',(1.,0.,0.));
#12894=DIRECTION('ref_axis',(0.,-0.707106781186549,0.707106781186546));
#12895=DIRECTION('',(1.,0.,0.));
#12896=DIRECTION('center_axis',(1.,0.,0.));
#12897=DIRECTION('ref_axis',(0.,-0.707106781186549,0.707106781186546));
#12898=DIRECTION('center_axis',(0.,0.,1.));
#12899=DIRECTION('ref_axis',(0.,-1.,0.));
#12900=DIRECTION('',(0.,1.,0.));
#12901=DIRECTION('center_axis',(0.707106771629996,0.,0.707106790743099));
#12902=DIRECTION('ref_axis',(0.707106790743099,0.,-0.707106771629996));
#12903=DIRECTION('',(0.707106790743099,0.,-0.707106771629996));
#12904=DIRECTION('',(0.,-1.,0.));
#12905=DIRECTION('',(0.,1.,0.));
#12906=DIRECTION('center_axis',(-1.,0.,0.));
#12907=DIRECTION('ref_axis',(0.,0.,1.));
#12908=DIRECTION('',(0.,0.,1.));
#12909=DIRECTION('',(0.,1.,0.));
#12910=DIRECTION('center_axis',(-0.707106839891086,0.,0.707106722482005));
#12911=DIRECTION('ref_axis',(0.707106722482005,0.,0.707106839891086));
#12912=DIRECTION('',(0.707106722482005,0.,0.707106839891086));
#12913=DIRECTION('center_axis',(1.,0.,0.));
#12914=DIRECTION('ref_axis',(0.,0.707106781186547,-0.707106781186548));
#12915=DIRECTION('',(-0.707106781186547,-0.707106781186548,0.));
#12916=DIRECTION('center_axis',(0.707106781186549,-0.707106781186546,0.));
#12917=DIRECTION('ref_axis',(0.,0.,-1.));
#12918=DIRECTION('',(-0.707106781186546,-0.707106781186549,0.));
#12919=DIRECTION('center_axis',(1.,0.,0.));
#12920=DIRECTION('ref_axis',(0.,0.707106781186547,0.707106781186548));
#12921=DIRECTION('',(-0.707106781186547,0.,-0.707106781186548));
#12922=DIRECTION('center_axis',(-1.,0.,0.));
#12923=DIRECTION('ref_axis',(0.,0.707106781186547,0.707106781186548));
#12924=DIRECTION('center_axis',(0.707106781186549,0.,-0.707106781186546));
#12925=DIRECTION('ref_axis',(-0.707106781186546,0.,-0.707106781186549));
#12926=DIRECTION('',(0.,1.,0.));
#12927=DIRECTION('center_axis',(0.,0.,1.));
#12928=DIRECTION('ref_axis',(0.,1.,0.));
#12929=DIRECTION('',(-1.,0.,0.));
#12930=DIRECTION('',(1.,0.,0.));
#12931=DIRECTION('center_axis',(-1.,0.,0.));
#12932=DIRECTION('ref_axis',(0.,-0.707106781186547,0.707106781186548));
#12933=DIRECTION('',(-1.,0.,0.));
#12934=DIRECTION('center_axis',(0.,-1.,0.));
#12935=DIRECTION('ref_axis',(0.,0.,1.));
#12936=DIRECTION('center_axis',(-1.,0.,0.));
#12937=DIRECTION('ref_axis',(0.,0.707106781186547,0.707106781186548));
#12938=DIRECTION('center_axis',(0.,0.,1.));
#12939=DIRECTION('ref_axis',(1.,0.,0.));
#12940=DIRECTION('',(0.,1.,0.));
#12941=DIRECTION('',(1.,0.,0.));
#12942=DIRECTION('',(0.,-1.,0.));
#12943=DIRECTION('',(1.,0.,0.));
#12944=DIRECTION('center_axis',(-0.816496580927729,0.408248290463861,0.408248290463859));
#12945=DIRECTION('ref_axis',(0.577350269189624,0.577350269189628,0.577350269189626));
#12946=DIRECTION('center_axis',(0.,-4.44089209850063E-15,-1.));
#12947=DIRECTION('ref_axis',(1.,0.,0.));
#12948=DIRECTION('center_axis',(0.,-1.,0.));
#12949=DIRECTION('ref_axis',(0.,0.,1.));
#12950=DIRECTION('center_axis',(-1.,0.,0.));
#12951=DIRECTION('ref_axis',(0.,1.,0.));
#12952=DIRECTION('center_axis',(0.,1.,0.));
#12953=DIRECTION('ref_axis',(0.707106781186547,0.,0.707106781186548));
#12954=DIRECTION('center_axis',(0.,-1.,0.));
#12955=DIRECTION('ref_axis',(0.707106781186547,0.,0.707106781186548));
#12956=DIRECTION('',(0.,1.,0.));
#12957=DIRECTION('',(0.,-1.,0.));
#12958=DIRECTION('center_axis',(-0.408248290463863,0.408248290463861,-0.816496580927727));
#12959=DIRECTION('ref_axis',(-0.577350269189626,0.577350269189627,0.577350269189624));
#12960=DIRECTION('center_axis',(1.,0.,0.));
#12961=DIRECTION('ref_axis',(0.,0.,1.));
#12962=DIRECTION('center_axis',(0.,-1.,0.));
#12963=DIRECTION('ref_axis',(-1.,0.,0.));
#12964=DIRECTION('center_axis',(-4.44089209850062E-15,0.,-1.));
#12965=DIRECTION('ref_axis',(0.,1.,0.));
#12966=DIRECTION('center_axis',(0.,1.,0.));
#12967=DIRECTION('ref_axis',(-0.707106781186547,0.,0.707106781186548));
#12968=DIRECTION('center_axis',(0.,-1.,0.));
#12969=DIRECTION('ref_axis',(-0.707106781186547,0.,0.707106781186548));
#12970=DIRECTION('',(0.,1.,0.));
#12971=DIRECTION('',(0.,-1.,0.));
#12972=DIRECTION('center_axis',(0.,0.,1.));
#12973=DIRECTION('ref_axis',(-0.707106781186547,0.707106781186548,0.));
#12974=DIRECTION('center_axis',(0.,0.,-1.));
#12975=DIRECTION('ref_axis',(-0.707106781186547,0.707106781186548,0.));
#12976=DIRECTION('',(0.,0.,1.));
#12977=DIRECTION('',(0.,0.,-1.));
#12978=DIRECTION('center_axis',(1.,0.,0.));
#12979=DIRECTION('ref_axis',(0.,0.707106781186546,0.707106781186549));
#12980=DIRECTION('',(-1.,0.,0.));
#12981=DIRECTION('',(1.,0.,0.));
#12982=DIRECTION('center_axis',(0.,0.,-1.));
#12983=DIRECTION('ref_axis',(0.707106781186547,0.707106781186548,0.));
#12984=DIRECTION('center_axis',(0.,0.,-1.));
#12985=DIRECTION('ref_axis',(0.707106781186547,0.707106781186548,0.));
#12986=DIRECTION('',(0.,0.,1.));
#12987=DIRECTION('',(0.,0.,-1.));
#12988=DIRECTION('center_axis',(0.,0.,1.));
#12989=DIRECTION('ref_axis',(1.,0.,0.));
#12990=DIRECTION('',(1.,0.,0.));
#12991=DIRECTION('center_axis',(1.,0.,0.));
#12992=DIRECTION('ref_axis',(0.,0.,-1.));
#12993=DIRECTION('',(0.,1.,0.));
#12994=DIRECTION('',(0.,0.,-1.));
#12995=DIRECTION('center_axis',(-0.707106781186547,0.707106781186548,0.));
#12996=DIRECTION('ref_axis',(0.,0.,1.));
#12997=DIRECTION('',(-0.707106781186547,-0.707106781186547,0.));
#12998=DIRECTION('',(0.,0.,1.));
#12999=DIRECTION('',(0.707106781186547,0.707106781186547,0.));
#13000=DIRECTION('',(0.,0.,-1.));
#13001=DIRECTION('center_axis',(0.,1.,0.));
#13002=DIRECTION('ref_axis',(0.707106781186545,0.,-0.70710678118655));
#13003=DIRECTION('',(0.,-0.707106781186549,0.707106781186546));
#13004=DIRECTION('center_axis',(0.,-1.,0.));
#13005=DIRECTION('ref_axis',(0.707106781186545,0.,-0.70710678118655));
#13006=DIRECTION('center_axis',(0.,1.,0.));
#13007=DIRECTION('ref_axis',(0.707106781186545,0.,-0.70710678118655));
#13008=DIRECTION('center_axis',(0.,0.707106781186548,0.707106781186547));
#13009=DIRECTION('ref_axis',(1.,0.,0.));
#13010=DIRECTION('',(0.,-0.707106781186547,0.707106781186547));
#13011=DIRECTION('',(1.,0.,0.));
#13012=DIRECTION('',(-1.,0.,0.));
#13013=DIRECTION('center_axis',(0.,1.,0.));
#13014=DIRECTION('ref_axis',(-0.707106781186548,0.,-0.707106781186547));
#13015=DIRECTION('',(0.707106781186548,-0.707106781186547,0.));
#13016=DIRECTION('center_axis',(0.,-1.,0.));
#13017=DIRECTION('ref_axis',(-0.707106781186548,0.,-0.707106781186547));
#13018=DIRECTION('center_axis',(0.,1.,0.));
#13019=DIRECTION('ref_axis',(-0.707106781186549,0.,-0.707106781186546));
#13020=DIRECTION('center_axis',(0.707106781186547,0.707106781186548,0.));
#13021=DIRECTION('ref_axis',(0.,0.,-1.));
#13022=DIRECTION('',(0.707106781186547,-0.707106781186547,0.));
#13023=DIRECTION('',(0.,0.,-1.));
#13024=DIRECTION('',(0.,0.,1.));
#13025=DIRECTION('center_axis',(0.,1.,0.));
#13026=DIRECTION('ref_axis',(-0.707106781186548,0.,0.707106781186548));
#13027=DIRECTION('',(0.,-0.707106781186548,-0.707106781186547));
#13028=DIRECTION('center_axis',(0.,-1.,0.));
#13029=DIRECTION('ref_axis',(-0.707106781186547,0.,0.707106781186547));
#13030=DIRECTION('center_axis',(0.,1.,0.));
#13031=DIRECTION('ref_axis',(-0.707106781186547,0.,0.707106781186547));
#13032=DIRECTION('center_axis',(0.,0.707106781186548,-0.707106781186547));
#13033=DIRECTION('ref_axis',(-1.,0.,0.));
#13034=DIRECTION('',(0.,-0.707106781186547,-0.707106781186547));
#13035=DIRECTION('',(-1.,0.,0.));
#13036=DIRECTION('',(1.,0.,0.));
#13037=DIRECTION('center_axis',(0.,1.,0.));
#13038=DIRECTION('ref_axis',(0.707106781186549,0.,0.707106781186546));
#13039=DIRECTION('center_axis',(0.,-1.,0.));
#13040=DIRECTION('ref_axis',(0.707106781186549,0.,0.707106781186546));
#13041=DIRECTION('center_axis',(0.,1.,0.));
#13042=DIRECTION('ref_axis',(0.707106781186549,0.,0.707106781186547));
#13043=DIRECTION('center_axis',(0.,1.,0.));
#13044=DIRECTION('ref_axis',(-1.,0.,0.));
#13045=DIRECTION('center_axis',(0.,-1.,0.));
#13046=DIRECTION('ref_axis',(4.44089209850061E-15,0.,1.));
#13047=DIRECTION('',(-0.70710678118655,0.,0.707106781186545));
#13048=DIRECTION('center_axis',(0.,-1.,0.));
#13049=DIRECTION('ref_axis',(0.707106781186531,0.,0.707106781186564));
#13050=DIRECTION('',(0.,0.,1.));
#13051=DIRECTION('center_axis',(0.,-1.,0.));
#13052=DIRECTION('ref_axis',(1.,0.,-4.4408920985006E-15));
#13053=DIRECTION('',(0.707106781186548,0.,0.707106781186548));
#13054=DIRECTION('center_axis',(0.,-1.,0.));
#13055=DIRECTION('ref_axis',(0.707106781186534,0.,-0.707106781186561));
#13056=DIRECTION('',(1.,0.,0.));
#13057=DIRECTION('center_axis',(0.,-1.,0.));
#13058=DIRECTION('ref_axis',(-8.88178419700105E-15,0.,-1.));
#13059=DIRECTION('',(0.707106781186545,0.,-0.70710678118655));
#13060=DIRECTION('center_axis',(0.,-1.,0.));
#13061=DIRECTION('ref_axis',(-0.70710678118655,0.,-0.707106781186545));
#13062=DIRECTION('',(-3.69711565130597E-17,0.,-1.));
#13063=DIRECTION('center_axis',(0.,-1.,0.));
#13064=DIRECTION('ref_axis',(-1.,0.,1.11022302462515E-15));
#13065=DIRECTION('',(-0.707106781186548,0.,-0.707106781186547));
#13066=DIRECTION('center_axis',(0.,-1.,0.));
#13067=DIRECTION('ref_axis',(-0.707106781186549,0.,0.707106781186546));
#13068=DIRECTION('',(-1.,0.,-1.84855782565298E-17));
#13069=DIRECTION('center_axis',(0.,0.,1.));
#13070=DIRECTION('ref_axis',(-0.707106781186548,0.707106781186547,0.));
#13071=DIRECTION('center_axis',(-2.70300146488394E-8,0.,1.));
#13072=DIRECTION('ref_axis',(-0.707106781186548,0.707106781186547,-1.91131066537661E-8));
#13073=DIRECTION('',(0.,0.,1.));
#13074=DIRECTION('center_axis',(0.,0.,1.));
#13075=DIRECTION('ref_axis',(-0.707106781186548,0.707106781186547,0.));
#13076=DIRECTION('center_axis',(2.70300146488394E-8,0.,-1.));
#13077=DIRECTION('ref_axis',(-1.,0.,-2.70300146488394E-8));
#13078=DIRECTION('',(0.,1.,0.));
#13079=DIRECTION('center_axis',(-2.70300146488394E-8,0.,1.));
#13080=DIRECTION('ref_axis',(0.707106781186546,0.707106781186548,1.9113106653766E-8));
#13081=DIRECTION('',(-1.,0.,-2.70300146488394E-8));
#13082=DIRECTION('center_axis',(0.,0.,-1.));
#13083=DIRECTION('ref_axis',(0.707106781186546,0.707106781186549,0.));
#13084=DIRECTION('',(0.,0.,1.));
#13085=DIRECTION('center_axis',(0.,0.,1.));
#13086=DIRECTION('ref_axis',(0.707106781186546,0.707106781186549,0.));
#13087=DIRECTION('',(0.,0.,-1.));
#13088=DIRECTION('center_axis',(1.,0.,0.));
#13089=DIRECTION('ref_axis',(0.,0.,-1.));
#13090=DIRECTION('',(0.,1.,0.));
#13091=DIRECTION('',(0.,0.,1.));
#13092=DIRECTION('',(0.,1.,0.));
#13093=DIRECTION('center_axis',(0.,1.,0.));
#13094=DIRECTION('ref_axis',(1.,0.,0.));
#13095=DIRECTION('',(0.,1.,0.));
#13096=DIRECTION('center_axis',(0.,1.,0.));
#13097=DIRECTION('ref_axis',(1.,0.,0.));
#13098=DIRECTION('center_axis',(0.,1.,0.));
#13099=DIRECTION('ref_axis',(1.,0.,0.));
#13100=DIRECTION('center_axis',(0.,1.,0.));
#13101=DIRECTION('ref_axis',(1.,0.,0.));
#13102=DIRECTION('',(0.,1.,0.));
#13103=DIRECTION('center_axis',(0.,1.,0.));
#13104=DIRECTION('ref_axis',(1.,0.,0.));
#13105=DIRECTION('center_axis',(0.,1.,0.));
#13106=DIRECTION('ref_axis',(1.,0.,0.));
#13107=DIRECTION('center_axis',(0.,1.,0.));
#13108=DIRECTION('ref_axis',(1.,0.,0.));
#13109=DIRECTION('',(0.,1.,0.));
#13110=DIRECTION('center_axis',(0.,1.,0.));
#13111=DIRECTION('ref_axis',(1.,0.,0.));
#13112=DIRECTION('center_axis',(0.,1.,0.));
#13113=DIRECTION('ref_axis',(1.,0.,0.));
#13114=DIRECTION('center_axis',(0.,1.,0.));
#13115=DIRECTION('ref_axis',(1.,0.,0.));
#13116=DIRECTION('',(0.,1.,0.));
#13117=DIRECTION('center_axis',(0.,1.,0.));
#13118=DIRECTION('ref_axis',(1.,0.,0.));
#13119=DIRECTION('center_axis',(0.,1.,0.));
#13120=DIRECTION('ref_axis',(1.,0.,0.));
#13121=DIRECTION('center_axis',(0.,0.,-1.));
#13122=DIRECTION('ref_axis',(-1.,0.,0.));
#13123=DIRECTION('',(1.,0.,0.));
#13124=DIRECTION('',(-1.,0.,0.));
#13125=DIRECTION('',(0.,1.,0.));
#13126=DIRECTION('center_axis',(0.,0.,1.));
#13127=DIRECTION('ref_axis',(1.,0.,0.));
#13128=DIRECTION('',(-1.,0.,0.));
#13129=DIRECTION('',(0.,-1.,0.));
#13130=DIRECTION('',(1.,0.,0.));
#13131=DIRECTION('center_axis',(0.,1.,0.));
#13132=DIRECTION('ref_axis',(0.,0.,1.));
#13133=DIRECTION('',(0.,0.,1.));
#13134=DIRECTION('center_axis',(0.,1.,0.));
#13135=DIRECTION('ref_axis',(1.,0.,0.));
#13136=DIRECTION('',(1.,0.,0.));
#13137=DIRECTION('center_axis',(-1.,0.,0.));
#13138=DIRECTION('ref_axis',(0.,0.,1.));
#13139=DIRECTION('',(0.,0.,1.));
#13140=DIRECTION('',(0.,1.,0.));
#13141=DIRECTION('',(0.,0.,1.));
#13142=DIRECTION('',(0.,1.,0.));
#13143=DIRECTION('center_axis',(0.,0.,1.));
#13144=DIRECTION('ref_axis',(1.,0.,0.));
#13145=DIRECTION('',(1.,0.,0.));
#13146=DIRECTION('',(1.,0.,0.));
#13147=DIRECTION('',(0.,1.,0.));
#13148=DIRECTION('center_axis',(-1.,0.,0.));
#13149=DIRECTION('ref_axis',(0.,0.,1.));
#13150=DIRECTION('',(0.,0.,1.));
#13151=DIRECTION('center_axis',(0.,0.,1.));
#13152=DIRECTION('ref_axis',(1.,0.,0.));
#13153=DIRECTION('',(1.,0.,0.));
#13154=DIRECTION('',(1.,0.,0.));
#13155=DIRECTION('',(0.,1.,0.));
#13156=DIRECTION('center_axis',(0.,0.,-1.));
#13157=DIRECTION('ref_axis',(-1.,0.,0.));
#13158=DIRECTION('',(-1.,0.,0.));
#13159=DIRECTION('',(-1.,0.,0.));
#13160=DIRECTION('center_axis',(0.,1.,0.));
#13161=DIRECTION('ref_axis',(0.,0.,1.));
#13162=DIRECTION('',(-1.,0.,0.));
#13163=DIRECTION('',(0.,0.,-1.));
#13164=DIRECTION('center_axis',(0.,1.,0.));
#13165=DIRECTION('ref_axis',(0.,0.,1.));
#13166=DIRECTION('',(0.,0.,-1.));
#13167=DIRECTION('center_axis',(0.,1.,0.));
#13168=DIRECTION('ref_axis',(0.,0.,1.));
#13169=DIRECTION('',(-0.999999999999996,0.,-8.30207613766731E-8));
#13170=DIRECTION('',(8.30207372531169E-8,0.,-0.999999999999996));
#13171=DIRECTION('center_axis',(0.,1.,0.));
#13172=DIRECTION('ref_axis',(0.,0.,1.));
#13173=DIRECTION('',(-1.,0.,0.));
#13174=DIRECTION('',(0.,0.,1.));
#13175=DIRECTION('',(-1.,0.,0.));
#13176=DIRECTION('center_axis',(0.,1.,0.));
#13177=DIRECTION('ref_axis',(0.,0.,1.));
#13178=DIRECTION('',(-1.,0.,-2.70300142991745E-8));
#13179=DIRECTION('',(0.,0.,-1.));
#13180=DIRECTION('',(0.707106781186546,0.,-0.707106781186549));
#13181=DIRECTION('',(1.,0.,0.));
#13182=DIRECTION('',(0.707106823333397,0.,-0.707106739039695));
#13183=DIRECTION('',(1.19209290340271E-7,0.,-0.999999999999993));
#13184=DIRECTION('',(0.707106823333394,0.,-0.707106739039698));
#13185=DIRECTION('',(1.,0.,0.));
#13186=DIRECTION('',(0.707106781186547,0.,0.707106781186548));
#13187=DIRECTION('',(0.,0.,1.));
#13188=DIRECTION('',(0.707106781186547,0.,0.707106781186547));
#13189=DIRECTION('',(1.,0.,0.));
#13190=DIRECTION('',(0.707106781186548,0.,0.707106781186547));
#13191=DIRECTION('center_axis',(0.707106781186549,0.,0.707106781186546));
#13192=DIRECTION('ref_axis',(0.707106781186546,0.,-0.707106781186549));
#13193=DIRECTION('',(0.,1.,0.));
#13194=DIRECTION('center_axis',(0.,0.,1.));
#13195=DIRECTION('ref_axis',(1.,0.,0.));
#13196=DIRECTION('',(0.,1.,0.));
#13197=DIRECTION('center_axis',(0.707106739039695,0.,0.707106823333397));
#13198=DIRECTION('ref_axis',(0.707106823333397,0.,-0.707106739039695));
#13199=DIRECTION('',(0.,1.,0.));
#13200=DIRECTION('center_axis',(0.999999999999993,0.,1.19209290340271E-7));
#13201=DIRECTION('ref_axis',(1.19209290340271E-7,0.,-0.999999999999993));
#13202=DIRECTION('',(0.,1.,0.));
#13203=DIRECTION('center_axis',(0.707106739039698,0.,0.707106823333394));
#13204=DIRECTION('ref_axis',(0.707106823333394,0.,-0.707106739039698));
#13205=DIRECTION('',(0.,1.,0.));
#13206=DIRECTION('center_axis',(0.,0.,1.));
#13207=DIRECTION('ref_axis',(1.,0.,0.));
#13208=DIRECTION('',(0.,1.,0.));
#13209=DIRECTION('center_axis',(-0.707106781186548,0.,0.707106781186547));
#13210=DIRECTION('ref_axis',(0.707106781186547,0.,0.707106781186548));
#13211=DIRECTION('',(0.,1.,0.));
#13212=DIRECTION('center_axis',(-1.,0.,0.));
#13213=DIRECTION('ref_axis',(0.,0.,1.));
#13214=DIRECTION('',(0.,1.,0.));
#13215=DIRECTION('center_axis',(-0.707106781186548,0.,0.707106781186548));
#13216=DIRECTION('ref_axis',(0.707106781186548,0.,0.707106781186548));
#13217=DIRECTION('',(0.,1.,0.));
#13218=DIRECTION('center_axis',(0.,0.,1.));
#13219=DIRECTION('ref_axis',(1.,0.,0.));
#13220=DIRECTION('',(0.,1.,0.));
#13221=DIRECTION('center_axis',(-0.707106781186547,0.,0.707106781186548));
#13222=DIRECTION('ref_axis',(0.707106781186548,0.,0.707106781186547));
#13223=DIRECTION('center_axis',(2.70300142991745E-8,0.,-1.));
#13224=DIRECTION('ref_axis',(-1.,0.,-2.70300142991745E-8));
#13225=DIRECTION('',(0.,1.,0.));
#13226=DIRECTION('center_axis',(0.,0.,-1.));
#13227=DIRECTION('ref_axis',(-1.,0.,0.));
#13228=DIRECTION('',(0.,1.,0.));
#13229=DIRECTION('center_axis',(-1.,0.,0.));
#13230=DIRECTION('ref_axis',(0.,0.,1.));
#13231=DIRECTION('',(0.,1.,0.));
#13232=DIRECTION('center_axis',(0.,0.,-1.));
#13233=DIRECTION('ref_axis',(-1.,0.,0.));
#13234=DIRECTION('center_axis',(8.30207613766731E-8,0.,-0.999999999999997));
#13235=DIRECTION('ref_axis',(-0.999999999999996,0.,-8.30207613766731E-8));
#13236=DIRECTION('',(0.,1.,0.));
#13237=DIRECTION('center_axis',(0.999999999999997,0.,8.30207372531169E-8));
#13238=DIRECTION('ref_axis',(8.30207372531169E-8,0.,-0.999999999999996));
#13239=DIRECTION('center_axis',(1.,0.,0.));
#13240=DIRECTION('ref_axis',(0.,0.,-1.));
#13241=DIRECTION('center_axis',(0.,1.,0.));
#13242=DIRECTION('ref_axis',(0.,0.,1.));
#13243=DIRECTION('center_axis',(-0.707106781186544,-2.19807711485435E-15,
0.707106781186551));
#13244=DIRECTION('ref_axis',(-0.316227766016842,0.894427190999915,-0.316227766016836));
#13245=DIRECTION('center_axis',(0.,1.,0.));
#13246=DIRECTION('ref_axis',(-0.923879532511287,0.,-0.38268343236509));
#13247=DIRECTION('center_axis',(2.96059473233375E-15,-1.82974817149615E-15,
-1.));
#13248=DIRECTION('ref_axis',(-1.,0.,-2.96059473233375E-15));
#13249=DIRECTION('center_axis',(-8.21656769028236E-17,-1.,1.98365491540363E-16));
#13250=DIRECTION('ref_axis',(-0.923879532511287,0.,-0.382683432365089));
#13251=DIRECTION('center_axis',(0.,0.,1.));
#13252=DIRECTION('ref_axis',(-0.85065080835204,0.525731112119133,0.));
#13253=DIRECTION('center_axis',(0.,0.,-1.));
#13254=DIRECTION('ref_axis',(-1.,0.,0.));
#13255=DIRECTION('',(0.,0.,-1.));
#13256=DIRECTION('center_axis',(0.,1.,0.));
#13257=DIRECTION('ref_axis',(0.,0.,1.));
#13258=DIRECTION('center_axis',(0.,1.,0.));
#13259=DIRECTION('ref_axis',(-0.923879532511287,0.,0.38268343236509));
#13260=DIRECTION('center_axis',(-0.707106781186548,0.,-0.707106781186548));
#13261=DIRECTION('ref_axis',(-0.707106781186547,0.,0.707106781186547));
#13262=DIRECTION('center_axis',(0.,-1.,0.));
#13263=DIRECTION('ref_axis',(-0.923879532511287,0.,0.38268343236509));
#13264=DIRECTION('center_axis',(0.707106781186548,0.,0.707106781186548));
#13265=DIRECTION('ref_axis',(-0.601500955007546,0.525731112119134,0.601500955007546));
#13266=DIRECTION('',(0.707106781186548,0.,0.707106781186548));
#13267=DIRECTION('center_axis',(-0.707106781186548,-1.72398205086616E-16,
-0.707106781186548));
#13268=DIRECTION('ref_axis',(-0.707106781186548,0.,0.707106781186548));
#13269=DIRECTION('',(-0.707106781186548,0.,-0.707106781186548));
#13270=DIRECTION('center_axis',(0.,1.,0.));
#13271=DIRECTION('ref_axis',(0.,0.,1.));
#13272=DIRECTION('center_axis',(0.,1.,0.));
#13273=DIRECTION('ref_axis',(-0.38268343236509,0.,0.923879532511287));
#13274=DIRECTION('center_axis',(-1.,0.,0.));
#13275=DIRECTION('ref_axis',(0.,0.,1.));
#13276=DIRECTION('center_axis',(-4.10828384514119E-17,-1.,9.91827457701815E-17));
#13277=DIRECTION('ref_axis',(-0.38268343236509,1.07354630425228E-16,0.923879532511287));
#13278=DIRECTION('center_axis',(1.,0.,0.));
#13279=DIRECTION('ref_axis',(0.,0.525731112119133,0.85065080835204));
#13280=DIRECTION('center_axis',(-1.,0.,0.));
#13281=DIRECTION('ref_axis',(0.,0.,1.));
#13282=DIRECTION('',(-1.,0.,0.));
#13283=DIRECTION('center_axis',(0.,1.,0.));
#13284=DIRECTION('ref_axis',(0.,0.,1.));
#13285=DIRECTION('center_axis',(0.,1.,0.));
#13286=DIRECTION('ref_axis',(0.38268343236509,0.,0.923879532511287));
#13287=DIRECTION('center_axis',(-0.707106781186547,-2.11187801231103E-15,
0.707106781186548));
#13288=DIRECTION('ref_axis',(0.707106781186548,0.,0.707106781186547));
#13289=DIRECTION('center_axis',(1.40265584221593E-16,-1.,5.80999073187695E-17));
#13290=DIRECTION('ref_axis',(0.38268343236509,1.07354630425228E-16,0.923879532511287));
#13291=DIRECTION('center_axis',(0.707106781186548,3.10316769155909E-17,
-0.707106781186547));
#13292=DIRECTION('ref_axis',(0.601500955007543,0.525731112119135,0.601500955007547));
#13293=DIRECTION('',(0.707106781186548,3.10316769155909E-17,-0.707106781186547));
#13294=DIRECTION('center_axis',(-0.70710678118655,-4.74095063988194E-16,
0.707106781186545));
#13295=DIRECTION('ref_axis',(0.707106781186545,0.,0.70710678118655));
#13296=DIRECTION('',(-0.707106781186548,-3.10316769155909E-17,0.707106781186547));
#13297=DIRECTION('center_axis',(0.,1.,0.));
#13298=DIRECTION('ref_axis',(0.,0.,1.));
#13299=DIRECTION('center_axis',(0.,1.,0.));
#13300=DIRECTION('ref_axis',(0.923879532511287,0.,0.38268343236509));
#13301=DIRECTION('center_axis',(0.,0.,1.));
#13302=DIRECTION('ref_axis',(1.,0.,0.));
#13303=DIRECTION('center_axis',(-1.23248515354236E-16,-1.,2.97548237310544E-16));
#13304=DIRECTION('ref_axis',(0.923879532511287,0.,0.38268343236509));
#13305=DIRECTION('center_axis',(0.,0.,-1.));
#13306=DIRECTION('ref_axis',(0.850650808352041,0.525731112119132,0.));
#13307=DIRECTION('center_axis',(0.,0.,1.));
#13308=DIRECTION('ref_axis',(1.,0.,0.));
#13309=DIRECTION('',(0.,0.,1.));
#13310=DIRECTION('center_axis',(0.,1.,0.));
#13311=DIRECTION('ref_axis',(0.,0.,1.));
#13312=DIRECTION('center_axis',(0.,1.,0.));
#13313=DIRECTION('ref_axis',(0.923879532511287,0.,-0.38268343236509));
#13314=DIRECTION('center_axis',(0.707106781186548,0.,0.707106781186548));
#13315=DIRECTION('ref_axis',(0.707106781186547,0.,-0.707106781186547));
#13316=DIRECTION('center_axis',(2.29479961841113E-16,-1.,8.34544804612863E-16));
#13317=DIRECTION('ref_axis',(0.923879532511287,-1.07354630425228E-16,-0.382683432365089));
#13318=DIRECTION('center_axis',(-0.707106781186548,0.,-0.707106781186548));
#13319=DIRECTION('ref_axis',(0.601500955007545,0.525731112119135,-0.601500955007545));
#13320=DIRECTION('',(-0.707106781186547,0.,-0.707106781186547));
#13321=DIRECTION('center_axis',(0.70710678118655,2.58597307629927E-15,0.707106781186545));
#13322=DIRECTION('ref_axis',(0.707106781186544,0.,-0.70710678118655));
#13323=DIRECTION('',(0.707106781186547,0.,0.707106781186547));
#13324=DIRECTION('center_axis',(0.,1.,0.));
#13325=DIRECTION('ref_axis',(0.,0.,1.));
#13326=DIRECTION('center_axis',(0.,1.,0.));
#13327=DIRECTION('ref_axis',(0.38268343236509,0.,-0.923879532511287));
#13328=DIRECTION('center_axis',(1.,-1.82974817149617E-15,2.96059473233374E-15));
#13329=DIRECTION('ref_axis',(2.96059473233374E-15,0.,-1.));
#13330=DIRECTION('center_axis',(-5.80999073187696E-17,-1.,-1.40265584221593E-16));
#13331=DIRECTION('ref_axis',(0.38268343236509,1.07354630425228E-16,-0.923879532511287));
#13332=DIRECTION('center_axis',(-1.,0.,0.));
#13333=DIRECTION('ref_axis',(0.,0.525731112119132,-0.850650808352041));
#13334=DIRECTION('',(-1.,0.,0.));
#13335=DIRECTION('center_axis',(1.,-4.57437042874039E-16,7.40148683083436E-16));
#13336=DIRECTION('ref_axis',(7.40148683083436E-16,0.,-1.));
#13337=DIRECTION('',(1.,0.,0.));
#13338=DIRECTION('center_axis',(0.,1.,0.));
#13339=DIRECTION('ref_axis',(0.,0.,1.));
#13340=DIRECTION('center_axis',(0.,1.,0.));
#13341=DIRECTION('ref_axis',(-0.38268343236509,0.,-0.923879532511287));
#13342=DIRECTION('center_axis',(0.707106781186547,-1.29298653814962E-16,
-0.707106781186548));
#13343=DIRECTION('ref_axis',(-0.707106781186548,0.,-0.707106781186547));
#13344=DIRECTION('center_axis',(1.98365491540363E-16,-1.,-8.21656769028238E-17));
#13345=DIRECTION('ref_axis',(-0.38268343236509,0.,-0.923879532511287));
#13346=DIRECTION('center_axis',(-0.707106781186547,-3.10316769155909E-17,
0.707106781186548));
#13347=DIRECTION('ref_axis',(-0.601500955007547,0.525731112119135,-0.601500955007543));
#13348=DIRECTION('',(-0.707106781186547,-3.10316769155909E-17,0.707106781186548));
#13349=DIRECTION('',(0.707106781186547,3.10316769155909E-17,-0.707106781186548));
#13350=DIRECTION('center_axis',(0.447213595499958,0.894427190999916,0.));
#13351=DIRECTION('ref_axis',(0.,0.,1.));
#13352=DIRECTION('',(0.894427190999916,-0.447213595499958,0.));
#13353=DIRECTION('',(0.,0.,-1.));
#13354=DIRECTION('',(0.894427190999916,-0.447213595499958,0.));
#13355=DIRECTION('center_axis',(0.,-1.,0.));
#13356=DIRECTION('ref_axis',(0.923879532511287,0.,-0.38268343236509));
#13357=DIRECTION('',(0.632455532033676,-0.447213595499958,-0.632455532033676));
#13358=DIRECTION('center_axis',(-2.59353214537015E-16,1.,6.26134047980318E-16));
#13359=DIRECTION('ref_axis',(0.923879532511286,4.79222253203513E-16,-0.382683432365091));
#13360=DIRECTION('center_axis',(0.316227766016838,0.894427190999916,-0.316227766016838));
#13361=DIRECTION('ref_axis',(0.,0.333333333333333,0.942809041582064));
#13362=DIRECTION('',(0.632455532033675,-0.447213595499959,-0.632455532033676));
#13363=DIRECTION('',(-0.707106781186548,0.,-0.707106781186548));
#13364=DIRECTION('center_axis',(0.,-1.,0.));
#13365=DIRECTION('ref_axis',(0.382683432365089,0.,-0.923879532511287));
#13366=DIRECTION('',(0.,-0.447213595499958,-0.894427190999916));
#13367=DIRECTION('center_axis',(7.02096845795679E-16,1.,8.09524464701974E-16));
#13368=DIRECTION('ref_axis',(0.382683432365093,4.79222253203513E-16,-0.923879532511286));
#13369=DIRECTION('center_axis',(0.,0.894427190999916,-0.447213595499958));
#13370=DIRECTION('ref_axis',(0.,0.447213595499958,0.894427190999916));
#13371=DIRECTION('',(-2.48253415324727E-16,0.447213595499958,0.894427190999916));
#13372=DIRECTION('',(-1.,0.,0.));
#13373=DIRECTION('center_axis',(0.,-1.,0.));
#13374=DIRECTION('ref_axis',(-0.38268343236509,0.,-0.923879532511287));
#13375=DIRECTION('',(0.632455532033676,0.447213595499958,0.632455532033676));
#13376=DIRECTION('center_axis',(6.26134047980319E-16,1.,2.59353214537014E-16));
#13377=DIRECTION('ref_axis',(-0.382683432365091,4.79222253203513E-16,-0.923879532511286));
#13378=DIRECTION('center_axis',(-0.316227766016838,0.894427190999916,-0.316227766016838));
#13379=DIRECTION('ref_axis',(0.,0.333333333333333,0.942809041582063));
#13380=DIRECTION('',(0.632455532033676,0.447213595499958,0.632455532033676));
#13381=DIRECTION('',(-0.707106781186547,0.,0.707106781186548));
#13382=DIRECTION('center_axis',(0.,-1.,0.));
#13383=DIRECTION('ref_axis',(-0.923879532511286,0.,-0.38268343236509));
#13384=DIRECTION('',(0.894427190999916,0.447213595499958,0.));
#13385=DIRECTION('center_axis',(0.,1.,0.));
#13386=DIRECTION('ref_axis',(-0.923879532511286,0.,-0.382683432365091));
#13387=DIRECTION('center_axis',(0.707106781186547,0.,0.707106781186548));
#13388=DIRECTION('ref_axis',(0.707106781186548,0.,-0.707106781186547));
#13389=DIRECTION('',(0.,-1.,0.));
#13390=DIRECTION('',(0.,-1.,0.));
#13391=DIRECTION('center_axis',(0.,-1.,0.));
#13392=DIRECTION('ref_axis',(0.38268343236509,0.,0.923879532511287));
#13393=DIRECTION('center_axis',(0.,1.,0.));
#13394=DIRECTION('ref_axis',(-0.38268343236509,0.,0.923879532511287));
#13395=DIRECTION('',(0.,-1.,0.));
#13396=DIRECTION('center_axis',(-0.707106781186548,0.,0.707106781186548));
#13397=DIRECTION('ref_axis',(0.707106781186548,0.,0.707106781186548));
#13398=DIRECTION('',(0.,-1.,0.));
#13399=DIRECTION('center_axis',(0.,-1.,0.));
#13400=DIRECTION('ref_axis',(-0.923879532511287,0.,0.38268343236509));
#13401=DIRECTION('center_axis',(0.,1.,0.));
#13402=DIRECTION('ref_axis',(-0.923879532511287,0.,-0.38268343236509));
#13403=DIRECTION('',(0.,-1.,0.));
#13404=DIRECTION('center_axis',(1.,0.,0.));
#13405=DIRECTION('ref_axis',(0.,0.97324898946773,-0.229752920547362));
#13406=DIRECTION('center_axis',(1.,0.,0.));
#13407=DIRECTION('ref_axis',(0.,0.894427190999916,-0.447213595499959));
#13408=DIRECTION('',(1.,0.,0.));
#13409=DIRECTION('center_axis',(-1.,0.,0.));
#13410=DIRECTION('ref_axis',(0.,1.,0.));
#13411=DIRECTION('center_axis',(0.,-1.,0.));
#13412=DIRECTION('ref_axis',(0.,0.,-1.));
#13413=DIRECTION('center_axis',(-0.707106781186548,0.,-0.707106781186548));
#13414=DIRECTION('ref_axis',(0.,1.,0.));
#13415=DIRECTION('center_axis',(0.,-1.,0.));
#13416=DIRECTION('ref_axis',(0.382683432365091,0.,-0.923879532511286));
#13417=DIRECTION('center_axis',(0.707106781186548,0.,0.707106781186548));
#13418=DIRECTION('ref_axis',(0.162459848116455,0.973248989467729,-0.162459848116455));
#13419=DIRECTION('center_axis',(-0.707106781186548,0.,-0.707106781186548));
#13420=DIRECTION('ref_axis',(0.,1.,0.));
#13421=DIRECTION('',(0.707106781186548,0.,0.707106781186548));
#13422=DIRECTION('center_axis',(0.,-1.,0.));
#13423=DIRECTION('ref_axis',(0.,0.,-1.));
#13424=DIRECTION('center_axis',(0.,0.,-1.));
#13425=DIRECTION('ref_axis',(0.,1.,0.));
#13426=DIRECTION('center_axis',(0.,-1.,0.));
#13427=DIRECTION('ref_axis',(0.923879532511287,0.,-0.38268343236509));
#13428=DIRECTION('center_axis',(0.,0.,1.));
#13429=DIRECTION('ref_axis',(0.229752920547362,0.97324898946773,0.));
#13430=DIRECTION('center_axis',(0.,0.,-1.));
#13431=DIRECTION('ref_axis',(0.,1.,0.));
#13432=DIRECTION('',(0.,0.,1.));
#13433=DIRECTION('center_axis',(0.,-1.,0.));
#13434=DIRECTION('ref_axis',(0.,0.,-1.));
#13435=DIRECTION('center_axis',(0.707106781186548,0.,-0.707106781186547));
#13436=DIRECTION('ref_axis',(0.,1.,0.));
#13437=DIRECTION('center_axis',(-6.2613404798032E-16,1.,2.59353214537012E-16));
#13438=DIRECTION('ref_axis',(0.923879532511286,4.79222253203513E-16,0.382683432365092));
#13439=DIRECTION('center_axis',(0.,-1.,0.));
#13440=DIRECTION('ref_axis',(0.923879532511287,0.,0.38268343236509));
#13441=DIRECTION('center_axis',(-0.707106781186548,0.,0.707106781186547));
#13442=DIRECTION('ref_axis',(0.162459848116449,0.973248989467731,0.162459848116453));
#13443=DIRECTION('center_axis',(0.707106781186549,0.,-0.707106781186546));
#13444=DIRECTION('ref_axis',(0.,1.,0.));
#13445=DIRECTION('',(0.707106781186548,0.,-0.707106781186547));
#13446=DIRECTION('',(-0.707106781186548,0.,0.707106781186547));
#13447=DIRECTION('center_axis',(0.,-1.,0.));
#13448=DIRECTION('ref_axis',(0.,0.,-1.));
#13449=DIRECTION('center_axis',(1.,0.,-6.62009107532606E-15));
#13450=DIRECTION('ref_axis',(0.,1.,0.));
#13451=DIRECTION('center_axis',(0.,1.,0.));
#13452=DIRECTION('ref_axis',(0.382683432365089,0.,0.923879532511287));
#13453=DIRECTION('center_axis',(0.,-1.,0.));
#13454=DIRECTION('ref_axis',(0.38268343236509,0.,0.923879532511287));
#13455=DIRECTION('center_axis',(-1.,0.,0.));
#13456=DIRECTION('ref_axis',(0.,0.97324898946773,0.229752920547361));
#13457=DIRECTION('center_axis',(1.,0.,0.));
#13458=DIRECTION('ref_axis',(0.,1.,0.));
#13459=DIRECTION('',(1.,0.,0.));
#13460=DIRECTION('',(-1.,0.,0.));
#13461=DIRECTION('center_axis',(0.,-1.,0.));
#13462=DIRECTION('ref_axis',(0.,0.,-1.));
#13463=DIRECTION('center_axis',(0.707106781186548,0.,0.707106781186548));
#13464=DIRECTION('ref_axis',(0.,1.,0.));
#13465=DIRECTION('center_axis',(0.,1.,0.));
#13466=DIRECTION('ref_axis',(-0.38268343236509,0.,0.923879532511287));
#13467=DIRECTION('center_axis',(0.,-1.,0.));
#13468=DIRECTION('ref_axis',(-0.38268343236509,0.,0.923879532511287));
#13469=DIRECTION('center_axis',(-0.707106781186548,0.,-0.707106781186548));
#13470=DIRECTION('ref_axis',(-0.162459848116453,0.97324898946773,0.162459848116453));
#13471=DIRECTION('center_axis',(0.707106781186548,0.,0.707106781186547));
#13472=DIRECTION('ref_axis',(0.,1.,0.));
#13473=DIRECTION('',(0.707106781186548,0.,0.707106781186548));
#13474=DIRECTION('',(-0.707106781186548,0.,-0.707106781186548));
#13475=DIRECTION('center_axis',(0.,-1.,0.));
#13476=DIRECTION('ref_axis',(0.,0.,-1.));
#13477=DIRECTION('center_axis',(0.,0.,1.));
#13478=DIRECTION('ref_axis',(0.,1.,0.));
#13479=DIRECTION('center_axis',(1.83390416721652E-16,1.,4.42743631258666E-16));
#13480=DIRECTION('ref_axis',(-0.923879532511287,0.,0.382683432365089));
#13481=DIRECTION('center_axis',(0.,-1.,0.));
#13482=DIRECTION('ref_axis',(-0.923879532511287,0.,0.38268343236509));
#13483=DIRECTION('center_axis',(0.,0.,-1.));
#13484=DIRECTION('ref_axis',(-0.229752920547361,0.97324898946773,0.));
#13485=DIRECTION('center_axis',(0.,0.,1.));
#13486=DIRECTION('ref_axis',(0.,1.,0.));
#13487=DIRECTION('',(0.,0.,1.));
#13488=DIRECTION('',(0.,0.,-1.));
#13489=DIRECTION('center_axis',(0.,-1.,0.));
#13490=DIRECTION('ref_axis',(0.,0.,-1.));
#13491=DIRECTION('center_axis',(-0.707106781186548,0.,0.707106781186547));
#13492=DIRECTION('ref_axis',(0.,1.,0.));
#13493=DIRECTION('center_axis',(0.,-1.,0.));
#13494=DIRECTION('ref_axis',(-0.923879532511286,0.,-0.382683432365091));
#13495=DIRECTION('center_axis',(0.707106781186547,0.,-0.707106781186548));
#13496=DIRECTION('ref_axis',(-0.162459848116453,0.973248989467731,-0.162459848116449));
#13497=DIRECTION('center_axis',(-0.707106781186545,0.,0.70710678118655));
#13498=DIRECTION('ref_axis',(0.,1.,0.));
#13499=DIRECTION('',(0.707106781186547,0.,-0.707106781186548));
#13500=DIRECTION('center_axis',(0.,-1.,0.));
#13501=DIRECTION('ref_axis',(0.,0.,-1.));
#13502=DIRECTION('center_axis',(0.,-1.,0.));
#13503=DIRECTION('ref_axis',(-0.38268343236509,0.,-0.923879532511287));
#13504=DIRECTION('center_axis',(0.,-1.,0.));
#13505=DIRECTION('ref_axis',(-0.38268343236509,0.,0.923879532511287));
#13506=DIRECTION('',(0.,0.447213595499958,-0.894427190999916));
#13507=DIRECTION('',(0.632455532033676,0.447213595499958,-0.632455532033676));
#13508=DIRECTION('center_axis',(-0.316227766016838,0.894427190999916,0.316227766016838));
#13509=DIRECTION('ref_axis',(0.,-0.333333333333333,0.942809041582063));
#13510=DIRECTION('',(0.632455532033676,0.447213595499958,-0.632455532033676));
#13511=DIRECTION('center_axis',(0.,-1.,0.));
#13512=DIRECTION('ref_axis',(-0.923879532511287,0.,0.38268343236509));
#13513=DIRECTION('',(0.894427190999916,0.447213595499958,0.));
#13514=DIRECTION('center_axis',(-0.447213595499958,0.894427190999916,0.));
#13515=DIRECTION('ref_axis',(0.,0.,1.));
#13516=DIRECTION('center_axis',(0.,1.,0.));
#13517=DIRECTION('ref_axis',(0.,0.,1.));
#13518=DIRECTION('',(-0.70710678118655,0.,0.707106781186545));
#13519=DIRECTION('center_axis',(0.,-1.,0.));
#13520=DIRECTION('ref_axis',(4.44089209850061E-15,0.,1.));
#13521=DIRECTION('',(-1.,0.,-1.84855782565298E-17));
#13522=DIRECTION('center_axis',(0.,-1.,0.));
#13523=DIRECTION('ref_axis',(-0.707106781186549,0.,0.707106781186546));
#13524=DIRECTION('',(-0.707106781186548,0.,-0.707106781186547));
#13525=DIRECTION('center_axis',(0.,-1.,0.));
#13526=DIRECTION('ref_axis',(-1.,0.,1.11022302462515E-15));
#13527=DIRECTION('',(-3.69711565130597E-17,0.,-1.));
#13528=DIRECTION('center_axis',(0.,-1.,0.));
#13529=DIRECTION('ref_axis',(-0.70710678118655,0.,-0.707106781186545));
#13530=DIRECTION('',(0.707106781186545,0.,-0.70710678118655));
#13531=DIRECTION('center_axis',(0.,-1.,0.));
#13532=DIRECTION('ref_axis',(-8.88178419700105E-15,0.,-1.));
#13533=DIRECTION('',(1.,0.,0.));
#13534=DIRECTION('center_axis',(0.,-1.,0.));
#13535=DIRECTION('ref_axis',(0.707106781186534,0.,-0.707106781186561));
#13536=DIRECTION('',(0.707106781186548,0.,0.707106781186548));
#13537=DIRECTION('center_axis',(0.,-1.,0.));
#13538=DIRECTION('ref_axis',(1.,0.,-4.4408920985006E-15));
#13539=DIRECTION('',(0.,0.,1.));
#13540=DIRECTION('center_axis',(0.,-1.,0.));
#13541=DIRECTION('ref_axis',(0.707106781186531,0.,0.707106781186564));
#13542=DIRECTION('center_axis',(0.707106781186545,0.,0.70710678118655));
#13543=DIRECTION('ref_axis',(-0.70710678118655,0.,0.707106781186545));
#13544=DIRECTION('',(0.,-1.,0.));
#13545=DIRECTION('',(0.,-1.,0.));
#13546=DIRECTION('center_axis',(0.,-1.,0.));
#13547=DIRECTION('ref_axis',(0.707106781186531,0.,0.707106781186564));
#13548=DIRECTION('',(0.,-1.,0.));
#13549=DIRECTION('center_axis',(1.,0.,0.));
#13550=DIRECTION('ref_axis',(0.,0.,1.));
#13551=DIRECTION('',(0.,-1.,0.));
#13552=DIRECTION('center_axis',(0.,-1.,0.));
#13553=DIRECTION('ref_axis',(1.,0.,-4.4408920985006E-15));
#13554=DIRECTION('',(0.,-1.,0.));
#13555=DIRECTION('center_axis',(0.707106781186548,0.,-0.707106781186548));
#13556=DIRECTION('ref_axis',(0.707106781186548,0.,0.707106781186548));
#13557=DIRECTION('',(0.,-1.,0.));
#13558=DIRECTION('center_axis',(0.,-1.,0.));
#13559=DIRECTION('ref_axis',(0.707106781186534,0.,-0.707106781186561));
#13560=DIRECTION('',(0.,-1.,0.));
#13561=DIRECTION('center_axis',(0.,0.,-1.));
#13562=DIRECTION('ref_axis',(1.,0.,0.));
#13563=DIRECTION('',(0.,-1.,0.));
#13564=DIRECTION('center_axis',(0.,-1.,0.));
#13565=DIRECTION('ref_axis',(-8.88178419700105E-15,0.,-1.));
#13566=DIRECTION('',(0.,-1.,0.));
#13567=DIRECTION('center_axis',(-0.70710678118655,0.,-0.707106781186545));
#13568=DIRECTION('ref_axis',(0.707106781186545,0.,-0.70710678118655));
#13569=DIRECTION('',(0.,-1.,0.));
#13570=DIRECTION('center_axis',(0.,-1.,0.));
#13571=DIRECTION('ref_axis',(-0.70710678118655,0.,-0.707106781186545));
#13572=DIRECTION('',(0.,-1.,0.));
#13573=DIRECTION('center_axis',(-1.,0.,3.69711565130597E-17));
#13574=DIRECTION('ref_axis',(-3.69711565130597E-17,0.,-1.));
#13575=DIRECTION('',(0.,-1.,0.));
#13576=DIRECTION('center_axis',(0.,-1.,0.));
#13577=DIRECTION('ref_axis',(-1.,0.,1.11022302462515E-15));
#13578=DIRECTION('',(0.,-1.,0.));
#13579=DIRECTION('center_axis',(-0.707106781186547,0.,0.707106781186548));
#13580=DIRECTION('ref_axis',(-0.707106781186548,0.,-0.707106781186547));
#13581=DIRECTION('',(0.,-1.,0.));
#13582=DIRECTION('center_axis',(0.,-1.,0.));
#13583=DIRECTION('ref_axis',(-0.707106781186549,0.,0.707106781186546));
#13584=DIRECTION('',(0.,-1.,0.));
#13585=DIRECTION('center_axis',(-1.84855782565298E-17,0.,1.));
#13586=DIRECTION('ref_axis',(-1.,0.,-1.84855782565298E-17));
#13587=DIRECTION('',(0.,-1.,0.));
#13588=DIRECTION('center_axis',(0.,-1.,0.));
#13589=DIRECTION('ref_axis',(4.44089209850061E-15,0.,1.));
#13590=DIRECTION('center_axis',(0.,-1.,0.));
#13591=DIRECTION('ref_axis',(0.923879532511287,0.,0.38268343236509));
#13592=DIRECTION('',(0.632455532033676,-0.447213595499958,0.632455532033676));
#13593=DIRECTION('center_axis',(0.316227766016838,0.894427190999916,0.316227766016838));
#13594=DIRECTION('ref_axis',(0.,-0.333333333333333,0.942809041582063));
#13595=DIRECTION('',(0.632455532033676,-0.447213595499958,0.632455532033676));
#13596=DIRECTION('center_axis',(0.,-1.,0.));
#13597=DIRECTION('ref_axis',(0.38268343236509,0.,0.923879532511287));
#13598=DIRECTION('',(0.,-0.447213595499958,0.894427190999916));
#13599=DIRECTION('center_axis',(0.,0.894427190999916,0.447213595499958));
#13600=DIRECTION('ref_axis',(0.,-0.447213595499958,0.894427190999916));
#13601=DIRECTION('center_axis',(-0.707106781186548,0.,-0.707106781186547));
#13602=DIRECTION('ref_axis',(-0.707106781186547,0.,0.707106781186548));
#13603=DIRECTION('',(0.,-1.,0.));
#13604=DIRECTION('center_axis',(0.,-1.,0.));
#13605=DIRECTION('ref_axis',(-0.38268343236509,0.,-0.923879532511287));
#13606=DIRECTION('',(0.,-1.,0.));
#13607=DIRECTION('center_axis',(0.,0.,-1.));
#13608=DIRECTION('ref_axis',(-1.,0.,0.));
#13609=DIRECTION('',(0.,1.,0.));
#13610=DIRECTION('center_axis',(0.,1.,0.));
#13611=DIRECTION('ref_axis',(0.382683432365089,0.,-0.923879532511287));
#13612=DIRECTION('',(0.,-1.,0.));
#13613=DIRECTION('center_axis',(0.707106781186548,0.,-0.707106781186548));
#13614=DIRECTION('ref_axis',(-0.707106781186548,0.,-0.707106781186548));
#13615=DIRECTION('',(0.,-1.,0.));
#13616=DIRECTION('center_axis',(0.,-1.,0.));
#13617=DIRECTION('ref_axis',(0.923879532511287,0.,-0.38268343236509));
#13618=DIRECTION('center_axis',(0.,1.,0.));
#13619=DIRECTION('ref_axis',(0.923879532511287,0.,0.38268343236509));
#13620=DIRECTION('',(0.,0.,1.));
#13621=DIRECTION('',(1.,0.,0.));
#13622=DIRECTION('',(1.,1.22464679914735E-16,1.22464679914735E-16));
#13623=DIRECTION('',(1.22464679914735E-16,0.,-1.));
#13624=CARTESIAN_POINT('',(0.,0.,0.));
#13625=CARTESIAN_POINT('',(0.,0.,0.));
#13626=CARTESIAN_POINT('',(0.,0.,0.));
#13627=CARTESIAN_POINT('Origin',(97.2500019143793,17.,-41.5));
#13628=CARTESIAN_POINT('',(98.500001931143,16.,-40.5));
#13629=CARTESIAN_POINT('',(98.500001931143,18.,-42.5));
#13630=CARTESIAN_POINT('',(98.500001931143,12.5,-37.));
#13631=CARTESIAN_POINT('',(96.500001931143,18.,-42.5));
#13632=CARTESIAN_POINT('',(97.2500019143793,18.,-42.5));
#13633=CARTESIAN_POINT('',(96.5000019311431,16.,-40.5));
#13634=CARTESIAN_POINT('',(96.5000019311431,12.5,-37.));
#13635=CARTESIAN_POINT('',(97.2500019143793,16.,-40.5));
#13636=CARTESIAN_POINT('Origin',(96.5000019311431,-6.76650642713987E-16,
-40.5));
#13637=CARTESIAN_POINT('',(96.500001931143,18.,-67.5));
#13638=CARTESIAN_POINT('',(96.500001931143,18.,-78.5));
#13639=CARTESIAN_POINT('',(96.5000019311431,16.,-69.5));
#13640=CARTESIAN_POINT('',(96.5000019311431,19.75,-65.75));
#13641=CARTESIAN_POINT('',(96.500001931143,12.,-69.5));
#13642=CARTESIAN_POINT('',(96.5000019311431,6.,-69.5));
#13643=CARTESIAN_POINT('',(96.500001931143,12.,-70.0147186257614));
#13644=CARTESIAN_POINT('',(96.5000019311431,12.,-47.75));
#13645=CARTESIAN_POINT('',(96.500001931143,3.3540659228538,-70.0147186257614));
#13646=CARTESIAN_POINT('',(96.500001931143,11.,-70.0147186257614));
#13647=CARTESIAN_POINT('',(96.5000019311431,3.3540659228538,-39.9852813742386));
#13648=CARTESIAN_POINT('',(96.5000019311431,3.3540659228538,-44.125));
#13649=CARTESIAN_POINT('',(96.5000019311431,12.,-39.9852813742386));
#13650=CARTESIAN_POINT('',(96.5000019311431,-7.39685494464011E-16,-39.9852813742386));
#13651=CARTESIAN_POINT('',(96.5000019311431,12.,-40.5));
#13652=CARTESIAN_POINT('',(96.5000019311431,12.,-47.75));
#13653=CARTESIAN_POINT('',(96.5000019311431,-6.76650642713987E-16,-40.5));
#13654=CARTESIAN_POINT('Origin',(98.0000018976154,18.,-55.));
#13655=CARTESIAN_POINT('',(98.500001931143,18.,-49.7));
#13656=CARTESIAN_POINT('',(98.500001931143,18.,-69.5));
#13657=CARTESIAN_POINT('',(99.300001931143,18.,-50.5));
#13658=CARTESIAN_POINT('',(99.9000019227611,18.,-51.0999999916181));
#13659=CARTESIAN_POINT('',(99.5000018640878,18.,-50.5));
#13660=CARTESIAN_POINT('',(99.5000018640878,18.,-50.5));
#13661=CARTESIAN_POINT('',(99.5000018640878,18.,-52.5));
#13662=CARTESIAN_POINT('',(99.5000018640878,18.,-52.5));
#13663=CARTESIAN_POINT('',(99.3000018864396,18.,-52.5));
#13664=CARTESIAN_POINT('',(98.5000018864395,18.,-52.5));
#13665=CARTESIAN_POINT('',(98.500001931143,18.,-53.3));
#13666=CARTESIAN_POINT('',(98.1500019185702,18.,-53.6500000321306));
#13667=CARTESIAN_POINT('',(98.500001931143,18.,-61.699998010695));
#13668=CARTESIAN_POINT('',(98.500001931143,18.,-69.5));
#13669=CARTESIAN_POINT('',(99.300001931143,18.,-62.499998010695));
#13670=CARTESIAN_POINT('',(96.9000024200874,18.,-60.0999984996393));
#13671=CARTESIAN_POINT('',(99.5000018640878,18.,-62.499998010695));
#13672=CARTESIAN_POINT('',(99.5000018640878,18.,-62.499998010695));
#13673=CARTESIAN_POINT('',(99.5000018640878,18.,-67.5));
#13674=CARTESIAN_POINT('',(99.5000018640878,18.,-67.5));
#13675=CARTESIAN_POINT('',(99.3000018864396,18.,-67.5));
#13676=CARTESIAN_POINT('',(98.5000018864395,18.,-67.5));
#13677=CARTESIAN_POINT('',(98.2500019143792,18.,-67.5));
#13678=CARTESIAN_POINT('Origin',(98.2500019143792,17.,-68.5));
#13679=CARTESIAN_POINT('',(98.500001931143,17.2,-68.3));
#13680=CARTESIAN_POINT('',(95.6583353094903,14.3583332195567,-71.1416667804433));
#13681=CARTESIAN_POINT('',(98.500001931143,16.,-69.5));
#13682=CARTESIAN_POINT('',(98.500001931143,13.,-72.5));
#13683=CARTESIAN_POINT('',(98.2500019143792,16.,-69.5));
#13684=CARTESIAN_POINT('Origin',(98.500001931143,2.87482507481334E-15,-69.5));
#13685=CARTESIAN_POINT('',(98.500001931143,12.,-69.5));
#13686=CARTESIAN_POINT('',(98.500001931143,2.87482507481334E-15,-69.5));
#13687=CARTESIAN_POINT('',(109.250001931143,12.,-69.5));
#13688=CARTESIAN_POINT('Origin',(99.3000018864396,3.3,-67.5));
#13689=CARTESIAN_POINT('',(98.500001931143,3.3,-68.3));
#13690=CARTESIAN_POINT('',(99.3000019311431,2.5,-68.3));
#13691=CARTESIAN_POINT('',(98.500001931143,3.3,-68.3));
#13692=CARTESIAN_POINT('',(99.3000018864396,3.3,-67.5));
#13693=CARTESIAN_POINT('',(99.3000018864396,3.3,-67.5));
#13694=CARTESIAN_POINT('',(99.3000019311431,2.5,-68.3));
#13695=CARTESIAN_POINT('Origin',(98.9000019087913,2.67888158694976E-15,
-67.9));
#13696=CARTESIAN_POINT('',(99.3000018864396,2.62989571498387E-15,-67.5));
#13697=CARTESIAN_POINT('',(98.500001931143,2.72786745891566E-15,-68.3));
#13698=CARTESIAN_POINT('Origin',(98.500001931143,3.3,-61.699998010695));
#13699=CARTESIAN_POINT('',(99.300001931143,3.3,-62.499998010695));
#13700=CARTESIAN_POINT('',(99.3000019311431,2.5,-61.699998010695));
#13701=CARTESIAN_POINT('',(99.300001931143,3.3,-62.499998010695));
#13702=CARTESIAN_POINT('',(98.500001931143,3.3,-61.699998010695));
#13703=CARTESIAN_POINT('',(98.500001931143,3.3,-61.699998010695));
#13704=CARTESIAN_POINT('',(99.3000019311431,2.5,-61.699998010695));
#13705=CARTESIAN_POINT('Origin',(98.900001931143,1.96858619982469E-15,-62.099998010695));
#13706=CARTESIAN_POINT('',(98.500001931143,1.9196003278588E-15,-61.699998010695));
#13707=CARTESIAN_POINT('',(99.300001931143,2.01757207179059E-15,-62.499998010695));
#13708=CARTESIAN_POINT('Origin',(99.3000018864396,3.3,-52.5));
#13709=CARTESIAN_POINT('',(98.500001931143,3.3,-53.3));
#13710=CARTESIAN_POINT('',(99.3000019311431,2.5,-53.3));
#13711=CARTESIAN_POINT('',(98.500001931143,3.3,-53.3));
#13712=CARTESIAN_POINT('',(99.3000018864396,3.3,-52.5));
#13713=CARTESIAN_POINT('',(99.3000018864396,3.3,-52.5));
#13714=CARTESIAN_POINT('',(99.3000019311431,2.5,-53.3));
#13715=CARTESIAN_POINT('Origin',(98.9000019087913,8.41911388228734E-16,
-52.9));
#13716=CARTESIAN_POINT('',(99.3000018864396,7.9292551626284E-16,-52.5));
#13717=CARTESIAN_POINT('',(98.500001931143,8.90897260194628E-16,-53.3));
#13718=CARTESIAN_POINT('Origin',(98.500001931143,3.3,-49.7));
#13719=CARTESIAN_POINT('',(99.300001931143,3.3,-50.5));
#13720=CARTESIAN_POINT('',(99.3000019311431,2.5,-49.7));
#13721=CARTESIAN_POINT('',(99.300001931143,3.3,-50.5));
#13722=CARTESIAN_POINT('',(98.500001931143,3.3,-49.7));
#13723=CARTESIAN_POINT('',(98.500001931143,3.3,-49.7));
#13724=CARTESIAN_POINT('',(99.3000019311431,2.5,-49.7));
#13725=CARTESIAN_POINT('Origin',(98.900001931143,4.99010284467475E-16,-50.1));
#13726=CARTESIAN_POINT('',(98.500001931143,4.5002441250158E-16,-49.7));
#13727=CARTESIAN_POINT('',(99.300001931143,5.47996156433369E-16,-50.5));
#13728=CARTESIAN_POINT('Origin',(138.200004279573,2.9,-44.8999999815252));
#13729=CARTESIAN_POINT('',(135.500000735472,3.3,-44.4999995200754));
#13730=CARTESIAN_POINT('',(137.500005810763,3.3,-44.4999995230313));
#13731=CARTESIAN_POINT('',(138.200004347936,3.3,-44.4999999815252));
#13732=CARTESIAN_POINT('',(142.300000903508,3.30000115211828,-44.4999995301254));
#13733=CARTESIAN_POINT('',(140.250002278392,3.30000080478875,-44.4999995270956));
#13734=CARTESIAN_POINT('',(142.300000924163,2.5,-45.3000006822437));
#13735=CARTESIAN_POINT('',(142.300001065519,-2.97499957936672,-50.7750002616105));
#13736=CARTESIAN_POINT('',(134.700000757096,2.5,-45.2999993833498));
#13737=CARTESIAN_POINT('',(138.20000421121,2.5,-45.2999999815252));
#13738=CARTESIAN_POINT('',(134.700000757096,2.5,-45.2999993833498));
#13739=CARTESIAN_POINT('Origin',(135.100000823319,2.9,-47.7499993657038));
#13740=CARTESIAN_POINT('',(134.700000479535,2.5,-35.0313708651907));
#13741=CARTESIAN_POINT('',(134.700000823319,2.5,-47.7499993765158));
#13742=CARTESIAN_POINT('',(135.500000470578,3.3,-34.7000000000017));
#13743=CARTESIAN_POINT('',(134.700000479535,2.5,-35.0313708651907));
#13744=CARTESIAN_POINT('',(135.500000823319,3.3,-47.7499993548918));
#13745=CARTESIAN_POINT('Origin',(140.842157847588,2.9,-40.6078426499182));
#13746=CARTESIAN_POINT('',(134.300000438142,3.3,-33.5000000000016));
#13747=CARTESIAN_POINT('',(141.12500055624,3.3,-40.324999933621));
#13748=CARTESIAN_POINT('',(133.968629594577,2.5,-34.3000000000016));
#13749=CARTESIAN_POINT('',(140.559315138936,2.5,-40.8906853662154));
#13750=CARTESIAN_POINT('',(133.968629594577,2.5,-34.3000000000016));
#13751=CARTESIAN_POINT('Origin',(137.200000764363,2.9,-33.9000000000018));
#13752=CARTESIAN_POINT('',(104.500001931143,3.3,-33.5));
#13753=CARTESIAN_POINT('',(137.200000764364,3.3,-33.5000000000018));
#13754=CARTESIAN_POINT('',(104.831372781042,2.5,-34.3));
#13755=CARTESIAN_POINT('',(137.200000764363,2.5,-34.3000000000018));
#13756=CARTESIAN_POINT('',(104.831372781042,2.5,-34.3));
#13757=CARTESIAN_POINT('Origin',(108.007844517683,2.9,-30.5578428384093));
#13758=CARTESIAN_POINT('',(103.500001931143,3.3,-34.5));
#13759=CARTESIAN_POINT('',(107.725001805208,3.3,-30.2750001259347));
#13760=CARTESIAN_POINT('',(104.300001931143,2.5,-34.8313708498985));
#13761=CARTESIAN_POINT('',(108.290687230158,2.5,-30.8406855508839));
#13762=CARTESIAN_POINT('',(104.300001931143,2.5,-34.8313708498985));
#13763=CARTESIAN_POINT('Origin',(103.900001931143,2.9,-44.7499998315901));
#13764=CARTESIAN_POINT('',(103.500001931143,3.3,-37.7499994039535));
#13765=CARTESIAN_POINT('',(103.500001931143,3.3,-44.7499998315901));
#13766=CARTESIAN_POINT('',(104.300001931143,2.5,-38.0813702259195));
#13767=CARTESIAN_POINT('',(104.300001931143,2.5,-44.7499998315901));
#13768=CARTESIAN_POINT('',(104.300001931143,2.5,-38.0813702259195));
#13769=CARTESIAN_POINT('Origin',(108.320343330528,2.9,-33.4953428886059));
#13770=CARTESIAN_POINT('',(102.750001931143,3.3,-38.4999994933605));
#13771=CARTESIAN_POINT('',(108.037500601195,3.3,-33.21250019299));
#13772=CARTESIAN_POINT('',(103.081372848476,2.5,-39.299999453858));
#13773=CARTESIAN_POINT('',(108.603186059861,2.5,-33.7781855842217));
#13774=CARTESIAN_POINT('',(103.081372848476,2.5,-39.299999453858));
#13775=CARTESIAN_POINT('Origin',(120.82500057507,2.9,-38.8999973386527));
#13776=CARTESIAN_POINT('',(100.500001931143,3.3,-38.4999997615814));
#13777=CARTESIAN_POINT('',(120.825000527387,3.3,-38.4999973386527));
#13778=CARTESIAN_POINT('',(100.831372848476,2.5,-39.2999997220789));
#13779=CARTESIAN_POINT('',(120.825000622754,2.5,-39.2999973386527));
#13780=CARTESIAN_POINT('',(100.831372848476,2.5,-39.2999997220789));
#13781=CARTESIAN_POINT('Origin',(106.257843330528,2.9,-33.307843134475));
#13782=CARTESIAN_POINT('',(98.500001931143,3.3,-40.5));
#13783=CARTESIAN_POINT('',(105.975000601195,3.3,-33.0250004388591));
#13784=CARTESIAN_POINT('',(99.3000019311431,2.5,-40.831370821966));
#13785=CARTESIAN_POINT('',(106.540686059861,2.5,-33.5906858300909));
#13786=CARTESIAN_POINT('',(99.3000019311431,2.5,-40.831370821966));
#13787=CARTESIAN_POINT('Origin',(98.9000019311431,2.9,-47.7499998315901));
#13788=CARTESIAN_POINT('',(99.3000019311431,2.5,-47.7499998315901));
#13789=CARTESIAN_POINT('',(98.500001931143,3.3,-47.7499998315901));
#13790=CARTESIAN_POINT('Origin',(118.700001510864,2.9,-50.1));
#13791=CARTESIAN_POINT('',(99.5000018640878,3.3,-50.5));
#13792=CARTESIAN_POINT('',(118.700001510864,3.3,-50.5));
#13793=CARTESIAN_POINT('',(100.300001864088,2.5,-49.7));
#13794=CARTESIAN_POINT('',(118.700001510864,2.5,-49.7));
#13795=CARTESIAN_POINT('',(100.300001864088,2.5,-49.7));
#13796=CARTESIAN_POINT('Origin',(99.9000018640878,2.9,-52.7499998315901));
#13797=CARTESIAN_POINT('',(99.5000018640878,3.3,-52.5));
#13798=CARTESIAN_POINT('',(99.5000018640878,3.3,-52.7499998315901));
#13799=CARTESIAN_POINT('',(100.300001864088,2.5,-53.3));
#13800=CARTESIAN_POINT('',(100.300001864088,2.5,-52.7499998315901));
#13801=CARTESIAN_POINT('',(100.300001864088,2.5,-53.3));
#13802=CARTESIAN_POINT('Origin',(119.200001477336,2.9,-52.9));
#13803=CARTESIAN_POINT('',(119.200001477336,2.5,-53.3));
#13804=CARTESIAN_POINT('',(119.200001477336,3.3,-52.5));
#13805=CARTESIAN_POINT('Origin',(98.9000019311431,2.9,-53.7499998315901));
#13806=CARTESIAN_POINT('',(98.500001931143,3.3,-53.7499998315901));
#13807=CARTESIAN_POINT('',(99.3000019311431,2.5,-53.7499998315901));
#13808=CARTESIAN_POINT('Origin',(118.700001510864,2.9,-62.099998010695));
#13809=CARTESIAN_POINT('',(99.5000018640878,3.3,-62.499998010695));
#13810=CARTESIAN_POINT('',(118.700001510864,3.3,-62.499998010695));
#13811=CARTESIAN_POINT('',(100.300001864088,2.5,-61.699998010695));
#13812=CARTESIAN_POINT('',(118.700001510864,2.5,-61.699998010695));
#13813=CARTESIAN_POINT('',(100.300001864088,2.5,-61.699998010695));
#13814=CARTESIAN_POINT('Origin',(99.9000018640878,2.9,-58.7499988369376));
#13815=CARTESIAN_POINT('',(99.5000018640878,3.3,-67.5));
#13816=CARTESIAN_POINT('',(99.5000018640878,3.3,-58.7499988369376));
#13817=CARTESIAN_POINT('',(100.300001864088,2.5,-68.3));
#13818=CARTESIAN_POINT('',(100.300001864088,2.5,-58.7499988369376));
#13819=CARTESIAN_POINT('',(100.300001864088,2.5,-68.3));
#13820=CARTESIAN_POINT('Origin',(119.200001477336,2.9,-67.9));
#13821=CARTESIAN_POINT('',(119.200001477336,2.5,-68.3));
#13822=CARTESIAN_POINT('',(119.200001477336,3.3,-67.5));
#13823=CARTESIAN_POINT('Origin',(98.9000019311431,2.9,-61.2499998315901));
#13824=CARTESIAN_POINT('',(98.500001931143,3.3,-69.5));
#13825=CARTESIAN_POINT('',(98.500001931143,3.3,-61.2499998315901));
#13826=CARTESIAN_POINT('',(99.3000019311431,2.5,-69.1686291501015));
#13827=CARTESIAN_POINT('',(99.3000019311431,2.5,-61.2499998315901));
#13828=CARTESIAN_POINT('',(99.3000019311431,2.5,-69.1686291501015));
#13829=CARTESIAN_POINT('Origin',(105.257844349273,2.9,-75.6921569931807));
#13830=CARTESIAN_POINT('',(100.500001931143,3.30000000000001,-71.5));
#13831=CARTESIAN_POINT('',(104.975001636798,3.30000000000001,-75.9749997056553));
#13832=CARTESIAN_POINT('',(100.831372781042,2.5,-70.7));
#13833=CARTESIAN_POINT('',(105.540687061748,2.5,-75.4093142807061));
#13834=CARTESIAN_POINT('',(100.831372781042,2.5,-70.7));
#13835=CARTESIAN_POINT('Origin',(119.700001510864,2.9,-71.1));
#13836=CARTESIAN_POINT('',(102.750001931143,3.3,-71.5));
#13837=CARTESIAN_POINT('',(119.700001510864,3.3,-71.5));
#13838=CARTESIAN_POINT('',(103.081372781042,2.5,-70.7));
#13839=CARTESIAN_POINT('',(119.700001510864,2.5,-70.7));
#13840=CARTESIAN_POINT('',(103.081372781042,2.5,-70.7));
#13841=CARTESIAN_POINT('Origin',(107.945344349273,2.9,-76.1296569931808));
#13842=CARTESIAN_POINT('',(103.500001931143,3.3,-72.25));
#13843=CARTESIAN_POINT('',(107.662501636798,3.3,-76.4124997056554));
#13844=CARTESIAN_POINT('',(104.300001931143,2.5,-71.9186291501015));
#13845=CARTESIAN_POINT('',(108.228187061748,2.5,-75.8468142807061));
#13846=CARTESIAN_POINT('',(104.300001931143,2.5,-71.9186291501015));
#13847=CARTESIAN_POINT('Origin',(103.900001931143,2.9,-63.6249998315901));
#13848=CARTESIAN_POINT('',(103.500001931143,3.3,-75.5));
#13849=CARTESIAN_POINT('',(103.500001931143,3.3,-63.6249998315901));
#13850=CARTESIAN_POINT('',(104.300001931143,2.5,-75.1686291501015));
#13851=CARTESIAN_POINT('',(104.300001931143,2.5,-63.6249998315901));
#13852=CARTESIAN_POINT('',(104.300001931143,2.5,-75.1686291501015));
#13853=CARTESIAN_POINT('Origin',(107.507844349273,2.9,-78.9421569931806));
#13854=CARTESIAN_POINT('',(104.500001931143,3.3,-76.5));
#13855=CARTESIAN_POINT('',(107.225001636798,3.3,-79.2249997056553));
#13856=CARTESIAN_POINT('',(104.831372781042,2.5,-75.7));
#13857=CARTESIAN_POINT('',(107.790687061748,2.5,-78.659314280706));
#13858=CARTESIAN_POINT('',(104.831372781042,2.5,-75.7));
#13859=CARTESIAN_POINT('Origin',(121.700001510864,2.9,-76.1));
#13860=CARTESIAN_POINT('',(134.300001600432,3.3,-76.5));
#13861=CARTESIAN_POINT('',(121.700001510864,3.3,-76.5));
#13862=CARTESIAN_POINT('',(133.9686307442,2.5,-75.7));
#13863=CARTESIAN_POINT('',(121.700001510864,2.5,-75.7));
#13864=CARTESIAN_POINT('',(133.9686307442,2.5,-75.7));
#13865=CARTESIAN_POINT('Origin',(140.842158801684,2.9,-69.3921571893188));
#13866=CARTESIAN_POINT('',(135.500001567996,3.3,-75.3));
#13867=CARTESIAN_POINT('',(141.125001517982,3.3,-69.6749998979707));
#13868=CARTESIAN_POINT('',(134.700001559039,2.5,-74.968629165392));
#13869=CARTESIAN_POINT('',(140.559316085387,2.5,-69.1093144806668));
#13870=CARTESIAN_POINT('',(134.700001559039,2.5,-74.968629165392));
#13871=CARTESIAN_POINT('Origin',(135.10000130986,2.9,-65.7499998883531));
#13872=CARTESIAN_POINT('',(135.500001303102,3.3,-65.4999998062849));
#13873=CARTESIAN_POINT('',(135.500001309859,3.3,-65.7499998775411));
#13874=CARTESIAN_POINT('',(134.700001281478,2.5,-64.6999998062849));
#13875=CARTESIAN_POINT('',(134.70000130986,2.5,-65.7499998991651));
#13876=CARTESIAN_POINT('',(134.700001281478,2.5,-64.6999998062849));
#13877=CARTESIAN_POINT('Origin',(138.200001510864,2.9,-65.0999998062849));
#13878=CARTESIAN_POINT('',(142.300001425042,2.5,-64.6999998062849));
#13879=CARTESIAN_POINT('',(138.200001510864,2.5,-64.6999998062849));
#13880=CARTESIAN_POINT('',(142.300001445697,3.3,-65.4999998062849));
#13881=CARTESIAN_POINT('',(142.300001419233,2.27499997353601,-64.4749997798209));
#13882=CARTESIAN_POINT('',(138.200001510864,3.3,-65.4999998062849));
#13883=CARTESIAN_POINT('Origin',(98.500001931143,2.87482507481334E-15,-69.5));
#13884=CARTESIAN_POINT('',(100.500001931143,12.,-71.5));
#13885=CARTESIAN_POINT('',(100.500001931143,11.,-71.5));
#13886=CARTESIAN_POINT('',(100.250001931143,12.,-71.25));
#13887=CARTESIAN_POINT('',(98.500001931143,2.87482507481334E-15,-69.5));
#13888=CARTESIAN_POINT('Origin',(100.500001931143,3.11975443464281E-15,
-71.5));
#13889=CARTESIAN_POINT('',(102.750001931143,12.,-71.5));
#13890=CARTESIAN_POINT('',(102.750001931143,11.,-71.5));
#13891=CARTESIAN_POINT('',(110.250001931143,12.,-71.5));
#13892=CARTESIAN_POINT('Origin',(102.750001931143,3.11975443464281E-15,
-71.5));
#13893=CARTESIAN_POINT('',(103.500001931143,12.,-72.25));
#13894=CARTESIAN_POINT('',(103.500001931143,11.,-72.25));
#13895=CARTESIAN_POINT('',(102.937501931143,12.,-71.6875));
#13896=CARTESIAN_POINT('Origin',(103.500001931143,3.21160294457886E-15,
-72.25));
#13897=CARTESIAN_POINT('',(103.500001931143,12.,-75.5));
#13898=CARTESIAN_POINT('',(103.500001931143,11.,-75.5));
#13899=CARTESIAN_POINT('',(103.500001931143,12.,-63.625));
#13900=CARTESIAN_POINT('Origin',(103.500001931143,3.60961315430175E-15,
-75.5));
#13901=CARTESIAN_POINT('',(104.500001931143,12.,-76.5));
#13902=CARTESIAN_POINT('',(104.500001931143,11.,-76.5));
#13903=CARTESIAN_POINT('',(102.500001931143,12.,-74.4999999999999));
#13904=CARTESIAN_POINT('Origin',(104.500001931143,3.73207783421649E-15,
-76.5));
#13905=CARTESIAN_POINT('',(134.300001600432,12.,-76.5));
#13906=CARTESIAN_POINT('',(134.300001600432,3.,-76.5));
#13907=CARTESIAN_POINT('',(112.250001931143,12.,-76.5));
#13908=CARTESIAN_POINT('Origin',(134.900001584214,3.65859902626764E-15,
-75.9));
#13909=CARTESIAN_POINT('',(135.500001567996,12.,-75.3));
#13910=CARTESIAN_POINT('',(135.500001567996,11.,-75.3));
#13911=CARTESIAN_POINT('',(136.400001771633,12.,-74.399999772036));
#13912=CARTESIAN_POINT('Origin',(135.500001600432,3.73207783421648E-15,
-76.5));
#13913=CARTESIAN_POINT('',(135.500001303102,18.,-65.4999998062849));
#13914=CARTESIAN_POINT('',(135.500001303102,2.38496633143114E-15,-65.4999998062849));
#13915=CARTESIAN_POINT('',(135.500001411222,18.,-69.5));
#13916=CARTESIAN_POINT('',(135.500000438142,18.,-33.5000000000017));
#13917=CARTESIAN_POINT('',(135.500001411222,12.,-69.5));
#13918=CARTESIAN_POINT('',(135.500001411222,6.,-69.5));
#13919=CARTESIAN_POINT('',(135.500001309859,12.,-65.7499997905174));
#13920=CARTESIAN_POINT('Origin',(137.500001931143,2.38496633143114E-15,
-65.4999998062849));
#13921=CARTESIAN_POINT('',(142.300001445697,12.,-65.4999998062849));
#13922=CARTESIAN_POINT('',(142.300001445697,11.,-65.4999998062849));
#13923=CARTESIAN_POINT('',(137.500001931143,12.,-65.4999998062849));
#13924=CARTESIAN_POINT('',(128.750001931143,12.,-65.4999998062848));
#13925=CARTESIAN_POINT('',(137.500001931143,18.,-65.4999998062849));
#13926=CARTESIAN_POINT('',(137.500001931143,2.38496633143114E-15,-65.4999998062849));
#13927=CARTESIAN_POINT('',(135.500001303102,18.,-65.4999998062849));
#13928=CARTESIAN_POINT('Origin',(138.900001090584,2.5,-54.9999996631802));
#13929=CARTESIAN_POINT('',(142.300000903508,2.5,-44.4999995301254));
#13930=CARTESIAN_POINT('',(124.999999791384,2.5,-51.0000017434359));
#13931=CARTESIAN_POINT('',(126.999999791384,2.5,-53.0000017434359));
#13932=CARTESIAN_POINT('Origin',(124.999999791384,2.5,-53.0000017434359));
#13933=CARTESIAN_POINT('',(123.00000037998,2.5,-50.9999982565641));
#13934=CARTESIAN_POINT('',(123.200000728726,2.5,-51.0000017434359));
#13935=CARTESIAN_POINT('',(121.00000037998,2.5,-48.9999982565641));
#13936=CARTESIAN_POINT('Origin',(121.00000037998,2.5,-50.9999982565641));
#13937=CARTESIAN_POINT('',(119.000000320375,2.5,-48.9999982565641));
#13938=CARTESIAN_POINT('',(121.200001023024,2.5,-48.9999982565641));
#13939=CARTESIAN_POINT('',(117.000000320375,2.5,-50.9999982565641));
#13940=CARTESIAN_POINT('Origin',(119.000000320375,2.5,-50.9999982565641));
#13941=CARTESIAN_POINT('',(115.000000208616,2.5,-51.0000017434359));
#13942=CARTESIAN_POINT('',(123.200000728726,2.5,-51.0000017434359));
#13943=CARTESIAN_POINT('',(113.000000208616,2.5,-53.0000017434359));
#13944=CARTESIAN_POINT('Origin',(115.000000208616,2.5,-53.0000017434359));
#13945=CARTESIAN_POINT('',(113.000000208616,2.5,-56.9999982565641));
#13946=CARTESIAN_POINT('',(113.000000208616,2.5,-53.5000008717179));
#13947=CARTESIAN_POINT('',(115.000000208616,2.5,-58.9999982565641));
#13948=CARTESIAN_POINT('Origin',(115.000000208616,2.5,-56.9999982565641));
#13949=CARTESIAN_POINT('',(117.000000268221,2.5,-58.9999982565642));
#13950=CARTESIAN_POINT('',(117.200000937342,2.5,-58.9999982565641));
#13951=CARTESIAN_POINT('',(119.000000268221,2.5,-60.9999982565641));
#13952=CARTESIAN_POINT('Origin',(119.000000268221,2.5,-58.9999982565642));
#13953=CARTESIAN_POINT('',(121.000000327826,2.5,-60.9999982565641));
#13954=CARTESIAN_POINT('',(120.200000982046,2.5,-60.9999982565641));
#13955=CARTESIAN_POINT('',(123.000000327826,2.5,-58.9999982565641));
#13956=CARTESIAN_POINT('Origin',(121.000000327826,2.5,-58.9999982565641));
#13957=CARTESIAN_POINT('',(124.999999791384,2.5,-58.9999982565641));
#13958=CARTESIAN_POINT('',(117.200000937342,2.5,-58.9999982565641));
#13959=CARTESIAN_POINT('',(126.999999791384,2.5,-56.9999982565641));
#13960=CARTESIAN_POINT('Origin',(124.999999791384,2.5,-56.9999982565641));
#13961=CARTESIAN_POINT('',(126.999999791384,2.5,-56.4999991282821));
#13962=CARTESIAN_POINT('Origin',(142.300001445697,2.38496633143114E-15,
-65.4999998062849));
#13963=CARTESIAN_POINT('',(142.300000903508,12.,-44.4999995301254));
#13964=CARTESIAN_POINT('',(142.300000903508,11.,-44.4999995301254));
#13965=CARTESIAN_POINT('',(142.30000131015,12.,-60.249999615266));
#13966=CARTESIAN_POINT('Origin',(136.500003219057,18.,-42.4999992405209));
#13967=CARTESIAN_POINT('',(137.000005139664,18.,-40.4999987030386));
#13968=CARTESIAN_POINT('',(137.500005223551,18.,-40.9999986191512));
#13969=CARTESIAN_POINT('',(137.500004772911,18.,-40.9999981685109));
#13970=CARTESIAN_POINT('',(137.500005810763,18.,-44.4999998618905));
#13971=CARTESIAN_POINT('',(137.500005139664,18.,-40.4999986191512));
#13972=CARTESIAN_POINT('',(135.500000735472,18.,-44.4999995200754));
#13973=CARTESIAN_POINT('',(137.500005810763,18.,-44.4999998618905));
#13974=CARTESIAN_POINT('',(135.500000627352,18.,-40.4999989547014));
#13975=CARTESIAN_POINT('',(135.500000438142,18.,-33.5000000000017));
#13976=CARTESIAN_POINT('',(135.500001031419,18.,-40.4999989547014));
#13977=CARTESIAN_POINT('Origin',(136.500001617123,18.,-67.4999999031424));
#13978=CARTESIAN_POINT('',(137.500001931143,18.,-69.));
#13979=CARTESIAN_POINT('',(137.000001931143,18.,-69.5));
#13980=CARTESIAN_POINT('',(137.500001876852,18.,-69.0000000542907));
#13981=CARTESIAN_POINT('',(135.500001600432,18.,-69.5));
#13982=CARTESIAN_POINT('',(137.500001931143,18.,-69.5));
#13983=CARTESIAN_POINT('Origin',(120.000001931143,12.,-55.));
#13984=CARTESIAN_POINT('',(98.2573612440238,12.,-74.2573593128807));
#13985=CARTESIAN_POINT('Origin',(102.500001931143,12.,-70.0147186257614));
#13986=CARTESIAN_POINT('',(137.000001931143,12.,-69.5));
#13987=CARTESIAN_POINT('',(128.750001931143,12.,-69.5));
#13988=CARTESIAN_POINT('',(137.500001931143,12.,-69.));
#13989=CARTESIAN_POINT('',(136.500001931143,12.,-70.0000000000001));
#13990=CARTESIAN_POINT('',(137.500001931143,12.,-60.25));
#13991=CARTESIAN_POINT('',(137.500005810763,12.,-44.4999995230313));
#13992=CARTESIAN_POINT('',(131.150001425085,12.,-44.4999995136464));
#13993=CARTESIAN_POINT('',(137.500005223551,12.,-40.9999986191512));
#13994=CARTESIAN_POINT('',(137.500006356031,12.,-47.7499978415461));
#13995=CARTESIAN_POINT('',(137.000005139664,12.,-40.4999987030386));
#13996=CARTESIAN_POINT('',(136.50000325666,12.,-39.9999969878102));
#13997=CARTESIAN_POINT('',(135.500000627352,12.,-40.4999989547014));
#13998=CARTESIAN_POINT('',(127.750000264914,12.,-40.5000002549559));
#13999=CARTESIAN_POINT('',(135.500000470578,12.,-34.7000000000017));
#14000=CARTESIAN_POINT('',(135.500000823319,12.,-47.7499992678681));
#14001=CARTESIAN_POINT('',(134.300000438142,12.,-33.5000000000016));
#14002=CARTESIAN_POINT('',(136.400000722868,12.,-35.6000002279656));
#14003=CARTESIAN_POINT('',(104.500001931143,12.,-33.5));
#14004=CARTESIAN_POINT('',(127.750001184643,12.,-33.5000000000013));
#14005=CARTESIAN_POINT('',(103.500001931143,12.,-34.5));
#14006=CARTESIAN_POINT('',(103.000001931143,12.,-35.));
#14007=CARTESIAN_POINT('',(103.500001931143,12.,-37.7499994039535));
#14008=CARTESIAN_POINT('',(103.500001931143,12.,-44.75));
#14009=CARTESIAN_POINT('',(102.750001931143,12.,-38.4999994933605));
#14010=CARTESIAN_POINT('',(103.312501290393,12.,-37.9375000670552));
#14011=CARTESIAN_POINT('',(100.500001931143,12.,-38.4999997615814));
#14012=CARTESIAN_POINT('',(111.375000947666,12.,-38.4999984651805));
#14013=CARTESIAN_POINT('',(98.500001931143,12.,-40.5));
#14014=CARTESIAN_POINT('',(101.250001290393,12.,-37.7500003129244));
#14015=CARTESIAN_POINT('',(108.250001931143,12.,-40.5));
#14016=CARTESIAN_POINT('',(98.2573612440238,12.,-35.7426406871193));
#14017=CARTESIAN_POINT('Origin',(102.500001931143,12.,-39.9852813742386));
#14018=CARTESIAN_POINT('',(100.742642618262,12.,-33.2573593128807));
#14019=CARTESIAN_POINT('',(99.500001931143,12.,-34.5));
#14020=CARTESIAN_POINT('',(104.985283305382,12.,-31.5));
#14021=CARTESIAN_POINT('Origin',(104.985283305382,12.,-37.5));
#14022=CARTESIAN_POINT('',(135.014720556904,12.,-31.5));
#14023=CARTESIAN_POINT('',(108.250001931143,12.,-31.5));
#14024=CARTESIAN_POINT('',(139.257361244024,12.,-33.2573593128807));
#14025=CARTESIAN_POINT('Origin',(135.014720556904,12.,-37.5));
#14026=CARTESIAN_POINT('',(141.742642618262,12.,-35.7426406871193));
#14027=CARTESIAN_POINT('',(140.500001931143,12.,-34.5));
#14028=CARTESIAN_POINT('',(143.500001931143,12.,-39.9852813742386));
#14029=CARTESIAN_POINT('Origin',(137.500001931143,12.,-39.9852813742386));
#14030=CARTESIAN_POINT('',(143.500001931143,12.,-70.0147186257614));
#14031=CARTESIAN_POINT('',(143.500001931143,12.,-43.25));
#14032=CARTESIAN_POINT('',(141.742642618262,12.,-74.2573593128807));
#14033=CARTESIAN_POINT('Origin',(137.500001931143,12.,-70.0147186257614));
#14034=CARTESIAN_POINT('',(139.257361244024,12.,-76.7426406871193));
#14035=CARTESIAN_POINT('',(140.500001931143,12.,-75.5));
#14036=CARTESIAN_POINT('',(135.014720556904,12.,-78.5));
#14037=CARTESIAN_POINT('Origin',(135.014720556904,12.,-72.5));
#14038=CARTESIAN_POINT('',(104.985283305382,12.,-78.5));
#14039=CARTESIAN_POINT('',(131.750001931143,12.,-78.5));
#14040=CARTESIAN_POINT('',(100.742642618262,12.,-76.7426406871193));
#14041=CARTESIAN_POINT('Origin',(104.985283305382,12.,-72.5));
#14042=CARTESIAN_POINT('',(99.5000019311431,12.,-75.5));
#14043=CARTESIAN_POINT('',(138.500001931143,12.,-74.35));
#14044=CARTESIAN_POINT('Origin',(138.500001931143,12.,-73.5));
#14045=CARTESIAN_POINT('',(138.500001931143,12.,-37.35));
#14046=CARTESIAN_POINT('Origin',(138.500001931143,12.,-36.5));
#14047=CARTESIAN_POINT('',(101.000001931143,12.,-74.85));
#14048=CARTESIAN_POINT('Origin',(101.000001931143,12.,-74.));
#14049=CARTESIAN_POINT('',(101.000001931143,12.,-36.8499996255029));
#14050=CARTESIAN_POINT('Origin',(101.000001931143,12.,-35.9999996255029));
#14051=CARTESIAN_POINT('Origin',(135.500001031419,-6.76650770726141E-16,
-40.4999989547014));
#14052=CARTESIAN_POINT('',(137.000005139664,-6.76650801545949E-16,-40.4999987030386));
#14053=CARTESIAN_POINT('',(135.500000627352,-6.76650770726139E-16,-40.4999989547014));
#14054=CARTESIAN_POINT('Origin',(137.250005181607,-6.46034636703885E-16,
-40.7499986610949));
#14055=CARTESIAN_POINT('',(137.500005223551,-6.15418471861822E-16,-40.9999986191512));
#14056=CARTESIAN_POINT('Origin',(137.500005139664,-6.76650811819188E-16,
-40.4999986191512));
#14057=CARTESIAN_POINT('',(137.500005810763,-1.86791981466861E-16,-44.4999995230313));
#14058=CARTESIAN_POINT('Origin',(137.500001931143,2.3849663551544E-15,-65.5));
#14059=CARTESIAN_POINT('',(137.500001931143,2.81359273485597E-15,-69.));
#14060=CARTESIAN_POINT('Origin',(137.250001931143,2.84420890483465E-15,
-69.25));
#14061=CARTESIAN_POINT('',(137.000001931143,2.87482507481334E-15,-69.5));
#14062=CARTESIAN_POINT('Origin',(137.500001931143,2.87482507481334E-15,
-69.5));
#14063=CARTESIAN_POINT('Origin',(123.00000037998,3.,-51.0000017434359));
#14064=CARTESIAN_POINT('',(123.00000037998,3.,-50.9999982565641));
#14065=CARTESIAN_POINT('',(124.999999791384,3.,-51.0000017434359));
#14066=CARTESIAN_POINT('',(123.200000728726,3.,-51.0000017434359));
#14067=CARTESIAN_POINT('',(123.00000037998,3.,-50.9999982565641));
#14068=CARTESIAN_POINT('',(124.999999791384,3.,-51.0000017434359));
#14069=CARTESIAN_POINT('Origin',(121.00000037998,3.,-50.9999982565641));
#14070=CARTESIAN_POINT('',(121.00000037998,3.,-48.9999982565641));
#14071=CARTESIAN_POINT('Origin',(121.00000037998,3.,-50.9999982565641));
#14072=CARTESIAN_POINT('',(121.00000037998,3.,-48.9999982565641));
#14073=CARTESIAN_POINT('Origin',(119.000000320375,3.,-48.9999982565641));
#14074=CARTESIAN_POINT('',(119.000000320375,3.,-48.9999982565641));
#14075=CARTESIAN_POINT('',(121.200001023024,3.,-48.9999982565641));
#14076=CARTESIAN_POINT('',(119.000000320375,3.,-48.9999982565641));
#14077=CARTESIAN_POINT('Origin',(119.000000320375,3.,-50.9999982565641));
#14078=CARTESIAN_POINT('',(117.000000320375,3.,-50.9999982565641));
#14079=CARTESIAN_POINT('Origin',(119.000000320375,3.,-50.9999982565641));
#14080=CARTESIAN_POINT('',(117.000000320375,3.,-50.9999982565641));
#14081=CARTESIAN_POINT('Origin',(115.000000208616,3.,-51.0000017434359));
#14082=CARTESIAN_POINT('',(115.000000208616,3.,-51.0000017434359));
#14083=CARTESIAN_POINT('',(123.200000728726,3.,-51.0000017434359));
#14084=CARTESIAN_POINT('',(115.000000208616,3.,-51.0000017434359));
#14085=CARTESIAN_POINT('Origin',(115.000000208616,3.,-53.0000017434359));
#14086=CARTESIAN_POINT('',(113.000000208616,3.,-53.0000017434359));
#14087=CARTESIAN_POINT('Origin',(115.000000208616,3.,-53.0000017434359));
#14088=CARTESIAN_POINT('',(113.000000208616,3.,-53.0000017434359));
#14089=CARTESIAN_POINT('Origin',(113.000000208616,3.,-56.9999982565641));
#14090=CARTESIAN_POINT('',(113.000000208616,3.,-56.9999982565641));
#14091=CARTESIAN_POINT('',(113.000000208616,3.,-53.5000008717179));
#14092=CARTESIAN_POINT('',(113.000000208616,3.,-56.9999982565641));
#14093=CARTESIAN_POINT('Origin',(115.000000208616,3.,-56.9999982565641));
#14094=CARTESIAN_POINT('',(115.000000208616,3.,-58.9999982565641));
#14095=CARTESIAN_POINT('Origin',(115.000000208616,3.,-56.9999982565641));
#14096=CARTESIAN_POINT('',(115.000000208616,3.,-58.9999982565641));
#14097=CARTESIAN_POINT('Origin',(117.000000268221,3.,-58.9999982565641));
#14098=CARTESIAN_POINT('',(117.000000268221,3.,-58.9999982565642));
#14099=CARTESIAN_POINT('',(117.200000937342,3.,-58.9999982565641));
#14100=CARTESIAN_POINT('',(117.000000268221,3.,-58.9999982565642));
#14101=CARTESIAN_POINT('Origin',(119.000000268221,3.,-58.9999982565642));
#14102=CARTESIAN_POINT('',(119.000000268221,3.,-60.9999982565641));
#14103=CARTESIAN_POINT('Origin',(119.000000268221,3.,-58.9999982565642));
#14104=CARTESIAN_POINT('',(119.000000268221,3.,-60.9999982565641));
#14105=CARTESIAN_POINT('Origin',(121.000000327826,3.,-60.9999982565641));
#14106=CARTESIAN_POINT('',(121.000000327826,3.,-60.9999982565641));
#14107=CARTESIAN_POINT('',(120.200000982046,3.,-60.9999982565641));
#14108=CARTESIAN_POINT('',(121.000000327826,3.,-60.9999982565641));
#14109=CARTESIAN_POINT('Origin',(121.000000327826,3.,-58.9999982565641));
#14110=CARTESIAN_POINT('',(123.000000327826,3.,-58.9999982565641));
#14111=CARTESIAN_POINT('Origin',(121.000000327826,3.,-58.9999982565641));
#14112=CARTESIAN_POINT('',(123.000000327826,3.,-58.9999982565641));
#14113=CARTESIAN_POINT('Origin',(124.999999791384,3.,-58.9999982565641));
#14114=CARTESIAN_POINT('',(124.999999791384,3.,-58.9999982565641));
#14115=CARTESIAN_POINT('',(117.200000937342,3.,-58.9999982565641));
#14116=CARTESIAN_POINT('',(124.999999791384,3.,-58.9999982565641));
#14117=CARTESIAN_POINT('Origin',(124.999999791384,3.,-56.9999982565641));
#14118=CARTESIAN_POINT('',(126.999999791384,3.,-56.9999982565641));
#14119=CARTESIAN_POINT('Origin',(124.999999791384,3.,-56.9999982565641));
#14120=CARTESIAN_POINT('',(126.999999791384,3.,-56.9999982565641));
#14121=CARTESIAN_POINT('Origin',(126.999999791384,3.,-53.0000017434359));
#14122=CARTESIAN_POINT('',(126.999999791384,3.,-53.0000017434359));
#14123=CARTESIAN_POINT('',(126.999999791384,3.,-56.4999991282821));
#14124=CARTESIAN_POINT('',(126.999999791384,3.,-53.0000017434359));
#14125=CARTESIAN_POINT('Origin',(124.999999791384,3.,-53.0000017434359));
#14126=CARTESIAN_POINT('Origin',(124.999999791384,3.,-53.0000017434359));
#14127=CARTESIAN_POINT('Origin',(123.00000007078,-3.5,-51.5000017434359));
#14128=CARTESIAN_POINT('',(118.000000320375,-4.,-52.0000017434359));
#14129=CARTESIAN_POINT('',(118.000000320375,-3.,-50.9999982565641));
#14130=CARTESIAN_POINT('',(118.000000320375,-1.49999912828206,-49.5000008717179));
#14131=CARTESIAN_POINT('',(122.00000037998,-3.,-50.9999982565641));
#14132=CARTESIAN_POINT('',(123.00000007078,-3.,-51.0000017434359));
#14133=CARTESIAN_POINT('',(122.00000037998,-4.,-52.0000017434359));
#14134=CARTESIAN_POINT('',(122.00000037998,-1.99999912828206,-50.0000008717179));
#14135=CARTESIAN_POINT('',(123.00000007078,-4.,-52.0000017434359));
#14136=CARTESIAN_POINT('Origin',(120.000000350177,-3.,-50.9999982565641));
#14137=CARTESIAN_POINT('',(119.000000320375,-3.,-49.9999982565641));
#14138=CARTESIAN_POINT('Origin',(119.000000320375,-3.,-50.9999982565641));
#14139=CARTESIAN_POINT('',(121.00000037998,-3.,-49.9999982565641));
#14140=CARTESIAN_POINT('',(122.00000037998,-3.,-49.9999982565641));
#14141=CARTESIAN_POINT('Origin',(121.00000037998,-3.,-50.9999982565641));
#14142=CARTESIAN_POINT('Origin',(117.,-3.5,-58.4999982565641));
#14143=CARTESIAN_POINT('',(122.000000327826,-4.,-57.9999982565641));
#14144=CARTESIAN_POINT('',(121.999999791384,-3.,-58.9999982565641));
#14145=CARTESIAN_POINT('',(122.000000327826,-2.74999999999999,-59.2499982565641));
#14146=CARTESIAN_POINT('',(117.999999791384,-3.,-58.9999982565642));
#14147=CARTESIAN_POINT('',(117.,-3.,-58.9999982565641));
#14148=CARTESIAN_POINT('',(118.000000268221,-4.,-57.9999982565641));
#14149=CARTESIAN_POINT('',(118.000000268221,-3.4875,-58.5124982565641));
#14150=CARTESIAN_POINT('',(117.,-4.,-57.9999982565641));
#14151=CARTESIAN_POINT('Origin',(119.999999791384,-3.,-55.9999982565641));
#14152=CARTESIAN_POINT('',(121.000000327826,-3.,-59.9999982565641));
#14153=CARTESIAN_POINT('Origin',(121.000000327826,-3.,-58.9999982565641));
#14154=CARTESIAN_POINT('',(119.000000268221,-3.,-59.9999982565641));
#14155=CARTESIAN_POINT('',(117.999999791384,-3.,-59.9999982565641));
#14156=CARTESIAN_POINT('Origin',(119.000000268221,-3.,-58.9999982565642));
#14157=CARTESIAN_POINT('Origin',(115.600000572979,0.763932022500202,-58.9999982565641));
#14158=CARTESIAN_POINT('',(122.000000327826,0.763932022500202,-57.9999982565641));
#14159=CARTESIAN_POINT('',(124.999999791384,0.763932022500203,-57.9999982565641));
#14160=CARTESIAN_POINT('',(115.600000572979,0.763932022500202,-57.9999982565641));
#14161=CARTESIAN_POINT('',(124.999999791384,1.21114561800016,-58.1055710655642));
#14162=CARTESIAN_POINT('Origin',(124.999999791384,0.763932022500202,-58.9999982565641));
#14163=CARTESIAN_POINT('',(122.105573136826,1.21114561800014,-58.1055710655642));
#14164=CARTESIAN_POINT('',(115.600000572979,1.21114561800016,-58.1055710655642));
#14165=CARTESIAN_POINT('Origin',(123.000000327826,0.763932022500202,-58.9999982565641));
#14166=CARTESIAN_POINT('Origin',(124.999999791384,0.763932022500214,-56.9999982565641));
#14167=CARTESIAN_POINT('',(125.999999791384,0.763932022500214,-56.9999982565641));
#14168=CARTESIAN_POINT('Origin',(124.999999791384,0.763932022500214,-56.9999982565641));
#14169=CARTESIAN_POINT('',(126.105572600384,1.21114561800017,-56.9999982565641));
#14170=CARTESIAN_POINT('Origin',(126.999999791384,0.763932022500214,-56.9999982565641));
#14171=CARTESIAN_POINT('Origin',(124.999999791384,1.21114561800017,-56.9999982565641));
#14172=CARTESIAN_POINT('Origin',(126.999999791384,0.763932022500182,-57.2499986924231));
#14173=CARTESIAN_POINT('',(125.999999791384,0.763932022500182,-53.0000017434359));
#14174=CARTESIAN_POINT('',(125.999999791384,0.763932022500182,-57.2499986924231));
#14175=CARTESIAN_POINT('',(126.105572600384,1.21114561800014,-53.0000017434359));
#14176=CARTESIAN_POINT('Origin',(126.999999791384,0.763932022500182,-53.0000017434359));
#14177=CARTESIAN_POINT('',(126.105572600384,1.21114561800014,-57.2499986924231));
#14178=CARTESIAN_POINT('Origin',(124.999999791384,0.763932022500213,-53.0000017434359));
#14179=CARTESIAN_POINT('',(124.999999791384,0.763932022500213,-52.0000017434359));
#14180=CARTESIAN_POINT('Origin',(124.999999791384,0.763932022500213,-53.0000017434359));
#14181=CARTESIAN_POINT('',(124.999999791384,1.21114561800017,-51.8944289344358));
#14182=CARTESIAN_POINT('Origin',(124.999999791384,0.763932022500213,-51.0000017434359));
#14183=CARTESIAN_POINT('Origin',(124.999999791384,1.21114561800017,-53.0000017434359));
#14184=CARTESIAN_POINT('Origin',(124.600000260055,0.763932022500202,-51.0000017434359));
#14185=CARTESIAN_POINT('',(122.10557318898,1.21114561800016,-51.8944289344358));
#14186=CARTESIAN_POINT('',(124.600000260055,1.21114561800016,-51.8944289344358));
#14187=CARTESIAN_POINT('',(122.00000037998,0.763932022500206,-52.0000017434359));
#14188=CARTESIAN_POINT('',(124.600000260055,0.763932022500202,-52.0000017434359));
#14189=CARTESIAN_POINT('Origin',(123.00000037998,0.763932022500202,-51.0000017434359));
#14190=CARTESIAN_POINT('Origin',(117.000000268221,0.763932022500205,-57.2499986924231));
#14191=CARTESIAN_POINT('',(118.000000268221,0.763932022500205,-57.9999982565641));
#14192=CARTESIAN_POINT('',(117.999999791384,0.763932022500206,-58.9999982565642));
#14193=CARTESIAN_POINT('',(118.000000268221,0.763932022500205,-57.2499986924231));
#14194=CARTESIAN_POINT('',(117.894427118024,1.21114544740171,-58.9999982565642));
#14195=CARTESIAN_POINT('Origin',(117.000000268221,0.763932022500206,-58.9999982565642));
#14196=CARTESIAN_POINT('',(117.894427459221,1.21114561800016,-58.1055710655642));
#14197=CARTESIAN_POINT('',(117.894427459221,1.21114561800016,-57.2499986924231));
#14198=CARTESIAN_POINT('Origin',(117.000000268221,0.763932022500206,-58.9999982565641));
#14199=CARTESIAN_POINT('Origin',(119.000000268221,0.763932022500215,-58.9999982565642));
#14200=CARTESIAN_POINT('',(119.000000268221,0.763932022500215,-59.9999982565641));
#14201=CARTESIAN_POINT('Origin',(119.000000268221,0.763932022500215,-58.9999982565642));
#14202=CARTESIAN_POINT('',(119.000000268221,1.21114561800017,-60.1055710655642));
#14203=CARTESIAN_POINT('Origin',(119.000000268221,0.763932022500215,-60.9999982565641));
#14204=CARTESIAN_POINT('Origin',(119.000000268221,1.21114561800017,-58.9999982565642));
#14205=CARTESIAN_POINT('Origin',(120.100000640034,0.763932022500214,-60.9999982565641));
#14206=CARTESIAN_POINT('',(121.000000327826,0.763932022500214,-59.9999982565641));
#14207=CARTESIAN_POINT('',(120.100000640034,0.763932022500214,-59.9999982565641));
#14208=CARTESIAN_POINT('',(121.000000327826,1.21114561800017,-60.1055710655642));
#14209=CARTESIAN_POINT('Origin',(121.000000327826,0.763932022500214,-60.9999982565641));
#14210=CARTESIAN_POINT('',(120.100000640034,1.21114561800017,-60.1055710655642));
#14211=CARTESIAN_POINT('Origin',(121.000000327826,0.763932022500215,-58.9999982565641));
#14212=CARTESIAN_POINT('',(122.000000327826,0.763932022500215,-58.9999982565641));
#14213=CARTESIAN_POINT('Origin',(121.000000327826,0.763932022500215,-58.9999982565641));
#14214=CARTESIAN_POINT('',(122.105573136826,1.21114561800017,-58.9999982565641));
#14215=CARTESIAN_POINT('Origin',(123.000000327826,0.763932022500215,-58.9999982565641));
#14216=CARTESIAN_POINT('Origin',(121.000000327826,1.21114561800017,-58.9999982565641));
#14217=CARTESIAN_POINT('Origin',(123.000000327826,0.763932022500183,-57.2499986924231));
#14218=CARTESIAN_POINT('',(122.000000327826,0.763932022500183,-57.2499986924231));
#14219=CARTESIAN_POINT('',(122.105573136826,1.21114561800014,-57.2499986924231));
#14220=CARTESIAN_POINT('Origin',(123.00000037998,0.763932022500206,-52.7499986924231));
#14221=CARTESIAN_POINT('',(122.00000037998,0.763932022500205,-50.9999982565641));
#14222=CARTESIAN_POINT('',(122.00000037998,0.763932022500206,-52.7499986924231));
#14223=CARTESIAN_POINT('',(122.10557318898,1.21114561800017,-50.9999982565641));
#14224=CARTESIAN_POINT('Origin',(123.00000037998,0.763932022500206,-50.9999982565641));
#14225=CARTESIAN_POINT('',(122.10557318898,1.21114561800016,-52.7499986924231));
#14226=CARTESIAN_POINT('Origin',(121.00000037998,0.763932022500212,-50.9999982565641));
#14227=CARTESIAN_POINT('',(121.00000037998,0.763932022500212,-49.9999982565641));
#14228=CARTESIAN_POINT('Origin',(121.00000037998,0.763932022500212,-50.9999982565641));
#14229=CARTESIAN_POINT('',(121.00000037998,1.21114561800017,-49.894425447564));
#14230=CARTESIAN_POINT('Origin',(121.00000037998,0.763932022500212,-48.9999982565641));
#14231=CARTESIAN_POINT('Origin',(121.00000037998,1.21114561800017,-50.9999982565641));
#14232=CARTESIAN_POINT('Origin',(121.600000701502,0.763932022500207,-48.9999982565641));
#14233=CARTESIAN_POINT('',(119.000000320375,0.763932022500207,-49.9999982565641));
#14234=CARTESIAN_POINT('',(121.600000701502,0.763932022500207,-49.9999982565641));
#14235=CARTESIAN_POINT('',(119.000000320375,1.21114561800016,-49.8944254475641));
#14236=CARTESIAN_POINT('Origin',(119.000000320375,0.763932022500207,-48.9999982565641));
#14237=CARTESIAN_POINT('',(121.600000701502,1.21114561800016,-49.8944254475641));
#14238=CARTESIAN_POINT('Origin',(119.000000320375,0.763932022500214,-50.9999982565641));
#14239=CARTESIAN_POINT('',(118.000000320375,0.763932022500214,-50.9999982565641));
#14240=CARTESIAN_POINT('Origin',(119.000000320375,0.763932022500214,-50.9999982565641));
#14241=CARTESIAN_POINT('',(117.894427511375,1.21114561800017,-50.9999982565641));
#14242=CARTESIAN_POINT('Origin',(117.000000320375,0.763932022500213,-50.9999982565641));
#14243=CARTESIAN_POINT('Origin',(119.000000320375,1.21114561800017,-50.9999982565641));
#14244=CARTESIAN_POINT('Origin',(117.000000320375,0.763932022500206,-51.2499986924231));
#14245=CARTESIAN_POINT('',(118.000000320375,0.763932022500221,-52.0000017434359));
#14246=CARTESIAN_POINT('',(118.000000320375,0.763932022500206,-51.2499986924231));
#14247=CARTESIAN_POINT('',(117.894427511375,1.21114561800017,-51.8944289344358));
#14248=CARTESIAN_POINT('Origin',(117.000000320375,0.763932022500206,-51.0000017434359));
#14249=CARTESIAN_POINT('',(117.894427511375,1.21114561800016,-51.2499986924231));
#14250=CARTESIAN_POINT('Origin',(124.600000260055,0.763932022500221,-51.0000017434359));
#14251=CARTESIAN_POINT('',(115.000000208616,0.763932022500221,-52.0000017434359));
#14252=CARTESIAN_POINT('',(124.600000260055,0.763932022500221,-52.0000017434359));
#14253=CARTESIAN_POINT('',(115.000000208616,1.21114561800017,-51.8944289344358));
#14254=CARTESIAN_POINT('Origin',(115.000000208616,0.763932022500221,-51.0000017434359));
#14255=CARTESIAN_POINT('',(124.600000260055,1.21114561800017,-51.8944289344358));
#14256=CARTESIAN_POINT('Origin',(115.000000208616,0.763932022500213,-53.0000017434359));
#14257=CARTESIAN_POINT('',(114.000000208616,0.763932022500213,-53.0000017434359));
#14258=CARTESIAN_POINT('Origin',(115.000000208616,0.763932022500213,-53.0000017434359));
#14259=CARTESIAN_POINT('',(113.894427399616,1.21114561800017,-53.0000017434359));
#14260=CARTESIAN_POINT('Origin',(113.000000208616,0.763932022500213,-53.0000017434359));
#14261=CARTESIAN_POINT('Origin',(115.000000208616,1.21114561800017,-53.0000017434359));
#14262=CARTESIAN_POINT('Origin',(113.000000208616,0.763932022500182,-52.7500013075769));
#14263=CARTESIAN_POINT('',(114.000000208616,0.763932022500182,-56.9999982565641));
#14264=CARTESIAN_POINT('',(114.000000208616,0.763932022500182,-52.7500013075769));
#14265=CARTESIAN_POINT('',(113.894427399616,1.21114561800014,-56.9999982565641));
#14266=CARTESIAN_POINT('Origin',(113.000000208616,0.763932022500182,-56.9999982565641));
#14267=CARTESIAN_POINT('',(113.894427399616,1.21114561800014,-52.7500013075769));
#14268=CARTESIAN_POINT('Origin',(115.000000208616,0.763932022500214,-56.9999982565641));
#14269=CARTESIAN_POINT('',(115.000000208616,0.763932022500214,-57.9999982565641));
#14270=CARTESIAN_POINT('Origin',(115.000000208616,0.763932022500214,-56.9999982565641));
#14271=CARTESIAN_POINT('',(115.000000208616,1.21114561800017,-58.1055710655642));
#14272=CARTESIAN_POINT('Origin',(115.000000208616,0.763932022500214,-58.9999982565641));
#14273=CARTESIAN_POINT('Origin',(115.000000208616,1.21114561800017,-56.9999982565641));
#14274=CARTESIAN_POINT('Origin',(115.600000572979,0.763932022500203,-58.9999982565641));
#14275=CARTESIAN_POINT('',(115.600000572979,1.21114561800016,-58.1055710655642));
#14276=CARTESIAN_POINT('',(115.600000572979,0.763932022500203,-57.9999982565641));
#14277=CARTESIAN_POINT('Origin',(121.00000037998,2.,-50.9999982565641));
#14278=CARTESIAN_POINT('',(121.00000037998,1.,-49.9999982565641));
#14279=CARTESIAN_POINT('',(122.00000037998,1.,-50.9999982565641));
#14280=CARTESIAN_POINT('Origin',(121.200001023024,2.,-49.4999982565641));
#14281=CARTESIAN_POINT('',(119.000000320375,1.,-49.9999982565641));
#14282=CARTESIAN_POINT('Origin',(119.000000320375,2.,-50.9999982565641));
#14283=CARTESIAN_POINT('',(118.000000320375,1.,-50.9999982565641));
#14284=CARTESIAN_POINT('Origin',(117.500000320375,2.,-52.4999991282821));
#14285=CARTESIAN_POINT('',(117.000000320375,3.,-51.0000017434359));
#14286=CARTESIAN_POINT('Origin',(123.200000728726,2.,-51.5000017434359));
#14287=CARTESIAN_POINT('',(115.000000208616,1.,-52.0000017434359));
#14288=CARTESIAN_POINT('Origin',(115.000000208616,2.,-53.0000017434359));
#14289=CARTESIAN_POINT('',(114.000000208616,1.,-53.0000017434359));
#14290=CARTESIAN_POINT('Origin',(113.500000208616,2.,-53.5000008717179));
#14291=CARTESIAN_POINT('',(114.000000208616,1.,-56.9999982565641));
#14292=CARTESIAN_POINT('Origin',(115.000000208616,2.,-56.9999982565641));
#14293=CARTESIAN_POINT('',(115.000000208616,3.,-58.9999982565641));
#14294=CARTESIAN_POINT('Origin',(117.200000937342,2.,-58.4999982565641));
#14295=CARTESIAN_POINT('',(117.000000268221,3.,-58.9999982565641));
#14296=CARTESIAN_POINT('Origin',(117.500000268221,2.,-56.4999991282821));
#14297=CARTESIAN_POINT('',(117.000000268221,3.,-58.9999982565642));
#14298=CARTESIAN_POINT('Origin',(124.999999791384,2.08684577426941E-15,
-53.0000017434359));
#14299=CARTESIAN_POINT('',(125.999999791384,-4.6,-53.0000017434359));
#14300=CARTESIAN_POINT('',(125.999999791384,2.08684577426941E-15,-53.0000017434359));
#14301=CARTESIAN_POINT('',(124.999999791384,-4.6,-52.0000017434359));
#14302=CARTESIAN_POINT('Origin',(124.999999791384,-4.6,-53.0000017434359));
#14303=CARTESIAN_POINT('',(124.999999791384,1.96438109435468E-15,-52.0000017434359));
#14304=CARTESIAN_POINT('Origin',(125.999999791384,2.69916874682446E-15,
-57.9999982565641));
#14305=CARTESIAN_POINT('',(125.999999791384,-4.6,-56.9999982565641));
#14306=CARTESIAN_POINT('',(125.999999791384,2.57670406690972E-15,-56.9999982565641));
#14307=CARTESIAN_POINT('',(125.999999791384,-4.6,-52.0000017434359));
#14308=CARTESIAN_POINT('Origin',(124.999999791384,2.57670406690972E-15,
-56.9999982565641));
#14309=CARTESIAN_POINT('',(124.999999791384,-4.6,-57.9999982565641));
#14310=CARTESIAN_POINT('',(124.999999791384,-4.6,-57.9999982565641));
#14311=CARTESIAN_POINT('Origin',(124.999999791384,-4.6,-56.9999982565641));
#14312=CARTESIAN_POINT('Origin',(125.999999791384,1.96438109435468E-15,
-52.0000017434359));
#14313=CARTESIAN_POINT('',(122.00000037998,2.00906889530438E-15,-52.0000017434359));
#14314=CARTESIAN_POINT('',(115.000000208616,-4.6,-52.0000017434359));
#14315=CARTESIAN_POINT('',(120.,-4.6,-52.0000017434359));
#14316=CARTESIAN_POINT('',(115.000000208616,-4.6,-52.0000017434359));
#14317=CARTESIAN_POINT('',(118.000000320375,2.07432168065856E-15,-52.0000017434359));
#14318=CARTESIAN_POINT('Origin',(122.000000327826,2.69916874682446E-15,
-57.9999982565641));
#14319=CARTESIAN_POINT('',(122.000000327826,2.82163342673919E-15,-58.9999982565641));
#14320=CARTESIAN_POINT('',(122.000000327826,2.69916874682446E-15,-57.9999982565641));
#14321=CARTESIAN_POINT('Origin',(121.000000327826,-0.737499999999997,-58.9999982565641));
#14322=CARTESIAN_POINT('',(121.000000327826,2.89894756470757E-15,-59.9999982565641));
#14323=CARTESIAN_POINT('Origin',(120.000000298023,-1.475,-59.9999982565641));
#14324=CARTESIAN_POINT('',(119.000000268221,2.89894756470757E-15,-59.9999982565641));
#14325=CARTESIAN_POINT('Origin',(119.000000268221,-2.2125,-58.9999982565642));
#14326=CARTESIAN_POINT('',(117.999999791384,2.65401819210405E-15,-58.9999982565642));
#14327=CARTESIAN_POINT('Origin',(114.000000208616,2.69916874682446E-15,
-57.9999982565641));
#14328=CARTESIAN_POINT('',(118.000000268221,-1.475,-57.9999982565641));
#14329=CARTESIAN_POINT('',(115.000000208616,-4.6,-57.9999982565641));
#14330=CARTESIAN_POINT('',(115.000000208616,2.69916874682446E-15,-57.9999982565641));
#14331=CARTESIAN_POINT('',(114.000000208616,-4.6,-57.9999982565641));
#14332=CARTESIAN_POINT('Origin',(118.000000268221,-2.95,-57.9999982565641));
#14333=CARTESIAN_POINT('Origin',(122.50000037998,2.,-53.4999991282821));
#14334=CARTESIAN_POINT('',(123.00000037998,3.,-51.0000017434359));
#14335=CARTESIAN_POINT('Origin',(124.999999791384,2.,-53.0000017434359));
#14336=CARTESIAN_POINT('',(124.999999791384,1.,-52.0000017434359));
#14337=CARTESIAN_POINT('',(126.999999791384,3.,-53.0000017434359));
#14338=CARTESIAN_POINT('Origin',(126.499999791384,2.,-56.4999991282821));
#14339=CARTESIAN_POINT('',(126.999999791384,3.,-56.9999982565641));
#14340=CARTESIAN_POINT('Origin',(123.200000728726,2.,-51.5000017434359));
#14341=CARTESIAN_POINT('Origin',(124.999999791384,2.,-56.9999982565641));
#14342=CARTESIAN_POINT('',(124.999999791384,3.,-58.9999982565641));
#14343=CARTESIAN_POINT('Origin',(117.200000937342,2.,-58.4999982565641));
#14344=CARTESIAN_POINT('',(123.000000327826,3.,-58.9999982565641));
#14345=CARTESIAN_POINT('Origin',(122.500000327826,2.,-56.4999991282821));
#14346=CARTESIAN_POINT('',(123.000000327826,3.,-58.9999982565641));
#14347=CARTESIAN_POINT('Origin',(121.000000327826,2.,-58.9999982565641));
#14348=CARTESIAN_POINT('',(121.000000327826,3.,-60.9999982565641));
#14349=CARTESIAN_POINT('Origin',(120.200000982046,2.,-60.4999982565641));
#14350=CARTESIAN_POINT('',(119.000000268221,3.,-60.9999982565641));
#14351=CARTESIAN_POINT('Origin',(119.000000268221,2.,-58.9999982565642));
#14352=CARTESIAN_POINT('Origin',(114.000000208616,1.96438109435468E-15,
-52.0000017434359));
#14353=CARTESIAN_POINT('',(114.000000208616,-4.6,-53.0000017434359));
#14354=CARTESIAN_POINT('',(114.000000208616,2.08684577426941E-15,-53.0000017434359));
#14355=CARTESIAN_POINT('',(114.000000208616,-4.6,-56.9999982565641));
#14356=CARTESIAN_POINT('',(114.000000208616,-4.6,-52.0000017434359));
#14357=CARTESIAN_POINT('',(114.000000208616,-4.6,-56.9999982565641));
#14358=CARTESIAN_POINT('Origin',(115.000000208616,2.08684577426941E-15,
-53.0000017434359));
#14359=CARTESIAN_POINT('Origin',(115.000000208616,-4.6,-53.0000017434359));
#14360=CARTESIAN_POINT('Origin',(118.000000320375,3.,-49.9999982565641));
#14361=CARTESIAN_POINT('',(118.000000320375,3.,-50.9999982565641));
#14362=CARTESIAN_POINT('Origin',(119.000000320375,3.,-50.9999982565641));
#14363=CARTESIAN_POINT('',(119.000000320375,3.,-49.9999982565641));
#14364=CARTESIAN_POINT('Origin',(122.00000037998,3.,-49.9999982565641));
#14365=CARTESIAN_POINT('',(121.00000037998,3.,-49.9999982565641));
#14366=CARTESIAN_POINT('Origin',(121.00000037998,3.,-50.9999982565641));
#14367=CARTESIAN_POINT('',(122.00000037998,3.,-50.9999982565641));
#14368=CARTESIAN_POINT('Origin',(122.00000037998,3.,-51.9999982565641));
#14369=CARTESIAN_POINT('Origin',(120.000001931143,1.09908721604968E-15,
-55.));
#14370=CARTESIAN_POINT('',(137.93475606533,2.99110195244822E-15,-70.4494727599487));
#14371=CARTESIAN_POINT('',(135.449474691092,3.2954611404424E-15,-72.9347541341873));
#14372=CARTESIAN_POINT('',(136.692115378211,3.14328154644531E-15,-71.692113447068));
#14373=CARTESIAN_POINT('',(138.114837124009,2.93785992656336E-15,-70.0147186257614));
#14374=CARTESIAN_POINT('Origin',(137.500001931143,2.93785992656336E-15,
-70.0147186257614));
#14375=CARTESIAN_POINT('',(138.114837124009,-7.39685494464012E-16,-39.9852813742386));
#14376=CARTESIAN_POINT('',(138.114837124009,3.79607221550607E-16,-49.125));
#14377=CARTESIAN_POINT('',(137.93475606533,-7.9292752034887E-16,-39.5505272400512));
#14378=CARTESIAN_POINT('Origin',(137.500001931143,-7.39685494464012E-16,
-39.9852813742386));
#14379=CARTESIAN_POINT('',(135.449474691092,-1.09728670834305E-15,-37.0652458658127));
#14380=CARTESIAN_POINT('',(136.692115378211,-9.4510711434596E-16,-38.3078865529319));
#14381=CARTESIAN_POINT('',(135.014720556904,-1.11934027755278E-15,-36.8851648071345));
#14382=CARTESIAN_POINT('Origin',(135.014720556904,-1.04404468245819E-15,
-37.5));
#14383=CARTESIAN_POINT('',(104.985283305382,-1.11934027755278E-15,-36.8851648071345));
#14384=CARTESIAN_POINT('',(114.125001931143,-1.11934027755278E-15,-36.8851648071345));
#14385=CARTESIAN_POINT('',(104.550529171194,-1.09728670834305E-15,-37.0652458658127));
#14386=CARTESIAN_POINT('Origin',(104.985283305382,-1.04404468245819E-15,
-37.5));
#14387=CARTESIAN_POINT('',(102.065247796956,-7.92927520348871E-16,-39.5505272400512));
#14388=CARTESIAN_POINT('',(103.307888484075,-9.4510711434596E-16,-38.3078865529319));
#14389=CARTESIAN_POINT('',(101.885166738278,-7.39685494464011E-16,-39.9852813742386));
#14390=CARTESIAN_POINT('Origin',(102.500001931143,-7.39685494464011E-16,
-39.9852813742386));
#14391=CARTESIAN_POINT('',(101.885166738278,2.93785992656337E-15,-70.0147186257614));
#14392=CARTESIAN_POINT('',(101.885166738278,6.5515275135876E-16,-51.375));
#14393=CARTESIAN_POINT('',(102.065247796956,2.99110195244823E-15,-70.4494727599488));
#14394=CARTESIAN_POINT('Origin',(102.500001931143,2.93785992656337E-15,
-70.0147186257614));
#14395=CARTESIAN_POINT('',(104.550529171194,3.2954611404424E-15,-72.9347541341873));
#14396=CARTESIAN_POINT('',(103.307888484075,3.14328154644532E-15,-71.6921134470681));
#14397=CARTESIAN_POINT('',(104.985283305382,3.31751470965213E-15,-73.1148351928655));
#14398=CARTESIAN_POINT('Origin',(104.985283305382,3.24221911455754E-15,
-72.5));
#14399=CARTESIAN_POINT('',(135.014720556904,3.31751470965213E-15,-73.1148351928655));
#14400=CARTESIAN_POINT('',(125.875001931143,3.31751470965213E-15,-73.1148351928655));
#14401=CARTESIAN_POINT('Origin',(135.014720556904,3.24221911455754E-15,
-72.5));
#14402=CARTESIAN_POINT('',(120.,1.88643022081699E-16,-37.5));
#14403=CARTESIAN_POINT('Origin',(120.,2.33177492058957E-15,-55.));
#14404=CARTESIAN_POINT('Origin',(143.500001931143,3.97700719404596E-15,
-78.5));
#14405=CARTESIAN_POINT('',(135.014720556904,3.35406592285381,-78.5));
#14406=CARTESIAN_POINT('',(135.014720556904,3.97700719404596E-15,-78.5));
#14407=CARTESIAN_POINT('',(104.985283305382,3.3540659228538,-78.5));
#14408=CARTESIAN_POINT('',(137.625001931143,3.35406592285381,-78.5));
#14409=CARTESIAN_POINT('',(104.985283305382,3.97700719404596E-15,-78.5));
#14410=CARTESIAN_POINT('Origin',(100.500001931143,-9.2158003174131E-16,
-38.4999997615814));
#14411=CARTESIAN_POINT('',(98.500001931143,-6.76650642713987E-16,-40.5));
#14412=CARTESIAN_POINT('',(100.500001931143,-9.2158003174131E-16,-38.4999997615814));
#14413=CARTESIAN_POINT('Origin',(102.750001931143,-9.21580064588897E-16,
-38.4999994933605));
#14414=CARTESIAN_POINT('',(102.750001931143,-9.21580064588897E-16,-38.4999994933605));
#14415=CARTESIAN_POINT('Origin',(103.500001931143,-1.01342858547414E-15,
-37.7499994039535));
#14416=CARTESIAN_POINT('',(103.500001931143,-1.01342858547414E-15,-37.7499994039535));
#14417=CARTESIAN_POINT('Origin',(103.500001931143,-1.4114387222024E-15,
-34.5));
#14418=CARTESIAN_POINT('',(103.500001931143,-1.4114387222024E-15,-34.5));
#14419=CARTESIAN_POINT('Origin',(104.500001931143,-1.53390340211713E-15,
-33.5));
#14420=CARTESIAN_POINT('',(104.500001931143,11.,-33.5));
#14421=CARTESIAN_POINT('Origin',(137.500005810763,-1.8679193996858E-16,
-44.4999998618905));
#14422=CARTESIAN_POINT('',(135.500000735472,-1.8679198182885E-16,-44.4999995200754));
#14423=CARTESIAN_POINT('',(137.500005810763,-1.86791981466861E-16,-44.4999995230313));
#14424=CARTESIAN_POINT('Origin',(98.500001931143,2.62989571498387E-15,-67.5));
#14425=CARTESIAN_POINT('Origin',(99.5000018640878,2.62989571498387E-15,
-67.5));
#14426=CARTESIAN_POINT('',(99.5000018640878,3.,-67.5));
#14427=CARTESIAN_POINT('Origin',(99.5000018640878,2.01757207179059E-15,
-62.499998010695));
#14428=CARTESIAN_POINT('',(99.5000018640878,3.,-62.499998010695));
#14429=CARTESIAN_POINT('Origin',(98.500001931143,2.01757207179059E-15,-62.499998010695));
#14430=CARTESIAN_POINT('Origin',(98.500001931143,7.9292551626284E-16,-52.5));
#14431=CARTESIAN_POINT('Origin',(99.5000018640878,7.9292551626284E-16,-52.5));
#14432=CARTESIAN_POINT('',(99.5000018640878,3.,-52.5));
#14433=CARTESIAN_POINT('Origin',(99.5000018640878,5.47996156433369E-16,
-50.5));
#14434=CARTESIAN_POINT('',(99.5000018640878,3.,-50.5));
#14435=CARTESIAN_POINT('Origin',(98.500001931143,5.47996156433369E-16,-50.5));
#14436=CARTESIAN_POINT('Origin',(98.500001931143,-6.76650642713987E-16,
-40.5));
#14437=CARTESIAN_POINT('',(98.500001931143,-6.76650642713987E-16,-40.5));
#14438=CARTESIAN_POINT('Origin',(96.5000019311431,-6.76650642713987E-16,
-40.5));
#14439=CARTESIAN_POINT('Origin',(140.500001931143,3.60961315430175E-15,
-75.5));
#14440=CARTESIAN_POINT('',(141.742642618262,3.3540659228538,-74.2573593128807));
#14441=CARTESIAN_POINT('',(141.742642618262,3.45743356030466E-15,-74.2573593128807));
#14442=CARTESIAN_POINT('',(139.257361244024,3.35406592285381,-76.7426406871193));
#14443=CARTESIAN_POINT('',(140.500001931143,3.35406592285381,-75.5));
#14444=CARTESIAN_POINT('',(139.257361244024,3.76179274829884E-15,-76.7426406871193));
#14445=CARTESIAN_POINT('Origin',(135.014720556904,3.24221911455754E-15,
-72.5));
#14446=CARTESIAN_POINT('Origin',(135.014720556904,3.35406592285381,-72.5));
#14447=CARTESIAN_POINT('Origin',(104.985283305382,3.24221911455754E-15,
-72.5));
#14448=CARTESIAN_POINT('',(100.742642618262,3.35406592285381,-76.7426406871193));
#14449=CARTESIAN_POINT('Origin',(104.985283305382,3.3540659228538,-72.5));
#14450=CARTESIAN_POINT('',(100.742642618262,3.76179274829884E-15,-76.7426406871193));
#14451=CARTESIAN_POINT('Origin',(99.500001931143,3.60961315430175E-15,-75.5));
#14452=CARTESIAN_POINT('',(98.2573612440238,3.35406592285381,-74.2573593128807));
#14453=CARTESIAN_POINT('',(99.500001931143,3.35406592285381,-75.5));
#14454=CARTESIAN_POINT('',(98.2573612440238,3.45743356030466E-15,-74.2573593128807));
#14455=CARTESIAN_POINT('Origin',(101.000001931143,-1.22774174819297E-15,
-35.9999996255029));
#14456=CARTESIAN_POINT('',(101.000001931143,3.,-36.8499996255029));
#14457=CARTESIAN_POINT('',(101.000001931143,-1.12364677026544E-15,-36.8499996255029));
#14458=CARTESIAN_POINT('Origin',(101.000001931143,3.,-35.9999996255029));
#14459=CARTESIAN_POINT('Origin',(101.000001931143,3.42591613442965E-15,
-74.));
#14460=CARTESIAN_POINT('',(101.000001931143,3.,-74.85));
#14461=CARTESIAN_POINT('',(101.000001931143,3.53001111235717E-15,-74.85));
#14462=CARTESIAN_POINT('Origin',(101.000001931143,3.,-74.));
#14463=CARTESIAN_POINT('Origin',(138.500001931143,-1.16650936237292E-15,
-36.5));
#14464=CARTESIAN_POINT('',(138.500001931143,3.,-37.35));
#14465=CARTESIAN_POINT('',(138.500001931143,-1.0624143844454E-15,-37.35));
#14466=CARTESIAN_POINT('Origin',(138.500001931143,3.,-36.5));
#14467=CARTESIAN_POINT('Origin',(138.500001931143,3.36468379447228E-15,
-73.5));
#14468=CARTESIAN_POINT('',(138.500001931143,3.,-74.35));
#14469=CARTESIAN_POINT('',(138.500001931143,3.46877877239981E-15,-74.35));
#14470=CARTESIAN_POINT('Origin',(138.500001931143,3.,-73.5));
#14471=CARTESIAN_POINT('Origin',(137.500001931143,2.93785992656336E-15,
-70.0147186257614));
#14472=CARTESIAN_POINT('',(143.500001931143,3.35406592285381,-70.0147186257614));
#14473=CARTESIAN_POINT('',(143.500001931143,2.93785992656336E-15,-70.0147186257614));
#14474=CARTESIAN_POINT('Origin',(137.500001931143,3.35406592285381,-70.0147186257614));
#14475=CARTESIAN_POINT('Origin',(143.500001931143,-1.7788327619466E-15,
-31.5));
#14476=CARTESIAN_POINT('',(143.500001931143,3.3540659228538,-39.9852813742386));
#14477=CARTESIAN_POINT('',(143.500001931143,-7.39685494464012E-16,-39.9852813742386));
#14478=CARTESIAN_POINT('',(143.500001931143,3.3540659228538,-37.375));
#14479=CARTESIAN_POINT('Origin',(137.500001931143,-7.39685494464012E-16,
-39.9852813742386));
#14480=CARTESIAN_POINT('',(141.742642618262,3.35406592285381,-35.7426406871193));
#14481=CARTESIAN_POINT('',(141.742642618262,-1.25925912820531E-15,-35.7426406871193));
#14482=CARTESIAN_POINT('Origin',(137.500001931143,3.3540659228538,-39.9852813742386));
#14483=CARTESIAN_POINT('Origin',(102.500001931143,0.999999999999999,-39.9852813742386));
#14484=CARTESIAN_POINT('',(97.7572205784348,1.49711254108328,-39.9852813742386));
#14485=CARTESIAN_POINT('',(99.146349074958,1.49711254108328,-36.6316285180535));
#14486=CARTESIAN_POINT('Origin',(102.500001931143,1.49711254108328,-39.9852813742386));
#14487=CARTESIAN_POINT('',(101.142385385569,0.14304661822948,-39.9852813742386));
#14488=CARTESIAN_POINT('',(101.500001931143,-7.39685494464011E-16,-39.9852813742386));
#14489=CARTESIAN_POINT('',(101.540022065517,0.143046618229484,-39.0253015086123));
#14490=CARTESIAN_POINT('Origin',(102.500001931143,0.143046618229482,-39.9852813742386));
#14491=CARTESIAN_POINT('',(98.2573612440238,2.,-35.7426406871193));
#14492=CARTESIAN_POINT('Origin',(99.000001931143,1.,-47.75));
#14493=CARTESIAN_POINT('',(97.7572205784348,1.49711254108329,-70.0147186257614));
#14494=CARTESIAN_POINT('',(97.7572205784348,1.49711254108328,-44.125));
#14495=CARTESIAN_POINT('',(101.142385385569,0.143046618229485,-70.0147186257614));
#14496=CARTESIAN_POINT('',(101.500001931143,2.93785992656337E-15,-70.0147186257614));
#14497=CARTESIAN_POINT('',(101.142385385569,0.143046618229482,-51.375));
#14498=CARTESIAN_POINT('Origin',(102.500001931143,1.,-70.0147186257614));
#14499=CARTESIAN_POINT('',(99.146349074958,1.49711254108329,-73.3683714819465));
#14500=CARTESIAN_POINT('Origin',(102.500001931143,1.49711254108329,-70.0147186257614));
#14501=CARTESIAN_POINT('',(101.540022065517,0.143046618229486,-70.9746984913877));
#14502=CARTESIAN_POINT('',(101.792895149957,3.02445553218692E-15,-70.721825406948));
#14503=CARTESIAN_POINT('Origin',(102.500001931143,0.143046618229485,-70.0147186257614));
#14504=CARTESIAN_POINT('Origin',(135.014720556904,0.999999999999999,-37.5));
#14505=CARTESIAN_POINT('',(135.014720556904,1.49711254108328,-32.7572186472918));
#14506=CARTESIAN_POINT('',(138.36837341309,1.49711254108329,-34.1463471438149));
#14507=CARTESIAN_POINT('Origin',(135.014720556904,1.49711254108328,-37.5));
#14508=CARTESIAN_POINT('',(135.014720556904,0.143046618229476,-36.1423834544263));
#14509=CARTESIAN_POINT('',(135.014720556904,2.,-31.5));
#14510=CARTESIAN_POINT('',(135.974700422531,0.143046618229485,-36.5400201343738));
#14511=CARTESIAN_POINT('Origin',(135.014720556904,0.14304661822948,-37.5));
#14512=CARTESIAN_POINT('',(139.257361244024,2.,-33.2573593128807));
#14513=CARTESIAN_POINT('Origin',(108.250001931143,0.999999999999999,-34.));
#14514=CARTESIAN_POINT('',(104.985283305382,1.49711254108328,-32.7572186472918));
#14515=CARTESIAN_POINT('',(102.375001931143,1.49711254108328,-32.7572186472918));
#14516=CARTESIAN_POINT('',(104.985283305382,0.143046618229486,-36.1423834544263));
#14517=CARTESIAN_POINT('',(104.985283305382,2.,-31.5));
#14518=CARTESIAN_POINT('',(114.125001931143,0.143046618229479,-36.1423834544263));
#14519=CARTESIAN_POINT('Origin',(104.985283305382,0.999999999999999,-37.5));
#14520=CARTESIAN_POINT('',(101.631630449197,1.49711254108328,-34.1463471438149));
#14521=CARTESIAN_POINT('Origin',(104.985283305382,1.49711254108328,-37.5));
#14522=CARTESIAN_POINT('',(104.025303439755,0.143046618229475,-36.5400201343738));
#14523=CARTESIAN_POINT('',(100.742642618262,2.,-33.2573593128807));
#14524=CARTESIAN_POINT('Origin',(104.985283305382,0.143046618229481,-37.5));
#14525=CARTESIAN_POINT('Ctrl Pts',(138.114837124009,3.05311331771918E-15,
-70.0147186257614));
#14526=CARTESIAN_POINT('Ctrl Pts',(138.114837124009,3.08430177439431E-15,
-70.2693917012706));
#14527=CARTESIAN_POINT('Ctrl Pts',(137.93475606533,3.10635534360404E-15,
-70.4494727599487));
#14528=CARTESIAN_POINT('Ctrl Pts',(138.500001931143,1.44253120550284E-15,
-70.0147186257614));
#14529=CARTESIAN_POINT('Ctrl Pts',(138.500001931143,1.49325773683521E-15,
-70.4289321881345));
#14530=CARTESIAN_POINT('Ctrl Pts',(138.20710871233,1.5130901972119E-15,
-70.7218254069479));
#14531=CARTESIAN_POINT('Ctrl Pts',(138.857618476717,0.14304661822949,-70.0147186257614));
#14532=CARTESIAN_POINT('Ctrl Pts',(138.857618476717,0.14304661822949,-70.5770618114401));
#14533=CARTESIAN_POINT('Ctrl Pts',(138.459981796769,0.14304661822949,-70.9746984913876));
#14534=CARTESIAN_POINT('',(138.459981796769,0.143046618229488,-70.9746984913876));
#14535=CARTESIAN_POINT('Origin',(137.93475606533,2.,-70.4494727599487));
#14536=CARTESIAN_POINT('',(138.857618476717,0.143046618229483,-70.0147186257614));
#14537=CARTESIAN_POINT('Origin',(137.500001931143,0.143046618229482,-70.0147186257614));
#14538=CARTESIAN_POINT('Origin',(138.114837124009,2.,-70.0147186257614));
#14539=CARTESIAN_POINT('Origin',(138.114837124009,2.,-49.125));
#14540=CARTESIAN_POINT('',(138.857618476717,0.143046618229483,-39.9852813742386));
#14541=CARTESIAN_POINT('',(138.857618476717,0.143046618229481,-49.125));
#14542=CARTESIAN_POINT('Origin',(138.114837124009,2.,-39.9852813742386));
#14543=CARTESIAN_POINT('Ctrl Pts',(137.93475606533,-8.85909294353726E-16,
-39.5505272400512));
#14544=CARTESIAN_POINT('Ctrl Pts',(138.114837124009,-8.63855725143998E-16,
-39.7306082987294));
#14545=CARTESIAN_POINT('Ctrl Pts',(138.114837124009,-8.32667268468867E-16,
-39.9852813742386));
#14546=CARTESIAN_POINT('Ctrl Pts',(138.20710871233,-3.36443585151242E-15,
-39.278174593052));
#14547=CARTESIAN_POINT('Ctrl Pts',(138.500001931143,-3.3066843601849E-15,
-39.5710678118655));
#14548=CARTESIAN_POINT('Ctrl Pts',(138.500001931143,-3.25595782885254E-15,
-39.9852813742386));
#14549=CARTESIAN_POINT('Ctrl Pts',(138.459981796769,0.143046618229486,-39.0253015086123));
#14550=CARTESIAN_POINT('Ctrl Pts',(138.857618476717,0.143046618229486,-39.4229381885598));
#14551=CARTESIAN_POINT('Ctrl Pts',(138.857618476717,0.143046618229486,-39.9852813742386));
#14552=CARTESIAN_POINT('',(138.459981796769,0.143046618229476,-39.0253015086123));
#14553=CARTESIAN_POINT('Origin',(137.500001931143,0.143046618229482,-39.9852813742386));
#14554=CARTESIAN_POINT('Origin',(137.93475606533,2.,-39.5505272400512));
#14555=CARTESIAN_POINT('Origin',(136.692115378211,2.,-38.3078865529319));
#14556=CARTESIAN_POINT('',(137.21734110965,0.143046618229478,-37.7826608214931));
#14557=CARTESIAN_POINT('Origin',(135.449474691092,2.,-37.0652458658127));
#14558=CARTESIAN_POINT('Ctrl Pts',(135.014720556904,-1.18551861971974E-15,
-36.8851648071345));
#14559=CARTESIAN_POINT('Ctrl Pts',(135.269393632414,-1.18551861971974E-15,
-36.8851648071345));
#14560=CARTESIAN_POINT('Ctrl Pts',(135.449474691092,-1.16346505051001E-15,
-37.0652458658127));
#14561=CARTESIAN_POINT('Ctrl Pts',(135.014720556904,-3.45313375379021E-15,
-36.5));
#14562=CARTESIAN_POINT('Ctrl Pts',(135.428934119278,-3.42861951000622E-15,
-36.5));
#14563=CARTESIAN_POINT('Ctrl Pts',(135.721827338091,-3.37541624769972E-15,
-36.7928932188135));
#14564=CARTESIAN_POINT('Ctrl Pts',(135.014720556904,0.143046618229485,-36.1423834544263));
#14565=CARTESIAN_POINT('Ctrl Pts',(135.577063742583,0.143046618229485,-36.1423834544263));
#14566=CARTESIAN_POINT('Ctrl Pts',(135.974700422531,0.143046618229485,-36.5400201343738));
#14567=CARTESIAN_POINT('Origin',(135.014720556904,2.,-36.8851648071345));
#14568=CARTESIAN_POINT('Origin',(114.125001931143,2.,-36.8851648071345));
#14569=CARTESIAN_POINT('Origin',(104.985283305382,2.,-36.8851648071345));
#14570=CARTESIAN_POINT('Ctrl Pts',(104.550529171194,-1.16346505051002E-15,
-37.0652458658127));
#14571=CARTESIAN_POINT('Ctrl Pts',(104.730610229872,-1.18551861971974E-15,
-36.8851648071345));
#14572=CARTESIAN_POINT('Ctrl Pts',(104.985283305382,-1.18551861971974E-15,
-36.8851648071345));
#14573=CARTESIAN_POINT('Ctrl Pts',(104.278176524195,-4.81550079129999E-15,
-36.7928932188134));
#14574=CARTESIAN_POINT('Ctrl Pts',(104.571069743009,-4.84703829725666E-15,
-36.5));
#14575=CARTESIAN_POINT('Ctrl Pts',(104.985283305382,-4.84091253457165E-15,
-36.5));
#14576=CARTESIAN_POINT('Ctrl Pts',(104.025303439755,0.143046618229483,-36.5400201343738));
#14577=CARTESIAN_POINT('Ctrl Pts',(104.422940119703,0.143046618229483,-36.1423834544263));
#14578=CARTESIAN_POINT('Ctrl Pts',(104.985283305382,0.143046618229483,-36.1423834544263));
#14579=CARTESIAN_POINT('Origin',(104.550529171194,2.,-37.0652458658127));
#14580=CARTESIAN_POINT('Origin',(103.307888484075,2.,-38.3078865529319));
#14581=CARTESIAN_POINT('',(102.782662752636,0.143046618229481,-37.7826608214931));
#14582=CARTESIAN_POINT('Origin',(102.065247796956,2.,-39.5505272400512));
#14583=CARTESIAN_POINT('Ctrl Pts',(101.885166738278,-8.32667268468867E-16,
-39.9852813742386));
#14584=CARTESIAN_POINT('Ctrl Pts',(101.885166738278,-8.63855725143998E-16,
-39.7306082987294));
#14585=CARTESIAN_POINT('Ctrl Pts',(102.065247796956,-8.85909294353726E-16,
-39.5505272400512));
#14586=CARTESIAN_POINT('Ctrl Pts',(101.500001931143,-3.12903696910976E-15,
-39.9852813742386));
#14587=CARTESIAN_POINT('Ctrl Pts',(101.500001931143,-3.17976350044212E-15,
-39.5710678118655));
#14588=CARTESIAN_POINT('Ctrl Pts',(101.792895149956,-3.19339505209345E-15,
-39.278174593052));
#14589=CARTESIAN_POINT('Ctrl Pts',(101.142385385569,0.143046618229483,-39.9852813742386));
#14590=CARTESIAN_POINT('Ctrl Pts',(101.142385385569,0.143046618229483,-39.4229381885598));
#14591=CARTESIAN_POINT('Ctrl Pts',(101.540022065517,0.143046618229483,-39.0253015086123));
#14592=CARTESIAN_POINT('Origin',(101.885166738278,2.,-39.9852813742386));
#14593=CARTESIAN_POINT('Origin',(101.885166738278,2.,-51.375));
#14594=CARTESIAN_POINT('Origin',(101.885166738278,2.,-70.0147186257614));
#14595=CARTESIAN_POINT('Ctrl Pts',(102.065247796956,3.10635534360404E-15,
-70.4494727599488));
#14596=CARTESIAN_POINT('Ctrl Pts',(101.885166738278,3.08430177439431E-15,
-70.2693917012706));
#14597=CARTESIAN_POINT('Ctrl Pts',(101.885166738278,3.05311331771918E-15,
-70.0147186257614));
#14598=CARTESIAN_POINT('Ctrl Pts',(101.792895149957,2.27673433796193E-15,
-70.721825406948));
#14599=CARTESIAN_POINT('Ctrl Pts',(101.500001931143,2.22831156196668E-15,
-70.4289321881345));
#14600=CARTESIAN_POINT('Ctrl Pts',(101.500001931143,2.17758503063431E-15,
-70.0147186257614));
#14601=CARTESIAN_POINT('Ctrl Pts',(101.540022065517,0.143046618229494,-70.9746984913877));
#14602=CARTESIAN_POINT('Ctrl Pts',(101.142385385569,0.143046618229493,-70.5770618114402));
#14603=CARTESIAN_POINT('Ctrl Pts',(101.142385385569,0.143046618229493,-70.0147186257614));
#14604=CARTESIAN_POINT('Origin',(102.065247796956,2.,-70.4494727599488));
#14605=CARTESIAN_POINT('Origin',(103.307888484075,2.,-71.6921134470681));
#14606=CARTESIAN_POINT('',(104.025303439755,0.143046618229493,-73.4599798656262));
#14607=CARTESIAN_POINT('',(102.782662752636,0.143046618229483,-72.2173391785069));
#14608=CARTESIAN_POINT('Origin',(104.550529171194,2.,-72.9347541341873));
#14609=CARTESIAN_POINT('Ctrl Pts',(104.985283305382,3.40596466897006E-15,
-73.1148351928655));
#14610=CARTESIAN_POINT('Ctrl Pts',(104.730610229872,3.40596466897006E-15,
-73.1148351928655));
#14611=CARTESIAN_POINT('Ctrl Pts',(104.550529171194,3.38391109976033E-15,
-72.9347541341873));
#14612=CARTESIAN_POINT('Ctrl Pts',(104.985283305382,1.23268770453989E-15,
-73.5));
#14613=CARTESIAN_POINT('Ctrl Pts',(104.571069743008,1.29005295694745E-15,
-73.5));
#14614=CARTESIAN_POINT('Ctrl Pts',(104.278176524195,1.29474724163812E-15,
-73.2071067811865));
#14615=CARTESIAN_POINT('Ctrl Pts',(104.985283305382,0.143046618229489,-73.8576165455737));
#14616=CARTESIAN_POINT('Ctrl Pts',(104.422940119703,0.143046618229489,-73.8576165455737));
#14617=CARTESIAN_POINT('Ctrl Pts',(104.025303439755,0.143046618229489,-73.4599798656262));
#14618=CARTESIAN_POINT('',(104.985283305382,0.143046618229487,-73.8576165455737));
#14619=CARTESIAN_POINT('Origin',(104.985283305382,0.143046618229487,-72.5));
#14620=CARTESIAN_POINT('Origin',(104.985283305382,2.,-73.1148351928655));
#14621=CARTESIAN_POINT('Origin',(125.875001931143,2.,-73.1148351928655));
#14622=CARTESIAN_POINT('',(135.014720556904,0.143046618229488,-73.8576165455737));
#14623=CARTESIAN_POINT('',(125.875001931143,0.14304661822949,-73.8576165455737));
#14624=CARTESIAN_POINT('Origin',(135.014720556904,2.,-73.1148351928655));
#14625=CARTESIAN_POINT('Ctrl Pts',(135.449474691092,3.38391109976033E-15,
-72.9347541341873));
#14626=CARTESIAN_POINT('Ctrl Pts',(135.269393632414,3.40596466897006E-15,
-73.1148351928655));
#14627=CARTESIAN_POINT('Ctrl Pts',(135.014720556904,3.40596466897006E-15,
-73.1148351928655));
#14628=CARTESIAN_POINT('Ctrl Pts',(135.721827338091,2.11156257557367E-15,
-73.2071067811866));
#14629=CARTESIAN_POINT('Ctrl Pts',(135.428934119278,2.11343437715655E-15,
-73.5));
#14630=CARTESIAN_POINT('Ctrl Pts',(135.014720556904,2.06535497300876E-15,
-73.5));
#14631=CARTESIAN_POINT('Ctrl Pts',(135.974700422531,0.14304661822949,-73.4599798656262));
#14632=CARTESIAN_POINT('Ctrl Pts',(135.577063742583,0.143046618229491,-73.8576165455737));
#14633=CARTESIAN_POINT('Ctrl Pts',(135.014720556904,0.143046618229491,-73.8576165455737));
#14634=CARTESIAN_POINT('',(135.974700422531,0.143046618229485,-73.4599798656262));
#14635=CARTESIAN_POINT('Origin',(135.014720556904,0.143046618229485,-72.5));
#14636=CARTESIAN_POINT('Origin',(135.449474691092,2.,-72.9347541341873));
#14637=CARTESIAN_POINT('Origin',(136.692115378211,2.,-71.692113447068));
#14638=CARTESIAN_POINT('',(137.21734110965,0.143046618229483,-72.2173391785069));
#14639=CARTESIAN_POINT('Origin',(140.500001931143,-1.4114387222024E-15,
-34.5));
#14640=CARTESIAN_POINT('',(139.257361244024,3.3540659228538,-33.2573593128807));
#14641=CARTESIAN_POINT('',(139.257361244024,-1.56361831619949E-15,-33.2573593128807));
#14642=CARTESIAN_POINT('',(140.500001931143,3.3540659228538,-34.5));
#14643=CARTESIAN_POINT('Origin',(135.014720556904,-1.04404468245819E-15,
-37.5));
#14644=CARTESIAN_POINT('',(135.014720556904,3.3540659228538,-31.5));
#14645=CARTESIAN_POINT('',(135.014720556904,-1.7788327619466E-15,-31.5));
#14646=CARTESIAN_POINT('Origin',(135.014720556904,3.3540659228538,-37.5));
#14647=CARTESIAN_POINT('Origin',(96.5000019311431,-1.7788327619466E-15,
-31.5));
#14648=CARTESIAN_POINT('',(104.985283305382,3.3540659228538,-31.5));
#14649=CARTESIAN_POINT('',(104.985283305382,-1.7788327619466E-15,-31.5));
#14650=CARTESIAN_POINT('',(102.375001931143,3.3540659228538,-31.5));
#14651=CARTESIAN_POINT('Origin',(104.985283305382,-1.04404468245819E-15,
-37.5));
#14652=CARTESIAN_POINT('',(100.742642618262,3.3540659228538,-33.2573593128807));
#14653=CARTESIAN_POINT('',(100.742642618262,-1.56361831619949E-15,-33.2573593128807));
#14654=CARTESIAN_POINT('Origin',(104.985283305382,3.3540659228538,-37.5));
#14655=CARTESIAN_POINT('Origin',(99.500001931143,-1.4114387222024E-15,-34.5));
#14656=CARTESIAN_POINT('',(98.2573612440238,3.3540659228538,-35.7426406871193));
#14657=CARTESIAN_POINT('',(98.2573612440238,-1.25925912820531E-15,-35.7426406871193));
#14658=CARTESIAN_POINT('',(99.500001931143,3.3540659228538,-34.5));
#14659=CARTESIAN_POINT('Origin',(102.500001931143,-7.39685494464011E-16,
-39.9852813742386));
#14660=CARTESIAN_POINT('Origin',(102.500001931143,3.3540659228538,-39.9852813742386));
#14661=CARTESIAN_POINT('Origin',(137.500001931143,0.999999999999999,-39.9852813742386));
#14662=CARTESIAN_POINT('',(140.853654787328,1.49711254108329,-36.6316285180535));
#14663=CARTESIAN_POINT('',(142.242783283851,1.49711254108328,-39.9852813742386));
#14664=CARTESIAN_POINT('Origin',(137.500001931143,1.49711254108328,-39.9852813742386));
#14665=CARTESIAN_POINT('',(141.742642618262,2.,-35.7426406871193));
#14666=CARTESIAN_POINT('',(143.500001931143,2.,-39.9852813742386));
#14667=CARTESIAN_POINT('Origin',(141.000001931143,1.,-43.25));
#14668=CARTESIAN_POINT('',(142.242783283851,1.49711254108329,-70.0147186257614));
#14669=CARTESIAN_POINT('',(142.242783283851,1.49711254108328,-37.375));
#14670=CARTESIAN_POINT('',(143.500001931143,2.,-70.0147186257614));
#14671=CARTESIAN_POINT('Origin',(137.500001931143,1.,-70.0147186257614));
#14672=CARTESIAN_POINT('',(140.853654787328,1.49711254108329,-73.3683714819465));
#14673=CARTESIAN_POINT('Origin',(137.500001931143,1.49711254108329,-70.0147186257614));
#14674=CARTESIAN_POINT('',(138.20710871233,3.02445553218691E-15,-70.7218254069479));
#14675=CARTESIAN_POINT('Origin',(135.014720556904,1.,-72.5));
#14676=CARTESIAN_POINT('',(138.36837341309,1.49711254108329,-75.8536528561851));
#14677=CARTESIAN_POINT('',(135.014720556904,1.49711254108329,-77.2427813527082));
#14678=CARTESIAN_POINT('Origin',(135.014720556904,1.49711254108328,-72.5));
#14679=CARTESIAN_POINT('',(135.721827338091,3.32881472018109E-15,-73.2071067811865));
#14680=CARTESIAN_POINT('',(135.014720556904,3.36468379447228E-15,-73.5));
#14681=CARTESIAN_POINT('Origin',(131.750001931143,1.,-76.));
#14682=CARTESIAN_POINT('',(104.985283305382,1.49711254108329,-77.2427813527082));
#14683=CARTESIAN_POINT('',(137.625001931143,1.49711254108329,-77.2427813527082));
#14684=CARTESIAN_POINT('',(104.985283305382,3.36468379447228E-15,-73.5));
#14685=CARTESIAN_POINT('Origin',(104.985283305382,1.,-72.5));
#14686=CARTESIAN_POINT('',(101.631630449197,1.49711254108329,-75.8536528561851));
#14687=CARTESIAN_POINT('Origin',(104.985283305382,1.49711254108328,-72.5));
#14688=CARTESIAN_POINT('',(104.278176524195,3.32881472018109E-15,-73.2071067811865));
#14689=CARTESIAN_POINT('Origin',(137.500001931143,3.3540659228538,-39.9852813742386));
#14690=CARTESIAN_POINT('Origin',(141.500001931143,3.3540659228538,-39.9852813742386));
#14691=CARTESIAN_POINT('Origin',(140.328429055889,3.35406592285381,-37.1568542494924));
#14692=CARTESIAN_POINT('Origin',(141.500001931143,3.3540659228538,-37.375));
#14693=CARTESIAN_POINT('Origin',(141.500001931143,3.35406592285381,-70.0147186257614));
#14694=CARTESIAN_POINT('Origin',(137.500001931143,3.35406592285381,-70.0147186257614));
#14695=CARTESIAN_POINT('Origin',(140.328429055889,3.3540659228538,-72.8431457505076));
#14696=CARTESIAN_POINT('Origin',(139.08578836877,3.3540659228538,-74.0857864376269));
#14697=CARTESIAN_POINT('',(140.155901207955,1.49711254108329,-74.0661250613199));
#14698=CARTESIAN_POINT('',(139.066126992463,1.49711254108329,-75.1558992768117));
#14699=CARTESIAN_POINT('Ctrl Pts',(140.155901207955,1.49711254108328,-74.0661250613199));
#14700=CARTESIAN_POINT('Ctrl Pts',(140.125259553014,1.51379581800039,-74.1557510074626));
#14701=CARTESIAN_POINT('Ctrl Pts',(140.086450470841,1.52972992975777,-74.245078000403));
#14702=CARTESIAN_POINT('Ctrl Pts',(139.958248779519,1.5659886151958,-74.4827930880835));
#14703=CARTESIAN_POINT('Ctrl Pts',(139.851943756709,1.57904382845711,-74.6229319085865));
#14704=CARTESIAN_POINT('Ctrl Pts',(139.62293383973,1.57904382845712,-74.8519418255664));
#14705=CARTESIAN_POINT('Ctrl Pts',(139.482795019227,1.5659886151958,-74.9582468483755));
#14706=CARTESIAN_POINT('Ctrl Pts',(139.245079931546,1.52972992975777,-75.0864485396978));
#14707=CARTESIAN_POINT('Ctrl Pts',(139.155752938606,1.5137958180004,-75.1252576218714));
#14708=CARTESIAN_POINT('Ctrl Pts',(139.066126992463,1.49711254108328,-75.1558992768117));
#14709=CARTESIAN_POINT('',(139.611014100209,1.49711254108329,-74.6110121690658));
#14710=CARTESIAN_POINT('Origin',(137.843147681651,3.35406592285381,-75.3284271247462));
#14711=CARTESIAN_POINT('',(139.611014100209,1.49711254108329,-74.6110121690658));
#14712=CARTESIAN_POINT('Origin',(135.014720556904,3.35406592285381,-72.5));
#14713=CARTESIAN_POINT('Origin',(135.014720556904,3.35406592285381,-76.5));
#14714=CARTESIAN_POINT('Origin',(137.625001931143,3.35406592285381,-76.5));
#14715=CARTESIAN_POINT('Origin',(104.985283305382,3.3540659228538,-76.5));
#14716=CARTESIAN_POINT('Origin',(104.985283305382,3.3540659228538,-72.5));
#14717=CARTESIAN_POINT('Origin',(102.156856180635,3.35406592285381,-75.3284271247462));
#14718=CARTESIAN_POINT('Origin',(100.914215493516,3.35406592285381,-74.0857864376269));
#14719=CARTESIAN_POINT('',(101.465053946619,1.49711254108329,-75.6870763536076));
#14720=CARTESIAN_POINT('',(101.000001931143,1.69446238407333,-75.75));
#14721=CARTESIAN_POINT('Ctrl Pts',(101.465053946619,1.49711254108329,-75.6870763536076));
#14722=CARTESIAN_POINT('Ctrl Pts',(101.310964121057,1.55270967335819,-75.7295520742759));
#14723=CARTESIAN_POINT('Ctrl Pts',(101.15545512197,1.62078999359585,-75.7491398205506));
#14724=CARTESIAN_POINT('Ctrl Pts',(101.006674544207,1.6912920371678,-75.7499904522044));
#14725=CARTESIAN_POINT('Ctrl Pts',(101.003339437881,1.69287525466505,-75.75));
#14726=CARTESIAN_POINT('Ctrl Pts',(101.000001931143,1.69446238407333,-75.75));
#14727=CARTESIAN_POINT('',(99.3129255775355,1.49711254108329,-73.5349479845241));
#14728=CARTESIAN_POINT('Ctrl Pts',(101.000001931143,1.69446238407333,-75.75));
#14729=CARTESIAN_POINT('Ctrl Pts',(100.784437560758,1.79697260455504,-75.75));
#14730=CARTESIAN_POINT('Ctrl Pts',(100.559843488075,1.91787333866589,-75.7088889647225));
#14731=CARTESIAN_POINT('Ctrl Pts',(100.242104069875,2.06771141831879,-75.5815745887202));
#14732=CARTESIAN_POINT('Ctrl Pts',(100.138308336844,2.11223815649333,-75.5277107916612));
#14733=CARTESIAN_POINT('Ctrl Pts',(99.9413319529851,2.17515920070482,-75.3984135814209));
#14734=CARTESIAN_POINT('Ctrl Pts',(99.8480833755198,2.19328921017505,-75.3229551785297));
#14735=CARTESIAN_POINT('Ctrl Pts',(99.6777294119769,2.19328921017505,-75.1526012149868));
#14736=CARTESIAN_POINT('Ctrl Pts',(99.6027254288548,2.17544295958663,-75.060081923422));
#14737=CARTESIAN_POINT('Ctrl Pts',(99.4740124036013,2.11334091676535,-74.8646299557932));
#14738=CARTESIAN_POINT('Ctrl Pts',(99.4202787898469,2.06934132341311,-74.7616321477934));
#14739=CARTESIAN_POINT('Ctrl Pts',(99.2916262393363,1.91954087889596,-74.4431561135727));
#14740=CARTESIAN_POINT('Ctrl Pts',(99.250001931143,1.7975112645072,-74.216697095424));
#14741=CARTESIAN_POINT('Ctrl Pts',(99.250001931143,1.62380933508044,-73.8514267167665));
#14742=CARTESIAN_POINT('Ctrl Pts',(99.2695258847637,1.55391907483385,-73.6923897179058));
#14743=CARTESIAN_POINT('Ctrl Pts',(99.3129255775355,1.49711254108329,-73.534947984524));
#14744=CARTESIAN_POINT('',(100.388989762077,1.49711254108329,-74.6110121690658));
#14745=CARTESIAN_POINT('Origin',(99.6715748063969,3.35406592285381,-72.8431457505076));
#14746=CARTESIAN_POINT('',(100.388989762077,1.49711254108329,-74.6110121690658));
#14747=CARTESIAN_POINT('Origin',(102.500001931143,3.35406592285381,-70.0147186257614));
#14748=CARTESIAN_POINT('Origin',(98.500001931143,3.3540659228538,-70.0147186257614));
#14749=CARTESIAN_POINT('Origin',(102.500001931143,3.35406592285381,-70.0147186257614));
#14750=CARTESIAN_POINT('Origin',(98.500001931143,3.3540659228538,-44.125));
#14751=CARTESIAN_POINT('Origin',(98.500001931143,3.3540659228538,-39.9852813742386));
#14752=CARTESIAN_POINT('Origin',(102.500001931143,3.3540659228538,-39.9852813742386));
#14753=CARTESIAN_POINT('Origin',(99.6715748063969,3.3540659228538,-37.1568542494924));
#14754=CARTESIAN_POINT('Origin',(100.914215493516,3.3540659228538,-35.9142135623731));
#14755=CARTESIAN_POINT('',(99.3129256584603,1.49711254108328,-36.4650519345511));
#14756=CARTESIAN_POINT('',(101.465054240191,1.49711254108328,-34.3129233528202));
#14757=CARTESIAN_POINT('Ctrl Pts',(99.3129256584604,1.49711254108329,-36.4650519345511));
#14758=CARTESIAN_POINT('Ctrl Pts',(99.269525909331,1.55391911835383,-36.3076101036604));
#14759=CARTESIAN_POINT('Ctrl Pts',(99.250001931143,1.62380944569305,-36.1485729994374));
#14760=CARTESIAN_POINT('Ctrl Pts',(99.250001931143,1.79751147823297,-35.7833025298082));
#14761=CARTESIAN_POINT('Ctrl Pts',(99.2916262390374,1.91954113282921,-35.5568435149045));
#14762=CARTESIAN_POINT('Ctrl Pts',(99.4202787864037,2.06934163556856,-35.2383674851159));
#14763=CARTESIAN_POINT('Ctrl Pts',(99.4740123985771,2.11334124781249,-35.1353696785812));
#14764=CARTESIAN_POINT('Ctrl Pts',(99.6027254227859,2.17544332049679,-34.9399177100577));
#14765=CARTESIAN_POINT('Ctrl Pts',(99.6777294064796,2.19328958172789,-34.8473984160133));
#14766=CARTESIAN_POINT('Ctrl Pts',(99.8480833797656,2.19328958172789,-34.6770444427274));
#14767=CARTESIAN_POINT('Ctrl Pts',(99.9413319582959,2.17515956199757,-34.6015860401763));
#14768=CARTESIAN_POINT('Ctrl Pts',(100.138308340044,2.11223848916499,-34.4722888321616));
#14769=CARTESIAN_POINT('Ctrl Pts',(100.242104070019,2.06771173295019,-34.4184250369531));
#14770=CARTESIAN_POINT('Ctrl Pts',(100.563106271147,1.91633494520679,-34.2898033022599));
#14771=CARTESIAN_POINT('Ctrl Pts',(100.791427213331,1.79329062193387,-34.2487785299066));
#14772=CARTESIAN_POINT('Ctrl Pts',(101.155455199501,1.62079010906967,-34.2508598037936));
#14773=CARTESIAN_POINT('Ctrl Pts',(101.31096431054,1.55270971907476,-34.2704475746081));
#14774=CARTESIAN_POINT('Ctrl Pts',(101.465054240191,1.49711254108329,-34.3129233528202));
#14775=CARTESIAN_POINT('',(100.388989762077,1.49711254108328,-35.3889878309342));
#14776=CARTESIAN_POINT('Origin',(102.156856180635,3.3540659228538,-34.6715728752538));
#14777=CARTESIAN_POINT('',(100.388989762077,1.49711254108328,-35.3889878309342));
#14778=CARTESIAN_POINT('Origin',(104.985283305382,3.3540659228538,-37.5));
#14779=CARTESIAN_POINT('Origin',(104.985283305382,3.3540659228538,-33.5));
#14780=CARTESIAN_POINT('Origin',(102.375001931143,3.3540659228538,-33.5));
#14781=CARTESIAN_POINT('Origin',(135.014720556904,3.3540659228538,-33.5));
#14782=CARTESIAN_POINT('Origin',(135.014720556904,3.3540659228538,-37.5));
#14783=CARTESIAN_POINT('Origin',(137.843147681651,3.3540659228538,-34.6715728752538));
#14784=CARTESIAN_POINT('Origin',(139.08578836877,3.35406592285381,-35.9142135623731));
#14785=CARTESIAN_POINT('',(139.066126992463,1.49711254108328,-34.8441007231883));
#14786=CARTESIAN_POINT('',(140.155901207955,1.49711254108328,-35.9338749386801));
#14787=CARTESIAN_POINT('Ctrl Pts',(139.066126992463,1.49711254108329,-34.8441007231883));
#14788=CARTESIAN_POINT('Ctrl Pts',(139.155752938606,1.5137958180004,-34.8747423781286));
#14789=CARTESIAN_POINT('Ctrl Pts',(139.245079931546,1.52972992975777,-34.9135514603022));
#14790=CARTESIAN_POINT('Ctrl Pts',(139.482795019227,1.5659886151958,-35.0417531516245));
#14791=CARTESIAN_POINT('Ctrl Pts',(139.62293383973,1.57904382845711,-35.1480581744336));
#14792=CARTESIAN_POINT('Ctrl Pts',(139.851943756709,1.57904382845711,-35.3770680914135));
#14793=CARTESIAN_POINT('Ctrl Pts',(139.958248779519,1.56598861519579,-35.5172069119165));
#14794=CARTESIAN_POINT('Ctrl Pts',(140.086450470841,1.52972992975777,-35.7549219995969));
#14795=CARTESIAN_POINT('Ctrl Pts',(140.125259553014,1.5137958180004,-35.8442489925373));
#14796=CARTESIAN_POINT('Ctrl Pts',(140.155901207955,1.49711254108329,-35.9338749386801));
#14797=CARTESIAN_POINT('',(139.611014100209,1.49711254108328,-35.3889878309342));
#14798=CARTESIAN_POINT('',(139.611014100209,1.49711254108328,-35.3889878309342));
#14799=CARTESIAN_POINT('Origin',(101.267768884109,1.,-73.7322330470336));
#14800=CARTESIAN_POINT('Origin',(101.000001931143,1.15147186257615,-74.));
#14801=CARTESIAN_POINT('Origin',(138.732234978177,1.,-73.7322330470336));
#14802=CARTESIAN_POINT('',(138.500001931143,1.36360389693211,-75.25));
#14803=CARTESIAN_POINT('Origin',(138.500001931143,0.868629150101527,-73.5));
#14804=CARTESIAN_POINT('Origin',(138.500001931143,0.868629150101527,-73.5));
#14805=CARTESIAN_POINT('Origin',(101.267768884109,0.999999999999999,-36.2677669529664));
#14806=CARTESIAN_POINT('',(101.000001931143,0.656497221669345,-37.7499996255029));
#14807=CARTESIAN_POINT('Origin',(101.000001931143,1.15147196849993,-35.9999996255029));
#14808=CARTESIAN_POINT('Origin',(101.000001931143,1.15147196849993,-35.9999996255029));
#14809=CARTESIAN_POINT('Origin',(138.732234978177,0.999999999999999,-36.2677669529664));
#14810=CARTESIAN_POINT('',(138.500001931143,0.37365440327094,-38.25));
#14811=CARTESIAN_POINT('Origin',(138.500001931143,0.868629150101523,-36.5));
#14812=CARTESIAN_POINT('Origin',(138.500001931143,0.868629150101523,-36.5));
#14813=CARTESIAN_POINT('Origin',(101.000001931143,3.,-74.));
#14814=CARTESIAN_POINT('',(101.000001931143,3.,-75.75));
#14815=CARTESIAN_POINT('Origin',(101.000001931143,3.,-74.));
#14816=CARTESIAN_POINT('Origin',(101.000001931143,3.42591613442965E-15,
-74.));
#14817=CARTESIAN_POINT('',(101.000001931143,3.64022932428044E-15,-75.75));
#14818=CARTESIAN_POINT('Origin',(138.500001931143,3.,-73.5));
#14819=CARTESIAN_POINT('',(138.500001931143,3.,-75.25));
#14820=CARTESIAN_POINT('Origin',(138.500001931143,3.,-73.5));
#14821=CARTESIAN_POINT('Origin',(138.500001931143,3.36468379447228E-15,
-73.5));
#14822=CARTESIAN_POINT('',(138.500001931143,3.57899698432307E-15,-75.25));
#14823=CARTESIAN_POINT('Origin',(101.000001931143,3.,-35.9999996255029));
#14824=CARTESIAN_POINT('',(101.000001931143,3.,-37.7499996255029));
#14825=CARTESIAN_POINT('Origin',(101.000001931143,3.,-35.9999996255029));
#14826=CARTESIAN_POINT('Origin',(101.000001931143,-1.22774174819297E-15,
-35.9999996255029));
#14827=CARTESIAN_POINT('',(101.000001931143,-1.01342855834218E-15,-37.7499996255029));
#14828=CARTESIAN_POINT('Origin',(138.500001931143,3.,-36.5));
#14829=CARTESIAN_POINT('',(138.500001931143,3.,-38.25));
#14830=CARTESIAN_POINT('Origin',(138.500001931143,3.,-36.5));
#14831=CARTESIAN_POINT('Origin',(138.500001931143,-1.16650936237292E-15,
-36.5));
#14832=CARTESIAN_POINT('',(138.500001931143,-9.52196172522138E-16,-38.25));
#14833=CARTESIAN_POINT('Origin',(102.500001931143,2.93785992656337E-15,
-70.0147186257614));
#14834=CARTESIAN_POINT('Origin',(142.300000903508,-1.86791980598088E-16,
-44.4999995301254));
#14835=CARTESIAN_POINT('Origin',(135.500000627352,-6.76650770726139E-16,
-40.4999989547014));
#14836=CARTESIAN_POINT('',(135.500000470578,3.,-34.7000000000017));
#14837=CARTESIAN_POINT('Origin',(134.90000045436,-1.46042459416809E-15,
-34.1000000000017));
#14838=CARTESIAN_POINT('',(134.300000438142,11.,-33.5000000000016));
#14839=CARTESIAN_POINT('Origin',(135.500000438142,-1.53390340211692E-15,
-33.5000000000017));
#14840=CARTESIAN_POINT('Origin',(123.81,-5.4,-58.2274045271843));
#14841=CARTESIAN_POINT('',(123.168578643763,-5.54142135623731,-58.2274045271843));
#14842=CARTESIAN_POINT('',(124.451421356237,-5.54142135623731,-58.2274045271843));
#14843=CARTESIAN_POINT('Origin',(123.81,-5.54142135623731,-58.2274045271843));
#14844=CARTESIAN_POINT('',(124.592842712475,-5.6,-58.2274045271843));
#14845=CARTESIAN_POINT('Origin',(124.592842712475,-5.4,-58.2274045271843));
#14846=CARTESIAN_POINT('Origin',(123.81,-5.6,-58.2274045271843));
#14847=CARTESIAN_POINT('Origin',(123.81,-5.54142135623731,-58.2274045271843));
#14848=CARTESIAN_POINT('Origin',(123.81,-5.5,-58.2274045271843));
#14849=CARTESIAN_POINT('',(123.31,-5.4,-58.2274045271843));
#14850=CARTESIAN_POINT('',(123.21,-5.5,-58.2274045271843));
#14851=CARTESIAN_POINT('Origin',(123.81,-5.4,-58.2274045271843));
#14852=CARTESIAN_POINT('Origin',(120.,-5.6,-55.));
#14853=CARTESIAN_POINT('',(125.,-5.6,-43.4674374053292));
#14854=CARTESIAN_POINT('',(125.538461538462,-5.6,-44.3545576049193));
#14855=CARTESIAN_POINT('Origin',(126.,-5.6,-43.4674374053292));
#14856=CARTESIAN_POINT('',(125.,-5.6,-42.4844097222704));
#14857=CARTESIAN_POINT('',(125.,-5.6,-48.4));
#14858=CARTESIAN_POINT('',(124.669172932331,-5.6,-42.0138988095738));
#14859=CARTESIAN_POINT('Origin',(124.5,-5.6,-42.4844097222704));
#14860=CARTESIAN_POINT('',(121.22056513795,-5.6,-41.2540834883948));
#14861=CARTESIAN_POINT('Origin',(120.,-5.6,-55.));
#14862=CARTESIAN_POINT('',(118.779435408263,-5.6,-41.2540834398939));
#14863=CARTESIAN_POINT('Origin',(120.000000298023,-5.6,-40.0000015646219));
#14864=CARTESIAN_POINT('',(115.330827067669,-5.6,-42.0138988095738));
#14865=CARTESIAN_POINT('Origin',(120.,-5.6,-55.));
#14866=CARTESIAN_POINT('',(115.,-5.6,-42.4844097222704));
#14867=CARTESIAN_POINT('Origin',(115.5,-5.6,-42.4844097222704));
#14868=CARTESIAN_POINT('',(115.,-5.6,-43.4674374053292));
#14869=CARTESIAN_POINT('',(115.,-5.6,-49.3875139198391));
#14870=CARTESIAN_POINT('',(114.461538461538,-5.6,-44.3545576049193));
#14871=CARTESIAN_POINT('Origin',(114.,-5.6,-43.4674374053292));
#14872=CARTESIAN_POINT('',(114.461538461538,-5.6,-65.6454423950807));
#14873=CARTESIAN_POINT('Origin',(120.,-5.6,-55.));
#14874=CARTESIAN_POINT('',(115.,-5.6,-66.5325625946708));
#14875=CARTESIAN_POINT('Origin',(114.,-5.6,-66.5325625946708));
#14876=CARTESIAN_POINT('',(115.,-5.6,-67.5155902777296));
#14877=CARTESIAN_POINT('',(115.,-5.6,-61.6));
#14878=CARTESIAN_POINT('',(115.330827067669,-5.6,-67.9861011904262));
#14879=CARTESIAN_POINT('Origin',(115.5,-5.6,-67.5155902777296));
#14880=CARTESIAN_POINT('',(118.779435408263,-5.6,-68.7459165601061));
#14881=CARTESIAN_POINT('Origin',(120.,-5.6,-55.));
#14882=CARTESIAN_POINT('',(121.22056513795,-5.6,-68.7459165116052));
#14883=CARTESIAN_POINT('Origin',(120.000000298023,-5.6,-69.9999984353781));
#14884=CARTESIAN_POINT('',(124.669172932331,-5.6,-67.9861011904262));
#14885=CARTESIAN_POINT('Origin',(120.,-5.6,-55.));
#14886=CARTESIAN_POINT('',(125.,-5.6,-67.5155902777296));
#14887=CARTESIAN_POINT('Origin',(124.5,-5.6,-67.5155902777296));
#14888=CARTESIAN_POINT('',(125.,-5.6,-66.5325625946708));
#14889=CARTESIAN_POINT('',(125.,-5.6,-60.6124860801609));
#14890=CARTESIAN_POINT('',(125.538461538462,-5.6,-65.6454423950807));
#14891=CARTESIAN_POINT('Origin',(126.,-5.6,-66.5325625946708));
#14892=CARTESIAN_POINT('Origin',(120.,-5.6,-55.));
#14893=CARTESIAN_POINT('',(120.950997512422,-5.6,-60.5));
#14894=CARTESIAN_POINT('',(119.049002487578,-5.6,-60.5));
#14895=CARTESIAN_POINT('',(119.625,-5.6,-60.5));
#14896=CARTESIAN_POINT('',(121.544032252091,-5.6,-66.4303473966853));
#14897=CARTESIAN_POINT('',(120.673017339032,-5.6,-57.7201982660968));
#14898=CARTESIAN_POINT('',(120.847506218944,-5.6,-67.2));
#14899=CARTESIAN_POINT('Origin',(120.847506218944,-5.6,-66.5));
#14900=CARTESIAN_POINT('',(119.152493781056,-5.6,-67.2));
#14901=CARTESIAN_POINT('',(120.7,-5.6,-67.2));
#14902=CARTESIAN_POINT('',(118.455967747909,-5.6,-66.4303473966853));
#14903=CARTESIAN_POINT('Origin',(119.152493781056,-5.6,-66.5));
#14904=CARTESIAN_POINT('',(119.001982660968,-5.6,-60.9701982660968));
#14905=CARTESIAN_POINT('',(119.049002487578,-5.6,-49.5));
#14906=CARTESIAN_POINT('',(120.950147874697,-5.6,-49.5));
#14907=CARTESIAN_POINT('',(120.375,-5.6,-49.5));
#14908=CARTESIAN_POINT('',(118.455967747909,-5.6,-43.5696526033147));
#14909=CARTESIAN_POINT('',(119.326982660968,-5.6,-52.2798017339032));
#14910=CARTESIAN_POINT('',(119.152493781056,-5.6,-42.8));
#14911=CARTESIAN_POINT('Origin',(119.152493781056,-5.6,-43.5));
#14912=CARTESIAN_POINT('',(120.48039983288,-5.6,-42.8));
#14913=CARTESIAN_POINT('',(119.3,-5.6,-42.8));
#14914=CARTESIAN_POINT('',(121.179882653828,-5.6,-43.5269032190957));
#14915=CARTESIAN_POINT('Origin',(120.48039983288,-5.6,-43.5));
#14916=CARTESIAN_POINT('',(120.968685344979,-5.6,-49.018026375968));
#14917=CARTESIAN_POINT('',(115.,-5.6,-57.2000000000001));
#14918=CARTESIAN_POINT('',(125.,-5.6,-57.2000000000001));
#14919=CARTESIAN_POINT('',(123.,-5.6,-57.2000000000001));
#14920=CARTESIAN_POINT('',(113.8,-5.6,-56.0000000000001));
#14921=CARTESIAN_POINT('Origin',(115.,-5.6,-56.0000000000001));
#14922=CARTESIAN_POINT('',(113.8,-5.6,-54.0000000000001));
#14923=CARTESIAN_POINT('',(113.8,-5.6,-56.));
#14924=CARTESIAN_POINT('',(115.,-5.6,-52.8000000000001));
#14925=CARTESIAN_POINT('Origin',(115.,-5.6,-54.0000000000001));
#14926=CARTESIAN_POINT('',(125.,-5.6,-52.8000000000001));
#14927=CARTESIAN_POINT('',(117.,-5.6,-52.8000000000001));
#14928=CARTESIAN_POINT('',(126.2,-5.6,-54.0000000000001));
#14929=CARTESIAN_POINT('Origin',(125.,-5.6,-54.0000000000001));
#14930=CARTESIAN_POINT('',(126.2,-5.6,-56.0000000000001));
#14931=CARTESIAN_POINT('',(126.2,-5.6,-54.0000000000001));
#14932=CARTESIAN_POINT('Origin',(125.,-5.6,-56.0000000000001));
#14933=CARTESIAN_POINT('Origin',(123.81,-5.6,-58.2274045271843));
#14934=CARTESIAN_POINT('',(123.31,-5.3,-58.2274045271843));
#14935=CARTESIAN_POINT('',(123.31,-5.6,-58.2274045271843));
#14936=CARTESIAN_POINT('Origin',(123.81,-5.3,-58.2274045271843));
#14937=CARTESIAN_POINT('Origin',(123.81,-5.3,-58.2274045271843));
#14938=CARTESIAN_POINT('',(123.51,-5.1,-58.2274045271843));
#14939=CARTESIAN_POINT('Origin',(123.81,-5.1,-58.2274045271843));
#14940=CARTESIAN_POINT('Origin',(123.51,-5.3,-58.2274045271843));
#14941=CARTESIAN_POINT('Origin',(123.81,-5.1,-58.2274045271843));
#14942=CARTESIAN_POINT('Origin',(123.81,-5.2,-55.));
#14943=CARTESIAN_POINT('',(123.81,-5.,-54.25));
#14944=CARTESIAN_POINT('Origin',(123.81,-5.,-55.));
#14945=CARTESIAN_POINT('',(123.81,-5.4,-53.85));
#14946=CARTESIAN_POINT('',(123.81,-5.2,-54.05));
#14947=CARTESIAN_POINT('Origin',(123.81,-5.4,-55.));
#14948=CARTESIAN_POINT('Origin',(120.,-5.4,-55.0000000000001));
#14949=CARTESIAN_POINT('',(115.,-5.4,-53.0000000000001));
#14950=CARTESIAN_POINT('',(114.,-5.4,-54.0000000000001));
#14951=CARTESIAN_POINT('Origin',(115.,-5.4,-54.0000000000001));
#14952=CARTESIAN_POINT('',(114.,-5.4,-56.0000000000001));
#14953=CARTESIAN_POINT('',(114.,-5.4,-53.0000000000001));
#14954=CARTESIAN_POINT('',(115.,-5.4,-57.0000000000001));
#14955=CARTESIAN_POINT('Origin',(115.,-5.4,-56.0000000000001));
#14956=CARTESIAN_POINT('',(125.,-5.4,-57.0000000000001));
#14957=CARTESIAN_POINT('',(114.,-5.4,-57.0000000000001));
#14958=CARTESIAN_POINT('',(126.,-5.4,-56.0000000000001));
#14959=CARTESIAN_POINT('Origin',(125.,-5.4,-56.0000000000001));
#14960=CARTESIAN_POINT('',(126.,-5.4,-54.0000000000001));
#14961=CARTESIAN_POINT('',(126.,-5.4,-57.0000000000001));
#14962=CARTESIAN_POINT('',(125.,-5.4,-53.0000000000001));
#14963=CARTESIAN_POINT('Origin',(125.,-5.4,-54.0000000000001));
#14964=CARTESIAN_POINT('',(126.,-5.4,-53.0000000000001));
#14965=CARTESIAN_POINT('',(121.27,-5.4,-53.85));
#14966=CARTESIAN_POINT('Origin',(121.27,-5.4,-55.));
#14967=CARTESIAN_POINT('',(116.19,-5.4,-53.85));
#14968=CARTESIAN_POINT('Origin',(116.19,-5.4,-55.));
#14969=CARTESIAN_POINT('',(118.73,-5.4,-53.85));
#14970=CARTESIAN_POINT('Origin',(118.73,-5.4,-55.));
#14971=CARTESIAN_POINT('Origin',(123.81,2.33177492058957E-15,-55.));
#14972=CARTESIAN_POINT('',(123.81,-4.6,-54.25));
#14973=CARTESIAN_POINT('',(123.81,2.23992641065351E-15,-54.25));
#14974=CARTESIAN_POINT('Origin',(123.81,-4.6,-55.));
#14975=CARTESIAN_POINT('Origin',(121.27,-5.2,-55.));
#14976=CARTESIAN_POINT('',(121.27,-5.,-54.25));
#14977=CARTESIAN_POINT('Origin',(121.27,-5.,-55.));
#14978=CARTESIAN_POINT('',(121.27,-5.2,-54.05));
#14979=CARTESIAN_POINT('Origin',(121.27,2.33177492058956E-15,-55.));
#14980=CARTESIAN_POINT('',(121.27,-4.6,-54.25));
#14981=CARTESIAN_POINT('',(121.27,2.23992641065351E-15,-54.25));
#14982=CARTESIAN_POINT('Origin',(121.27,-4.6,-55.));
#14983=CARTESIAN_POINT('Origin',(118.73,-5.2,-55.));
#14984=CARTESIAN_POINT('',(118.73,-5.,-54.25));
#14985=CARTESIAN_POINT('Origin',(118.73,-5.,-55.));
#14986=CARTESIAN_POINT('',(118.73,-5.2,-54.05));
#14987=CARTESIAN_POINT('Origin',(118.73,2.33177492058957E-15,-55.));
#14988=CARTESIAN_POINT('',(118.73,-4.6,-54.25));
#14989=CARTESIAN_POINT('',(118.73,2.23992641065352E-15,-54.25));
#14990=CARTESIAN_POINT('Origin',(118.73,-4.6,-55.));
#14991=CARTESIAN_POINT('Origin',(116.19,-5.2,-55.));
#14992=CARTESIAN_POINT('',(116.19,-5.,-54.25));
#14993=CARTESIAN_POINT('Origin',(116.19,-5.,-55.));
#14994=CARTESIAN_POINT('',(116.19,-5.2,-54.05));
#14995=CARTESIAN_POINT('Origin',(116.19,2.33177492058956E-15,-55.));
#14996=CARTESIAN_POINT('',(116.19,-4.6,-54.25));
#14997=CARTESIAN_POINT('',(116.19,2.23992641065351E-15,-54.25));
#14998=CARTESIAN_POINT('Origin',(116.19,-4.6,-55.));
#14999=CARTESIAN_POINT('Origin',(123.,-5.5,-57.1000000000001));
#15000=CARTESIAN_POINT('',(115.,-5.4,-57.0000000000001));
#15001=CARTESIAN_POINT('',(125.,-5.6,-57.2000000000001));
#15002=CARTESIAN_POINT('Origin',(115.,-5.5,-56.0000000000001));
#15003=CARTESIAN_POINT('',(114.,-5.4,-56.0000000000001));
#15004=CARTESIAN_POINT('Origin',(113.9,-5.5,-56.));
#15005=CARTESIAN_POINT('',(114.,-5.4,-54.0000000000001));
#15006=CARTESIAN_POINT('Origin',(115.,-5.5,-54.0000000000001));
#15007=CARTESIAN_POINT('',(115.,-5.4,-53.0000000000001));
#15008=CARTESIAN_POINT('Origin',(117.,-5.5,-52.9000000000001));
#15009=CARTESIAN_POINT('',(125.,-5.4,-53.0000000000001));
#15010=CARTESIAN_POINT('Origin',(125.,-5.5,-54.0000000000001));
#15011=CARTESIAN_POINT('',(126.,-5.4,-54.0000000000001));
#15012=CARTESIAN_POINT('Origin',(126.1,-5.5,-54.0000000000001));
#15013=CARTESIAN_POINT('',(126.,-5.4,-56.0000000000001));
#15014=CARTESIAN_POINT('Origin',(125.,-5.5,-56.0000000000001));
#15015=CARTESIAN_POINT('Origin',(120.,-4.6,-55.));
#15016=CARTESIAN_POINT('Origin',(115.000000208616,-4.6,-56.9999982565641));
#15017=CARTESIAN_POINT('Origin',(115.000000208616,2.57670406690972E-15,
-56.9999982565641));
#15018=CARTESIAN_POINT('Origin',(119.426486379989,-5.5,-52.2698513620011));
#15019=CARTESIAN_POINT('',(119.128975348985,-5.4,-48.2897534898521));
#15020=CARTESIAN_POINT('',(119.06605453757,-5.58303257608803,-49.5));
#15021=CARTESIAN_POINT('',(119.082816757453,-5.53427236119135,-49.1775881038554));
#15022=CARTESIAN_POINT('',(118.654975185951,-5.4,-43.5497518595105));
#15023=CARTESIAN_POINT('',(119.52599009901,-5.4,-52.259900990099));
#15024=CARTESIAN_POINT('',(118.654975185951,-5.4,-43.5497518595105));
#15025=CARTESIAN_POINT('',(119.596207705262,-5.05551045772657,-49.5));
#15026=CARTESIAN_POINT('Origin',(119.152493781056,-5.5,-43.5));
#15027=CARTESIAN_POINT('',(119.152493781056,-5.4,-43.));
#15028=CARTESIAN_POINT('Origin',(119.152493781056,-5.4,-43.5));
#15029=CARTESIAN_POINT('',(119.152493781056,-5.4,-43.));
#15030=CARTESIAN_POINT('Origin',(119.3,-5.5,-42.9));
#15031=CARTESIAN_POINT('',(120.48039983288,-5.4,-43.));
#15032=CARTESIAN_POINT('',(120.48039983288,-5.4,-43.));
#15033=CARTESIAN_POINT('',(119.3,-5.4,-43.));
#15034=CARTESIAN_POINT('Origin',(120.48039983288,-5.5,-43.5));
#15035=CARTESIAN_POINT('',(120.980030419272,-5.4,-43.5192165850684));
#15036=CARTESIAN_POINT('Origin',(120.48039983288,-5.4,-43.5));
#15037=CARTESIAN_POINT('',(120.980030419272,-5.4,-43.5192165850684));
#15038=CARTESIAN_POINT('Origin',(120.8687592277,-5.5,-49.0141830589543));
#15039=CARTESIAN_POINT('',(120.933167905522,-5.58303257608802,-49.5));
#15040=CARTESIAN_POINT('',(120.854711730181,-5.50463436630455,-49.5));
#15041=CARTESIAN_POINT('',(120.796548000962,-5.4,-48.2897534898521));
#15042=CARTESIAN_POINT('',(120.768833110422,-5.4,-49.0103397419407));
#15043=CARTESIAN_POINT('',(120.715417770487,-5.29130811406838,-47.5710618861954));
#15044=CARTESIAN_POINT('Origin',(121.000000312924,-5.6,-43.));
#15045=CARTESIAN_POINT('',(120.980030419272,-4.67852412571807,-43.5192165850684));
#15046=CARTESIAN_POINT('',(120.980030419272,-5.6,-43.5192165850684));
#15047=CARTESIAN_POINT('',(120.934586484682,-4.85721537440073,-44.7007574054748));
#15048=CARTESIAN_POINT('Origin',(120.48039983288,-5.6,-43.5));
#15049=CARTESIAN_POINT('',(120.48039983288,-4.6,-43.));
#15050=CARTESIAN_POINT('',(120.48039983288,-5.6,-43.));
#15051=CARTESIAN_POINT('Origin',(120.48039983288,-4.67561789046831,-43.5));
#15052=CARTESIAN_POINT('Origin',(118.6,-5.6,-43.));
#15053=CARTESIAN_POINT('',(119.152493781056,-4.6,-43.));
#15054=CARTESIAN_POINT('',(119.152493781056,-5.6,-43.));
#15055=CARTESIAN_POINT('',(120.,-4.6,-43.));
#15056=CARTESIAN_POINT('Origin',(119.152493781056,-5.6,-43.5));
#15057=CARTESIAN_POINT('',(118.654975185951,-4.68314215179444,-43.5497518595105));
#15058=CARTESIAN_POINT('',(118.654975185951,-5.6,-43.5497518595105));
#15059=CARTESIAN_POINT('Origin',(119.152493781056,-4.67561789046831,-43.5));
#15060=CARTESIAN_POINT('Origin',(119.25,-5.6,-49.5));
#15061=CARTESIAN_POINT('',(119.090050583693,-5.3411318272319,-47.9005058369255));
#15062=CARTESIAN_POINT('Origin',(120.573513620011,-5.5,-57.7301486379989));
#15063=CARTESIAN_POINT('',(120.871024651015,-5.4,-61.7102465101479));
#15064=CARTESIAN_POINT('',(120.93394546243,-5.58303257608803,-60.5));
#15065=CARTESIAN_POINT('',(120.916919686437,-5.53350569349235,-60.827481250065));
#15066=CARTESIAN_POINT('',(121.345024814049,-5.4,-66.4502481404895));
#15067=CARTESIAN_POINT('',(120.47400990099,-5.4,-57.740099009901));
#15068=CARTESIAN_POINT('',(121.345024814049,-5.4,-66.4502481404895));
#15069=CARTESIAN_POINT('',(120.403792294737,-5.05551045772657,-60.5));
#15070=CARTESIAN_POINT('Origin',(120.847506218944,-5.49999999999999,-66.5));
#15071=CARTESIAN_POINT('',(120.847506218944,-5.4,-67.));
#15072=CARTESIAN_POINT('Origin',(120.847506218944,-5.4,-66.5));
#15073=CARTESIAN_POINT('',(120.847506218944,-5.4,-67.));
#15074=CARTESIAN_POINT('Origin',(120.7,-5.49999999999999,-67.1));
#15075=CARTESIAN_POINT('',(119.152493781056,-5.4,-67.));
#15076=CARTESIAN_POINT('',(119.152493781056,-5.4,-67.));
#15077=CARTESIAN_POINT('',(120.7,-5.4,-67.));
#15078=CARTESIAN_POINT('Origin',(119.152493781056,-5.49999999999999,-66.5));
#15079=CARTESIAN_POINT('',(118.654975185951,-5.4,-66.4502481404895));
#15080=CARTESIAN_POINT('Origin',(119.152493781056,-5.4,-66.5));
#15081=CARTESIAN_POINT('',(118.654975185951,-5.4,-66.4502481404895));
#15082=CARTESIAN_POINT('Origin',(119.101486379989,-5.5,-60.9801486379989));
#15083=CARTESIAN_POINT('',(119.06605453757,-5.58303257608803,-60.5));
#15084=CARTESIAN_POINT('',(119.137687804765,-5.51175481117298,-60.5));
#15085=CARTESIAN_POINT('',(119.128975348985,-5.4,-61.7102465101479));
#15086=CARTESIAN_POINT('',(119.20099009901,-5.4,-60.990099009901));
#15087=CARTESIAN_POINT('',(119.165029100201,-5.29512196657663,-62.4037201892855));
#15088=CARTESIAN_POINT('Origin',(118.6,-5.6,-67.));
#15089=CARTESIAN_POINT('',(118.654975185951,-4.68314215179443,-66.4502481404895));
#15090=CARTESIAN_POINT('',(118.654975185951,-5.6,-66.4502481404895));
#15091=CARTESIAN_POINT('',(118.773215663247,-4.86196406101619,-65.2678433675297));
#15092=CARTESIAN_POINT('Origin',(119.152493781056,-5.6,-66.5));
#15093=CARTESIAN_POINT('',(119.152493781056,-4.6,-67.));
#15094=CARTESIAN_POINT('',(119.152493781056,-5.6,-67.));
#15095=CARTESIAN_POINT('Origin',(119.152493781056,-4.67561789046831,-66.5));
#15096=CARTESIAN_POINT('Origin',(121.4,-5.6,-67.));
#15097=CARTESIAN_POINT('',(120.847506218944,-4.6,-67.));
#15098=CARTESIAN_POINT('',(120.847506218944,-5.6,-67.));
#15099=CARTESIAN_POINT('',(120.,-4.6,-67.));
#15100=CARTESIAN_POINT('Origin',(120.847506218944,-5.6,-66.5));
#15101=CARTESIAN_POINT('',(121.345024814049,-4.68314215179444,-66.4502481404895));
#15102=CARTESIAN_POINT('',(121.345024814049,-5.6,-66.4502481404895));
#15103=CARTESIAN_POINT('Origin',(120.847506218944,-4.67561789046831,-66.5));
#15104=CARTESIAN_POINT('Origin',(120.75,-5.6,-60.5));
#15105=CARTESIAN_POINT('',(120.908981243131,-5.34259605149535,-62.0898124313151));
#15106=CARTESIAN_POINT('Origin',(120.,-5.1,-55.));
#15107=CARTESIAN_POINT('',(124.838345864662,-5.1,-41.5433878968772));
#15108=CARTESIAN_POINT('Origin',(124.669172932331,-5.1,-42.0138988095738));
#15109=CARTESIAN_POINT('',(121.264788512514,-5.1,-40.7560430350758));
#15110=CARTESIAN_POINT('Origin',(120.,-5.1,-55.));
#15111=CARTESIAN_POINT('Origin',(121.22056513795,-5.1,-41.2540834883948));
#15112=CARTESIAN_POINT('Ctrl Pts',(124.669172932331,-5.6,-42.0138988095738));
#15113=CARTESIAN_POINT('Ctrl Pts',(125.,-5.6,-42.132848197615));
#15114=CARTESIAN_POINT('Ctrl Pts',(125.,-5.6,-42.4844097222704));
#15115=CARTESIAN_POINT('Ctrl Pts',(124.838345864662,-5.6,-41.5433878968772));
#15116=CARTESIAN_POINT('Ctrl Pts',(125.5,-5.6,-41.7812866729597));
#15117=CARTESIAN_POINT('Ctrl Pts',(125.5,-5.6,-42.4844097222704));
#15118=CARTESIAN_POINT('Ctrl Pts',(124.838345864662,-5.1,-41.5433878968772));
#15119=CARTESIAN_POINT('Ctrl Pts',(125.5,-5.1,-41.7812866729597));
#15120=CARTESIAN_POINT('Ctrl Pts',(125.5,-5.1,-42.4844097222704));
#15121=CARTESIAN_POINT('',(125.5,-5.1,-42.4844097222704));
#15122=CARTESIAN_POINT('Origin',(125.,-5.1,-42.4844097222704));
#15123=CARTESIAN_POINT('Origin',(124.5,-5.1,-42.4844097222704));
#15124=CARTESIAN_POINT('Origin',(126.,-5.1,-43.4674374053292));
#15125=CARTESIAN_POINT('',(125.5,-5.1,-43.4674374053292));
#15126=CARTESIAN_POINT('Origin',(125.,-5.1,-43.4674374053292));
#15127=CARTESIAN_POINT('',(125.769230769231,-5.1,-43.9109975051242));
#15128=CARTESIAN_POINT('Origin',(125.538461538462,-5.1,-44.3545576049193));
#15129=CARTESIAN_POINT('Origin',(126.,-5.1,-43.4674374053292));
#15130=CARTESIAN_POINT('Origin',(120.,-5.1,-55.));
#15131=CARTESIAN_POINT('',(125.769230769231,-5.1,-66.0890024948758));
#15132=CARTESIAN_POINT('Origin',(125.538461538462,-5.1,-65.6454423950807));
#15133=CARTESIAN_POINT('Origin',(120.,-5.1,-55.));
#15134=CARTESIAN_POINT('Origin',(126.,-5.09999999999999,-66.5325625946708));
#15135=CARTESIAN_POINT('',(125.5,-5.09999999999999,-66.5325625946708));
#15136=CARTESIAN_POINT('Origin',(125.,-5.1,-66.5325625946708));
#15137=CARTESIAN_POINT('Origin',(126.,-5.09999999999999,-66.5325625946708));
#15138=CARTESIAN_POINT('Origin',(125.,-5.1,-60.6124860801609));
#15139=CARTESIAN_POINT('',(125.5,-5.09999999999999,-67.5155902777296));
#15140=CARTESIAN_POINT('Origin',(125.,-5.1,-67.5155902777296));
#15141=CARTESIAN_POINT('',(125.5,-5.1,-60.6124860801609));
#15142=CARTESIAN_POINT('Ctrl Pts',(125.,-5.6,-67.5155902777296));
#15143=CARTESIAN_POINT('Ctrl Pts',(125.,-5.6,-67.8671518023849));
#15144=CARTESIAN_POINT('Ctrl Pts',(124.669172932331,-5.6,-67.9861011904262));
#15145=CARTESIAN_POINT('Ctrl Pts',(125.5,-5.6,-67.5155902777296));
#15146=CARTESIAN_POINT('Ctrl Pts',(125.5,-5.6,-68.2187133270403));
#15147=CARTESIAN_POINT('Ctrl Pts',(124.838345864662,-5.6,-68.4566121031228));
#15148=CARTESIAN_POINT('Ctrl Pts',(125.5,-5.1,-67.5155902777296));
#15149=CARTESIAN_POINT('Ctrl Pts',(125.5,-5.1,-68.2187133270403));
#15150=CARTESIAN_POINT('Ctrl Pts',(124.838345864662,-5.1,-68.4566121031228));
#15151=CARTESIAN_POINT('',(124.838345864662,-5.1,-68.4566121031228));
#15152=CARTESIAN_POINT('Origin',(124.669172932331,-5.1,-67.9861011904262));
#15153=CARTESIAN_POINT('Origin',(124.5,-5.1,-67.5155902777296));
#15154=CARTESIAN_POINT('Origin',(120.,-5.1,-55.));
#15155=CARTESIAN_POINT('',(121.264788512514,-5.09999999999999,-69.2439569649242));
#15156=CARTESIAN_POINT('Origin',(121.22056513795,-5.09999999999999,-68.7459165116052));
#15157=CARTESIAN_POINT('Origin',(120.,-5.1,-55.));
#15158=CARTESIAN_POINT('Origin',(125.,-5.1,-48.4));
#15159=CARTESIAN_POINT('',(125.5,-5.1,-48.4));
#15160=CARTESIAN_POINT('Origin',(120.000000298023,-5.09999999999999,-69.9999984353781));
#15161=CARTESIAN_POINT('',(120.871832326543,-5.09999999999999,-69.1042256326832));
#15162=CARTESIAN_POINT('Origin',(121.22056513795,-5.09999999999999,-68.7459165116052));
#15163=CARTESIAN_POINT('',(119.128168233909,-5.09999999999999,-69.1042256673267));
#15164=CARTESIAN_POINT('Origin',(118.779435408263,-5.09999999999999,-68.7459165601061));
#15165=CARTESIAN_POINT('Origin',(120.000000298023,-5.09999999999999,-69.9999984353781));
#15166=CARTESIAN_POINT('Origin',(121.22056513795,-5.09999999999999,-68.7459165116052));
#15167=CARTESIAN_POINT('Origin',(121.22056513795,-5.09999999999999,-68.7459165116052));
#15168=CARTESIAN_POINT('Origin',(120.,-5.1,-55.));
#15169=CARTESIAN_POINT('',(115.161654135338,-5.1,-68.4566121031228));
#15170=CARTESIAN_POINT('Origin',(115.330827067669,-5.1,-67.9861011904262));
#15171=CARTESIAN_POINT('',(118.73521205349,-5.09999999999999,-69.2439570151824));
#15172=CARTESIAN_POINT('Origin',(120.,-5.1,-55.));
#15173=CARTESIAN_POINT('Origin',(118.779435408263,-5.09999999999999,-68.7459165601061));
#15174=CARTESIAN_POINT('Ctrl Pts',(115.330827067669,-5.6,-67.9861011904262));
#15175=CARTESIAN_POINT('Ctrl Pts',(115.,-5.6,-67.867151802385));
#15176=CARTESIAN_POINT('Ctrl Pts',(115.,-5.6,-67.5155902777296));
#15177=CARTESIAN_POINT('Ctrl Pts',(115.161654135338,-5.6,-68.4566121031228));
#15178=CARTESIAN_POINT('Ctrl Pts',(114.5,-5.6,-68.2187133270403));
#15179=CARTESIAN_POINT('Ctrl Pts',(114.5,-5.6,-67.5155902777296));
#15180=CARTESIAN_POINT('Ctrl Pts',(115.161654135338,-5.1,-68.4566121031228));
#15181=CARTESIAN_POINT('Ctrl Pts',(114.5,-5.1,-68.2187133270403));
#15182=CARTESIAN_POINT('Ctrl Pts',(114.5,-5.1,-67.5155902777296));
#15183=CARTESIAN_POINT('',(114.5,-5.1,-67.5155902777296));
#15184=CARTESIAN_POINT('Origin',(115.,-5.1,-67.5155902777296));
#15185=CARTESIAN_POINT('Origin',(115.5,-5.1,-67.5155902777296));
#15186=CARTESIAN_POINT('Origin',(115.,-5.1,-61.6));
#15187=CARTESIAN_POINT('',(114.5,-5.1,-66.5325625946708));
#15188=CARTESIAN_POINT('Origin',(115.,-5.1,-66.5325625946708));
#15189=CARTESIAN_POINT('',(114.5,-5.1,-61.6));
#15190=CARTESIAN_POINT('Origin',(114.,-5.1,-66.5325625946708));
#15191=CARTESIAN_POINT('',(114.230769230769,-5.1,-66.0890024948758));
#15192=CARTESIAN_POINT('Origin',(114.461538461538,-5.1,-65.6454423950807));
#15193=CARTESIAN_POINT('Origin',(114.,-5.1,-66.5325625946708));
#15194=CARTESIAN_POINT('Origin',(120.,-5.1,-55.));
#15195=CARTESIAN_POINT('',(114.230769230769,-5.1,-43.9109975051242));
#15196=CARTESIAN_POINT('Origin',(114.461538461538,-5.1,-44.3545576049193));
#15197=CARTESIAN_POINT('Origin',(120.,-5.1,-55.));
#15198=CARTESIAN_POINT('Origin',(114.,-5.1,-43.4674374053292));
#15199=CARTESIAN_POINT('',(114.5,-5.1,-43.4674374053292));
#15200=CARTESIAN_POINT('Origin',(115.,-5.1,-43.4674374053292));
#15201=CARTESIAN_POINT('Origin',(114.,-5.1,-43.4674374053292));
#15202=CARTESIAN_POINT('Origin',(115.,-5.1,-49.3875139198391));
#15203=CARTESIAN_POINT('',(114.5,-5.1,-42.4844097222704));
#15204=CARTESIAN_POINT('Origin',(115.,-5.1,-42.4844097222704));
#15205=CARTESIAN_POINT('',(114.5,-5.1,-49.3875139198391));
#15206=CARTESIAN_POINT('Ctrl Pts',(115.,-5.6,-42.4844097222704));
#15207=CARTESIAN_POINT('Ctrl Pts',(115.,-5.6,-42.132848197615));
#15208=CARTESIAN_POINT('Ctrl Pts',(115.330827067669,-5.6,-42.0138988095738));
#15209=CARTESIAN_POINT('Ctrl Pts',(114.5,-5.6,-42.4844097222704));
#15210=CARTESIAN_POINT('Ctrl Pts',(114.5,-5.6,-41.7812866729597));
#15211=CARTESIAN_POINT('Ctrl Pts',(115.161654135338,-5.6,-41.5433878968772));
#15212=CARTESIAN_POINT('Ctrl Pts',(114.5,-5.1,-42.4844097222704));
#15213=CARTESIAN_POINT('Ctrl Pts',(114.5,-5.1,-41.7812866729597));
#15214=CARTESIAN_POINT('Ctrl Pts',(115.161654135338,-5.1,-41.5433878968772));
#15215=CARTESIAN_POINT('',(115.161654135338,-5.1,-41.5433878968772));
#15216=CARTESIAN_POINT('Origin',(115.330827067669,-5.1,-42.0138988095738));
#15217=CARTESIAN_POINT('Origin',(115.5,-5.1,-42.4844097222704));
#15218=CARTESIAN_POINT('Origin',(120.,-5.1,-55.));
#15219=CARTESIAN_POINT('',(118.73521205349,-5.1,-40.7560429848176));
#15220=CARTESIAN_POINT('Origin',(118.779435408263,-5.1,-41.2540834398939));
#15221=CARTESIAN_POINT('Origin',(120.,-5.1,-55.));
#15222=CARTESIAN_POINT('Origin',(118.779435408263,-5.09999999999999,-68.7459165601061));
#15223=CARTESIAN_POINT('Origin',(118.779435408263,-5.09999999999999,-68.7459165601061));
#15224=CARTESIAN_POINT('Origin',(120.000000298023,-5.1,-40.0000015646219));
#15225=CARTESIAN_POINT('',(119.128168233909,-5.1,-40.8957743326734));
#15226=CARTESIAN_POINT('Origin',(118.779435408263,-5.1,-41.2540834398939));
#15227=CARTESIAN_POINT('',(120.871832326543,-5.1,-40.8957743673168));
#15228=CARTESIAN_POINT('Origin',(121.22056513795,-5.1,-41.2540834883948));
#15229=CARTESIAN_POINT('Origin',(120.000000298023,-5.1,-40.0000015646219));
#15230=CARTESIAN_POINT('Origin',(118.779435408263,-5.1,-41.2540834398939));
#15231=CARTESIAN_POINT('Origin',(118.779435408263,-5.1,-41.2540834398939));
#15232=CARTESIAN_POINT('Origin',(121.22056513795,-5.1,-41.2540834883948));
#15233=CARTESIAN_POINT('Origin',(121.22056513795,-5.1,-41.2540834883948));
#15234=CARTESIAN_POINT('Origin',(118.779435408263,-5.6,-68.7459165601061));
#15235=CARTESIAN_POINT('',(118.73521205349,-4.09999999999999,-69.2439570151824));
#15236=CARTESIAN_POINT('',(118.73521205349,-5.6,-69.2439570151824));
#15237=CARTESIAN_POINT('',(119.128168233909,-4.09999999999999,-69.1042256673267));
#15238=CARTESIAN_POINT('Origin',(118.779435408263,-4.09999999999999,-68.7459165601061));
#15239=CARTESIAN_POINT('',(119.128168233909,-5.6,-69.1042256673267));
#15240=CARTESIAN_POINT('Origin',(120.,-5.6,-55.));
#15241=CARTESIAN_POINT('',(115.161654135338,-4.1,-68.4566121031228));
#15242=CARTESIAN_POINT('',(115.161654135338,-5.6,-68.4566121031228));
#15243=CARTESIAN_POINT('Origin',(120.,-4.1,-55.));
#15244=CARTESIAN_POINT('Origin',(115.5,-5.6,-67.5155902777296));
#15245=CARTESIAN_POINT('',(114.5,-4.1,-67.5155902777296));
#15246=CARTESIAN_POINT('',(114.5,-5.6,-67.5155902777296));
#15247=CARTESIAN_POINT('Origin',(115.5,-4.1,-67.5155902777296));
#15248=CARTESIAN_POINT('Origin',(114.5,-5.6,-68.2));
#15249=CARTESIAN_POINT('',(114.5,-4.1,-66.5325625946708));
#15250=CARTESIAN_POINT('',(114.5,3.74410650734257E-15,-66.5325625946708));
#15251=CARTESIAN_POINT('',(114.5,-4.1,-68.2));
#15252=CARTESIAN_POINT('Origin',(114.,3.74410650734257E-15,-66.5325625946708));
#15253=CARTESIAN_POINT('',(114.230769230769,-4.1,-66.0890024948758));
#15254=CARTESIAN_POINT('',(114.230769230769,3.68978606169823E-15,-66.0890024948758));
#15255=CARTESIAN_POINT('Origin',(114.,-4.1,-66.5325625946708));
#15256=CARTESIAN_POINT('Origin',(120.,2.33177492058957E-15,-55.));
#15257=CARTESIAN_POINT('',(114.230769230769,-4.1,-43.9109975051242));
#15258=CARTESIAN_POINT('',(114.230769230769,9.73763779480905E-16,-43.9109975051242));
#15259=CARTESIAN_POINT('',(120.,-4.1,-42.5));
#15260=CARTESIAN_POINT('Origin',(120.,-4.1,-55.));
#15261=CARTESIAN_POINT('',(120.,-2.6,-42.5));
#15262=CARTESIAN_POINT('',(120.,8.00966421655374E-16,-42.5));
#15263=CARTESIAN_POINT('Origin',(120.,-2.6,-55.));
#15264=CARTESIAN_POINT('',(125.769230769231,-4.1,-43.9109975051242));
#15265=CARTESIAN_POINT('Origin',(120.,-4.1,-55.));
#15266=CARTESIAN_POINT('',(125.769230769231,9.73763779480906E-16,-43.9109975051242));
#15267=CARTESIAN_POINT('',(125.769230769231,-4.1,-66.0890024948758));
#15268=CARTESIAN_POINT('',(125.769230769231,3.68978606169823E-15,-66.0890024948758));
#15269=CARTESIAN_POINT('Origin',(120.,-4.1,-55.));
#15270=CARTESIAN_POINT('Origin',(114.,9.19443333836556E-16,-43.4674374053292));
#15271=CARTESIAN_POINT('',(114.5,-4.1,-43.4674374053292));
#15272=CARTESIAN_POINT('',(114.5,9.19443333836558E-16,-43.4674374053292));
#15273=CARTESIAN_POINT('Origin',(114.,-4.1,-43.4674374053292));
#15274=CARTESIAN_POINT('Origin',(114.5,-5.6,-43.7750278396782));
#15275=CARTESIAN_POINT('',(114.5,-4.1,-42.4844097222704));
#15276=CARTESIAN_POINT('',(114.5,-5.6,-42.4844097222704));
#15277=CARTESIAN_POINT('',(114.5,-4.1,-41.8));
#15278=CARTESIAN_POINT('Origin',(115.5,-5.6,-42.4844097222704));
#15279=CARTESIAN_POINT('',(115.161654135338,-4.1,-41.5433878968772));
#15280=CARTESIAN_POINT('',(115.161654135338,-5.6,-41.5433878968772));
#15281=CARTESIAN_POINT('Origin',(115.5,-4.1,-42.4844097222704));
#15282=CARTESIAN_POINT('Origin',(120.,-5.6,-55.));
#15283=CARTESIAN_POINT('',(118.73521205349,-4.1,-40.7560429848176));
#15284=CARTESIAN_POINT('',(118.73521205349,-5.6,-40.7560429848176));
#15285=CARTESIAN_POINT('Origin',(120.,-4.1,-55.));
#15286=CARTESIAN_POINT('Origin',(118.779435408263,-5.6,-41.2540834398939));
#15287=CARTESIAN_POINT('',(119.128168233909,-4.1,-40.8957743326734));
#15288=CARTESIAN_POINT('',(119.128168233909,-5.6,-40.8957743326734));
#15289=CARTESIAN_POINT('Origin',(118.779435408263,-4.1,-41.2540834398939));
#15290=CARTESIAN_POINT('Origin',(120.000000298023,-5.6,-40.0000015646219));
#15291=CARTESIAN_POINT('',(120.871832326543,-4.1,-40.8957743673168));
#15292=CARTESIAN_POINT('',(120.871832326543,-5.6,-40.8957743673168));
#15293=CARTESIAN_POINT('Origin',(120.000000298023,-4.1,-40.0000015646219));
#15294=CARTESIAN_POINT('Origin',(126.,9.19443333836558E-16,-43.4674374053292));
#15295=CARTESIAN_POINT('',(125.5,-4.1,-43.4674374053292));
#15296=CARTESIAN_POINT('Origin',(126.,-4.1,-43.4674374053292));
#15297=CARTESIAN_POINT('',(125.5,9.19443333836557E-16,-43.4674374053292));
#15298=CARTESIAN_POINT('Origin',(125.5,-5.6,-41.8));
#15299=CARTESIAN_POINT('',(125.5,-4.1,-42.4844097222704));
#15300=CARTESIAN_POINT('',(125.5,-4.1,-41.8));
#15301=CARTESIAN_POINT('',(125.5,-5.6,-42.4844097222704));
#15302=CARTESIAN_POINT('Origin',(126.,3.74410650734258E-15,-66.5325625946708));
#15303=CARTESIAN_POINT('',(125.5,-4.1,-66.5325625946708));
#15304=CARTESIAN_POINT('',(125.5,3.74410650734258E-15,-66.5325625946708));
#15305=CARTESIAN_POINT('Origin',(126.,-4.1,-66.5325625946708));
#15306=CARTESIAN_POINT('Origin',(121.22056513795,-5.6,-41.2540834883948));
#15307=CARTESIAN_POINT('',(121.264788512514,-4.1,-40.7560430350758));
#15308=CARTESIAN_POINT('',(121.264788512514,-5.6,-40.7560430350758));
#15309=CARTESIAN_POINT('Origin',(121.22056513795,-4.1,-41.2540834883948));
#15310=CARTESIAN_POINT('Origin',(120.,-5.6,-55.));
#15311=CARTESIAN_POINT('',(124.838345864662,-4.1,-41.5433878968772));
#15312=CARTESIAN_POINT('',(124.838345864662,-5.6,-41.5433878968772));
#15313=CARTESIAN_POINT('Origin',(120.,-4.1,-55.));
#15314=CARTESIAN_POINT('Origin',(121.22056513795,-5.6,-68.7459165116052));
#15315=CARTESIAN_POINT('',(120.871832326543,-4.1,-69.1042256326832));
#15316=CARTESIAN_POINT('',(120.871832326543,-5.6,-69.1042256326832));
#15317=CARTESIAN_POINT('',(121.264788512514,-4.1,-69.2439569649242));
#15318=CARTESIAN_POINT('Origin',(121.22056513795,-4.1,-68.7459165116052));
#15319=CARTESIAN_POINT('',(121.264788512514,-5.6,-69.2439569649242));
#15320=CARTESIAN_POINT('Origin',(120.,-5.6,-55.));
#15321=CARTESIAN_POINT('',(124.838345864662,-4.1,-68.4566121031228));
#15322=CARTESIAN_POINT('Origin',(120.,-4.1,-55.));
#15323=CARTESIAN_POINT('',(124.838345864662,-5.6,-68.4566121031228));
#15324=CARTESIAN_POINT('Origin',(120.,-4.1,-67.7446110518273));
#15325=CARTESIAN_POINT('',(125.5,-4.1,-67.5155902777296));
#15326=CARTESIAN_POINT('',(125.5,-4.1,-68.2));
#15327=CARTESIAN_POINT('Origin',(124.5,-4.1,-67.5155902777296));
#15328=CARTESIAN_POINT('Origin',(120.000000298023,-4.09999999999999,-69.9999984353781));
#15329=CARTESIAN_POINT('Origin',(124.5,-5.6,-42.4844097222704));
#15330=CARTESIAN_POINT('Origin',(124.5,-4.1,-42.4844097222704));
#15331=CARTESIAN_POINT('Origin',(124.5,-5.6,-67.5155902777296));
#15332=CARTESIAN_POINT('',(125.5,-5.6,-67.5155902777296));
#15333=CARTESIAN_POINT('Origin',(120.,-2.1,-55.));
#15334=CARTESIAN_POINT('',(120.,-2.6,-38.5));
#15335=CARTESIAN_POINT('Origin',(120.,-2.6,-55.));
#15336=CARTESIAN_POINT('',(120.,-1.6,-37.5));
#15337=CARTESIAN_POINT('',(120.,-2.1,-38.));
#15338=CARTESIAN_POINT('Origin',(120.,-1.6,-55.));
#15339=CARTESIAN_POINT('Origin',(120.,2.33177492058957E-15,-55.));
#15340=CARTESIAN_POINT('',(120.,1.88643022081698E-16,-37.5));
#15341=CARTESIAN_POINT('Origin',(120.,-2.6,-55.));
#15342=CARTESIAN_POINT('Origin',(120.75,-5.6,-49.5));
#15343=CARTESIAN_POINT('',(120.275000078231,-5.58303257608803,-49.5));
#15344=CARTESIAN_POINT('Origin',(119.800000156462,-5.08598986619206,-46.2134582384028));
#15345=CARTESIAN_POINT('Origin',(119.25,-5.6,-60.5));
#15346=CARTESIAN_POINT('',(119.625,-5.58303257608803,-60.5));
#15347=CARTESIAN_POINT('Origin',(120.,-5.08598986619206,-63.7865417615972));
#15348=CARTESIAN_POINT('Origin',(120.,-4.1,-42.2553889481727));
#15349=CARTESIAN_POINT('Origin',(125.5,-5.6,-66.2249721603218));
#15350=CARTESIAN_POINT('Origin',(120.000000298023,-5.6,-69.9999984353781));
#15351=CARTESIAN_POINT('Origin',(8.75,-5.75,-32.25));
#15352=CARTESIAN_POINT('',(9.,-5.5,-41.));
#15353=CARTESIAN_POINT('',(9.,-5.5,-39.));
#15354=CARTESIAN_POINT('',(9.,-5.5,-32.25));
#15355=CARTESIAN_POINT('',(8.5,-6.,-39.));
#15356=CARTESIAN_POINT('',(10.25,-4.25,-39.));
#15357=CARTESIAN_POINT('',(8.5,-6.,-41.5));
#15358=CARTESIAN_POINT('',(8.5,-6.,-32.25));
#15359=CARTESIAN_POINT('',(8.5,-6.,-41.5));
#15360=CARTESIAN_POINT('Origin',(18.25,-5.75,-41.25));
#15361=CARTESIAN_POINT('',(13.0000001937151,-6.,-41.5));
#15362=CARTESIAN_POINT('',(18.25,-6.,-41.5));
#15363=CARTESIAN_POINT('',(13.0000001937151,-5.5,-41.));
#15364=CARTESIAN_POINT('',(13.0000001937151,-5.44999992566746,-40.9499999256675));
#15365=CARTESIAN_POINT('',(18.25,-5.5,-41.));
#15366=CARTESIAN_POINT('Origin',(13.0000001937151,0.,-45.7999997026699));
#15367=CARTESIAN_POINT('',(13.0000001937151,-6.,-45.7999997026699));
#15368=CARTESIAN_POINT('',(13.0000001937151,-6.,-38.9999997026698));
#15369=CARTESIAN_POINT('',(13.0000001937151,3.2,-45.7999997026699));
#15370=CARTESIAN_POINT('',(13.0000001937151,0.,-45.7999997026699));
#15371=CARTESIAN_POINT('',(13.0000001937151,3.2,-38.9999997026698));
#15372=CARTESIAN_POINT('',(13.0000001937151,3.2,-35.2999997770024));
#15373=CARTESIAN_POINT('',(13.0000001937151,1.25,-38.9999997026698));
#15374=CARTESIAN_POINT('',(13.0000001937151,0.,-38.9999997026698));
#15375=CARTESIAN_POINT('',(13.0000001937151,1.25,-41.));
#15376=CARTESIAN_POINT('',(13.0000001937151,1.25,-38.9999997026698));
#15377=CARTESIAN_POINT('',(13.0000001937151,0.,-41.));
#15378=CARTESIAN_POINT('Origin',(23.5,-6.,-23.5));
#15379=CARTESIAN_POINT('',(7.6,-6.,-39.));
#15380=CARTESIAN_POINT('',(39.4,-6.,-39.));
#15381=CARTESIAN_POINT('',(3.20000000000001,-6.,-38.999999967564));
#15382=CARTESIAN_POINT('',(45.,-6.,-38.9999988377094));
#15383=CARTESIAN_POINT('',(2.,-6.,-37.8));
#15384=CARTESIAN_POINT('',(4.10000014528631,-6.,-39.9000000885233));
#15385=CARTESIAN_POINT('',(2.,-6.,-8.));
#15386=CARTESIAN_POINT('',(2.,-6.,-39.));
#15387=CARTESIAN_POINT('',(3.,-6.,-7.));
#15388=CARTESIAN_POINT('',(2.,-6.,-8.));
#15389=CARTESIAN_POINT('',(6.25,-6.,-7.));
#15390=CARTESIAN_POINT('',(3.,-6.,-7.));
#15391=CARTESIAN_POINT('',(7.,-6.,-6.25));
#15392=CARTESIAN_POINT('',(6.25,-6.,-7.));
#15393=CARTESIAN_POINT('',(7.,-6.,-4.));
#15394=CARTESIAN_POINT('',(7.,-6.,-6.25));
#15395=CARTESIAN_POINT('',(9.,-6.,-2.));
#15396=CARTESIAN_POINT('',(9.,-6.,-2.));
#15397=CARTESIAN_POINT('',(9.,-6.,0.));
#15398=CARTESIAN_POINT('',(9.,-6.,-2.));
#15399=CARTESIAN_POINT('',(8.48528137423857,-6.,0.));
#15400=CARTESIAN_POINT('',(0.,-6.,0.));
#15401=CARTESIAN_POINT('',(4.24264068711929,-6.,-1.75735931288072));
#15402=CARTESIAN_POINT('Origin',(8.48528137423857,-6.,-6.));
#15403=CARTESIAN_POINT('',(1.75735931288071,-6.,-4.24264068711929));
#15404=CARTESIAN_POINT('',(2.37867965644036,-6.,-3.62132034355963));
#15405=CARTESIAN_POINT('',(0.,-6.,-8.48528137423857));
#15406=CARTESIAN_POINT('Origin',(5.99999999999999,-6.,-8.48528137423856));
#15407=CARTESIAN_POINT('',(0.,-6.,-38.5147186257614));
#15408=CARTESIAN_POINT('',(0.,-6.,-47.));
#15409=CARTESIAN_POINT('',(1.75735931288072,-6.,-42.7573593128807));
#15410=CARTESIAN_POINT('Origin',(6.,-6.,-38.5147186257614));
#15411=CARTESIAN_POINT('',(4.24264068711928,-6.,-45.2426406871193));
#15412=CARTESIAN_POINT('',(3.62132034355965,-6.,-44.6213203435597));
#15413=CARTESIAN_POINT('',(8.48528137423856,-6.,-47.));
#15414=CARTESIAN_POINT('Origin',(8.48528137423856,-6.,-41.));
#15415=CARTESIAN_POINT('',(38.5147186257614,-6.,-47.));
#15416=CARTESIAN_POINT('',(47.,-6.,-47.));
#15417=CARTESIAN_POINT('',(42.7573593128807,-6.,-45.2426406871193));
#15418=CARTESIAN_POINT('Origin',(38.5147186257614,-6.,-41.));
#15419=CARTESIAN_POINT('',(45.2426406871193,-6.,-42.7573593128807));
#15420=CARTESIAN_POINT('',(44.6213203435596,-6.,-43.3786796564404));
#15421=CARTESIAN_POINT('',(47.,-6.,-38.5147186257614));
#15422=CARTESIAN_POINT('Origin',(41.,-6.,-38.5147186257614));
#15423=CARTESIAN_POINT('',(47.,-6.,-8.48528137423856));
#15424=CARTESIAN_POINT('',(47.,-6.,0.));
#15425=CARTESIAN_POINT('',(45.2426406871193,-6.,-4.24264068711928));
#15426=CARTESIAN_POINT('Origin',(41.,-6.,-8.48528137423856));
#15427=CARTESIAN_POINT('',(42.7573593128807,-6.,-1.75735931288072));
#15428=CARTESIAN_POINT('',(43.3786796564404,-6.,-2.37867965644036));
#15429=CARTESIAN_POINT('',(38.5147186257614,-6.,0.));
#15430=CARTESIAN_POINT('Origin',(38.5147186257614,-6.,-5.99999999999998));
#15431=CARTESIAN_POINT('',(38.,-6.,0.));
#15432=CARTESIAN_POINT('',(0.,-6.,0.));
#15433=CARTESIAN_POINT('',(38.,-6.,-2.));
#15434=CARTESIAN_POINT('',(38.,-6.,-2.));
#15435=CARTESIAN_POINT('',(40.0000002384186,-6.,-3.99999999999999));
#15436=CARTESIAN_POINT('',(38.,-6.,-2.));
#15437=CARTESIAN_POINT('',(40.0000005066395,-6.,-6.25));
#15438=CARTESIAN_POINT('',(40.0000005066395,-6.,-6.25));
#15439=CARTESIAN_POINT('',(40.7500005960464,-6.,-7.));
#15440=CARTESIAN_POINT('',(40.7500005960464,-6.,-7.));
#15441=CARTESIAN_POINT('',(44.,-6.,-7.));
#15442=CARTESIAN_POINT('',(44.,-6.,-7.));
#15443=CARTESIAN_POINT('',(45.,-6.,-8.));
#15444=CARTESIAN_POINT('',(45.,-6.,-8.));
#15445=CARTESIAN_POINT('',(45.,-6.,-37.7999988377094));
#15446=CARTESIAN_POINT('',(45.,-6.,-8.));
#15447=CARTESIAN_POINT('',(43.8,-6.,-38.9999990369592));
#15448=CARTESIAN_POINT('',(42.9000006019005,-6.,-39.8999985844961));
#15449=CARTESIAN_POINT('',(38.5,-6.,-38.9999999169792));
#15450=CARTESIAN_POINT('',(45.,-6.,-38.9999988377094));
#15451=CARTESIAN_POINT('',(38.5000002075519,-6.,-41.5000005396349));
#15452=CARTESIAN_POINT('',(38.4999993565893,-6.,-31.2499993565893));
#15453=CARTESIAN_POINT('',(34.0000005066395,-6.,-41.5000009132283));
#15454=CARTESIAN_POINT('',(30.7500008509629,-6.,-41.5000011830458));
#15455=CARTESIAN_POINT('',(34.0000005066395,-6.,-45.7999991350395));
#15456=CARTESIAN_POINT('',(34.0000005066395,-6.,-38.9999991350395));
#15457=CARTESIAN_POINT('',(13.0000001937151,-6.,-45.7999997026699));
#15458=CARTESIAN_POINT('',(41.7500003744971,-6.,-4.5));
#15459=CARTESIAN_POINT('Origin',(42.5000003744971,-6.,-4.5));
#15460=CARTESIAN_POINT('',(3.75,-6.,-4.5));
#15461=CARTESIAN_POINT('Origin',(4.5,-6.,-4.5));
#15462=CARTESIAN_POINT('',(4.25,-6.,-42.));
#15463=CARTESIAN_POINT('Origin',(5.,-6.,-42.));
#15464=CARTESIAN_POINT('',(41.25,-6.,-42.));
#15465=CARTESIAN_POINT('Origin',(42.,-6.,-42.));
#15466=CARTESIAN_POINT('Origin',(30.7500008302077,-5.75,-41.2500011830458));
#15467=CARTESIAN_POINT('',(38.0000001660415,-5.5,-41.0000005811453));
#15468=CARTESIAN_POINT('',(34.0000005066395,-5.5,-41.0000009132284));
#15469=CARTESIAN_POINT('',(30.7500008094525,-5.5,-41.0000011830458));
#15470=CARTESIAN_POINT('',(34.0000005066395,-3.74999962290716,-39.2500005361355));
#15471=CARTESIAN_POINT('',(38.5000002075519,-6.,-41.5000005396349));
#15472=CARTESIAN_POINT('Origin',(38.2499993565893,-5.75,-31.2499993773445));
#15473=CARTESIAN_POINT('',(38.,-5.5,-39.));
#15474=CARTESIAN_POINT('',(38.5000001608528,-6.00000016085281,-38.9999999169792));
#15475=CARTESIAN_POINT('',(37.9999993565893,-5.5,-31.2499993980997));
#15476=CARTESIAN_POINT('Origin',(45.,0.,-38.9999988377094));
#15477=CARTESIAN_POINT('',(43.8,1.25,-38.9999990369592));
#15478=CARTESIAN_POINT('',(43.8,0.,-38.9999990369592));
#15479=CARTESIAN_POINT('',(39.4,1.25,-38.9999997675419));
#15480=CARTESIAN_POINT('',(45.,1.25,-38.9999988377094));
#15481=CARTESIAN_POINT('',(39.4,4.2,-38.9999997675419));
#15482=CARTESIAN_POINT('',(39.4,0.,-38.9999997675419));
#15483=CARTESIAN_POINT('',(38.,4.2,-39.));
#15484=CARTESIAN_POINT('',(45.,4.2,-38.9999988377094));
#15485=CARTESIAN_POINT('',(38.,1.25,-39.));
#15486=CARTESIAN_POINT('',(38.,0.,-39.));
#15487=CARTESIAN_POINT('',(38.,0.,-39.));
#15488=CARTESIAN_POINT('Origin',(10.,-1.,-12.75));
#15489=CARTESIAN_POINT('',(9.,-2.,-2.));
#15490=CARTESIAN_POINT('',(11.,0.,-2.));
#15491=CARTESIAN_POINT('',(10.,-1.,-2.));
#15492=CARTESIAN_POINT('',(11.,0.,0.));
#15493=CARTESIAN_POINT('',(11.,0.,-12.75));
#15494=CARTESIAN_POINT('',(9.,-2.,0.));
#15495=CARTESIAN_POINT('',(7.75,-3.25,0.));
#15496=CARTESIAN_POINT('',(9.,-2.,-12.75));
#15497=CARTESIAN_POINT('Origin',(9.,0.,-2.));
#15498=CARTESIAN_POINT('',(9.,0.,0.));
#15499=CARTESIAN_POINT('',(9.,0.,-2.));
#15500=CARTESIAN_POINT('Origin',(37.,-1.,-11.75));
#15501=CARTESIAN_POINT('',(38.,-2.,-2.));
#15502=CARTESIAN_POINT('',(36.,0.,-2.));
#15503=CARTESIAN_POINT('',(29.75,6.25,-2.));
#15504=CARTESIAN_POINT('',(38.,-2.,0.));
#15505=CARTESIAN_POINT('',(38.,-2.,-11.75));
#15506=CARTESIAN_POINT('',(36.,0.,0.));
#15507=CARTESIAN_POINT('',(27.5,8.5,0.));
#15508=CARTESIAN_POINT('',(36.,0.,-11.75));
#15509=CARTESIAN_POINT('Origin',(38.,0.,0.));
#15510=CARTESIAN_POINT('',(38.,0.,-2.));
#15511=CARTESIAN_POINT('',(38.,0.,0.));
#15512=CARTESIAN_POINT('Origin',(46.5,0.025,-19.3271067811866));
#15513=CARTESIAN_POINT('',(46.8535533905933,-2.3,-18.9735533905933));
#15514=CARTESIAN_POINT('',(47.,-2.3,-19.3271067811866));
#15515=CARTESIAN_POINT('Origin',(46.5,-2.3,-19.3271067811866));
#15516=CARTESIAN_POINT('',(47.,-1.,-19.3271067811866));
#15517=CARTESIAN_POINT('',(47.,0.025,-19.3271067811866));
#15518=CARTESIAN_POINT('',(46.8535533905933,-1.,-18.9735533905933));
#15519=CARTESIAN_POINT('Origin',(46.5,-1.,-19.3271067811866));
#15520=CARTESIAN_POINT('',(46.8535533905933,0.025,-18.9735533905933));
#15521=CARTESIAN_POINT('Origin',(46.5,-1.,-17.52));
#15522=CARTESIAN_POINT('',(47.,0.807106781186544,-17.52));
#15523=CARTESIAN_POINT('',(46.8535533905933,0.45355339059327,-17.52));
#15524=CARTESIAN_POINT('Origin',(46.5,0.807106781186544,-17.52));
#15525=CARTESIAN_POINT('Origin',(46.8535533905933,-1.,-17.52));
#15526=CARTESIAN_POINT('Origin',(47.,-1.,-17.52));
#15527=CARTESIAN_POINT('Origin',(46.5,0.807106781186539,-2.305));
#15528=CARTESIAN_POINT('',(47.,0.807106781186539,-10.32));
#15529=CARTESIAN_POINT('',(46.8535533905933,0.453553390593271,-10.32));
#15530=CARTESIAN_POINT('Origin',(46.5,0.807106781186539,-10.32));
#15531=CARTESIAN_POINT('',(46.8535533905933,0.453553390593268,-2.305));
#15532=CARTESIAN_POINT('',(47.,0.807106781186539,-2.305));
#15533=CARTESIAN_POINT('Origin',(46.5,-1.,-10.32));
#15534=CARTESIAN_POINT('',(47.,-1.,-8.51289321881346));
#15535=CARTESIAN_POINT('',(46.8535533905933,-1.,-8.86644660940673));
#15536=CARTESIAN_POINT('Origin',(46.5,-1.,-8.51289321881346));
#15537=CARTESIAN_POINT('Origin',(46.8535533905933,-1.,-10.32));
#15538=CARTESIAN_POINT('Origin',(47.,-1.,-10.32));
#15539=CARTESIAN_POINT('Origin',(46.5,-0.85,-8.51289321881346));
#15540=CARTESIAN_POINT('',(47.,-2.3,-8.51289321881346));
#15541=CARTESIAN_POINT('',(46.8535533905933,-2.3,-8.86644660940673));
#15542=CARTESIAN_POINT('Origin',(46.5,-2.3,-8.51289321881346));
#15543=CARTESIAN_POINT('',(46.8535533905933,-0.85,-8.86644660940673));
#15544=CARTESIAN_POINT('',(47.,-0.85,-8.51289321881346));
#15545=CARTESIAN_POINT('Origin',(46.5,-2.3,-10.32));
#15546=CARTESIAN_POINT('',(47.,-4.10710678118655,-10.32));
#15547=CARTESIAN_POINT('',(46.8535533905933,-3.75355339059327,-10.32));
#15548=CARTESIAN_POINT('Origin',(46.5,-4.10710678118655,-10.32));
#15549=CARTESIAN_POINT('Origin',(46.8535533905933,-2.3,-10.32));
#15550=CARTESIAN_POINT('Origin',(47.,-2.3,-10.32));
#15551=CARTESIAN_POINT('Origin',(46.5,-4.10710678118654,-4.655));
#15552=CARTESIAN_POINT('',(47.,-4.10710678118654,-17.52));
#15553=CARTESIAN_POINT('',(46.8535533905933,-3.75355339059327,-17.52));
#15554=CARTESIAN_POINT('Origin',(46.5,-4.10710678118654,-17.52));
#15555=CARTESIAN_POINT('',(46.8535533905933,-3.75355339059327,-4.655));
#15556=CARTESIAN_POINT('',(47.,-4.10710678118654,-4.655));
#15557=CARTESIAN_POINT('Origin',(46.5,-2.3,-17.52));
#15558=CARTESIAN_POINT('Origin',(46.8535533905933,-2.3,-17.52));
#15559=CARTESIAN_POINT('Origin',(47.,-2.3,-17.52));
#15560=CARTESIAN_POINT('Origin',(46.75,-2.3,-10.32));
#15561=CARTESIAN_POINT('',(46.5,-3.4,-10.32));
#15562=CARTESIAN_POINT('',(47.,-3.9,-10.32));
#15563=CARTESIAN_POINT('',(46.5,-2.3,-9.22));
#15564=CARTESIAN_POINT('Origin',(46.5,-2.3,-10.32));
#15565=CARTESIAN_POINT('',(47.,-2.3,-8.72));
#15566=CARTESIAN_POINT('Origin',(46.75,-3.65,-9.31));
#15567=CARTESIAN_POINT('',(46.5,-3.4,-17.52));
#15568=CARTESIAN_POINT('',(46.5,-3.4,-17.52));
#15569=CARTESIAN_POINT('',(46.5,-3.4,-9.31));
#15570=CARTESIAN_POINT('Origin',(46.75,-2.3,-17.52));
#15571=CARTESIAN_POINT('',(46.5,-2.3,-18.62));
#15572=CARTESIAN_POINT('',(47.,-2.3,-19.12));
#15573=CARTESIAN_POINT('Origin',(46.5,-2.3,-17.52));
#15574=CARTESIAN_POINT('Origin',(46.75,0.05,-18.87));
#15575=CARTESIAN_POINT('',(46.5,-1.,-18.62));
#15576=CARTESIAN_POINT('',(47.,-1.,-19.12));
#15577=CARTESIAN_POINT('',(46.5,0.05,-18.62));
#15578=CARTESIAN_POINT('Origin',(47.,0.,0.));
#15579=CARTESIAN_POINT('',(47.,3.27294901687516,-38.5147186257614));
#15580=CARTESIAN_POINT('',(47.,0.,-38.5147186257614));
#15581=CARTESIAN_POINT('',(47.,3.27294901687516,-8.48528137423856));
#15582=CARTESIAN_POINT('',(47.,3.27294901687516,-5.875));
#15583=CARTESIAN_POINT('',(47.,0.,-8.48528137423856));
#15584=CARTESIAN_POINT('',(47.,-0.100252118645338,-34.5000004321337));
#15585=CARTESIAN_POINT('',(47.,-0.100252118645338,-23.5000004321337));
#15586=CARTESIAN_POINT('',(47.,-0.100252118645338,-6.00000010803342));
#15587=CARTESIAN_POINT('',(47.,-2.4,-36.7997483134883));
#15588=CARTESIAN_POINT('Origin',(47.,-2.4,-34.5000004321337));
#15589=CARTESIAN_POINT('',(47.,-3.7,-36.7997483134884));
#15590=CARTESIAN_POINT('',(47.,-0.475,-36.7997483134883));
#15591=CARTESIAN_POINT('',(47.,-5.99974788135466,-34.5000004321337));
#15592=CARTESIAN_POINT('Origin',(47.,-3.7,-34.5000004321337));
#15593=CARTESIAN_POINT('',(47.,-5.99974788135467,-23.5000004321337));
#15594=CARTESIAN_POINT('',(47.,-5.99974788135466,-8.50000010803342));
#15595=CARTESIAN_POINT('',(47.,-3.7,-21.200252550779));
#15596=CARTESIAN_POINT('Origin',(47.,-3.7,-23.5000004321337));
#15597=CARTESIAN_POINT('',(47.,-2.4,-21.200252550779));
#15598=CARTESIAN_POINT('',(47.,-1.05,-21.200252550779));
#15599=CARTESIAN_POINT('Origin',(47.,-2.4,-23.5000004321337));
#15600=CARTESIAN_POINT('Origin',(41.,-1.9,-29.0000004321337));
#15601=CARTESIAN_POINT('',(46.059890564708,-1.9,-34.8702651172376));
#15602=CARTESIAN_POINT('',(45.8785323632986,-2.4,-35.0218292224803));
#15603=CARTESIAN_POINT('Ctrl Pts',(46.0598905647079,-1.90000000000008,-34.8702651172377));
#15604=CARTESIAN_POINT('Ctrl Pts',(46.0271537768996,-1.95620346489357,-34.898482680267));
#15605=CARTESIAN_POINT('Ctrl Pts',(45.9958893499791,-2.00966889447229,-34.9249451901259));
#15606=CARTESIAN_POINT('Ctrl Pts',(45.9386790079739,-2.12524221981946,-34.9727172757994));
#15607=CARTESIAN_POINT('Ctrl Pts',(45.9131174870547,-2.18702582931768,-34.9936816543942));
#15608=CARTESIAN_POINT('Ctrl Pts',(45.8919875339205,-2.27277037079951,-35.0109070246908));
#15609=CARTESIAN_POINT('Ctrl Pts',(45.8879531378917,-2.29297684629952,-35.0141861039728));
#15610=CARTESIAN_POINT('Ctrl Pts',(45.8824346934748,-2.33044589373817,-35.0186665457327));
#15611=CARTESIAN_POINT('Ctrl Pts',(45.8806442279525,-2.34749170402373,-35.0201178492741));
#15612=CARTESIAN_POINT('Ctrl Pts',(45.8788907420284,-2.37643585368858,-35.0215389372024));
#15613=CARTESIAN_POINT('Ctrl Pts',(45.8785323632986,-2.38820620288383,-35.0218292224803));
#15614=CARTESIAN_POINT('Ctrl Pts',(45.8785323632986,-2.4,-35.0218292224803));
#15615=CARTESIAN_POINT('',(45.,-1.9,-35.6379594558096));
#15616=CARTESIAN_POINT('Origin',(41.,-1.9,-29.0000004321337));
#15617=CARTESIAN_POINT('',(45.,-4.2,-35.6379594558096));
#15618=CARTESIAN_POINT('',(45.,-1.9,-35.6379594558096));
#15619=CARTESIAN_POINT('',(46.059890564708,-4.2,-34.8702651172376));
#15620=CARTESIAN_POINT('Origin',(41.,-4.2,-29.0000004321337));
#15621=CARTESIAN_POINT('',(45.8785323632986,-3.7,-35.0218292224803));
#15622=CARTESIAN_POINT('Ctrl Pts',(45.8785323632986,-3.7,-35.0218292224803));
#15623=CARTESIAN_POINT('Ctrl Pts',(45.8785323632986,-3.70974924003169,-35.0218292224803));
#15624=CARTESIAN_POINT('Ctrl Pts',(45.8787772507815,-3.71948518771897,-35.0216308534807));
#15625=CARTESIAN_POINT('Ctrl Pts',(45.8798624931494,-3.74113448433834,-35.0207514350798));
#15626=CARTESIAN_POINT('Ctrl Pts',(45.8808224215792,-3.75300188383864,-35.0199734666039));
#15627=CARTESIAN_POINT('Ctrl Pts',(45.8852182115405,-3.79267159171904,-35.016407899136));
#15628=CARTESIAN_POINT('Ctrl Pts',(45.8902100876767,-3.81994938010997,-35.012355843033));
#15629=CARTESIAN_POINT('Ctrl Pts',(45.9295860980848,-3.98013579266388,-34.9802571265382));
#15630=CARTESIAN_POINT('Ctrl Pts',(46.0007748656288,-4.09850845668487,-34.9212200543729));
#15631=CARTESIAN_POINT('Ctrl Pts',(46.059890564708,-4.20000000000003,-34.8702651172377));
#15632=CARTESIAN_POINT('',(45.8785323632986,-1.9,-35.0218292224803));
#15633=CARTESIAN_POINT('Origin',(41.,-1.9,-29.0000004321337));
#15634=CARTESIAN_POINT('',(45.8785323632986,-2.4,-22.978171641787));
#15635=CARTESIAN_POINT('',(46.059890564708,-1.9,-23.1297357470297));
#15636=CARTESIAN_POINT('Ctrl Pts',(45.8785323632986,-2.4,-22.978171641787));
#15637=CARTESIAN_POINT('Ctrl Pts',(45.8785323632986,-2.39025075996864,-22.978171641787));
#15638=CARTESIAN_POINT('Ctrl Pts',(45.8787772507815,-2.38051481228168,-22.9783700107866));
#15639=CARTESIAN_POINT('Ctrl Pts',(45.8798624931494,-2.3588655156613,-22.9792494291875));
#15640=CARTESIAN_POINT('Ctrl Pts',(45.8808224215792,-2.34699811616124,-22.9800273976635));
#15641=CARTESIAN_POINT('Ctrl Pts',(45.8852182115405,-2.30732840828095,-22.9835929651314));
#15642=CARTESIAN_POINT('Ctrl Pts',(45.8902100876767,-2.28005061989,-22.9876450212344));
#15643=CARTESIAN_POINT('Ctrl Pts',(45.9295860980847,-2.11986420733619,-23.0197437377291));
#15644=CARTESIAN_POINT('Ctrl Pts',(46.0007748656288,-2.00149154331523,-23.0787808098944));
#15645=CARTESIAN_POINT('Ctrl Pts',(46.059890564708,-1.89999999999996,-23.1297357470297));
#15646=CARTESIAN_POINT('',(45.8785323632986,-3.7,-22.978171641787));
#15647=CARTESIAN_POINT('',(45.8785323632986,-1.9,-22.978171641787));
#15648=CARTESIAN_POINT('',(46.059890564708,-4.2,-23.1297357470297));
#15649=CARTESIAN_POINT('Ctrl Pts',(46.059890564708,-4.19999999999995,-23.1297357470296));
#15650=CARTESIAN_POINT('Ctrl Pts',(46.0271537769,-4.14379653510707,-23.1015181840007));
#15651=CARTESIAN_POINT('Ctrl Pts',(45.9958893499791,-4.09033110552772,-23.0750556741415));
#15652=CARTESIAN_POINT('Ctrl Pts',(45.9386790079739,-3.97475778018054,-23.0272835884679));
#15653=CARTESIAN_POINT('Ctrl Pts',(45.9131174870547,-3.91297417068232,-23.0063192098732));
#15654=CARTESIAN_POINT('Ctrl Pts',(45.8919875339205,-3.82722962920049,-22.9890938395765));
#15655=CARTESIAN_POINT('Ctrl Pts',(45.8879531378917,-3.80702315370048,-22.9858147602945));
#15656=CARTESIAN_POINT('Ctrl Pts',(45.8824346934748,-3.76955410626183,-22.9813343185346));
#15657=CARTESIAN_POINT('Ctrl Pts',(45.8806442279525,-3.75250829597627,-22.9798830149933));
#15658=CARTESIAN_POINT('Ctrl Pts',(45.8788907420284,-3.72356414631142,-22.9784619270649));
#15659=CARTESIAN_POINT('Ctrl Pts',(45.8785323632986,-3.71179379711617,-22.978171641787));
#15660=CARTESIAN_POINT('Ctrl Pts',(45.8785323632986,-3.7,-22.978171641787));
#15661=CARTESIAN_POINT('',(45.,-4.2,-22.3620414084578));
#15662=CARTESIAN_POINT('Origin',(41.,-4.2,-29.0000004321337));
#15663=CARTESIAN_POINT('',(45.,-1.9,-22.3620414084578));
#15664=CARTESIAN_POINT('',(45.,-1.9,-22.3620414084578));
#15665=CARTESIAN_POINT('Origin',(41.,-1.9,-29.0000004321337));
#15666=CARTESIAN_POINT('Origin',(45.732408120756,-2.4,-23.5000004321337));
#15667=CARTESIAN_POINT('',(45.732408120756,-1.9,-23.5000004321337));
#15668=CARTESIAN_POINT('Ctrl Pts',(46.059890564708,-1.9,-23.1297357470297));
#15669=CARTESIAN_POINT('Ctrl Pts',(45.9676049632078,-1.9,-23.2641430732104));
#15670=CARTESIAN_POINT('Ctrl Pts',(45.8414664971518,-1.9,-23.3909420557378));
#15671=CARTESIAN_POINT('Ctrl Pts',(45.732408120756,-1.9,-23.5000004321337));
#15672=CARTESIAN_POINT('',(46.1484332679249,-1.67735009811261,-23.5000004321337));
#15673=CARTESIAN_POINT('Origin',(45.732408120756,-1.4,-23.5000004321337));
#15674=CARTESIAN_POINT('',(46.1484332679249,-2.4,-22.7773505302463));
#15675=CARTESIAN_POINT('Origin',(46.1484332679249,-2.4,-23.5000004321337));
#15676=CARTESIAN_POINT('Origin',(45.732408120756,-2.4,-22.5000004321337));
#15677=CARTESIAN_POINT('Origin',(45.732408120756,-1.425,-35.5000004321337));
#15678=CARTESIAN_POINT('',(46.1484332679249,-3.7,-35.2226503340211));
#15679=CARTESIAN_POINT('Origin',(45.732408120756,-3.7,-35.5000004321337));
#15680=CARTESIAN_POINT('',(46.1484332679249,-2.4,-35.2226503340211));
#15681=CARTESIAN_POINT('',(46.1484332679249,-1.425,-35.2226503340211));
#15682=CARTESIAN_POINT('Origin',(45.732408120756,-2.4,-35.5000004321337));
#15683=CARTESIAN_POINT('Origin',(45.732408120756,-3.7,-34.5000004321337));
#15684=CARTESIAN_POINT('',(45.732408120756,-4.2,-34.5000004321337));
#15685=CARTESIAN_POINT('Ctrl Pts',(46.059890564708,-4.2,-34.8702651172377));
#15686=CARTESIAN_POINT('Ctrl Pts',(45.9676049632078,-4.2,-34.735857791057));
#15687=CARTESIAN_POINT('Ctrl Pts',(45.8414664971518,-4.2,-34.6090588085295));
#15688=CARTESIAN_POINT('Ctrl Pts',(45.732408120756,-4.2,-34.5000004321337));
#15689=CARTESIAN_POINT('',(46.1484332679249,-4.42264990188739,-34.5000004321337));
#15690=CARTESIAN_POINT('Origin',(45.732408120756,-4.7,-34.5000004321337));
#15691=CARTESIAN_POINT('Origin',(46.1484332679249,-3.7,-34.5000004321337));
#15692=CARTESIAN_POINT('Origin',(47.,-1.9,-24.0000004321337));
#15693=CARTESIAN_POINT('',(45.,-1.9,-18.5000002160668));
#15694=CARTESIAN_POINT('',(45.732408120756,-1.9,-34.5000004321337));
#15695=CARTESIAN_POINT('Ctrl Pts',(45.732408120756,-1.9,-34.5000004321337));
#15696=CARTESIAN_POINT('Ctrl Pts',(45.8414664971518,-1.9,-34.6090588085295));
#15697=CARTESIAN_POINT('Ctrl Pts',(45.9676049632078,-1.9,-34.735857791057));
#15698=CARTESIAN_POINT('Ctrl Pts',(46.059890564708,-1.9,-34.8702651172377));
#15699=CARTESIAN_POINT('',(45.732408120756,-1.9,-18.0000003241003));
#15700=CARTESIAN_POINT('Origin',(45.,0.,-8.));
#15701=CARTESIAN_POINT('',(45.,1.25,-37.7999988377094));
#15702=CARTESIAN_POINT('',(45.,0.,-37.7999988377094));
#15703=CARTESIAN_POINT('',(45.,1.25,-8.));
#15704=CARTESIAN_POINT('',(45.,0.,-8.));
#15705=CARTESIAN_POINT('',(45.,1.25,-9.));
#15706=CARTESIAN_POINT('',(45.,1.25,-8.));
#15707=CARTESIAN_POINT('',(45.,2.25,-9.));
#15708=CARTESIAN_POINT('',(45.,0.,-9.));
#15709=CARTESIAN_POINT('',(45.,2.25,-19.));
#15710=CARTESIAN_POINT('',(45.,2.25,-19.));
#15711=CARTESIAN_POINT('',(45.,1.25,-19.));
#15712=CARTESIAN_POINT('',(45.,0.,-19.));
#15713=CARTESIAN_POINT('',(45.,1.25,-8.));
#15714=CARTESIAN_POINT('',(45.,-2.3,-19.12));
#15715=CARTESIAN_POINT('',(45.,-3.9,-17.52));
#15716=CARTESIAN_POINT('Origin',(45.,-2.3,-17.52));
#15717=CARTESIAN_POINT('',(45.,-1.,-19.12));
#15718=CARTESIAN_POINT('',(45.,0.05,-19.12));
#15719=CARTESIAN_POINT('',(45.,0.6,-17.52));
#15720=CARTESIAN_POINT('Origin',(45.,-1.,-17.52));
#15721=CARTESIAN_POINT('',(45.,0.6,-10.32));
#15722=CARTESIAN_POINT('',(45.,0.6,-8.61));
#15723=CARTESIAN_POINT('',(45.,-1.,-8.72));
#15724=CARTESIAN_POINT('Origin',(45.,-1.,-10.32));
#15725=CARTESIAN_POINT('',(45.,-2.3,-8.72));
#15726=CARTESIAN_POINT('',(45.,-1.7,-8.72));
#15727=CARTESIAN_POINT('',(45.,-3.9,-10.32));
#15728=CARTESIAN_POINT('Origin',(45.,-2.3,-10.32));
#15729=CARTESIAN_POINT('',(45.,-3.9,-13.31));
#15730=CARTESIAN_POINT('',(45.,-4.2,-18.5000002160668));
#15731=CARTESIAN_POINT('Origin',(45.732408120756,-3.7,-23.5000004321337));
#15732=CARTESIAN_POINT('',(46.1484332679249,-3.7,-22.7773505302463));
#15733=CARTESIAN_POINT('Origin',(45.732408120756,-3.7,-22.5000004321337));
#15734=CARTESIAN_POINT('',(46.1484332679249,-4.42264990188739,-23.5000004321337));
#15735=CARTESIAN_POINT('Origin',(46.1484332679249,-3.7,-23.5000004321337));
#15736=CARTESIAN_POINT('',(45.732408120756,-4.2,-23.5000004321337));
#15737=CARTESIAN_POINT('Origin',(45.732408120756,-4.7,-23.5000004321337));
#15738=CARTESIAN_POINT('Ctrl Pts',(45.732408120756,-4.2,-23.5000004321337));
#15739=CARTESIAN_POINT('Ctrl Pts',(45.8414664971518,-4.2,-23.3909420557378));
#15740=CARTESIAN_POINT('Ctrl Pts',(45.9676049632078,-4.2,-23.2641430732104));
#15741=CARTESIAN_POINT('Ctrl Pts',(46.059890564708,-4.2,-23.1297357470297));
#15742=CARTESIAN_POINT('Origin',(45.732408120756,-3.15,-22.5000004321337));
#15743=CARTESIAN_POINT('',(46.1484332679249,-3.15,-22.7773505302463));
#15744=CARTESIAN_POINT('Origin',(45.732408120756,-1.4,-18.0000003241003));
#15745=CARTESIAN_POINT('',(46.1484332679249,-1.67735009811261,-34.5000004321337));
#15746=CARTESIAN_POINT('Origin',(45.732408120756,-1.4,-34.5000004321337));
#15747=CARTESIAN_POINT('',(46.1484332679249,-1.67735009811261,-18.0000003241003));
#15748=CARTESIAN_POINT('Origin',(45.732408120756,-2.4,-34.5000004321337));
#15749=CARTESIAN_POINT('Origin',(46.1484332679249,-2.4,-34.5000004321337));
#15750=CARTESIAN_POINT('Origin',(45.732408120756,-4.7,-25.5000003241003));
#15751=CARTESIAN_POINT('',(45.732408120756,-4.2,-25.5000003241003));
#15752=CARTESIAN_POINT('',(46.1484332679249,-4.42264990188739,-25.5000003241003));
#15753=CARTESIAN_POINT('Origin',(46.5,-0.95,-35.7500004321337));
#15754=CARTESIAN_POINT('',(46.8337297913945,-3.7,-36.2505951192254));
#15755=CARTESIAN_POINT('',(47.,-3.7,-36.5000004321337));
#15756=CARTESIAN_POINT('',(46.8337297913945,-2.4,-36.2505951192254));
#15757=CARTESIAN_POINT('',(46.8337297913945,-0.475,-36.2505951192254));
#15758=CARTESIAN_POINT('',(47.,-2.4,-36.5000004321337));
#15759=CARTESIAN_POINT('Origin',(46.5,-3.7,-34.5000004321337));
#15760=CARTESIAN_POINT('',(46.8337297913945,-5.45059468709169,-34.5000004321337));
#15761=CARTESIAN_POINT('',(46.,-4.2,-34.5000004321337));
#15762=CARTESIAN_POINT('Origin',(46.8337297913945,-3.7,-34.5000004321337));
#15763=CARTESIAN_POINT('Origin',(46.5,-4.95,-17.0000002160668));
#15764=CARTESIAN_POINT('',(46.8337297913945,-5.45059468709169,-23.5000004321337));
#15765=CARTESIAN_POINT('',(46.,-4.2,-23.5000004321337));
#15766=CARTESIAN_POINT('',(46.8337297913945,-5.45059468709169,-8.50000010803342));
#15767=CARTESIAN_POINT('Origin',(46.5,-3.7,-23.5000004321337));
#15768=CARTESIAN_POINT('',(46.8337297913945,-3.7,-21.749405745042));
#15769=CARTESIAN_POINT('',(46.,-3.7,-23.0000004321337));
#15770=CARTESIAN_POINT('Origin',(46.8337297913945,-3.7,-23.5000004321337));
#15771=CARTESIAN_POINT('Origin',(46.01,-0.100252118645338,-6.00000010803342));
#15772=CARTESIAN_POINT('',(46.8337297913945,-0.649405312908311,-34.5000004321337));
#15773=CARTESIAN_POINT('Origin',(46.01,-0.100252118645338,-34.5000004321337));
#15774=CARTESIAN_POINT('',(46.8337297913945,-0.64940531290831,-23.5000004321337));
#15775=CARTESIAN_POINT('Origin',(46.01,-0.100252118645338,-23.5000004321337));
#15776=CARTESIAN_POINT('',(46.8337297913945,-0.649405312908311,-6.00000010803342));
#15777=CARTESIAN_POINT('Origin',(46.01,-2.4,-23.5000004321337));
#15778=CARTESIAN_POINT('',(46.8337297913945,-2.4,-21.749405745042));
#15779=CARTESIAN_POINT('Origin',(46.01,-2.4,-21.200252550779));
#15780=CARTESIAN_POINT('Origin',(46.8337297913945,-2.4,-23.5000004321337));
#15781=CARTESIAN_POINT('Origin',(46.01,-1.05,-21.200252550779));
#15782=CARTESIAN_POINT('Origin',(46.01,-3.7,-21.200252550779));
#15783=CARTESIAN_POINT('',(46.8337297913945,-1.05,-21.749405745042));
#15784=CARTESIAN_POINT('Origin',(46.01,-3.7,-23.5000004321337));
#15785=CARTESIAN_POINT('Origin',(46.01,-5.99974788135467,-23.5000004321337));
#15786=CARTESIAN_POINT('Origin',(46.01,-5.99974788135466,-8.50000010803342));
#15787=CARTESIAN_POINT('Origin',(46.01,-5.99974788135466,-34.5000004321337));
#15788=CARTESIAN_POINT('Origin',(46.01,-3.7,-34.5000004321337));
#15789=CARTESIAN_POINT('Origin',(46.01,-3.7,-36.7997483134884));
#15790=CARTESIAN_POINT('Origin',(46.01,-0.475,-36.7997483134883));
#15791=CARTESIAN_POINT('Origin',(46.01,-2.4,-36.7997483134883));
#15792=CARTESIAN_POINT('Origin',(46.01,-2.4,-34.5000004321337));
#15793=CARTESIAN_POINT('Origin',(46.8337297913945,-2.4,-34.5000004321337));
#15794=CARTESIAN_POINT('Origin',(46.5,-2.4,-34.5000004321337));
#15795=CARTESIAN_POINT('',(47.,-0.400000000000002,-34.5000004321337));
#15796=CARTESIAN_POINT('Origin',(46.5,-1.15,-12.0000002160668));
#15797=CARTESIAN_POINT('',(47.,-0.4,-23.5000004321337));
#15798=CARTESIAN_POINT('Origin',(46.5,-2.1,-22.2500004321337));
#15799=CARTESIAN_POINT('',(46.,-2.4,-23.0000004321337));
#15800=CARTESIAN_POINT('Origin',(46.5,-2.4,-23.5000004321337));
#15801=CARTESIAN_POINT('Origin',(47.,-4.2,-34.0000004321337));
#15802=CARTESIAN_POINT('Origin',(45.25,-2.3,-17.52));
#15803=CARTESIAN_POINT('',(45.5,-3.4,-17.52));
#15804=CARTESIAN_POINT('',(45.,-3.9,-17.52));
#15805=CARTESIAN_POINT('',(45.5,-2.3,-18.62));
#15806=CARTESIAN_POINT('Origin',(45.5,-2.3,-17.52));
#15807=CARTESIAN_POINT('',(45.5,-2.3,-18.62));
#15808=CARTESIAN_POINT('Origin',(45.25,-3.65,-13.31));
#15809=CARTESIAN_POINT('',(45.5,-3.4,-10.32));
#15810=CARTESIAN_POINT('',(45.,-3.9,-10.32));
#15811=CARTESIAN_POINT('',(45.5,-3.4,-13.31));
#15812=CARTESIAN_POINT('Origin',(45.25,-2.3,-10.32));
#15813=CARTESIAN_POINT('',(45.5,-2.3,-9.22));
#15814=CARTESIAN_POINT('',(45.,-2.3,-8.72));
#15815=CARTESIAN_POINT('Origin',(45.5,-2.3,-10.32));
#15816=CARTESIAN_POINT('Origin',(45.25,-1.7,-8.97));
#15817=CARTESIAN_POINT('',(45.5,-1.,-9.22));
#15818=CARTESIAN_POINT('',(45.,-1.,-8.72));
#15819=CARTESIAN_POINT('',(45.5,-1.7,-9.22));
#15820=CARTESIAN_POINT('Origin',(45.25,-1.,-10.32));
#15821=CARTESIAN_POINT('',(45.5,0.1,-10.32));
#15822=CARTESIAN_POINT('',(45.,0.6,-10.32));
#15823=CARTESIAN_POINT('Origin',(45.5,-1.,-10.32));
#15824=CARTESIAN_POINT('Origin',(45.25,0.35,-8.61));
#15825=CARTESIAN_POINT('',(45.5,0.1,-17.52));
#15826=CARTESIAN_POINT('',(45.,0.6,-17.52));
#15827=CARTESIAN_POINT('',(45.5,0.1,-8.61));
#15828=CARTESIAN_POINT('Origin',(45.25,-1.,-17.52));
#15829=CARTESIAN_POINT('',(45.5,-1.,-18.62));
#15830=CARTESIAN_POINT('',(45.,-1.,-19.12));
#15831=CARTESIAN_POINT('Origin',(45.5,-1.,-17.52));
#15832=CARTESIAN_POINT('Origin',(45.25,0.05,-18.87));
#15833=CARTESIAN_POINT('',(45.5,0.05,-18.62));
#15834=CARTESIAN_POINT('Origin',(47.,0.1,-9.22));
#15835=CARTESIAN_POINT('',(46.5,0.1,-17.52));
#15836=CARTESIAN_POINT('',(47.,0.1,-17.52));
#15837=CARTESIAN_POINT('',(46.5,0.1,-10.32));
#15838=CARTESIAN_POINT('',(46.5,0.1,-4.61));
#15839=CARTESIAN_POINT('',(47.,0.1,-10.32));
#15840=CARTESIAN_POINT('Origin',(47.,-1.,-17.52));
#15841=CARTESIAN_POINT('',(47.,-1.,-18.62));
#15842=CARTESIAN_POINT('Origin',(46.5,-1.,-17.52));
#15843=CARTESIAN_POINT('Origin',(47.,0.1,-18.62));
#15844=CARTESIAN_POINT('',(47.,-2.3,-18.62));
#15845=CARTESIAN_POINT('Origin',(47.,-2.3,-17.52));
#15846=CARTESIAN_POINT('',(47.,-3.4,-17.52));
#15847=CARTESIAN_POINT('Origin',(0.499999999999999,-0.075,-21.9928932188135));
#15848=CARTESIAN_POINT('',(0.146446609406726,-1.7,-22.3464466094067));
#15849=CARTESIAN_POINT('',(0.,-1.7,-21.9928932188135));
#15850=CARTESIAN_POINT('Origin',(0.499999999999999,-1.7,-21.9928932188135));
#15851=CARTESIAN_POINT('',(0.,-0.8,-21.9928932188135));
#15852=CARTESIAN_POINT('',(0.,-0.075,-21.9928932188135));
#15853=CARTESIAN_POINT('',(0.146446609406728,-0.8,-22.3464466094067));
#15854=CARTESIAN_POINT('Origin',(0.499999999999999,-0.8,-21.9928932188135));
#15855=CARTESIAN_POINT('',(0.146446609406727,-0.075,-22.3464466094067));
#15856=CARTESIAN_POINT('Origin',(0.5,-0.8,-23.2));
#15857=CARTESIAN_POINT('',(0.,0.407106781186547,-23.2));
#15858=CARTESIAN_POINT('',(0.146446609406726,0.053553390593274,-23.2));
#15859=CARTESIAN_POINT('Origin',(0.5,0.407106781186547,-23.2));
#15860=CARTESIAN_POINT('Origin',(0.146446609406727,-0.8,-23.2));
#15861=CARTESIAN_POINT('Origin',(0.,-0.8,-23.2));
#15862=CARTESIAN_POINT('Origin',(0.5,0.407106781186547,-43.95));
#15863=CARTESIAN_POINT('',(0.,0.407106781186547,-34.3));
#15864=CARTESIAN_POINT('',(0.146446609406726,0.0535533905932736,-34.3));
#15865=CARTESIAN_POINT('Origin',(0.5,0.407106781186547,-34.3));
#15866=CARTESIAN_POINT('',(0.146446609406726,0.0535533905932738,-43.95));
#15867=CARTESIAN_POINT('',(0.,0.407106781186547,-43.95));
#15868=CARTESIAN_POINT('Origin',(0.5,-0.8,-34.3));
#15869=CARTESIAN_POINT('',(0.,-0.800000000000001,-35.5071067811866));
#15870=CARTESIAN_POINT('',(0.146446609406726,-0.8,-35.1535533905933));
#15871=CARTESIAN_POINT('Origin',(0.5,-0.800000000000001,-35.5071067811866));
#15872=CARTESIAN_POINT('Origin',(0.146446609406727,-0.8,-34.3));
#15873=CARTESIAN_POINT('Origin',(0.,-0.8,-34.3));
#15874=CARTESIAN_POINT('Origin',(0.5,-0.55,-35.5071067811865));
#15875=CARTESIAN_POINT('',(0.,-1.7,-35.5071067811865));
#15876=CARTESIAN_POINT('',(0.146446609406733,-1.7,-35.1535533905933));
#15877=CARTESIAN_POINT('Origin',(0.5,-1.7,-35.5071067811865));
#15878=CARTESIAN_POINT('',(0.146446609406728,-0.55,-35.1535533905933));
#15879=CARTESIAN_POINT('',(0.,-0.55,-35.5071067811865));
#15880=CARTESIAN_POINT('Origin',(0.5,-1.7,-34.3));
#15881=CARTESIAN_POINT('',(0.,-2.90710678118655,-34.3));
#15882=CARTESIAN_POINT('',(0.146446609406727,-2.55355339059327,-34.3));
#15883=CARTESIAN_POINT('Origin',(0.5,-2.90710678118655,-34.3));
#15884=CARTESIAN_POINT('Origin',(0.146446609406727,-1.7,-34.3));
#15885=CARTESIAN_POINT('Origin',(0.,-1.7,-34.3));
#15886=CARTESIAN_POINT('Origin',(0.5,-2.90710678118655,-40.925));
#15887=CARTESIAN_POINT('',(0.,-2.90710678118655,-23.2));
#15888=CARTESIAN_POINT('',(0.146446609406726,-2.55355339059327,-23.2));
#15889=CARTESIAN_POINT('Origin',(0.5,-2.90710678118655,-23.2));
#15890=CARTESIAN_POINT('',(0.146446609406726,-2.55355339059327,-40.925));
#15891=CARTESIAN_POINT('',(0.,-2.90710678118655,-40.925));
#15892=CARTESIAN_POINT('Origin',(0.5,-1.7,-23.2));
#15893=CARTESIAN_POINT('Origin',(0.146446609406727,-1.7,-23.2));
#15894=CARTESIAN_POINT('Origin',(0.,-1.7,-23.2));
#15895=CARTESIAN_POINT('Origin',(0.25,-1.7,-34.3));
#15896=CARTESIAN_POINT('',(0.5,-2.2,-34.3));
#15897=CARTESIAN_POINT('',(0.5,-2.2,-34.3));
#15898=CARTESIAN_POINT('',(0.5,-1.7,-34.8));
#15899=CARTESIAN_POINT('Origin',(0.5,-1.7,-34.3));
#15900=CARTESIAN_POINT('',(0.5,-1.7,-34.8));
#15901=CARTESIAN_POINT('Origin',(0.25,-2.45,-34.85));
#15902=CARTESIAN_POINT('',(0.5,-2.2,-23.2));
#15903=CARTESIAN_POINT('',(0.,-2.7,-23.2));
#15904=CARTESIAN_POINT('',(0.5,-2.2,-34.85));
#15905=CARTESIAN_POINT('Origin',(0.25,-1.7,-23.2));
#15906=CARTESIAN_POINT('',(0.5,-1.7,-22.7));
#15907=CARTESIAN_POINT('',(0.5,-1.7,-22.7));
#15908=CARTESIAN_POINT('Origin',(0.5,-1.7,-23.2));
#15909=CARTESIAN_POINT('Origin',(0.25,-0.15,-22.45));
#15910=CARTESIAN_POINT('',(0.5,-0.8,-22.7));
#15911=CARTESIAN_POINT('',(0.5,-0.8,-22.7));
#15912=CARTESIAN_POINT('',(0.5,-0.15,-22.7));
#15913=CARTESIAN_POINT('Origin',(0.,0.,-47.));
#15914=CARTESIAN_POINT('',(0.,3.27294901687516,-38.5147186257614));
#15915=CARTESIAN_POINT('',(0.,0.,-38.5147186257614));
#15916=CARTESIAN_POINT('',(0.,3.27294901687516,-8.48528137423857));
#15917=CARTESIAN_POINT('',(0.,0.,-8.48528137423857));
#15918=CARTESIAN_POINT('',(0.,3.27294901687516,-41.125));
#15919=CARTESIAN_POINT('Origin',(0.25,-1.1,-35.05));
#15920=CARTESIAN_POINT('',(0.5,-0.8,-34.8));
#15921=CARTESIAN_POINT('',(0.5,-1.1,-34.8));
#15922=CARTESIAN_POINT('',(0.5,-0.8,-34.8));
#15923=CARTESIAN_POINT('Origin',(0.25,-0.8,-34.3));
#15924=CARTESIAN_POINT('',(0.5,-0.3,-34.3));
#15925=CARTESIAN_POINT('Origin',(0.5,-0.8,-34.3));
#15926=CARTESIAN_POINT('',(0.5,-0.3,-34.3));
#15927=CARTESIAN_POINT('Origin',(0.25,-0.05,-40.9));
#15928=CARTESIAN_POINT('',(0.5,-0.3,-23.2));
#15929=CARTESIAN_POINT('',(0.5,-0.3,-40.9));
#15930=CARTESIAN_POINT('',(0.5,-0.3,-23.2));
#15931=CARTESIAN_POINT('Origin',(0.25,-0.8,-23.2));
#15932=CARTESIAN_POINT('Origin',(0.5,-0.8,-23.2));
#15933=CARTESIAN_POINT('Origin',(0.,-0.8,-34.3));
#15934=CARTESIAN_POINT('',(2.,-0.8,-34.8));
#15935=CARTESIAN_POINT('',(0.,-0.8,-34.8));
#15936=CARTESIAN_POINT('',(2.,-0.3,-34.3));
#15937=CARTESIAN_POINT('Origin',(2.,-0.8,-34.3));
#15938=CARTESIAN_POINT('',(0.,-0.3,-34.3));
#15939=CARTESIAN_POINT('Origin',(0.,-2.2,-34.8));
#15940=CARTESIAN_POINT('',(2.,-1.7,-34.8));
#15941=CARTESIAN_POINT('',(0.,-1.7,-34.8));
#15942=CARTESIAN_POINT('',(2.,-1.1,-34.8));
#15943=CARTESIAN_POINT('Origin',(0.,-1.7,-34.3));
#15944=CARTESIAN_POINT('',(2.,-2.2,-34.3));
#15945=CARTESIAN_POINT('',(0.,-2.2,-34.3));
#15946=CARTESIAN_POINT('Origin',(2.,-1.7,-34.3));
#15947=CARTESIAN_POINT('Origin',(0.,-2.2,-22.7));
#15948=CARTESIAN_POINT('',(2.,-2.2,-23.2));
#15949=CARTESIAN_POINT('',(0.,-2.2,-23.2));
#15950=CARTESIAN_POINT('',(2.,-2.2,-30.85));
#15951=CARTESIAN_POINT('Origin',(0.,-0.8,-23.2));
#15952=CARTESIAN_POINT('',(2.,-0.3,-23.2));
#15953=CARTESIAN_POINT('',(0.,-0.3,-23.2));
#15954=CARTESIAN_POINT('',(2.,-0.8,-22.7));
#15955=CARTESIAN_POINT('Origin',(2.,-0.8,-23.2));
#15956=CARTESIAN_POINT('',(0.,-0.8,-22.7));
#15957=CARTESIAN_POINT('Origin',(0.,-0.3,-34.8));
#15958=CARTESIAN_POINT('',(2.,-0.3,-36.9));
#15959=CARTESIAN_POINT('Origin',(0.,-1.7,-23.2));
#15960=CARTESIAN_POINT('',(2.,-1.7,-22.7));
#15961=CARTESIAN_POINT('',(0.,-1.7,-22.7));
#15962=CARTESIAN_POINT('Origin',(2.,-1.7,-23.2));
#15963=CARTESIAN_POINT('Origin',(0.,-0.3,-22.7));
#15964=CARTESIAN_POINT('',(2.,-0.15,-22.7));
#15965=CARTESIAN_POINT('Origin',(2.6,0.,-38.399999983782));
#15966=CARTESIAN_POINT('',(2.,1.25,-37.8));
#15967=CARTESIAN_POINT('',(3.20000000000001,1.25,-38.999999967564));
#15968=CARTESIAN_POINT('',(3.57500014528631,1.25,-39.375000102714));
#15969=CARTESIAN_POINT('',(2.,0.,-37.8));
#15970=CARTESIAN_POINT('',(3.2,0.,-38.999999967564));
#15971=CARTESIAN_POINT('Origin',(2.,0.,-39.));
#15972=CARTESIAN_POINT('',(2.,1.25,-8.));
#15973=CARTESIAN_POINT('',(2.,1.25,-39.));
#15974=CARTESIAN_POINT('',(2.,0.,-8.));
#15975=CARTESIAN_POINT('Origin',(44.4,0.,-38.3999989373343));
#15976=CARTESIAN_POINT('',(43.4250006019004,1.25,-39.3749984973243));
#15977=CARTESIAN_POINT('Origin',(46.75,-1.,-17.52));
#15978=CARTESIAN_POINT('',(47.,0.599999999999999,-17.52));
#15979=CARTESIAN_POINT('Origin',(46.75,0.35,-4.61));
#15980=CARTESIAN_POINT('',(47.,0.6,-10.32));
#15981=CARTESIAN_POINT('Origin',(46.75,-1.,-10.32));
#15982=CARTESIAN_POINT('',(46.5,-1.,-9.22));
#15983=CARTESIAN_POINT('',(47.,-1.,-8.72));
#15984=CARTESIAN_POINT('Origin',(46.5,-1.,-10.32));
#15985=CARTESIAN_POINT('Origin',(46.75,-1.7,-8.97));
#15986=CARTESIAN_POINT('',(46.5,-1.7,-9.22));
#15987=CARTESIAN_POINT('Origin',(47.,-3.4,-9.22));
#15988=CARTESIAN_POINT('',(47.,-1.,-9.22));
#15989=CARTESIAN_POINT('',(47.,-2.3,-9.22));
#15990=CARTESIAN_POINT('Origin',(47.,-2.3,-10.32));
#15991=CARTESIAN_POINT('',(47.,-3.4,-10.32));
#15992=CARTESIAN_POINT('Origin',(47.,-3.4,-18.62));
#15993=CARTESIAN_POINT('Origin',(47.,-1.,-10.32));
#15994=CARTESIAN_POINT('Origin',(0.,0.,0.));
#15995=CARTESIAN_POINT('',(8.48528137423857,3.27294901687516,0.));
#15996=CARTESIAN_POINT('',(8.48528137423857,0.,0.));
#15997=CARTESIAN_POINT('',(0.,0.,0.));
#15998=CARTESIAN_POINT('',(38.5147186257614,3.27294901687516,0.));
#15999=CARTESIAN_POINT('',(38.5147186257614,0.,0.));
#16000=CARTESIAN_POINT('',(5.875,3.27294901687516,0.));
#16001=CARTESIAN_POINT('Origin',(33.,3.7,-4.3));
#16002=CARTESIAN_POINT('',(33.5,3.7,-4.3));
#16003=CARTESIAN_POINT('',(33.,4.2,-4.3));
#16004=CARTESIAN_POINT('Origin',(33.,3.7,-4.3));
#16005=CARTESIAN_POINT('',(33.,3.7,-3.8));
#16006=CARTESIAN_POINT('Origin',(33.,3.7,-4.3));
#16007=CARTESIAN_POINT('Origin',(33.,3.7,-4.3));
#16008=CARTESIAN_POINT('Origin',(33.,0.,-4.3));
#16009=CARTESIAN_POINT('',(33.5,1.25,-4.3));
#16010=CARTESIAN_POINT('',(33.,1.25,-3.8));
#16011=CARTESIAN_POINT('Origin',(33.,1.25,-4.3));
#16012=CARTESIAN_POINT('',(33.,0.,-3.8));
#16013=CARTESIAN_POINT('',(33.5,0.,-4.3));
#16014=CARTESIAN_POINT('Origin',(14.,3.7,-4.3));
#16015=CARTESIAN_POINT('',(14.,3.7,-3.8));
#16016=CARTESIAN_POINT('',(14.,4.2,-4.3));
#16017=CARTESIAN_POINT('Origin',(14.,3.7,-4.3));
#16018=CARTESIAN_POINT('',(13.5,3.7,-4.3));
#16019=CARTESIAN_POINT('Origin',(14.,3.7,-4.3));
#16020=CARTESIAN_POINT('Origin',(14.,3.7,-4.3));
#16021=CARTESIAN_POINT('Origin',(14.,0.,-4.3));
#16022=CARTESIAN_POINT('',(14.,1.25,-3.8));
#16023=CARTESIAN_POINT('',(13.5,1.25,-4.3));
#16024=CARTESIAN_POINT('Origin',(14.,1.25,-4.3));
#16025=CARTESIAN_POINT('',(13.5,0.,-4.3));
#16026=CARTESIAN_POINT('',(14.,0.,-3.8));
#16027=CARTESIAN_POINT('Origin',(14.,3.7,-14.8999999256675));
#16028=CARTESIAN_POINT('',(13.5,3.7,-5.));
#16029=CARTESIAN_POINT('',(14.,4.2,-5.));
#16030=CARTESIAN_POINT('Origin',(14.,3.7,-5.));
#16031=CARTESIAN_POINT('',(14.,4.2,-14.8999999256675));
#16032=CARTESIAN_POINT('',(13.5,3.7,-14.8999999256675));
#16033=CARTESIAN_POINT('Origin',(18.5,3.7,-4.3));
#16034=CARTESIAN_POINT('',(18.5,3.7,-3.8));
#16035=CARTESIAN_POINT('',(18.5,4.2,-4.3));
#16036=CARTESIAN_POINT('Origin',(33.,3.7,-14.2999999256675));
#16037=CARTESIAN_POINT('',(33.,4.2,-5.));
#16038=CARTESIAN_POINT('',(33.5,3.7,-5.));
#16039=CARTESIAN_POINT('Origin',(33.,3.7,-5.));
#16040=CARTESIAN_POINT('',(33.5,3.7,-14.2999999256675));
#16041=CARTESIAN_POINT('',(33.,4.2,-14.2999999256675));
#16042=CARTESIAN_POINT('Origin',(13.5,0.,-3.8));
#16043=CARTESIAN_POINT('',(18.5,1.25,-3.8));
#16044=CARTESIAN_POINT('Origin',(33.5,0.,-3.8));
#16045=CARTESIAN_POINT('',(33.5,1.25,-5.));
#16046=CARTESIAN_POINT('',(33.5,0.,-5.));
#16047=CARTESIAN_POINT('',(33.5,1.25,-12.6));
#16048=CARTESIAN_POINT('Origin',(37.9,4.7,-30.45));
#16049=CARTESIAN_POINT('',(38.4,5.2,-35.9));
#16050=CARTESIAN_POINT('',(37.4,4.2,-35.9));
#16051=CARTESIAN_POINT('',(38.4,5.2,-35.9));
#16052=CARTESIAN_POINT('',(37.4,4.2,-11.1));
#16053=CARTESIAN_POINT('',(37.4,4.2,-31.0999999256675));
#16054=CARTESIAN_POINT('',(38.4,5.2,-11.1));
#16055=CARTESIAN_POINT('',(37.4,4.2,-11.1));
#16056=CARTESIAN_POINT('',(38.4,5.2,-30.45));
#16057=CARTESIAN_POINT('Origin',(35.9,4.7,-35.9));
#16058=CARTESIAN_POINT('',(35.9,5.2,-38.4));
#16059=CARTESIAN_POINT('',(35.9,4.2,-37.4));
#16060=CARTESIAN_POINT('',(35.9,5.2,-38.4));
#16061=CARTESIAN_POINT('Origin',(35.9,4.2,-35.9));
#16062=CARTESIAN_POINT('Origin',(35.9,5.2,-35.9));
#16063=CARTESIAN_POINT('Origin',(16.55,4.7,-37.9));
#16064=CARTESIAN_POINT('',(11.1,5.2,-38.4));
#16065=CARTESIAN_POINT('',(11.1,4.2,-37.4));
#16066=CARTESIAN_POINT('',(11.1,5.2,-38.4));
#16067=CARTESIAN_POINT('',(16.55,4.2,-37.4));
#16068=CARTESIAN_POINT('',(16.55,5.2,-38.4));
#16069=CARTESIAN_POINT('Origin',(11.1,4.7,-35.9));
#16070=CARTESIAN_POINT('',(8.6,5.2,-35.9));
#16071=CARTESIAN_POINT('',(9.6,4.2,-35.9));
#16072=CARTESIAN_POINT('',(8.6,5.2,-35.9));
#16073=CARTESIAN_POINT('Origin',(11.1,4.2,-35.9));
#16074=CARTESIAN_POINT('Origin',(11.1,5.2,-35.9));
#16075=CARTESIAN_POINT('Origin',(9.1,4.7,-16.55));
#16076=CARTESIAN_POINT('',(8.6,5.2,-11.1));
#16077=CARTESIAN_POINT('',(9.6,4.2,-11.1));
#16078=CARTESIAN_POINT('',(8.6,5.2,-11.1));
#16079=CARTESIAN_POINT('',(9.6,4.2,-17.1999999256675));
#16080=CARTESIAN_POINT('',(8.6,5.2,-16.55));
#16081=CARTESIAN_POINT('Origin',(11.1,4.7,-11.1));
#16082=CARTESIAN_POINT('',(11.1,5.2,-8.6));
#16083=CARTESIAN_POINT('',(11.1,4.2,-9.6));
#16084=CARTESIAN_POINT('',(11.1,5.2,-8.6));
#16085=CARTESIAN_POINT('Origin',(11.1,4.2,-11.1));
#16086=CARTESIAN_POINT('Origin',(11.1,5.2,-11.1));
#16087=CARTESIAN_POINT('Origin',(30.45,4.7,-9.1));
#16088=CARTESIAN_POINT('',(35.9,5.2,-8.6));
#16089=CARTESIAN_POINT('',(35.9,4.2,-9.6));
#16090=CARTESIAN_POINT('',(35.9,5.2,-8.6));
#16091=CARTESIAN_POINT('',(30.45,4.2,-9.6));
#16092=CARTESIAN_POINT('',(30.45,5.2,-8.6));
#16093=CARTESIAN_POINT('Origin',(35.9,4.7,-11.1));
#16094=CARTESIAN_POINT('Origin',(35.9,4.2,-11.1));
#16095=CARTESIAN_POINT('Origin',(35.9,5.2,-11.1));
#16096=CARTESIAN_POINT('Origin',(23.5,5.2,-23.5));
#16097=CARTESIAN_POINT('',(39.221825406948,5.2,-5.29289321881345));
#16098=CARTESIAN_POINT('',(38.5147186257614,5.2,-5.));
#16099=CARTESIAN_POINT('Origin',(38.5147186257614,5.2,-6.));
#16100=CARTESIAN_POINT('',(41.7071067811866,5.2,-7.77817459305201));
#16101=CARTESIAN_POINT('',(41.7071067811866,5.2,-7.77817459305201));
#16102=CARTESIAN_POINT('',(42.,5.2,-8.48528137423856));
#16103=CARTESIAN_POINT('Origin',(41.0000000000001,5.2,-8.48528137423853));
#16104=CARTESIAN_POINT('',(42.,5.2,-38.5147186257614));
#16105=CARTESIAN_POINT('',(42.,5.2,-38.5147186257614));
#16106=CARTESIAN_POINT('',(41.7071067811866,5.2,-39.221825406948));
#16107=CARTESIAN_POINT('Origin',(41.,5.2,-38.5147186257614));
#16108=CARTESIAN_POINT('',(39.221825406948,5.2,-41.7071067811865));
#16109=CARTESIAN_POINT('',(39.221825406948,5.2,-41.7071067811865));
#16110=CARTESIAN_POINT('',(38.5147186257614,5.2,-42.));
#16111=CARTESIAN_POINT('Origin',(38.5147186257614,5.2,-40.9999999999999));
#16112=CARTESIAN_POINT('',(8.48528137423856,5.2,-42.));
#16113=CARTESIAN_POINT('',(8.48528137423856,5.2,-42.));
#16114=CARTESIAN_POINT('',(7.77817459305201,5.2,-41.7071067811866));
#16115=CARTESIAN_POINT('Origin',(8.48528137423857,5.2,-41.));
#16116=CARTESIAN_POINT('',(5.29289321881345,5.2,-39.221825406948));
#16117=CARTESIAN_POINT('',(7.77817459305201,5.2,-41.7071067811866));
#16118=CARTESIAN_POINT('',(5.,5.2,-38.5147186257614));
#16119=CARTESIAN_POINT('Origin',(6.00000000000001,5.2,-38.5147186257614));
#16120=CARTESIAN_POINT('',(5.,5.2,-8.48528137423857));
#16121=CARTESIAN_POINT('',(5.,5.2,-8.48528137423857));
#16122=CARTESIAN_POINT('',(5.29289321881345,5.2,-7.77817459305202));
#16123=CARTESIAN_POINT('Origin',(6.00000000000001,5.2,-8.48528137423857));
#16124=CARTESIAN_POINT('',(7.77817459305202,5.2,-5.29289321881345));
#16125=CARTESIAN_POINT('',(5.29289321881345,5.2,-7.77817459305202));
#16126=CARTESIAN_POINT('',(8.48528137423857,5.2,-5.));
#16127=CARTESIAN_POINT('Origin',(8.48528137423857,5.2,-6.));
#16128=CARTESIAN_POINT('',(38.5147186257614,5.2,-5.));
#16129=CARTESIAN_POINT('Origin',(14.0000001937151,3.2,-35.2999997770024));
#16130=CARTESIAN_POINT('',(14.0000001937151,4.2,-45.7999996756398));
#16131=CARTESIAN_POINT('Origin',(14.0000001937151,3.2,-45.7999996756398));
#16132=CARTESIAN_POINT('',(14.0000001937151,4.2,-39.));
#16133=CARTESIAN_POINT('',(14.0000001937151,4.2,-35.2999997770024));
#16134=CARTESIAN_POINT('Origin',(14.0000001937151,3.2,-39.));
#16135=CARTESIAN_POINT('Origin',(34.0000005066395,0.,-45.7999991350395));
#16136=CARTESIAN_POINT('',(34.0000005066395,3.2,-45.7999991350395));
#16137=CARTESIAN_POINT('',(34.0000005066395,0.,-45.7999991350395));
#16138=CARTESIAN_POINT('',(33.0000005066395,4.2,-45.7999991620695));
#16139=CARTESIAN_POINT('Origin',(33.0000005066395,3.2,-45.7999991620695));
#16140=CARTESIAN_POINT('',(13.0000001937151,4.2,-45.7999997026699));
#16141=CARTESIAN_POINT('Origin',(33.0000005066395,3.2,-31.8999994931872));
#16142=CARTESIAN_POINT('',(34.0000005066395,3.2,-38.9999991350395));
#16143=CARTESIAN_POINT('',(34.0000005066395,3.2,-31.8999994931872));
#16144=CARTESIAN_POINT('',(33.0000005066395,4.2,-39.));
#16145=CARTESIAN_POINT('Origin',(33.0000005066395,3.2,-39.));
#16146=CARTESIAN_POINT('',(33.0000005066395,4.2,-31.8999994931872));
#16147=CARTESIAN_POINT('Origin',(34.0000005066395,0.,-38.9999991350395));
#16148=CARTESIAN_POINT('',(34.0000005066395,1.25,-41.0000009132284));
#16149=CARTESIAN_POINT('',(34.0000005066395,0.,-41.0000009132284));
#16150=CARTESIAN_POINT('',(34.0000005066395,1.25,-38.9999991350395));
#16151=CARTESIAN_POINT('',(34.0000005066395,1.25,-38.9999991350395));
#16152=CARTESIAN_POINT('',(34.0000005066395,0.,-38.9999991350395));
#16153=CARTESIAN_POINT('Origin',(42.,0.,-42.));
#16154=CARTESIAN_POINT('',(41.25,3.3,-42.));
#16155=CARTESIAN_POINT('',(41.25,0.,-42.));
#16156=CARTESIAN_POINT('Origin',(42.,3.3,-42.));
#16157=CARTESIAN_POINT('Origin',(42.,3.3,-42.));
#16158=CARTESIAN_POINT('Origin',(42.5000003744971,0.,-4.5));
#16159=CARTESIAN_POINT('',(41.7500003744971,3.3,-4.5));
#16160=CARTESIAN_POINT('',(41.7500003744971,0.,-4.5));
#16161=CARTESIAN_POINT('Origin',(42.5000003744971,3.3,-4.5));
#16162=CARTESIAN_POINT('Origin',(42.5000003744971,3.3,-4.5));
#16163=CARTESIAN_POINT('Origin',(5.,0.,-42.));
#16164=CARTESIAN_POINT('',(4.25,3.3,-42.));
#16165=CARTESIAN_POINT('',(4.25,0.,-42.));
#16166=CARTESIAN_POINT('Origin',(5.,3.3,-42.));
#16167=CARTESIAN_POINT('Origin',(5.,3.3,-42.));
#16168=CARTESIAN_POINT('Origin',(4.5,0.,-4.5));
#16169=CARTESIAN_POINT('',(3.75,3.3,-4.5));
#16170=CARTESIAN_POINT('',(3.75,0.,-4.5));
#16171=CARTESIAN_POINT('Origin',(4.5,3.3,-4.5));
#16172=CARTESIAN_POINT('Origin',(4.5,3.3,-4.5));
#16173=CARTESIAN_POINT('Origin',(45.,0.,-19.));
#16174=CARTESIAN_POINT('',(39.4,1.25,-19.));
#16175=CARTESIAN_POINT('',(39.4,1.25,-19.));
#16176=CARTESIAN_POINT('',(39.4,2.25,-19.));
#16177=CARTESIAN_POINT('',(39.4,2.25,-19.));
#16178=CARTESIAN_POINT('',(39.4,0.,-19.));
#16179=CARTESIAN_POINT('Origin',(39.4,0.,-9.));
#16180=CARTESIAN_POINT('',(39.4,1.25,-9.));
#16181=CARTESIAN_POINT('',(45.,1.25,-9.));
#16182=CARTESIAN_POINT('',(39.4,2.25,-9.));
#16183=CARTESIAN_POINT('',(39.4,0.,-9.));
#16184=CARTESIAN_POINT('',(45.,2.25,-9.));
#16185=CARTESIAN_POINT('Origin',(42.2,2.25,-14.));
#16186=CARTESIAN_POINT('',(39.4,2.25,-11.5));
#16187=CARTESIAN_POINT('Origin',(23.5,0.,-23.5));
#16188=CARTESIAN_POINT('',(16.25,0.,-2.));
#16189=CARTESIAN_POINT('Origin',(7.6,0.,-39.));
#16190=CARTESIAN_POINT('',(7.6,1.25,-39.));
#16191=CARTESIAN_POINT('',(7.6,1.25,-5.));
#16192=CARTESIAN_POINT('',(7.6,1.25,-30.2));
#16193=CARTESIAN_POINT('',(7.6,4.2,-39.));
#16194=CARTESIAN_POINT('',(7.6,0.,-39.));
#16195=CARTESIAN_POINT('',(7.6,4.2,-5.));
#16196=CARTESIAN_POINT('',(7.6,4.2,-39.));
#16197=CARTESIAN_POINT('',(7.6,0.,-5.));
#16198=CARTESIAN_POINT('Origin',(7.6,0.,-5.));
#16199=CARTESIAN_POINT('',(13.5,1.25,-5.));
#16200=CARTESIAN_POINT('',(15.55,1.25,-5.));
#16201=CARTESIAN_POINT('',(7.6,4.2,-5.));
#16202=CARTESIAN_POINT('',(13.5,0.,-5.));
#16203=CARTESIAN_POINT('Origin',(13.5,0.,-5.));
#16204=CARTESIAN_POINT('',(13.5,1.25,-13.2));
#16205=CARTESIAN_POINT('Origin',(33.5,0.,-5.));
#16206=CARTESIAN_POINT('',(39.4,1.25,-5.));
#16207=CARTESIAN_POINT('',(28.5,1.25,-5.));
#16208=CARTESIAN_POINT('',(39.4,4.2,-5.));
#16209=CARTESIAN_POINT('',(33.5,4.2,-5.));
#16210=CARTESIAN_POINT('',(39.4,0.,-5.));
#16211=CARTESIAN_POINT('Origin',(38.,0.,-39.));
#16212=CARTESIAN_POINT('',(30.75,1.25,-39.));
#16213=CARTESIAN_POINT('',(39.4,4.2,-39.));
#16214=CARTESIAN_POINT('Origin',(23.5,4.2,-24.7999998513349));
#16215=CARTESIAN_POINT('',(39.4,4.2,-39.));
#16216=CARTESIAN_POINT('',(39.4,4.2,-5.));
#16217=CARTESIAN_POINT('Origin',(23.5,1.25,-21.4));
#16218=CARTESIAN_POINT('',(39.4,1.25,-13.2));
#16219=CARTESIAN_POINT('Origin',(23.5,1.25,-21.4));
#16220=CARTESIAN_POINT('',(38.0000001660415,1.25,-41.0000005811453));
#16221=CARTESIAN_POINT('',(38.0000001660415,1.25,-41.0000005811453));
#16222=CARTESIAN_POINT('',(38.,1.25,-39.));
#16223=CARTESIAN_POINT('Origin',(23.5,1.25,-21.4));
#16224=CARTESIAN_POINT('',(9.,1.25,-39.));
#16225=CARTESIAN_POINT('',(18.2500000968576,1.25,-39.));
#16226=CARTESIAN_POINT('',(9.,1.25,-41.));
#16227=CARTESIAN_POINT('',(9.,1.25,-39.));
#16228=CARTESIAN_POINT('',(9.,1.25,-41.));
#16229=CARTESIAN_POINT('Origin',(23.5,1.25,-21.4));
#16230=CARTESIAN_POINT('',(45.,1.25,-38.9999988377094));
#16231=CARTESIAN_POINT('',(39.4,1.25,-13.2));
#16232=CARTESIAN_POINT('',(44.,1.25,-7.));
#16233=CARTESIAN_POINT('',(45.,1.25,-8.));
#16234=CARTESIAN_POINT('',(40.7500005960464,1.25,-7.));
#16235=CARTESIAN_POINT('',(44.,1.25,-7.));
#16236=CARTESIAN_POINT('',(40.0000005066395,1.25,-6.25));
#16237=CARTESIAN_POINT('',(40.7500005960464,1.25,-7.));
#16238=CARTESIAN_POINT('',(40.0000002384186,1.25,-3.99999999999999));
#16239=CARTESIAN_POINT('',(40.0000005066395,1.25,-6.25));
#16240=CARTESIAN_POINT('',(38.,1.25,-2.));
#16241=CARTESIAN_POINT('',(38.,1.25,-2.));
#16242=CARTESIAN_POINT('',(9.,1.25,-2.));
#16243=CARTESIAN_POINT('',(9.,1.25,-2.));
#16244=CARTESIAN_POINT('',(7.,1.25,-4.));
#16245=CARTESIAN_POINT('',(9.,1.25,-2.));
#16246=CARTESIAN_POINT('',(7.,1.25,-6.25));
#16247=CARTESIAN_POINT('',(7.,1.25,-6.25));
#16248=CARTESIAN_POINT('',(6.25,1.25,-7.));
#16249=CARTESIAN_POINT('',(6.25,1.25,-7.));
#16250=CARTESIAN_POINT('',(3.,1.25,-7.));
#16251=CARTESIAN_POINT('',(3.,1.25,-7.));
#16252=CARTESIAN_POINT('',(2.,1.25,-8.));
#16253=CARTESIAN_POINT('Origin',(44.,0.,-7.));
#16254=CARTESIAN_POINT('',(44.,0.,-7.));
#16255=CARTESIAN_POINT('Origin',(40.7500005960464,0.,-7.));
#16256=CARTESIAN_POINT('',(40.7500005960464,0.,-7.));
#16257=CARTESIAN_POINT('Origin',(40.0000005066395,0.,-6.25));
#16258=CARTESIAN_POINT('',(40.0000005066395,0.,-6.25));
#16259=CARTESIAN_POINT('Origin',(40.0000002384186,0.,-3.99999999999999));
#16260=CARTESIAN_POINT('',(40.0000002384186,0.,-3.99999999999999));
#16261=CARTESIAN_POINT('Origin',(38.,0.,-2.));
#16262=CARTESIAN_POINT('',(38.,0.,-2.));
#16263=CARTESIAN_POINT('Origin',(9.,0.,-2.));
#16264=CARTESIAN_POINT('',(9.,0.,-2.));
#16265=CARTESIAN_POINT('Origin',(7.,0.,-4.));
#16266=CARTESIAN_POINT('',(7.,0.,-4.));
#16267=CARTESIAN_POINT('Origin',(7.,0.,-6.25));
#16268=CARTESIAN_POINT('',(7.,0.,-6.25));
#16269=CARTESIAN_POINT('Origin',(6.25,0.,-7.));
#16270=CARTESIAN_POINT('',(6.25,0.,-7.));
#16271=CARTESIAN_POINT('Origin',(3.,0.,-7.));
#16272=CARTESIAN_POINT('',(3.,0.,-7.));
#16273=CARTESIAN_POINT('Origin',(2.,0.,-8.));
#16274=CARTESIAN_POINT('Origin',(7.6,0.,-38.9999998486319));
#16275=CARTESIAN_POINT('',(7.6,0.,-39.));
#16276=CARTESIAN_POINT('Origin',(9.,0.,-39.));
#16277=CARTESIAN_POINT('',(9.,0.,-39.));
#16278=CARTESIAN_POINT('Origin',(9.,0.,-41.));
#16279=CARTESIAN_POINT('',(9.,0.,-41.));
#16280=CARTESIAN_POINT('Origin',(13.,0.,-41.));
#16281=CARTESIAN_POINT('Origin',(38.0000001660415,0.,-41.0000005811453));
#16282=CARTESIAN_POINT('',(38.0000001660415,0.,-41.0000005811453));
#16283=CARTESIAN_POINT('Origin',(38.,0.,-39.));
#16284=CARTESIAN_POINT('Origin',(39.4,0.,-9.));
#16285=CARTESIAN_POINT('Origin',(6.,3.27294901687516,-38.5147186257614));
#16286=CARTESIAN_POINT('',(2.34367783563528,4.61458980337503,-42.1710407901261));
#16287=CARTESIAN_POINT('',(1.75735931288071,3.27294901687516,-42.7573593128807));
#16288=CARTESIAN_POINT('Origin',(2.81801948466054,3.27294901687516,-41.6966991411009));
#16289=CARTESIAN_POINT('Origin',(6.,3.27294901687516,-38.5147186257614));
#16290=CARTESIAN_POINT('',(0.829179606750062,4.61458980337503,-38.5147186257614));
#16291=CARTESIAN_POINT('Origin',(1.5,3.27294901687516,-38.5147186257614));
#16292=CARTESIAN_POINT('Origin',(6.,4.61458980337503,-38.5147186257614));
#16293=CARTESIAN_POINT('Origin',(1.5,3.27294901687516,-41.125));
#16294=CARTESIAN_POINT('',(0.829179606750064,4.61458980337503,-8.48528137423857));
#16295=CARTESIAN_POINT('Origin',(1.5,3.27294901687516,-8.48528137423857));
#16296=CARTESIAN_POINT('',(0.829179606750064,4.61458980337503,-41.125));
#16297=CARTESIAN_POINT('Origin',(6.,3.27294901687516,-8.48528137423857));
#16298=CARTESIAN_POINT('',(1.75735931288072,3.27294901687516,-4.24264068711928));
#16299=CARTESIAN_POINT('Origin',(6.,3.27294901687516,-8.48528137423857));
#16300=CARTESIAN_POINT('',(2.34367783563528,4.61458980337503,-4.82895920987385));
#16301=CARTESIAN_POINT('Origin',(2.81801948466054,3.27294901687516,-5.3033008588991));
#16302=CARTESIAN_POINT('Origin',(6.,4.61458980337503,-8.48528137423857));
#16303=CARTESIAN_POINT('Origin',(4.06066017177982,3.27294901687516,-4.06066017177982));
#16304=CARTESIAN_POINT('',(4.24264068711928,3.27294901687516,-1.75735931288071));
#16305=CARTESIAN_POINT('',(3.,3.27294901687516,-3.));
#16306=CARTESIAN_POINT('',(4.82895920987385,4.61458980337503,-2.34367783563528));
#16307=CARTESIAN_POINT('Origin',(5.30330085889911,3.27294901687516,-2.81801948466054));
#16308=CARTESIAN_POINT('',(3.58631852275456,4.61458980337503,-3.58631852275456));
#16309=CARTESIAN_POINT('Origin',(8.48528137423857,3.27294901687516,-6.));
#16310=CARTESIAN_POINT('Origin',(8.48528137423857,3.27294901687516,-6.));
#16311=CARTESIAN_POINT('',(8.48528137423857,4.61458980337503,-0.829179606750063));
#16312=CARTESIAN_POINT('Origin',(8.48528137423857,3.27294901687516,-1.5));
#16313=CARTESIAN_POINT('Origin',(8.48528137423857,4.61458980337503,-6.));
#16314=CARTESIAN_POINT('Origin',(5.875,3.27294901687516,-1.5));
#16315=CARTESIAN_POINT('',(38.5147186257614,4.61458980337503,-0.829179606750063));
#16316=CARTESIAN_POINT('Origin',(38.5147186257614,3.27294901687516,-1.5));
#16317=CARTESIAN_POINT('',(5.875,4.61458980337503,-0.829179606750064));
#16318=CARTESIAN_POINT('Origin',(38.5147186257614,3.27294901687516,-6.));
#16319=CARTESIAN_POINT('',(42.7573593128807,3.27294901687516,-1.75735931288071));
#16320=CARTESIAN_POINT('Origin',(38.5147186257614,3.27294901687516,-6.));
#16321=CARTESIAN_POINT('',(42.1710407901261,4.61458980337504,-2.34367783563528));
#16322=CARTESIAN_POINT('Origin',(41.6966991411009,3.27294901687516,-2.81801948466054));
#16323=CARTESIAN_POINT('Origin',(38.5147186257614,4.61458980337503,-6.));
#16324=CARTESIAN_POINT('Origin',(42.9393398282202,3.27294901687516,-4.06066017177983));
#16325=CARTESIAN_POINT('',(45.2426406871193,3.27294901687516,-4.24264068711928));
#16326=CARTESIAN_POINT('',(44.,3.27294901687516,-3.));
#16327=CARTESIAN_POINT('',(44.6563221643647,4.61458980337503,-4.82895920987384));
#16328=CARTESIAN_POINT('Origin',(44.1819805153395,3.27294901687516,-5.3033008588991));
#16329=CARTESIAN_POINT('',(43.4136814772454,4.61458980337503,-3.58631852275457));
#16330=CARTESIAN_POINT('Origin',(41.,3.27294901687516,-8.48528137423856));
#16331=CARTESIAN_POINT('Origin',(41.,3.27294901687516,-8.48528137423856));
#16332=CARTESIAN_POINT('',(46.1708203932499,4.61458980337504,-8.48528137423856));
#16333=CARTESIAN_POINT('Origin',(45.5,3.27294901687516,-8.48528137423856));
#16334=CARTESIAN_POINT('Origin',(41.,4.61458980337503,-8.48528137423856));
#16335=CARTESIAN_POINT('Origin',(45.5,3.27294901687516,-5.875));
#16336=CARTESIAN_POINT('',(46.1708203932499,4.61458980337503,-38.5147186257614));
#16337=CARTESIAN_POINT('Origin',(45.5,3.27294901687516,-38.5147186257614));
#16338=CARTESIAN_POINT('',(46.1708203932499,4.61458980337503,-5.875));
#16339=CARTESIAN_POINT('Origin',(41.,3.27294901687516,-38.5147186257614));
#16340=CARTESIAN_POINT('',(45.2426406871193,3.27294901687516,-42.7573593128807));
#16341=CARTESIAN_POINT('Origin',(41.,3.27294901687516,-38.5147186257614));
#16342=CARTESIAN_POINT('',(44.6563221643647,4.61458980337503,-42.1710407901262));
#16343=CARTESIAN_POINT('Origin',(44.1819805153395,3.27294901687516,-41.6966991411009));
#16344=CARTESIAN_POINT('Origin',(41.,4.61458980337503,-38.5147186257614));
#16345=CARTESIAN_POINT('Origin',(42.9393398282202,3.27294901687517,-42.9393398282202));
#16346=CARTESIAN_POINT('',(42.7573593128807,3.27294901687517,-45.2426406871193));
#16347=CARTESIAN_POINT('',(44.,3.27294901687517,-44.));
#16348=CARTESIAN_POINT('',(42.1710407901262,4.61458980337503,-44.6563221643647));
#16349=CARTESIAN_POINT('Origin',(41.6966991411009,3.27294901687517,-44.1819805153395));
#16350=CARTESIAN_POINT('',(43.4136814772454,4.61458980337504,-43.4136814772454));
#16351=CARTESIAN_POINT('Origin',(38.5147186257614,3.27294901687516,-41.));
#16352=CARTESIAN_POINT('',(38.5147186257614,3.27294901687516,-47.));
#16353=CARTESIAN_POINT('Origin',(38.5147186257614,3.27294901687516,-41.));
#16354=CARTESIAN_POINT('',(38.5147186257614,4.61458980337504,-46.1708203932499));
#16355=CARTESIAN_POINT('Origin',(38.5147186257614,3.27294901687516,-45.5));
#16356=CARTESIAN_POINT('Origin',(38.5147186257614,4.61458980337503,-41.));
#16357=CARTESIAN_POINT('Origin',(41.125,3.27294901687516,-45.5));
#16358=CARTESIAN_POINT('',(8.48528137423856,3.27294901687516,-47.));
#16359=CARTESIAN_POINT('',(41.125,3.27294901687516,-47.));
#16360=CARTESIAN_POINT('',(8.48528137423856,4.61458980337503,-46.1708203932499));
#16361=CARTESIAN_POINT('Origin',(8.48528137423856,3.27294901687516,-45.5));
#16362=CARTESIAN_POINT('',(41.125,4.61458980337503,-46.1708203932499));
#16363=CARTESIAN_POINT('Origin',(8.48528137423856,3.27294901687516,-41.));
#16364=CARTESIAN_POINT('',(4.24264068711927,3.27294901687516,-45.2426406871193));
#16365=CARTESIAN_POINT('Origin',(8.48528137423856,3.27294901687516,-41.));
#16366=CARTESIAN_POINT('',(4.82895920987384,4.61458980337503,-44.6563221643647));
#16367=CARTESIAN_POINT('Origin',(5.30330085889909,3.27294901687516,-44.1819805153395));
#16368=CARTESIAN_POINT('Origin',(8.48528137423856,4.61458980337503,-41.));
#16369=CARTESIAN_POINT('Origin',(4.06066017177983,3.27294901687516,-42.9393398282202));
#16370=CARTESIAN_POINT('',(3.,3.27294901687516,-44.));
#16371=CARTESIAN_POINT('',(3.58631852275457,4.61458980337503,-43.4136814772454));
#16372=CARTESIAN_POINT('Origin',(45.,5.2,-11.75));
#16373=CARTESIAN_POINT('',(43.3167184270002,6.04164078649988,-38.5147186257614));
#16374=CARTESIAN_POINT('',(43.,6.2,-38.5147186257614));
#16375=CARTESIAN_POINT('',(43.3167184270002,6.04164078649988,-8.48528137423856));
#16376=CARTESIAN_POINT('',(43.3167184270002,6.04164078649988,-17.625));
#16377=CARTESIAN_POINT('',(43.,6.2,-8.48528137423856));
#16378=CARTESIAN_POINT('Origin',(41.,5.2,-38.5147186257614));
#16379=CARTESIAN_POINT('',(42.6381673098317,6.04164078649987,-40.1528859355932));
#16380=CARTESIAN_POINT('',(42.4142135623731,6.2,-39.9289321881345));
#16381=CARTESIAN_POINT('Origin',(41.,6.04164078649988,-38.5147186257614));
#16382=CARTESIAN_POINT('Origin',(42.5857864376269,5.2,-42.5857864376269));
#16383=CARTESIAN_POINT('',(40.1528859355932,6.04164078649988,-42.6381673098317));
#16384=CARTESIAN_POINT('',(39.9289321881345,6.2,-42.4142135623731));
#16385=CARTESIAN_POINT('',(41.3955266227124,6.04164078649987,-41.3955266227124));
#16386=CARTESIAN_POINT('Origin',(38.5147186257614,5.2,-41.));
#16387=CARTESIAN_POINT('',(38.5147186257614,6.04164078649988,-43.3167184270002));
#16388=CARTESIAN_POINT('',(38.5147186257614,6.2,-43.));
#16389=CARTESIAN_POINT('Origin',(38.5147186257614,6.04164078649988,-41.));
#16390=CARTESIAN_POINT('Origin',(35.25,5.2,-45.));
#16391=CARTESIAN_POINT('',(8.48528137423856,6.04164078649988,-43.3167184270002));
#16392=CARTESIAN_POINT('',(8.48528137423856,4.2,-47.));
#16393=CARTESIAN_POINT('',(29.375,6.04164078649988,-43.3167184270002));
#16394=CARTESIAN_POINT('Origin',(8.48528137423856,5.2,-41.));
#16395=CARTESIAN_POINT('',(6.84711406440685,6.04164078649988,-42.6381673098317));
#16396=CARTESIAN_POINT('',(4.24264068711927,4.2,-45.2426406871193));
#16397=CARTESIAN_POINT('Origin',(8.48528137423856,6.04164078649988,-41.));
#16398=CARTESIAN_POINT('Origin',(4.4142135623731,5.2,-42.5857864376269));
#16399=CARTESIAN_POINT('',(4.36183269016829,6.04164078649987,-40.1528859355931));
#16400=CARTESIAN_POINT('',(1.75735931288071,4.2,-42.7573593128807));
#16401=CARTESIAN_POINT('',(5.60447337728757,6.04164078649987,-41.3955266227124));
#16402=CARTESIAN_POINT('Origin',(6.,5.2,-38.5147186257614));
#16403=CARTESIAN_POINT('',(3.68328157299975,6.04164078649988,-38.5147186257614));
#16404=CARTESIAN_POINT('',(0.,4.2,-38.5147186257614));
#16405=CARTESIAN_POINT('Origin',(6.,6.04164078649987,-38.5147186257614));
#16406=CARTESIAN_POINT('Origin',(44.,0.,-3.));
#16407=CARTESIAN_POINT('',(42.7573593128807,0.,-1.75735931288072));
#16408=CARTESIAN_POINT('',(45.2426406871193,-5.,-4.24264068711928));
#16409=CARTESIAN_POINT('Origin',(38.5147186257614,0.,-6.));
#16410=CARTESIAN_POINT('Origin',(8.48528137423857,0.,-6.));
#16411=CARTESIAN_POINT('',(4.24264068711929,-5.,-1.75735931288072));
#16412=CARTESIAN_POINT('Origin',(3.,0.,-3.));
#16413=CARTESIAN_POINT('',(1.75735931288071,-5.,-4.24264068711928));
#16414=CARTESIAN_POINT('Origin',(6.,0.,-8.48528137423857));
#16415=CARTESIAN_POINT('Origin',(6.,0.,-38.5147186257614));
#16416=CARTESIAN_POINT('',(1.75735931288072,-5.,-42.7573593128807));
#16417=CARTESIAN_POINT('Origin',(29.375,4.7,-42.6458980337503));
#16418=CARTESIAN_POINT('',(8.48528137423856,6.2,-42.6458980337503));
#16419=CARTESIAN_POINT('Origin',(8.48528137423856,4.7,-42.6458980337503));
#16420=CARTESIAN_POINT('',(38.5147186257614,6.2,-42.6458980337503));
#16421=CARTESIAN_POINT('',(29.375,6.2,-42.6458980337503));
#16422=CARTESIAN_POINT('Origin',(38.5147186257614,4.7,-42.6458980337503));
#16423=CARTESIAN_POINT('Origin',(38.5147186257614,4.7,-41.));
#16424=CARTESIAN_POINT('',(39.6785442865679,6.2,-42.1638256608065));
#16425=CARTESIAN_POINT('Origin',(39.6785442865679,4.7,-42.1638256608065));
#16426=CARTESIAN_POINT('Origin',(38.5147186257614,6.2,-41.));
#16427=CARTESIAN_POINT('Origin',(40.9211849736872,4.7,-40.9211849736872));
#16428=CARTESIAN_POINT('',(42.1638256608065,6.2,-39.6785442865679));
#16429=CARTESIAN_POINT('Origin',(42.1638256608065,4.7,-39.6785442865679));
#16430=CARTESIAN_POINT('',(40.9211849736872,6.2,-40.9211849736872));
#16431=CARTESIAN_POINT('Origin',(41.,4.7,-38.5147186257614));
#16432=CARTESIAN_POINT('',(42.6458980337503,6.2,-38.5147186257614));
#16433=CARTESIAN_POINT('Origin',(42.6458980337503,4.7,-38.5147186257614));
#16434=CARTESIAN_POINT('Origin',(41.,6.2,-38.5147186257614));
#16435=CARTESIAN_POINT('Origin',(42.6458980337503,4.7,-17.625));
#16436=CARTESIAN_POINT('',(42.6458980337503,6.2,-8.48528137423856));
#16437=CARTESIAN_POINT('Origin',(42.6458980337503,4.7,-8.48528137423856));
#16438=CARTESIAN_POINT('',(42.6458980337503,6.2,-17.625));
#16439=CARTESIAN_POINT('Origin',(41.,4.7,-8.48528137423856));
#16440=CARTESIAN_POINT('',(42.1638256608065,6.2,-7.32145571343211));
#16441=CARTESIAN_POINT('',(42.6381673098317,6.04164078649988,-6.84711406440686));
#16442=CARTESIAN_POINT('Origin',(42.1638256608065,4.7,-7.32145571343211));
#16443=CARTESIAN_POINT('Origin',(41.,6.04164078649988,-8.48528137423856));
#16444=CARTESIAN_POINT('Origin',(41.,6.2,-8.48528137423856));
#16445=CARTESIAN_POINT('Origin',(40.9211849736872,4.7,-6.07881502631283));
#16446=CARTESIAN_POINT('',(39.6785442865679,6.2,-4.83617433919355));
#16447=CARTESIAN_POINT('',(40.1528859355931,6.04164078649987,-4.36183269016829));
#16448=CARTESIAN_POINT('Origin',(39.6785442865679,4.7,-4.83617433919355));
#16449=CARTESIAN_POINT('',(41.3955266227124,6.04164078649987,-5.60447337728757));
#16450=CARTESIAN_POINT('',(40.9211849736872,6.2,-6.07881502631283));
#16451=CARTESIAN_POINT('Origin',(38.5147186257614,4.7,-6.));
#16452=CARTESIAN_POINT('',(38.5147186257614,6.2,-4.35410196624968));
#16453=CARTESIAN_POINT('',(38.5147186257614,6.04164078649987,-3.68328157299975));
#16454=CARTESIAN_POINT('Origin',(38.5147186257614,4.7,-4.35410196624968));
#16455=CARTESIAN_POINT('Origin',(38.5147186257614,6.04164078649988,-6.));
#16456=CARTESIAN_POINT('Origin',(38.5147186257614,6.2,-6.));
#16457=CARTESIAN_POINT('Origin',(17.625,4.7,-4.35410196624969));
#16458=CARTESIAN_POINT('',(8.48528137423857,6.2,-4.35410196624969));
#16459=CARTESIAN_POINT('',(8.48528137423857,6.04164078649988,-3.68328157299975));
#16460=CARTESIAN_POINT('Origin',(8.48528137423857,4.7,-4.35410196624969));
#16461=CARTESIAN_POINT('',(17.625,6.04164078649988,-3.68328157299975));
#16462=CARTESIAN_POINT('',(17.625,6.2,-4.35410196624969));
#16463=CARTESIAN_POINT('Origin',(8.48528137423857,4.7,-6.));
#16464=CARTESIAN_POINT('',(7.32145571343212,6.2,-4.83617433919355));
#16465=CARTESIAN_POINT('',(6.84711406440686,6.04164078649987,-4.36183269016829));
#16466=CARTESIAN_POINT('Origin',(7.32145571343212,4.7,-4.83617433919355));
#16467=CARTESIAN_POINT('Origin',(8.48528137423857,6.04164078649987,-6.));
#16468=CARTESIAN_POINT('Origin',(8.48528137423857,6.2,-6.));
#16469=CARTESIAN_POINT('Origin',(6.07881502631283,4.7,-6.07881502631283));
#16470=CARTESIAN_POINT('',(4.83617433919355,6.2,-7.32145571343212));
#16471=CARTESIAN_POINT('',(4.36183269016829,6.04164078649988,-6.84711406440686));
#16472=CARTESIAN_POINT('Origin',(4.83617433919355,4.7,-7.32145571343212));
#16473=CARTESIAN_POINT('',(5.60447337728758,6.04164078649988,-5.60447337728758));
#16474=CARTESIAN_POINT('',(6.07881502631283,6.2,-6.07881502631283));
#16475=CARTESIAN_POINT('Origin',(6.,4.7,-8.48528137423857));
#16476=CARTESIAN_POINT('',(4.35410196624968,6.2,-8.48528137423857));
#16477=CARTESIAN_POINT('',(3.68328157299975,6.04164078649987,-8.48528137423857));
#16478=CARTESIAN_POINT('Origin',(4.35410196624968,4.7,-8.48528137423857));
#16479=CARTESIAN_POINT('Origin',(6.,6.04164078649987,-8.48528137423857));
#16480=CARTESIAN_POINT('Origin',(6.,6.2,-8.48528137423857));
#16481=CARTESIAN_POINT('Origin',(4.35410196624969,4.7,-29.375));
#16482=CARTESIAN_POINT('',(4.35410196624969,6.2,-38.5147186257614));
#16483=CARTESIAN_POINT('Origin',(4.35410196624969,4.7,-38.5147186257614));
#16484=CARTESIAN_POINT('',(3.68328157299975,6.04164078649988,-29.375));
#16485=CARTESIAN_POINT('',(4.35410196624969,6.2,-29.375));
#16486=CARTESIAN_POINT('Origin',(6.,4.7,-38.5147186257614));
#16487=CARTESIAN_POINT('',(4.83617433919355,6.2,-39.6785442865679));
#16488=CARTESIAN_POINT('Origin',(4.83617433919355,4.7,-39.6785442865679));
#16489=CARTESIAN_POINT('Origin',(6.,6.2,-38.5147186257614));
#16490=CARTESIAN_POINT('Origin',(6.07881502631283,4.7,-40.9211849736872));
#16491=CARTESIAN_POINT('',(7.32145571343211,6.2,-42.1638256608065));
#16492=CARTESIAN_POINT('Origin',(7.32145571343211,4.7,-42.1638256608065));
#16493=CARTESIAN_POINT('',(6.07881502631283,6.2,-40.9211849736872));
#16494=CARTESIAN_POINT('Origin',(8.48528137423856,4.7,-41.));
#16495=CARTESIAN_POINT('Origin',(8.48528137423856,6.2,-41.));
#16496=CARTESIAN_POINT('Origin',(8.48528137423857,5.2,-6.));
#16497=CARTESIAN_POINT('',(8.48528137423857,4.2,0.));
#16498=CARTESIAN_POINT('',(4.24264068711928,4.2,-1.75735931288071));
#16499=CARTESIAN_POINT('Origin',(4.41421356237309,5.2,-4.41421356237309));
#16500=CARTESIAN_POINT('',(1.75735931288072,4.2,-4.24264068711928));
#16501=CARTESIAN_POINT('Origin',(6.,5.2,-8.48528137423857));
#16502=CARTESIAN_POINT('',(0.,4.2,-8.48528137423857));
#16503=CARTESIAN_POINT('Origin',(2.,5.2,-35.25));
#16504=CARTESIAN_POINT('Origin',(23.5,6.2,-23.5));
#16505=CARTESIAN_POINT('',(41.7071067811866,6.2,-7.77817459305201));
#16506=CARTESIAN_POINT('',(39.221825406948,6.2,-5.29289321881345));
#16507=CARTESIAN_POINT('',(41.0857864376269,6.2,-7.15685424949235));
#16508=CARTESIAN_POINT('',(38.5147186257614,6.2,-5.));
#16509=CARTESIAN_POINT('Origin',(38.5147186257614,6.2,-6.));
#16510=CARTESIAN_POINT('',(8.48528137423857,6.2,-5.));
#16511=CARTESIAN_POINT('',(31.0073593128807,6.2,-5.));
#16512=CARTESIAN_POINT('',(7.77817459305202,6.2,-5.29289321881345));
#16513=CARTESIAN_POINT('Origin',(8.48528137423857,6.2,-6.));
#16514=CARTESIAN_POINT('',(5.29289321881345,6.2,-7.77817459305202));
#16515=CARTESIAN_POINT('',(7.15685424949239,6.2,-5.91421356237308));
#16516=CARTESIAN_POINT('',(5.,6.2,-8.48528137423857));
#16517=CARTESIAN_POINT('Origin',(6.00000000000001,6.2,-8.48528137423857));
#16518=CARTESIAN_POINT('',(5.,6.2,-38.5147186257614));
#16519=CARTESIAN_POINT('',(5.,6.2,-15.9926406871193));
#16520=CARTESIAN_POINT('',(5.29289321881345,6.2,-39.221825406948));
#16521=CARTESIAN_POINT('Origin',(6.00000000000001,6.2,-38.5147186257614));
#16522=CARTESIAN_POINT('',(7.77817459305201,6.2,-41.7071067811866));
#16523=CARTESIAN_POINT('',(5.91421356237307,6.2,-39.8431457505076));
#16524=CARTESIAN_POINT('',(8.48528137423856,6.2,-42.));
#16525=CARTESIAN_POINT('Origin',(8.48528137423857,6.2,-41.));
#16526=CARTESIAN_POINT('',(38.5147186257614,6.2,-42.));
#16527=CARTESIAN_POINT('',(15.9926406871193,6.2,-42.));
#16528=CARTESIAN_POINT('',(39.221825406948,6.2,-41.7071067811865));
#16529=CARTESIAN_POINT('Origin',(38.5147186257614,6.2,-40.9999999999999));
#16530=CARTESIAN_POINT('',(41.7071067811866,6.2,-39.221825406948));
#16531=CARTESIAN_POINT('',(39.8431457505076,6.2,-41.0857864376269));
#16532=CARTESIAN_POINT('',(42.,6.2,-38.5147186257614));
#16533=CARTESIAN_POINT('Origin',(41.,6.2,-38.5147186257614));
#16534=CARTESIAN_POINT('',(42.,6.2,-8.48528137423856));
#16535=CARTESIAN_POINT('',(42.,6.2,-31.0073593128807));
#16536=CARTESIAN_POINT('Origin',(41.0000000000001,6.2,-8.48528137423853));
#16537=CARTESIAN_POINT('Origin',(41.7071067811866,6.2,-7.77817459305201));
#16538=CARTESIAN_POINT('',(41.7071067811866,6.2,-7.77817459305201));
#16539=CARTESIAN_POINT('',(39.221825406948,6.2,-5.29289321881345));
#16540=CARTESIAN_POINT('Origin',(41.0000000000001,6.2,-8.48528137423853));
#16541=CARTESIAN_POINT('',(42.,6.2,-8.48528137423856));
#16542=CARTESIAN_POINT('Origin',(42.,6.2,-38.5147186257614));
#16543=CARTESIAN_POINT('',(42.,6.2,-38.5147186257614));
#16544=CARTESIAN_POINT('Origin',(41.,6.2,-38.5147186257614));
#16545=CARTESIAN_POINT('',(41.7071067811866,6.2,-39.221825406948));
#16546=CARTESIAN_POINT('Origin',(39.221825406948,6.2,-41.7071067811865));
#16547=CARTESIAN_POINT('',(39.221825406948,6.2,-41.7071067811865));
#16548=CARTESIAN_POINT('Origin',(38.5147186257614,6.2,-40.9999999999999));
#16549=CARTESIAN_POINT('',(38.5147186257614,6.2,-42.));
#16550=CARTESIAN_POINT('Origin',(8.48528137423856,6.2,-42.));
#16551=CARTESIAN_POINT('',(8.48528137423856,6.2,-42.));
#16552=CARTESIAN_POINT('Origin',(8.48528137423857,6.2,-41.));
#16553=CARTESIAN_POINT('',(7.77817459305201,6.2,-41.7071067811866));
#16554=CARTESIAN_POINT('Origin',(5.29289321881345,6.2,-39.221825406948));
#16555=CARTESIAN_POINT('',(5.29289321881345,6.2,-39.221825406948));
#16556=CARTESIAN_POINT('Origin',(6.00000000000001,6.2,-38.5147186257614));
#16557=CARTESIAN_POINT('',(5.,6.2,-38.5147186257614));
#16558=CARTESIAN_POINT('Origin',(5.,6.2,-8.48528137423857));
#16559=CARTESIAN_POINT('',(5.,6.2,-8.48528137423857));
#16560=CARTESIAN_POINT('Origin',(6.00000000000001,6.2,-8.48528137423857));
#16561=CARTESIAN_POINT('',(5.29289321881345,6.2,-7.77817459305202));
#16562=CARTESIAN_POINT('Origin',(7.77817459305202,6.2,-5.29289321881345));
#16563=CARTESIAN_POINT('',(7.77817459305202,6.2,-5.29289321881345));
#16564=CARTESIAN_POINT('Origin',(8.48528137423857,6.2,-6.));
#16565=CARTESIAN_POINT('',(8.48528137423857,6.2,-5.));
#16566=CARTESIAN_POINT('Origin',(38.5147186257614,6.2,-5.));
#16567=CARTESIAN_POINT('',(38.5147186257614,6.2,-5.));
#16568=CARTESIAN_POINT('Origin',(38.5147186257614,6.2,-6.));
#16569=CARTESIAN_POINT('Origin',(41.,5.2,-8.48528137423856));
#16570=CARTESIAN_POINT('',(42.4142135623731,6.2,-7.07106781186547));
#16571=CARTESIAN_POINT('Origin',(42.5857864376269,5.2,-4.4142135623731));
#16572=CARTESIAN_POINT('',(39.9289321881345,6.2,-4.58578643762691));
#16573=CARTESIAN_POINT('Origin',(38.5147186257614,5.2,-6.));
#16574=CARTESIAN_POINT('',(38.5147186257614,6.2,-4.));
#16575=CARTESIAN_POINT('Origin',(11.75,5.2,-2.));
#16576=CARTESIAN_POINT('Origin',(3.,0.,-44.));
#16577=CARTESIAN_POINT('',(4.24264068711928,-5.,-45.2426406871193));
#16578=CARTESIAN_POINT('Origin',(8.48528137423856,0.,-41.));
#16579=CARTESIAN_POINT('',(8.48528137423856,0.,-47.));
#16580=CARTESIAN_POINT('Origin',(47.,0.,-47.));
#16581=CARTESIAN_POINT('',(38.5147186257614,0.,-47.));
#16582=CARTESIAN_POINT('Origin',(38.5147186257614,0.,-41.));
#16583=CARTESIAN_POINT('',(42.7573593128807,-5.,-45.2426406871193));
#16584=CARTESIAN_POINT('Origin',(44.,0.,-44.));
#16585=CARTESIAN_POINT('',(45.2426406871193,-5.,-42.7573593128807));
#16586=CARTESIAN_POINT('Origin',(41.,0.,-38.5147186257614));
#16587=CARTESIAN_POINT('Origin',(41.,0.,-8.48528137423856));
#16588=CARTESIAN_POINT('',(105.,-18.,0.));
#16589=CARTESIAN_POINT('',(78.5,-18.,96.5000019311431));
#16590=UNCERTAINTY_MEASURE_WITH_UNIT(LENGTH_MEASURE(0.01),#16598,
'DISTANCE_ACCURACY_VALUE',
'Maximum model space distance between geometric entities at asserted c
onnectivities');
#16591=UNCERTAINTY_MEASURE_WITH_UNIT(LENGTH_MEASURE(0.01),#16598,
'DISTANCE_ACCURACY_VALUE',
'Maximum model space distance between geometric entities at asserted c
onnectivities');
#16592=UNCERTAINTY_MEASURE_WITH_UNIT(LENGTH_MEASURE(0.01),#16598,
'DISTANCE_ACCURACY_VALUE',
'Maximum model space distance between geometric entities at asserted c
onnectivities');
#16593=UNCERTAINTY_MEASURE_WITH_UNIT(LENGTH_MEASURE(0.01),#16598,
'DISTANCE_ACCURACY_VALUE',
'Maximum model space distance between geometric entities at asserted c
onnectivities');
#16594=(
GEOMETRIC_REPRESENTATION_CONTEXT(3)
GLOBAL_UNCERTAINTY_ASSIGNED_CONTEXT((#16590))
GLOBAL_UNIT_ASSIGNED_CONTEXT((#16598,#16600,#16601))
REPRESENTATION_CONTEXT('','3D')
);
#16595=(
GEOMETRIC_REPRESENTATION_CONTEXT(3)
GLOBAL_UNCERTAINTY_ASSIGNED_CONTEXT((#16591))
GLOBAL_UNIT_ASSIGNED_CONTEXT((#16598,#16600,#16601))
REPRESENTATION_CONTEXT('','3D')
);
#16596=(
GEOMETRIC_REPRESENTATION_CONTEXT(3)
GLOBAL_UNCERTAINTY_ASSIGNED_CONTEXT((#16592))
GLOBAL_UNIT_ASSIGNED_CONTEXT((#16598,#16600,#16601))
REPRESENTATION_CONTEXT('','3D')
);
#16597=(
GEOMETRIC_REPRESENTATION_CONTEXT(3)
GLOBAL_UNCERTAINTY_ASSIGNED_CONTEXT((#16593))
GLOBAL_UNIT_ASSIGNED_CONTEXT((#16598,#16600,#16601))
REPRESENTATION_CONTEXT('','3D')
);
#16598=(
LENGTH_UNIT()
NAMED_UNIT(*)
SI_UNIT(.MILLI.,.METRE.)
);
#16599=(
LENGTH_UNIT()
NAMED_UNIT(*)
SI_UNIT($,.METRE.)
);
#16600=(
NAMED_UNIT(*)
PLANE_ANGLE_UNIT()
SI_UNIT($,.RADIAN.)
);
#16601=(
NAMED_UNIT(*)
SI_UNIT($,.STERADIAN.)
SOLID_ANGLE_UNIT()
);
#16602=SHAPE_DEFINITION_REPRESENTATION(#16605,#16610);
#16603=SHAPE_DEFINITION_REPRESENTATION(#16606,#16611);
#16604=SHAPE_DEFINITION_REPRESENTATION(#16607,#16612);
#16605=PRODUCT_DEFINITION_SHAPE('',$,#16614);
#16606=PRODUCT_DEFINITION_SHAPE('',$,#16615);
#16607=PRODUCT_DEFINITION_SHAPE('',$,#16616);
#16608=PRODUCT_DEFINITION_SHAPE($,$,#17);
#16609=PRODUCT_DEFINITION_SHAPE($,$,#18);
#16610=SHAPE_REPRESENTATION('',(#9603,#10648,#10649),#16594);
#16611=SHAPE_REPRESENTATION('',(#9604),#16595);
#16612=SHAPE_REPRESENTATION('',(#9605),#16596);
#16613=PRODUCT_DEFINITION_CONTEXT('part definition',#16624,'design');
#16614=PRODUCT_DEFINITION('\X2\65E068079898\X0\','\X2\65E068079898\X0\ 
v42',#16617,#16613);
#16615=PRODUCT_DEFINITION('\X2\96F690E84EF6\X0\1','\X2\96F690E84EF6\X0\1',
#16618,#16613);
#16616=PRODUCT_DEFINITION('\X2\96F690E84EF6\X0\2','\X2\96F690E84EF6\X0\2',
#16619,#16613);
#16617=PRODUCT_DEFINITION_FORMATION('',$,#16626);
#16618=PRODUCT_DEFINITION_FORMATION('',$,#16627);
#16619=PRODUCT_DEFINITION_FORMATION('',$,#16628);
#16620=PRODUCT_RELATED_PRODUCT_CATEGORY('\X2\65E068079898\X0\ v42',
'\X2\65E068079898\X0\ v42',(#16626));
#16621=PRODUCT_RELATED_PRODUCT_CATEGORY('\X2\96F690E84EF6\X0\1',
'\X2\96F690E84EF6\X0\1',(#16627));
#16622=PRODUCT_RELATED_PRODUCT_CATEGORY('\X2\96F690E84EF6\X0\2',
'\X2\96F690E84EF6\X0\2',(#16628));
#16623=APPLICATION_PROTOCOL_DEFINITION('international standard',
'automotive_design',2009,#16624);
#16624=APPLICATION_CONTEXT(
'Core Data for Automotive Mechanical Design Process');
#16625=PRODUCT_CONTEXT('part definition',#16624,'mechanical');
#16626=PRODUCT('\X2\65E068079898\X0\','\X2\65E068079898\X0\ v42',$,(#16625));
#16627=PRODUCT('\X2\96F690E84EF6\X0\1','\X2\96F690E84EF6\X0\1',$,(#16625));
#16628=PRODUCT('\X2\96F690E84EF6\X0\2','\X2\96F690E84EF6\X0\2',$,(#16625));
#16629=PRESENTATION_STYLE_ASSIGNMENT((#16631));
#16630=PRESENTATION_STYLE_ASSIGNMENT((#16632));
#16631=SURFACE_STYLE_USAGE(.BOTH.,#16633);
#16632=SURFACE_STYLE_USAGE(.BOTH.,#16634);
#16633=SURFACE_SIDE_STYLE('',(#16635));
#16634=SURFACE_SIDE_STYLE('',(#16636));
#16635=SURFACE_STYLE_FILL_AREA(#16637);
#16636=SURFACE_STYLE_FILL_AREA(#16638);
#16637=FILL_AREA_STYLE('FR4',(#16639));
#16638=FILL_AREA_STYLE('\X2\58516599\X0\ - \X2\670951496CFD\X0\(\X2\70708272\X0\)',
(#16640));
#16639=FILL_AREA_STYLE_COLOUR('FR4',#16641);
#16640=FILL_AREA_STYLE_COLOUR('\X2\58516599\X0\ - \X2\670951496CFD\X0\(
\X2\70708272\X0\)',#16642);
#16641=COLOUR_RGB('FR4',0.266666666666667,0.466666666666667,0.4);
#16642=COLOUR_RGB('\X2\58516599\X0\ - \X2\670951496CFD\X0\(\X2\70708272\X0\)',
0.701960784313725,0.701960784313725,0.701960784313725);
ENDSEC;
END-ISO-10303-21;
