:020000040800F2
:10000000B025002029010008CD5D00083940000816
:1000100000000000000000000000000000000000E0
:1000200000000000000000000000000071670008F0
:100030000000000000000000F95E0008896C000864
:100040003B0100083B0100083B0100083B010008A0
:100050003B0100083B0100083B0100083B01000890
:100060003B0100083B010008192F00083B01000874
:100070003B0100083B0100083B0100083B01000870
:10008000596D00083B0100083B0100083B010008D6
:100090003B0100083B0100083B0100083B01000850
:1000A0003B0100083B0100083B010008298A0008C9
:1000B0003B0100083B0100083B010008B198000823
:1000C0004B1C70B4111C5B084A880E88024406441D
:1000D00015683468356014605568746875605460DC
:1000E000091D5B1EF0D170BC70474B1C70B4111C15
:1000F0005B084A880E885208760802440644156850
:10010000346835601460091D5B1EF2D170BC704705
:100110000448854601F08EFE004800479DAF000868
:10012000C046C046B0250020044880470448004728
:10013000FEE7FEE7FEE7FEE7FEE7FEE7DD6C000810
:1001400011010008002A1FD0F8B516460D460446D6
:10015000606827680146083401F04EFA394600907D
:10016000084601F049FA009901F0EDF92F46012106
:100170002D1DC905884202DB0BF04CF800E0002081
:100180003860761EE4D1F8BD7047F3B59BB01B987C
:100190000C46008881000D191B99400849680C9095
:1001A0008000061947190C98089180080A950B944D
:1001B0000D907ED02068049062681792A268189211
:1001C000E26819922A68069269680591A9681091F7
:1001D000E96811913368169373680393B1681491B9
:1001E000F16815913968129179681391BB680E9383
:1001F000FB6811460F9301F0A6F901C40599179801
:1002000001F0A1F901C41099189801F09CF901C4FA
:100210001199199801F097F901C40699049801F011
:10022000E3F906900599179801F0DEF90590109909
:10023000189801F0D9F910901199199801F0D4F992
:1002400011901299169801F07EF901C6139903983E
:1002500001F079F901C60E99149801F074F901C6FC
:100260000F99159801F06FF901C61699129801F0CF
:10027000BBF912900399139801F0B6F913901499F1
:100280000E9801F0B1F90E9015990F9801F0ACF9A4
:100290000F90089800680190089841680830009114
:1002A00008900199069801F0A7F904900099059823
:1002B00000E07EE001F0A0F903900199059801F0BB
:1002C0009BF905900099069801F096F9069003991C
:1002D000049801F038F901C50699059801F084F9F0
:1002E00001C50099129801F087F9049001991398BB
:1002F00001F082F903900099139801F07DF90590BF
:100300000199129801F078F906900399049801F088
:100310006BF901C70699059801F015F901C708980E
:100320000068019008984168083000910890019990
:10033000109801F061F904900099119801F05CF9AE
:1003400003900199119801F057F9059000991098C0
:1003500001F052F906900399049801F0F4F801C5F0
:100360000699059801F040F901C500990E9801F031
:1003700043F9049001990F9801F03EF90390009918
:100380000F9801F039F9059001990E9801F034F9B0
:1003900006900399049801F027F901C7069905987A
:1003A00001F0D1F801C70D98401E0D90002800D033
:1003B00000E71B98022342680C990B9800F02EFC72
:1003C0001B98022342680C990A9800F027FC1DB084
:1003D000F0BDF3B5A9B029982A9A00882292410865
:1003E0008800841805192394221F199246192A1F80
:1003F0001892321F219680182495179029980E92F2
:1004000040680B900A900D904808159004201690B3
:1004100006200C9028682A9F01903F6801463846C4
:1004200001F091F802903846019901F0DDF803904F
:10043000686807902A9F01467F68384601F083F874
:1004400000903846079901F0CFF8019060680F904E
:100450000146039801F077F87168099101F0C4F83A
:100460001490206807900146019801F0BDF83768A4
:10047000394601F068F813900799029801F0B4F832
:10048000394601F0B1F812900F99009801F0ACF8DC
:10049000099901F0A9F811900F99039801F0A4F8B7
:1004A000099901F050F810900799019801F04BF864
:1004B000394601F099F80F900799029801F043F836
:1004C000394601F040F82A9F38602A9F61683F1D35
:1004D000009801F038F8716801F035F801C72A97E3
:1004E00014982060139860601298286011986860D2
:1004F000109830600F9870600D98083408300D9097
:100500000A98083510300A900B98083618300B906E
:100510001598801E40081A9000287ED016988000FA
:1005200020900C9880001F90286801902A980199CB
:100530000768384601F007F802903846019901F043
:1005400053F80390686807902A98079947683846D7
:1005500000F0F9FF00903846079901F045F8019046
:10056000606807900146039800F0EDFF71680C91F8
:1005700001F03AF81490206808900146019801F0C3
:1005800033F83768394600F0DEFF13900899029877
:1005900001F02AF8394601F027F8129007990098DF
:1005A00001F022F80C9901F01FF8119007990398B7
:1005B00001F01AF80C9900F0C6FF10900899019804
:1005C00000F0C1FF394601F00FF80F90089902982A
:1005D00000F0B9FF394600F0B6FF2A9908602A9F5B
:1005E00061683F1D009800F0AEFF716800F0ABFF3E
:1005F00001C70E982A978038C06F02901998029907
:100600008038C76F384600F09EFF00903846029948
:1006100000F0EAFF01900E9800E050E100680790BA
:10062000199807990768384600F08DFF0290384600
:10063000079900F0D9FF07460390179800680990C2
:100640001898099900680C9000F0CEFF2590019948
:1006500000F079FF18991E9080392691C96F3846AD
:10066000089100F0C1FF0246179880382790C76FA5
:100670001046394600F067FF1D900899009800F079
:10068000B3FF394600F0B0FF1C900C99029800F0BF
:10069000ABFF099900F0A8FF1B900199259800F085
:1006A000A3FF16903846089900F09EFF039900F0CA
:1006B0009BFF01900C99029800F045FF099900F00A
:1006C00042FF19990860199F391F199126990098BE
:1006D000C96F00F038FF02462798C16F104600F03E
:1006E00032FF1999083F08600D9819970068029029
:1006F0000D980299476808300D90149800F07CFF1F
:1007000007903946139800F077FF039002991398E9
:1007100000F072FF08903946149800F06DFF0990C0
:100720000399079800F00FFF01C40999089800F099
:100730005BFF01C439461D9800F05EFF07900299E7
:100740001E9800F059FF039039461E9800F054FFA0
:10075000089002991D9800F04FFF0990039907989F
:1007600000F042FF18990860189F0898391F1891E7
:10077000099900F0E8FE1899083F08600A98189750
:10078000006802900A98406800900A9920984018E2
:100790000A900299129800F02FFF07900099119883
:1007A00000F02AFF03900299119800F025FF0890AD
:1007B0000099129800F020FF07460399079800F06F
:1007C000C2FE01C53946089800F00EFF01C501219F
:1007D0001B98C9074840029900F00EFF0746009990
:1007E0001C9800F009FF039002991C9800F004FF88
:1007F000089000991B9800F0FFFE09903846039975
:1008000000F0F2FE0E9908600E9F391F0E910899B4
:10081000099800F0E9FE0E99083F08600B980E97C2
:10082000006802900B981F99476808180B9002996E
:10083000109800F0E1FE079039460F9800F0DCFEBA
:10084000039002990F9800F0D7FE0890394610984F
:1008500000F0D2FE09900399079800F074FE01C6DB
:100860000999089800F0C0FE01C63946019800F0C9
:10087000C3FE07900299169800F0BEFE0390394619
:10088000169800F0B9FE08900299019800F0B4FEA5
:1008900009900399079800F0A7FE17990860179F21
:1008A000391F17910999089800F04DFE1799083FD4
:1008B00008601A981797401E1A9000D034E62868EE
:1008C00001902A9801990768384600F03CFE029092
:1008D0003846019900F088FE0390686801902A98D4
:1008E00001994768384600F02EFE0090384601997D
:1008F00000F07AFE019060680C900146039800F0C9
:1009000022FE7768394600F06FFE14902068099047
:100910000146019800F068FE3168079100F013FE6F
:1009200013900999029800F05FFE079900F05CFEB1
:1009300012900C99009800F057FE394600F054FED2
:1009400011900C99039800F04FFE394600F0FBFD22
:1009500010900999019800F0F6FD079900F044FE07
:100960000F900999029800F0EEFD079900F0EBFD59
:100970002A9908602A9F6168009800F0E4FD716878
:1009800000F0E1FD78600D980768406800903946F6
:10099000149800F031FE07900099139800F02CFE97
:1009A00003903946139800F027FE08900099149898
:1009B00000F022FE07460399079800F0C4FD20606E
:1009C0003946089800F010FE60600A98046847688D
:1009D0002146129800F010FE07903946119800F059
:1009E0000BFE03902146119800F006FE0890394650
:1009F000129800F001FE04460399079800F0A3FD49
:100A000028602146089800F0EFFD68600B980468A4
:100A100045682146109800F0EFFD079029460F9891
:100A200000F0EAFD074621460F9800F0E5FD08902A
:100A30002946109800F0E0FD04463946079800F07A
:100A400082FD30602146089800F0CEFD7060299844
:100A5000042342681599229800F0E0F829980423AD
:100A600042681599239800F0D9F829980423426820
:100A70001599249800F0D2F8299804234268159912
:100A8000219800F0CBF82BB0F0BDFFB5012605880A
:100A9000F60781B017460446012A15D10298001DB9
:100AA000002D11D00838E90703D0816871408160BA
:100AB0000830690808D0826872408260026972401A
:100AC00002611030491EF6D1FF210131681A8D42B2
:100AD00064D008DC102D5CD0202D5FD0402D10D0CC
:100AE000802D14D155E0FF38401E0AD0FF38FF3862
:100AF000801E4ED001218902401A4FD04900884201
:100B000005D1294601236268029800F087F804980D
:100B1000002804D0A189A2680298FFF7D1FA012F1A
:100B200035D1284600F083FF01467F20C00500F044
:100B3000A0FD029C0746002D29D0083CE8070BD0F9
:100B40003946A06800F058FDA060E0683946704062
:100B500000F052FDE06008346D0818D03946A068F6
:100B600000F04AFDA060E0683946704000F044FDA6
:100B7000E0603946206900F03FFD20616069394638
:100B8000704000F039FD606110346D1EE6D105B093
:100B9000F0BD20460299FFF7F8FAB8E7204602991F
:100BA000FFF717FCB3E70000FFB583B00021019108
:100BB00002C8049C06460091641E17D016492046C0
:100BC0008C421BD8002C11DD0027054631680098A7
:100BD00000F0DCFF05D2306800900498C019001BBB
:100BE00001906D1E361D7F1C002DEFD105990098D8
:100BF000086006990198086007B0F0BD20CE009803
:100C0000294600F0C3FF03D204980095001B019011
:100C1000641EF3D1EAE70000FFFFFF7FFFB5B3B02A
:100C2000349D04462395ED0800267019059040195F
:100C30000490401941194F190290781907904019F2
:100C40000690C8000C9020580990F0000B90205896
:100C50000390099900F077FC01900999039800F03E
:100C6000C3FC0990F800129020580390059803994E
:100C7000C0000A902758384600F065FC05903846B9
:100C8000039900F0B1FC08900798C0001390205819
:100C9000039004980399C700E059049000F053FCB6
:100CA00010900399049800F09FFC0F900698C000E4
:100CB00015902058039002980399C0001690205870
:100CC000049000F040FC02900399049800F08CFC22
:100CD0000E901099019800F087FC049010990198EB
:100CE00000F031FC01900299059800F07DFC109015
:100CF0000299059800F027FC01460590019800F044
:100D000022FC01460B9821500599019800F06CFCDB
:100D100001460C9821500C9800191D9040680390D2
:100D20000B9800191C9040680290039900F00BFC8E
:100D300001900399029800F057FC06901298001950
:100D40001E90406803900A98039900191B90406810
:100D5000029000F0F8FB05900399029800F044FC23
:100D60000790139800191A90406803903819199049
:100D700040680290039900F0E6FB0B9003990298FB
:100D800000F032FC0D9015980019189040680C90F6
:100D900016980C99001917904068039000F0D3FB47
:100DA00002900C99039800F01FFC0C900B9901988D
:100DB00000F01AFC03900B99019800F0C4FB01901D
:100DC0000299059800F010FC0B900299059800F02C
:100DD000BAFB01460590019800F0B5FB01461C984E
:100DE00041600599019800F0FFFB01461D984160A4
:100DF0000B99049800F0A7FBE0510B99049800F0C0
:100E0000F3FB0146139821501099039800F0ECFB76
:100E10000146199841601099039800F094FB01462F
:100E20001A9841600E99089800F0DEFBFE4F394693
:100E300000F0E2FB01900E99089800F084FB39461F
:100E400000F0DAFB08900C99079800F0CDFB3946CA
:100E500000F0D2FB05900C99079800F074FB39461E
:100E600000F0CAFB07900199099800F0BDFB0490BF
:100E70000199099800F067FB099008990F9800F014
:100E8000B3FB0E9008990F9800F05DFB0F90059949
:100E9000069800F0A9FB03900599069800F053FB13
:100EA000069007990D9800F09FFB0C9007990D98FC
:100EB00000F049FB01460D90099800F044FB014603
:100EC0000A9821500D99099800F08EFB014615985B
:100ED00021500C99049800F036FB014612982150DD
:100EE0000C99049800F080FB0146169821500F9948
:100EF000069800F079FB01461B9841600F9906980F
:100F000000F021FB0146189841600E99039800F00B
:100F10006BFB01461E9841600E99039800F013FB8D
:100F2000014617984160239836183498864200D2BB
:100F30007BE6082D7ED300201E9001201D9036995F
:100F40001E984018820017184600331839181E9052
:100F5000081801901E98BC46C000359F079038586D
:100F60002190F000069038583E46DF002090F0595E
:100F7000BE46D2001F90B0586746FB001C90F05848
:100F80001B903598CE0080591A900198359FC1006A
:100F90003598405819900798C019406818900698DD
:100FA000C019406817903846704440681690D019B0
:100FB00040681590D81940681490359830184068EA
:100FC000139035981D9E081840681290701905906E
:100FD0004019049040190290401941194F19089185
:100FE0007919C0000691289020580A90F0000390CB
:100FF000205809900A9900F0A6FA01900A990998D8
:1010000000F0F2FA08990990C8002A9020580A9036
:1010100005980A99C00029902058089000F093FA8A
:1010200005900A99089800F0DFFA0890F8002790D8
:10103000205800E032E2079004980799C0002690FB
:101040002758384600F07FFA10903846079900F08C
:10105000CBFA06990F90C800259020580690029868
:101060000699C700E059049000F06DFA02900699C5
:10107000049800F0B9FA0E901099019800F0B4FAB3
:1010800004901099019800F05EFA01900299059879
:1010900000F0AAFA10900299059800F054FA01465F
:1010A0000590019800F04FFA0146039821500599E8
:1010B000019800F099FA059028980019309040683E
:1010C00001900398019900192D904068039000F059
:1010D0003AFA02900199039800F086FA06902A984D
:1010E00000193290406803902998039900193190B3
:1010F0004068019000F027FA0A900399019800F0E7
:1011000073FA0790279800192C904068039026984E
:1011100000192B9040680190039900F014FA0B908D
:101120000399019800F060FA0D90259800192F900E
:101130004068039038192E9040680190039900F0A0
:1011400002FA22900399019800F04EFA0C900B9944
:10115000029800F049FA03900B99029800F0F3F915
:10116000029022990A9800F03FFA0B9022990A986F
:1011700000F0E9F90A900B99049800F0E4F9019065
:101180000B99049800F030FA04900A99029800F044
:10119000DAF901462D9841600A99029800F024FA84
:1011A0000A901099039800F01FFA02901099039882
:1011B00000F0C9F9039005991C9800F01DFA1090F1
:1011C0000A99159800F018FA0B900A991C9800F0EB
:1011D00013FA0A900599159800F00EFA05900B99EC
:1011E000109800F0B0F901462898215005990A9806
:1011F00000F0FAF90146309841600199209800F01A
:10120000FBF910900299179800F0F6F90B900299EB
:10121000209800F0F1F90A900199179800F0ECF984
:1012200005900B99109801E0F304353F00F08BF91D
:1012300001462698215005990A9800F0D5F90146F3
:101240002B98416004991A9800F0D6F910900399F0
:10125000139800F0D1F90B9003991A9800F0CCF98B
:101260000A900499139800F0C7F905900B9910980B
:1012700000F069F901462798215005990A9800F075
:10128000B3F901462C9841600E99089800F0ACF92A
:10129000834900F0B1F901900E99089800F053F9D4
:1012A0007F4900F0A9F908900C99079800F09CF983
:1012B0007B4900F0A1F902900C99079800F043F9DE
:1012C000774900F099F907900199099800F08CF995
:1012D00004900199099800F036F9099008990F983F
:1012E00000F082F90E9008990F9800F02CF90F90F9
:1012F0000299069800F078F903900299069800F098
:1013000022F9069007990D9800F06EF90C90079954
:101310000D9800F018F901460D90099800F013F9A6
:1013200001900D99099800F05FF909900C990498C3
:1013300000F009F908900C99049800F055F9049010
:101340000F99069800F050F902900F99069800F056
:10135000FAF806900E99039800F046F907900E9956
:10136000039800F0F0F803900199219800F044F9F7
:1013700010900299189800F03FF90B90029921986B
:1013800000F03AF90A900199189800F035F90590A3
:101390000B99109800F0D7F801462998215005992B
:1013A0000A9800F021F9014631984160099919988D
:1013B00000F022F910900699129800F01DF90B9098
:1013C0000699199800F018F90A900999129800F0F6
:1013D00013F905900B99109800F0B5F8014625987F
:1013E000215005990A9800F0FFF801462F984160B6
:1013F00008991B9800F000F910900799149800F0D4
:10140000FBF80B9007991B9800F0F6F80A900899E2
:10141000149800F0F1F805900B99109800F093F8EB
:1014200001462A98215005990A9800F0DDF80146F6
:101430003298416004991F9800F0DEF810900399EB
:10144000169800F0D9F80B9003991F9800F0D4F883
:101450000A900499169800F0CFF805900B9910980F
:1014600000F071F8E05105990A9800F0BDF80146C6
:101470002E984160239836183498864200D2A5E50C
:101480001D98401C1D90A84200D258E53698C00413
:10149000000C3690072D01D9FFF7C4FB37B0F0BD23
:1014A000F304353F30B50B460146002020220124CD
:1014B00009E00D46D5409D4205D31D469540491B88
:1014C0002546954040191546521E002DF1DC30BDD1
:1014D00070B500242546002801DA01244042002985
:1014E00001DA01254942FFF7DDFFAC4200D040425E
:1014F000002C00D0494270BDD2B201E00270401C05
:10150000491EFBD270470022F6E710B513460A4683
:1015100004461946FFF7F0FF204610BD421E5378DF
:10152000521C002BFBD10B781370491C521C002B52
:10153000F9D1704703460A780270401C491C002A02
:10154000F9D118467047F8B502464A40D40F420018
:101550004B0052085B089A4202D2024608461146E6
:101560004A0023D0C30D4A00DDB2120EAD1A202D61
:1015700035DA49020126490AF6058A19002C00D0FD
:10158000524220214F1B1146B9402A411018C20D6A
:101590009A4221D0002C17D0012D08DCDA05801AE0
:1015A000D20F8019D207DBB200F05FFBF8BDDA057D
:1015B000801A012340001B06C01880185A42801868
:1015C000CA0F1043490007E04908C2071143DA0572
:1015D000801A80194008801800F03FFBF8BD6100B8
:1015E0000122511A001BF7E70122D2075140AAE756
:1015F0000122D2075040A6E7024670B54A40D30FF9
:10160000DB0740002DD04A002AD0010E140E000244
:1016100012020919400A520A8418E501044654438B
:10162000000A120A2E045043A4194219200CC54383
:10163000AA18120C0125AD03521C521912047F394D
:10164000240400D0521C104301D44000491EC2B2F1
:101650000C06C0092018401C4008802A02D003E074
:10166000002070BD40084000002900DA0020184327
:1016700070BD70B502464A40D50F40004A00ED07E4
:1016800040085208002814D0002A12D0C40DD30DEF
:1016900041020120C0055202490A520AE41A0918FF
:1016A00012187D34914201D3641C00E04900002CE3
:1016B00001DA002070BD0023914201D3891A03434F
:1016C000400849000028F7D100290AD0914202D1F0
:1016D0000121C90705E0914201D2012101E0012168
:1016E000C943E005C018401900F0B7FA70BD00000A
:1016F000F0B507460846584087B0C00F0490480030
:101700000E46590040084908BC1A884105D238469F
:1017100031461E4617460B46024658004008104305
:101720004DD0300D039040055900400D490D0590F6
:10173000401A0290402873DA18030121000B0905B2
:101740000843019004980092002806D01146019A9F
:1017500049420020904100910190029840210A1ACC
:101760000199009800F056FA05460C466B4607CBE7
:1017700000F060FAC0197141039A0E0D0023D717CB
:1017800056401A467A40164344D0049A002A2DD077
:10179000029A012A039A15DC1205C01A914101260A
:1017A0003605001C7141D20F059ED20700930192AD
:1017B00002962A46234600F0CAFA07B0F0BD384622
:1017C0003146FAE71605234A0F46B218C01AB74148
:1017D00001210905001C4F4100187F4111461818CE
:1017E0007941E20F10436D19644113E0E2076D087F
:1017F00015436408C2071443039A01261205C01A50
:1018000091413605001C7141CE074008304349081C
:10181000C01851412A46234600F08CFACDE7FFE775
:10182000049801224000C117121A00238B4104982A
:101830003146C417381AA141EEE730B40124E40759
:10184000634030BC54E730B40124E407614030BC4D
:101850004EE700000000E0FFF0B51FB488B00B9920
:101860000998002448400999C00F49004908099186
:10187000C0070B990090490049080B9109990898F5
:10188000A64608431CD00B990A98084318D009981B
:1018900001244000420D4800410D09982405000331
:1018A000000B204309900B980003000B20430B9082
:1018B00050181C494018002201901446104605E0BB
:1018C000002001460DB0F0BD032801DA034600E018
:1018D00003239C46C11A0AAE0AE05F0008ADED5B27
:1018E0004F00F75B7D430027AA187C41491C5B1E13
:1018F0006145F2DD410004AB5A522104120C0A4347
:10190000240C401C0828DFDB0198029000997046E7
:1019100001910090059B049A0799069800F017FA28
:10192000D0E700000DFCFFFFF0B50C465C4085B031
:10193000E40FE40703944C00002664085900944621
:10194000490802460296224321D062460A431ED02D
:101950006200570D4A000E032303550D0124024671
:101960002C492405781B1B0B360B401823432643B8
:10197000614600901C46501AB44103D30098401CA5
:10198000009002E0921800985B41002803DA0020E2
:10199000014605B0F0BD0020012109050746864635
:1019A00011E064461D46141BB54106D36546521B23
:1019B000B341744607430C43A646CD074008490887
:1019C000284392185B4105460D43EAD1104618435F
:1019D00013D06046194650407140084306D0604617
:1019E000101AB34106D20122002306E0002201238F
:1019F000DB0702E00122D243531000987446010530
:101A0000381C6141029C039D0019694100F092F964
:101A1000BFE70000FD030000C217C10F504010B522
:101A20004018CA079623002100F01FF910BD10B519
:101A300000229623114600F018F910BD0EB5C2170A
:101A4000C10F5040CA0740180021054B0293019274
:101A500000910A460B4600F07AF903B000BD000081
:101A6000330400000EB505490291002100910A4699
:101A70000B46019100F06BF903B000BD3304000088
:101A8000C20F410040020123400ADB05D207090EC4
:101A9000C0187F2901DA00207047962903DC9623BD
:101AA000591AC84001E096398840002AF4D04042D3
:101AB0007047410040020122400AD205090E8018F9
:101AC0007F2901DA00207047962903DC9622511AFB
:101AD000C8407047963988407047C20FD20740000F
:101AE00040080BD0C10D0723DB01C91840020905CE
:101AF000400A1143C20840071143704700200146C5
:101B00007047000010B5002904DB0124E4074042BF
:101B10008C412146002B04DB1C460123DB0752428B
:101B2000A3418B4200D1824210BD000010B50029B4
:101B300004DB0124E40740428C412146002B04DBF6
:101B40001C460123DB075242A341994200D1904237
:101B500010BD0000CB0FDB07490010B54908024655
:101B60000A4307D00A0D07240903E401090B121BDD
:101B7000002A01DC002010BDC900440F0C43C10045
:101B8000E018D205801800F068F810BD0122D207D5
:101B9000002800DB101A002900DB511A814270472F
:101BA0000122D207002800DB101A002900DB511A9D
:101BB00088427047F0B51FB40646002082B0054643
:101BC0004024019100901BE0019922460F463046C7
:101BD00000F042F9049A059B801A994110D31046EF
:101BE0001946224600F016F8361A8F410197224610
:101BF00001200021009F00F00DF838184D410090A1
:101C00002046641E0028DFDC019B009829463246EE
:101C100007B0F0BD10B5202A04DB0146203A914000
:101C2000002010BD914020239C1A0346E340194335
:101C3000904010BD10B5202A06DBCB170846203A8D
:101C40001041C1170B4306E00B461341D04020243E
:101C5000A21A91400843194610BD002904DA401C1D
:101C6000490001D140084000704770B40024050CC1
:101C700005D11024000402D1002921D01124050E21
:101C800001D100020834050F01D10001241D850F88
:101C900001D18000A41C002801DB4000641C002945
:101CA00008D020252E1B0D46F540A14000D0012173
:101CB0002943084301061B1B000ADB1D02D5002037
:101CC00070BC7047DB05181880180029F8DA401C32
:101CD0004900F5D170BC40084000704770B500283D
:101CE00001DC002070BD410040020126400AF605DB
:101CF000090E8019CA0701D14000491E4D1000226B
:101D000011463F353346CB409B18D418844201D846
:101D1000001B1A464000491C1729F3DD510081427F
:101D200002D20021C94300E00021E8058018FFF736
:101D300094FF70BD10B5002B08DA0024401C6141EF
:101D400092185B411A4301D14008400010BDF0B524
:101D50001FB482B005460C0003D0084607F036FFDA
:101D600002E007F033FF203002460090214628466B
:101D7000FFF750FF049B059A04460F461843114392
:101D8000084314D0184610431BD0009840210A1A6B
:101D90001846059900F060F805460E46009A059928
:101DA0000498FFF737FF084305D0012004E02046E0
:101DB000394607B0F0BD0020C11705430E432C4340
:101DC000374300990E986305401A7905E40A00220A
:101DD0000C43FD0A0A3002D500200146E9E701055F
:101DE000101969410C9C0D9D00196941FFF7A2FF74
:101DF000DFE700004A0009030123090B1B05194313
:101E00000A4B10B5520D9A4202DA0020014610BD6D
:101E1000064B34339A4203DC9A1A00F01DF810BDC9
:101E2000034BD218FFF7F6FE10BD0000FF030000C1
:101E3000CDFBFFFF064C0125064E05E0E36807CC0D
:101E40002B430C3C98471034B442F7D3FEF764F9A7
:101E5000484501086845010810B5202A04DB0846FA
:101E6000203AD040002110BD0B46D340D040202462
:101E7000A21A91400843194610BD420005D0420005
:101E8000120E52428A4201DB00207047C905081831
:101E9000704770B54B005B0803430BD04B005C0DE3
:101EA000002633466542B341D417AD1AA34102DB85
:101EB0000020014670BD12053018514170BD000070
:101EC00070B5CD0F4A0009030123090B1B05194307
:101ED0000B4BED070024520D9A4201DA002070BD31
:101EE000074B34339A4203DC9A1AFFF7B5FF02E03E
:101EF0000449511888402C43F1D0404270BD000085
:101F0000FF030000CDFBFFFF70B58C180578401C67
:101F10006B075B0F01D10378401C2A1106D10278B0
:101F2000401C03E006780E70401C491C5B1EF9D172
:101F30002B0705D40023521E0DD40B70491CFAE761
:101F40000378401CCB1A921C03E01D780D70491CCD
:101F50005B1C521EF9D5A142D8D3002070BD10B52C
:101F60000B460021846A1C43846200BF0C46144364
:101F70002146416110BD01617047002904D082688B
:101F800001231A43826003E0826802231A438260BD
:101F90007047000010B504460548844207D101216E
:101FA000401504F08BF90021601504F087F910BD8D
:101FB0000024014030B501460020002200238C6837
:101FC0000125ED072C438C6000BF8C68E30FDB0715
:101FD000521C0F242403A24201D0002BF5D18C689F
:101FE000E40FE407002C01D1086C00E0002030BDB4
:101FF00030B5024600200023012424060C40002CAA
:1020000005D0946801252D06AC43234600E01368F3
:102010001C460C40002C01D0012000E0002030BD07
:1020200010B50022C268084B1A400C7964030B6893
:1020300023438C682343CC6823430C6923434C69B6
:1020400023431A43C26010BD03D2FFFF0021016089
:1020500001718160C160016141617047002807D052
:1020600007498968012292051143054A916006E0FB
:1020700003498968012292059143014A91607047A2
:102080000027014010B51B48007B012816D11948D4
:10209000C07A00282CD000211648C172012000F01F
:1020A0003BF9044604F052F8002803D002211148FD
:1020B00001731DE001210F48817219E00D48007B7A
:1020C000032815D10B48C07A002811D000210948F7
:1020D000C172002000F020F9044603F01DFF002823
:1020E00003D004210348017302E0012101488172F9
:1020F00010BD000024040020FEB501204004484922
:1021000088620520486108468068042108434449E4
:10211000886000BF04214248FFF76AFF0028F9D019
:102120003F4940310868FFF782FC02903C488068D4
:10213000042108433A49886000BF04213848FFF76A
:1021400057FF0028F9D0364940310868FFF76FFC87
:1021500002903449488BFFF76AFC33490090FFF73F
:102160004BFA01900299FFF784FA0746FFF788FCC3
:10217000054608202A4988620846806804210843E9
:102180002749886000BF04212548FFF731FF002858
:10219000F9D0234940310868FFF749FC02902048F4
:1021A0008068042108431E49886000BF04211C4840
:1021B000FFF71EFF0028F9D0194940310868FFF7E2
:1021C00036FC029019480068401C1849086008460F
:1021D0000068632801DD002008600298FFF769FCB1
:1021E000124909684900124A50520026002409E0A9
:1021F00061000F4A515A694308460E49FFF768F9D2
:102200008619641C642CF3DB64213046FFF74AF91D
:102210000949488740200249886200204861FEBD84
:1022200000240140A0F7FF1F00404E450800002099
:10223000C8130020980A00000404002000B587B0ED
:102240000121480204F02AF81B48FFF7A3FE0021F1
:102250001948FFF790FE0120FFF700FF01A8FFF7E4
:10226000F5FE0020019069460872039005900690E3
:1022700001A91148FFF7D4FE002240210E48FFF7C4
:102280006EFE0D48FFF796FE01210B48FFF775FE25
:1022900000BF01210848FFF7ABFE0028F9D006482F
:1022A000806804210843044988600449C86B00F031
:1022B00007F807B000BD000000240140040500201D
:1022C0001FB504460121022003F0C8FF684604F050
:1022D000D5FE21460E48FFF7FBF801900021684625
:1022E00001800181418069460A4804F089FE01228B
:1022F0001146084804F013FE1021684601730021BE
:1023000041730121817303A803F062FD1FBD00002A
:10231000006CDC020004004070B504460022114B42
:10232000002111E04D001048405B904202DD4D005D
:102330000D48425B4D000C48405B984202DA4D006C
:102340000948435B481C81B28029EBDB002C03D099
:1023500005483C3842868386D51AE80F4019C003E9
:10236000000C70BDFFFF00004004002010B50446C3
:1023700001F05CFA204601F0C7F901F009FA10BD3E
:1023800001460868704770B504460D4601F04EFAE4
:102390002946204601F006FA01F0FAF970BD02461E
:1023A000138A0B40002B01D0012000E00020704771
:1023B000002A01D0816100E00185704700B585B039
:1023C0000120400200900221684601710321417101
:1023D000002181710121C17169460920C00601F007
:1023E00077FC02220921C80601F0BAFC0121C802CB
:1023F00003F054FF00216846018141810A4803909F
:1024000068460182817402A9084804F0F9FD0020A1
:1024100000F00EF80121054804F0D0FC012103482A
:1024200004F0E6FC05B000BD71450000002C014041
:1024300010B586B004467021684681800121C180B4
:1024400004210181002C06D00C48007C6F21C900BA
:102450004843039001E00020039002216846018276
:1024600000214182FF21013181820021C18201A925
:10247000034804F05FFD06B010BD0000B803002063
:10248000002C0140002806D006490968402211436B
:10249000044A116005E00349096840229143014A5A
:1024A00011607047006C004010B50121C80603F0B0
:1024B000D5FE0120400700F019F80120FFF7E2FFE8
:1024C000012000F001F810BD002806D00649096877
:1024D00020221143044A116005E0034909682022C3
:1024E0009143014A11607047006C004005494968FA
:1024F000032212079143034A516011464968014380
:1025000051607047006C00407CB5002600200090B0
:102510007EE16846808805072D0F002D7ED1684634
:10252000808810210840002816D1BF480068BF49A4
:102530000840BD490860BE4C207801F07DFCA061D8
:10254000A169206940182061BA48006800214268EA
:102550002046183890475BE1B54CA034B24800687B
:1025600081B20091684600880121C9020840002814
:102570001AD0207801F04EFCA061208B82B2A18895
:102580002046A83803F0A6FCA74800684004400C89
:10259000A64980310840A4490860A64800688168BF
:1025A0002046B838884733E1684600880121C903CE
:1025B00008400028ACD09C4800684004400C9B496F
:1025C0008031084098490860207801F023FCA06120
:1025D000A069002809D0238B9AB2A188206903F052
:1025E00079FCA169206940182061924800680021A7
:1025F00002688F48183890478B484030006980B295
:10260000801D8D4A8118E2683E2A11D9E268D20203
:10261000100C227BD206D20E002A00E026E001D167
:10262000421E90B282020123DB031A430A800CE0AF
:10263000E268D203100C227BD207D20F002A01D00D
:10264000421C90B28206120C0A80774909687B4AC4
:1026500011400846012109034840490048408900CB
:10266000014380221143704A1160D1E0A8006E49F5
:102670004018006881B20091684600880121C903B2
:10268000084000285FD0A80067494018006840044F
:10269000400C664980310840A900634A89180860E7
:1026A000282068436249A0314418A07A00280BD141
:1026B000207801F0AFFB0646002E28D0A1883246D4
:1026C000206903F007FC22E0207801F075FB01216E
:1026D0008903084000280BD0207801F077FB0646DC
:1026E000002E10D0E1883246206903F0F3FB0AE0A7
:1026F000207801F07DFB0646002E04D02189324669
:10270000206903F0E7FB2078002101F0B9FAA06905
:102710008019A0612069801920616069002802D0B9
:10272000E068B04207D92178424800680268404812
:102730001838904707E0A08A83B221783C481838BF
:10274000226900F0A3FA684600888021084000282A
:102750005ED02820684336494418A8003249401802
:10276000006832490840A9002F4A89180860A07AF9
:1027700000280DD1207801F05FFBA061A06900283E
:102780002CD0238B9AB2A188206907F02DF925E07F
:10279000207801F011FB4021084000280DD020785E
:1027A00001F014FBA061A069002813D0238B9AB21A
:1027B000E188206907F018F90CE0207801F018FB97
:1027C000A061A069002805D0238B9AB221892069D5
:1027D00007F00AF92078012101F052FA207801F07F
:1027E0002BFBA061A1692069401820616069002865
:1027F00007D121780F48006842680D481838904783
:1028000006E021780A4818386369226900F0E6FA80
:1028100005484030406880B201900121C90308405A
:10282000002800D075E67CBD005C00400F8F0000E2
:1028300078120020D0000020006000408FBF000010
:1028400008B500201249487008F078FB02201149B1
:102850000871002001F0C0FF0FA0124B202233218D
:102860000090372002F07EFA7D20C00007F060FD66
:102870000121FF20F53008F02FFB0BA007F06AF9CB
:102880000022012189020920C006FFF791FD08BD41
:10289000C4110020F8030020D0A3D7BCBDE1CAF8C2
:1028A00000000000FFFF0000506F776572204F6648
:1028B000660A000081000A4A89180968121411404A
:1028C00000290BD08100064A89180968054A114081
:1028D000054A11438200024BD21811607047000074
:1028E000005C00408F8F000080C0000081000A4A19
:1028F000891809684022114000290BD08100064A3E
:1029000089180968054A1140054A11438200024BA3
:10291000D218116070470000005C00408F8F0000EB
:10292000C080000010B5012000F072FF0521C9042D
:10293000002003F037FE012003F020FE00BF192025
:1029400003F0F0FD0028FAD0022003F03DFE00BFA6
:1029500003F00CFE0828FBD10121800303F06EFC7C
:102960000121880403F06AFC0121C80403F066FC1D
:102970000121080503F062FC0121880503F05EFCDB
:1029800010BD0000002907D0074A126801238340C8
:102990001A43054B1A6006E0034A1268012383407C
:1029A0009A43014B1A60704700740040002908D018
:1029B000084A126801231B0383401A43054B1A601F
:1029C00007E0044A126801231B0383409A43014B2A
:1029D0001A6070470074004010B50121480703F0E9
:1029E0004DFC00210120400703F048FC10BD000011
:1029F00030B5002200230A4C22680A4C8440154658
:102A0000A5432A464D680C682C438D682C43CD683D
:102A10002C4323461C4684402243014C226030BD97
:102A200000740040FE0F0000044989690122D203AE
:102A30001143024A9161012181707047405C00405E
:102A400070B506460D4680202840802807D16806CC
:102A5000400E2821484331461831441806E06806E4
:102A6000400E282148433146B8314418A07A002846
:102A700012D16078002807D02078FFF737FF207840
:102A8000002103F09DFF2DE02078FFF713FF207851
:102A9000002103F051FF25E06078002811D1207853
:102AA000FFF708FF2078FFF721FF207804F004FBF0
:102AB0002078002103F040FF2078002103F080FF00
:102AC00010E02078FFF7F6FE2078FFF70FFF207860
:102AD00004F0DEFA2078002103F072FF2078002154
:102AE00003F02AFF002070BD70B506460D46802019
:102AF0002840802807D16806400E282148433146E7
:102B00001831441804E0282068433146B83144188D
:102B10006078002809D02078FFF7E8FE207830217F
:102B200003F04EFF0020A07009E02078FFF7C2FEFE
:102B300020780321090303F0FFFE0020A07000208D
:102B400070BDFFB581B006460D461746802028406F
:102B5000802809D16806400E2821484331461831A3
:102B600044180120607008E06806400E28214843A0
:102B70003146B831441800206070E7600498E07076
:102B80006806400E20702078002802D16062E06163
:102B90002062002020616061A061A070E0780028C0
:102BA00006D0012815D0022808D0032817D10AE042
:102BB00020780121490203F025FF10E02078002150
:102BC00003F020FF0BE020780321490203F01AFFF5
:102BD00005E020780121890203F014FF00BF00BF47
:102BE000A07A002820D1607800280BD0A188207816
:102BF00003F0C8FE2078FFF779FE2078202103F04B
:102C0000DFFE40E0A188207803F05CFEA28991B24B
:102C1000207803F069FE2078FFF74CFE207803212E
:102C2000090303F089FE2EE0207803F035FE2289A7
:102C3000E188207803F0AEFD6078002812D120787A
:102C4000FFF738FE2078FFF751FE207804F034FAC1
:102C500020780321090303F06FFE2078002103F0A0
:102C6000AFFE10E02078FFF725FE2078FFF73EFE4C
:102C7000207804F00DFA2078002103F0A1FE2078DE
:102C8000002103F059FE002005B0F0BDFFB581B072
:102C900005460E461746002000907006400E28217B
:102CA00048432946B83144182761049860610020E0
:102CB000A061E1686069884206D9E06800906069B7
:102CC0000099401A606103E0606900900020606133
:102CD000A07A002805D1009A91B2207803F004FE72
:102CE00005E0009B9AB26178207803F06FFD2078B0
:102CF0000321090303F020FE002005B0F0BD000011
:102D000030B502460020117100BF10E003069B0D94
:102D10000B4C1B191B680B4C23400B4C2343C4B2B8
:102D200023430406A40D064D64192360401C0428A7
:102D3000ECD380230B43024C4034E36030BD0000F1
:102D4000005C00408F8F00008080000070B5064658
:102D50000D4680202840802807D16806400E282193
:102D6000484331461831441804E02820684331466E
:102D7000B83144182078002819D121788900154AE3
:102D800089180968144A114008460121090348407E
:102D900010214840C9020143802211432278920049
:102DA0000C4BD21811600120A070002070BD60781B
:102DB000002806D00120A0702078102103F000FE2A
:102DC00006E00120A07020780121090303F0B4FD82
:102DD0000020EBE7005C0040BFBF0000FFB583B000
:102DE00006460D461746002002906806400E282130
:102DF00048433146183144186806400E2070276158
:102E0000069860610020A061E1686069884206D987
:102E1000E068029060690299401A606103E06069AD
:102E2000029000206061A07A00280BD1029B9AB228
:102E3000A188206906F0D8FD029A91B2207803F0AB
:102E4000B1FD1EE000200190029B9AB261782078CB
:102E500003F0BCFC207800F0AFFF402108400028C0
:102E600002D02089019001E0E088019002998AB2A5
:102E70002069019906F0B8FD6178207800F000FF24
:102E800000BF2078302103F09BFD002007B0F0BD8B
:102E900010B504460120A07000202071A060012020
:102EA000E06003F071FC002003F06EFC002003F0F2
:102EB000BBFD002003F05EFCBF2000020349086058
:102EC000098888B203F060FC10BD00002C010020CE
:102ED00070B505460C4680202040802807D160064A
:102EE000400E282670432E461836811906E06006EB
:102EF000400E282670432E46B8368119002A03D189
:102F0000002088728B8004E001208872CB80180C2E
:102F10000881002070BD0000FF2001300D4948608D
:102F20000D48807A002814D00C488068042108439A
:102F30000A49886000200849203908870849486202
:102F400008460088012108430549088000210248FD
:102F500081727047000002402404002000240140D8
:102F600000040040002904D0026801231A430260D3
:102F700003E00268014B1A4002607047FEFF000048
:102F80000168554A11400160002101604160816083
:102F9000C1605249884208D15049083949680F2216
:102FA00011434E4A083A516094E04C49143188422A
:102FB00008D14A4908394968F0221143474A083A7A
:102FC000516087E045492831884209D14349083991
:102FD00049680F2212021143404A083A516079E0D1
:102FE0003E493C31884209D13C49083949680F22A1
:102FF00012031143394A083A51606BE037495031A6
:10300000884209D13549083949680F221204114311
:10301000324A083A51605DE030496431884209D152
:103020002E49083949680F22120511432B4A083AE4
:1030300051604FE029497831884209D12749083940
:1030400049680F2212061143244A083A516041E0B0
:103050002349884208D12249083949680F2211437F
:103060001F4A083A516035E01D491431884208D1A1
:103070001B4908394968F0221143194A083A51603E
:1030800028E017492831884209D11549083949688B
:103090000F2212021143124A083A51601AE01049F5
:1030A0003C31884209D10E49083949680F22120380
:1030B00011430B4A083A51600CE0094950318842EB
:1030C00008D10749083949680F2212041143044AFC
:1030D000083A516070470000FEFF000008000240FF
:1030E00008040240002A03D003680B43036002E097
:1030F00003688B430360704710B5002202680D4BD4
:103100001A400C6A8B6823430C6923434C692343A0
:103110008C692343CC6923434C6A23438C6A234341
:103120001A430260CB6843600B6883604B68C360DE
:1031300010BD00000F80FFFF10B594B001214807BB
:1031400003F08CF80121084603F078F801210846C5
:1031500003F084F8FFF740FC3C48FFF711FF012023
:10316000800703F057FE00210846FFF70BFC002103
:103170000846FFF71BFC00213448FFF7F3FE00214F
:103180000120800703F01AFE242002900B20000289
:10319000049000200590039002A9FFF729FC01216B
:1031A0000020FFF7EFFB01210020FFF7FFFB28487D
:1031B000099028480A9010200B90C8200C900020FD
:1031C0000D9080200E9040000F90800010902020E5
:1031D0001190000212900020139009A91B48FFF7DC
:1031E0008BFF01211948FFF7BDFE0122022117487C
:1031F000FFF778FF0A216846017101214171817151
:1032000001A802F0E5FD06A803F038FF1248016CA2
:103210001248FEF747F90446C821FEF743F9401E5D
:1032200007900021684601830184418306A901209B
:10323000800703F0E5FE2021480603F0D5FE0121BA
:10324000880703F0BBFD14B010BD00003000024041
:10325000087400409014002004050020006CDC027B
:1032600000B589B00121480402F0F8FF01220221D3
:103270000920C00600F074FD022168460172032196
:103280004172002181720121C1720420019001A9C3
:103290000920C00600F01CFDE12040020390002040
:1032A00004900590069008900820079003A9044810
:1032B00005F05EFC0121024805F01DFC09B000BDCF
:1032C0000044004010B50121480402F0E7FF01224C
:1032D0002F21064803F084FE0021044803F07CFD02
:1032E0000121024803F06AFD10BD000000440140C6
:1032F0003EB50C49087C0A21FEF7EAF80C4609495C
:10330000087C0A21FEF7E4F8054607A0019502941F
:10331000009004486C38C38B18220021482001F02B
:1033200021FD3EBD2404002025642E256476000086
:1033300008B53948408F7D214901884203DD0720C7
:1033400000F084F866E03448408F3449884203DD59
:10335000062000F07BF85DE02F48408F2F4964394C
:10336000884203DD052000F071F853E02A48408FC1
:103370002A49C839884203DD042000F067F849E093
:103380002548408F2649884203DD032000F05EF87F
:1033900040E02148408F2249C839884203DD02209D
:1033A00000F054F836E01C48408F1E49884203DD87
:1033B000012000F04BF82DE01748408F194964397F
:1033C000884203DD002000F041F823E016A006F05B
:1033D000C1FB022010490C390871002001F0FCF9F2
:1033E00017A0194B202233210090572001F0BAFC7E
:1033F0007D20C00006F09CFF0121FF20F53007F082
:103400006BFD0022012189020920C006FEF7D0FFD2
:1034100000BFFEE708BD0000040400203C0F0000D0
:10342000AC0D00001C0C00004C6F7720566F6C74C4
:1034300061676520506F776572204F66660A0000ED
:10344000B9D8BBFA00000000FFFF0000F0B585B05E
:1034500004464F273648007AA04204D034482C381E
:103460000079002801D005B0F0BDB81CC1B2684693
:1034700001722F480472781CC1B268464172002064
:103480001123E62206210090C42001F0AFF9F81EB6
:10349000C1B26846817238460C38C1B26846C17202
:1034A000052C03DD3F20400101900CE0032C02DDE0
:1034B0002048019007E0012C02DD1F48019002E046
:1034C0001F20C0020190F81CC1B2684601730021A0
:1034D0004173002525E0002620E0B11DAA00AA18AE
:1034E0001046C430019A01F02FFCB11DAA00AA18A1
:1034F0001046C530019A01F027FCB11DAA00AA1898
:103500001046C630019A01F01FFCB11DAA00AA188E
:103510001046C730019A01F017FC761C0C2EDCDB3C
:103520006D1CA542D7DB02A800F0CAF800BF9AE7DD
:1035300024040020AEBE00004DEF000010B50024B2
:1035400018E02046C130254A032101F0FDFB20464A
:10355000C130224A042101F0F7FB2046C1301F4A46
:10356000132101F0F1FB2046C1301C4A142101F067
:10357000EBFB641C282CE4DB002414E0611D174ADB
:10358000C12001F0E1FB611D144AC22001F0DCFB07
:10359000611D124AE72001F0D7FB611D0F4AE820A8
:1035A00001F0D2FB641C0E2CE8DB002412E0214663
:1035B00008310A4AEA2001F0C7FB21460831074AD0
:1035C000EB2001F0C1FB21460831044AEC2001F058
:1035D000BBFB641C082CEADB10BD0000FFFF0000F1
:1035E0001CB52D48006C642803D02B48006C78284B
:1035F0000CD12948006C29A1009101902848038C26
:1036000018220021842001F0ADFB44E02248006C28
:103610007D21C900884211D11F49086C7D21C90054
:10362000FDF740FF04461FA0019400901C48038C46
:1036300018220021842001F095FB2CE01648006C34
:103640001A49884211D11449086C7D21C900FDF73F
:1036500029FF044616A0019400901148038C1822FB
:103660000021842001F07EFB15E00B48006C12491C
:10367000884210D10849086C7D21C900FDF712FF6E
:1036800004460EA0019400900548038C18220021E6
:10369000842001F067FB1CBD040500202564200088
:1036A000B803002025646B202000000010270000D4
:1036B00025646B2000000000A086010025646B00DB
:1036C0007CB504460DA0019400900D48438C18224F
:1036D0000021084601F046FB09486C30407C05217A
:1036E0000D1A052D09DA07480090635D0C21694326
:1036F00008461822002101F0A9F97CBD25730000BD
:10370000B8030020FFFF000030B5044604250B205D
:10371000000400F09DF80546042D17D10C480069FF
:10372000022108430A4908610846446100694021B2
:103730000843074908610B20000400F089F805469A
:10374000034800690221884301490861284630BDC9
:103750000020024004200D49C968C907C90F00298B
:1037600001D0012010E00949C96810221140002948
:1037700001D0022008E00549C9680422114000294F
:1037800001D0032000E00420704700000020024028
:10379000034800698021084301490861704700001F
:1037A0000020024078B506460C4604250020009013
:1037B0000B20000400F04CF80546042D24D11348DA
:1037C0000069012108431149086134800B2000047D
:1037D00000F03EF80546042D10D1B01C0090200CDE
:1037E000009908800B20000400F032F805460748D5
:1037F0000069400840000549086105E00348006988
:103800004008400001490861284678BD0020024078
:1038100001460020044A10684008400002460A435E
:103820001046014A106070470020024005480069B8
:1038300080210840002804D003480249486003481A
:10384000486070470020024023016745AB89EFCDF7
:1038500010B503460424FFF77DFF044603E0FFF79D
:1038600079FF04465B1E012C01D1002BF7D1002B00
:1038700000D10524204610BD10B545A006F06AF918
:10388000B12189004748FDF73EFE47484549086099
:103890004648474908644749454881820020C0435B
:1038A0004349C88208834448488388830020C04332
:1038B000C883088448840A2008744048394948600D
:1038C00001463848C16484300161843881620167EF
:1038D000943041623A49943881603A4901653A49E5
:1038E0009430416039499438C16236490A39416798
:1038F00037499430816237499438C160364941650F
:10390000364994308160364994380163354981677E
:1039100035499430C1623549943801613449816533
:1039200034499430C1603449943841633349C167A4
:103930003349943001633349943841613249C16558
:103940003249943001613249943881633149001D14
:10395000C1673149903041633049943881610166D3
:10396000943041619438C1634C3081634830816345
:103970002B499438C1614166943081619438016467
:103980004C30C1634830C16307F0D8FA10BD000065
:10399000466163746F72795F526573746F72650A02
:1039A000000000003801002079563416785639128C
:1039B000B803002018C600005A7E00000AD7A33BB7
:1039C0001219C9428EC5C74234A9C842D5F1C842AE
:1039D00055FCC742288C794479C2784412E7784470
:1039E0001B647944E66879442E78794401B91C4611
:1039F000C4D01B46C9621C4628BC1C4628B61B46C0
:103A0000C7BF1B46FB06C44734ABC2471666C34755
:103A100041D9C347EEF1C24736D2C24700247449A8
:103A20008096184BF3B587B00798002803D1384D1E
:103A3000384C394E16E00798012804D1374D354CE3
:103A4000241D374E0EE00798022804D1354D314C25
:103A50000834354E06E00798032803D1334D2D4C2A
:103A60000C34334E00200690002706E0B800295899
:103A70000698FDF768FD06907F1C642FF6DB28464C
:103A800001F0C8FA04900699FDF7B2FD29490590A6
:103A9000FDF7EFFD0690012189070698FDF7E9FD86
:103AA0000190FEF71AF8490049080591049006991B
:103AB0000898FDF799FD0190FEF70FF849004908B5
:103AC00003910290059B049AFEF730F80ED23078ED
:103AD000401C307030780A2816DD002703E0B9005A
:103AE000089868507F1C642FF9DB0DE000203070CF
:103AF00008982168890068502068401C2060206870
:103B0000642801D300202060069809B0F0BD0000B1
:103B1000580B0020480500200C000020E80C002075
:103B20000D000020780E00200E000020081000205C
:103B30000F0000200000C44270B50546114800681F
:103B4000800011490D500F480068401C0D49086065
:103B500008460068642801D300200860002600247D
:103B600007E0A000084A11583046FDF7ECFC064675
:103B7000641C642CF5DB05493046FDF77AFD0646EA
:103B8000304670BD180000209C1600200000C8427E
:103B900030B503460C46002117E088000D4D28582B
:103BA000984211D100220DE090000B4D2858A04200
:103BB00007D148204843094D45192420504328186F
:103BC00030BD521C022AEFDB491C0329E5D3034810
:103BD000F6E7000038B5000844B5000814020020DC
:103BE00030B503460C46002117E088000D4D2858DB
:103BF000984211D100220DE090000B4D2858A042B0
:103C000007D148204843094D45192420504328181E
:103C100030BD521C022AEFDB491C0329E5D30348BF
:103C2000F6E7000038B5000844B50008EC020020B3
:103C300030B503460C46002117E088000D4D28588A
:103C4000984211D100220DE090000B4D2858A0425F
:103C500007D148204843094D4519242050432818CE
:103C600030BD521C022AEFDB491C0329E5D303486F
:103C7000F6E7000038B5000844B500083C01002014
:103C800010B500290CD182000D4BD21812680D4BD3
:103C90001A400D4B1A438300094C1B191A600DE0A2
:103CA00001290BD18200064BD2181268054B1A402D
:103CB000064B1A438300024C1B191A6010BD00000A
:103CC000005C00408F8F0000C080000080C00000BA
:103CD000F0B50A4600210023002400BF3DE0012585
:103CE0008D402B4615681D402C469C4234D11579D9
:103CF000012D02D01579022D16D185684F000326BB
:103D0000BE40B543856055794E00B5408668354361
:103D10008560858801268E40B543858085889679A3
:103D20008E40B6B23543858005684F000326BE40FD
:103D3000B543056015794E00B5400668354305600A
:103D4000C5684F000326BE40B543C560D5794E0017
:103D5000B540C6683543C560491C1029BFD3F0BDC6
:103D6000F0B5002300244D07EE0E1546B5402B4656
:103D7000CD10AE0005462035AD594E07F70E0F2683
:103D8000BE40B543CE10B60007462037BD51CD101A
:103D9000AE003D46AD591D432C46CD10AD003E460C
:103DA0007451F0BD0185704781617047002A01D0D0
:103DB000816100E00185704701468800024A801851
:103DC000006880B270470000005C00400146064871
:103DD000006980B2CA008018801C044A80180088DC
:103DE0008005800D70470000405C0040006000408E
:103DF00001460648006980B2CA008018801D044A46
:103E0000801800888005800D70470000405C0040ED
:103E10000060004001460648006980B2CA00801870
:103E2000801D044A801800888005800D70470000BE
:103E3000405C00400060004001460648006980B2D6
:103E4000CA008018801C044A801800888005800DF4
:103E500070470000405C00400060004070B50948B9
:103E6000C46A056B466BA419002C0AD008220649C7
:103E7000204600F009F9042203491031284600F0D9
:103E800003F970BD80F7FF1F6E0000201CB50321F1
:103E9000684601710021C1714020009069460920E7
:103EA000C006FFF715FF1020009069460920C006E4
:103EB000FFF70EFF0820009069460920C006FFF7B3
:103EC00007FF0021684601710121C171C8030090FC
:103ED00069461D48FFF7FCFE01204002009069463C
:103EE0001948FFF7F5FE02216846C171C80100902C
:103EF00069460920C006FFF7EBFE01216846017103
:103F00000021C1718020009069460F48FFF7E0FE54
:103F100001204002009069460920C006FFF7D8FE44
:103F200001208002009069460920C006FFF7D0FEFC
:103F3000012291020920C006FFF738FF01228021EB
:103F40000148FFF733FF1CBD0004004870B506466A
:103F500033480078012860D0324800680121C90246
:103F6000884202D100202F4908602E4800682E495F
:103F70000968884203D100202949087070BD29488A
:103F8000006829490968884207D926480068012144
:103F9000C902081A2549086006E02348006821493B
:103FA0000968401A214908602048006840280ED955
:103FB0001C48008885B240241A48006840301949DE
:103FC00008601A4800684038184908601BE0154826
:103FD000008885B21548008884B2124800681349E9
:103FE000096840180F490860002010490860402CFB
:103FF00002D101200E4908600B480068402802D118
:104000000020094908600120054908700948421943
:10401000234681213046FEF7E1FE00BFAEE70000F7
:10402000F8000020F0000020EC000020F400002048
:10403000E8000020AE19002002A005F08BFD00BFB3
:10404000FEE70000486172644661756C745F486108
:104050006E646C65720A000001480249086070478E
:10406000AAAA00000030004010B50446002C05D17B
:1040700020210920C006FFF795FE04E02021092039
:10408000C006FFF791FE10BD30B50B46002100BF02
:1040900012E0040F0A2C04D2040F30344D005C559A
:1040A00003E0040F37344D005C55000100254C003F
:1040B000641C1D554C1CE1B29142EADB30BD00008E
:1040C00008B5FC48407A002873D00020FA4988607F
:1040D000F848093042780938417AF8A005F03AFDED
:1040E000F448407A012872D1F2480930407801281A
:1040F0006ED101210A2006F0EFFEEE48007900287B
:1041000012D1EC482C30407C401CC1B2E9482C3024
:104110004174407C052803DD0021E6482C304174C1
:10412000EFA0FFF7CDFA5DE1E24800790128FAD16E
:10413000E048001D807800283CD11F20C00203F019
:1041400041FADC48001D4078012805D10020D949FA
:10415000087104F023FC45E1D648001D4078022890
:1041600003D1002003F0CAF83CE1D248001D40789A
:10417000052803D1002003F033F833E1CD48001DBA
:104180004078072808D1D8A0DA4B1022602100908F
:10419000082000F0E7FD25E1C648001D407808280A
:1041A000C1D106F0CBFE0021C248017104F0F6FB3C
:1041B00018E15CE1BF48001D807802281CD1BD4891
:1041C000001DC078002804D102F0DAFF0AE10DE1F9
:1041D0002FE0B848001DC078072805DAB549091D49
:1041E000C87802F0A5FFFDE0B248001DC07807289E
:1041F00099D102F075FFF5E0AE48001D80780728E0
:1042000009D1FFF739FB00F051FD0020A9490871E1
:1042100004F0C4FBE6E0A748001D407814289AD0BB
:10422000A448001D4078322895D0B24803F0CAF95E
:10423000D8E0A0480930407802286BD101210A203B
:1042400006F04AFE9B480079002826D1AA48006C57
:10425000642804D17D21C900A74801640CE0A64868
:10426000006C7D21C900884203D1A449A2480164A1
:1042700002E06421A0480164FFF7B2F98D482C30B8
:10428000027CE030016C9EA005F064FC9A4A116C3F
:10429000E03A107C02F012FCA4E086480079012884
:1042A00086D18448001D007900288FD18148001DE7
:1042B0008078002803D1401E04F024FB92E07D4862
:1042C000001D8078022803D1C01E03F017F889E092
:1042D0007848001D8078032802D104F091F981E02C
:1042E0007448001D8078042803D1401F03F0CAFEE3
:1042F00078E07048001D8078052803D1801F02F007
:104300006FFF6FE06B48001D807807286AD104F0CA
:1043100047F967E0674809304078042862D10121F5
:104320000A2006F0D9FD6348007900281ED16148B3
:104330002C30007C0A2804D103215E482C30017403
:1043400003E00A215B482C3001745A482C30027C6F
:10435000E030016C6AA005F0FDFBFEF7C9FF664A7C
:10436000116CE03A107C02F0A9FB3BE05148007967
:10437000012837D14F48001D0079002832D14D481F
:10438000001D8078002803D1012004F0BBFA29E049
:104390004848001D8078022803D1012002F0AEFFBA
:1043A00020E04448001D8078032802D104F028F959
:1043B00018E04048001D8078042803D1012003F054
:1043C00061FE0FE03B48001D8078052803D10120E5
:1043D00002F006FF06E03748001D8078072801D16B
:1043E00004F0DEF8002033494872BCE03148407ADE
:1043F000FE285DD100202F49487201210A2006F0D5
:104400006BFD2C480930407801280ED10220294943
:104410000871002000F0E0F93DA0364B2022332146
:104420000090572000F09EFC9DE022480930407823
:1044300002281DD11F480079012818D01D48001DF1
:104440000079002813D11B484038007B002801D197
:10445000012000E0002017494039087306F06EFD86
:1044600014494039087B00F0A8F904F097FA7AE083
:1044700010480930407804280ED10E4800790128F0
:1044800071D00C48001D007900286CD10120094929
:10449000087102F0F9FF66E0064809304078062806
:1044A00061D11D4B1D4A1E491E4804F02EFE5AE0E4
:1044B0003AE00000F8030020541200205379732ED4
:1044C0004B65792E5374617475733A256420537962
:1044D000732E4B65792E56616C75653A25640A001A
:1044E00051504C4352000000BBD6B8B4B3F6B3A74A
:1044F00020B7F100FFFF0000040500201027000096
:10450000467265713A256420416D703A25640A004F
:10451000B9D8BBFA00000000900000200401002080
:1045200050000020601200200F48407AFF281AD166
:104530000D4809304078012812D17D20C00005F0D7
:10454000F7FE0121FF20F53006F0C6FC07A005F0BC
:1045500001FB0022012189020920C006FDF728FF86
:1045600000200149487208BDF8030020506F7765AC
:1045700072204F66660A000070B500240121C9034D
:104580003048FDF70CFF002801D101200443FF2132
:1045900001310920C006FDF702FF002801D00220EA
:1045A0000443012149022748FDF7F9FE002801D103
:1045B0000420044320462449097848400646264002
:1045C0002046704020490978484005461E4804703E
:1045D000002E04D000201D4908801D4908701A488B
:1045E0000078002815D0194801880088401C174A17
:1045F00010805A290DDD16480078002809D10120C5
:1046000013490870FE20134948720F480078093199
:104610004870002D15D00F48093045700B480088B0
:10462000022807DD094800885A2803DA01200949D1
:10463000487206E0054800885A2802DBFF20054939
:10464000487270BD00040048320000203000002095
:104650002E000020F8030020FFB583B014461D464D
:10466000002629786D1C0802009028786D1C00999E
:104670000843009055E0B0002D4909580098814248
:104680004ED1102C04D170012A494018019003E04A
:10469000F00129494018019004980019431E03981D
:1046A0000019421E0499039800F084F90F210902B1
:1046B000224802F0A5FA0020029022E000271BE029
:1046C00002990198405C802139410840002809D0B6
:1046D0001A490C98888100BF184806F0B1FD0028DF
:1046E000FAD008E000201549888100BF134806F081
:1046F000A7FD0028FAD07F1C082FE1DB0298401CA0
:104700000290214661430846C917490F0918CA108B
:1047100002998A42D2DC07210902084802F070FAA5
:10472000761CB000024908580028A4D107B0F0BD9B
:104730004CB5000830E30008B0B600080030014076
:10474000FFB582B0064615461C460B9F002001901F
:104750002EE00198002820D12078802802DD012059
:10476000019025E0502D0AD120782E2801D1361F46
:1047700005E020462038C07F2E2800D11A3E009741
:1047800023782A463046039900F060F92846E90F5D
:10479000091849108E19641C0AE000200190234674
:1047A0002A46009730460399FFF756FF7619A41C56
:1047B00020780028CDD106B0F0BD10B504463620D3
:1047C00000F034FA002C03D1702000F04BFA02E024
:1047D000A02000F047FA10BD18B504468623EF224A
:1047E00000210846009400F001F818BDF8B5044611
:1047F0000D4616461F463B4632462946204600F0E7
:10480000D9F80F210902104802F0FAF900200090AF
:104810000BE00D490698888100BF0B4806F010FD9B
:104820000028FAD00098401C0090301B401C791BD7
:10483000491C484300998842EBDC072109020248E1
:1048400002F0DEF9F8BD0000003001401CB5802008
:10485000009001216846017100218171C17103211D
:10486000417169465148FFF733FA102000906946BC
:104870004E48FFF72DFA0120C00300906946092039
:10488000C006FFF725FA4020009069464748FFF729
:104890001FFA0120C0030921C90688610221684668
:1048A00001710820009069464048FFF711FA202066
:1048B000009069463D48FFF70BFA02F0ADF9402041
:1048C0003A498861012005F033FD40203749203105
:1048D00008810A2005F02CFD4020344988617820A9
:1048E00005F026FD112000F0A1F9782005F020FD4B
:1048F0002F49087BFFF761FF3A2000F097F9052068
:1049000000F0B0F9B22000F091F90C2000F0AAF903
:104910000C2000F0A7F9002000F0A4F9332000F0EB
:10492000A1F9332000F09EF9C02000F07FF92C207F
:1049300000F098F9C22000F079F9012000F092F916
:10494000B72000F073F9352000F08CF9BB2000F09F
:104950006DF9192000F086F9C32000F067F91220E4
:1049600000F080F9C42000F061F9202000F07AF90D
:10497000C62000F05BF90F2000F074F9D02000F0A1
:1049800055F9A42000F06EF9A12000F06BF9084859
:10499000807B002803D0202000F048F902E021208D
:1049A00000F044F9292000F041F91CBD0004004842
:1049B000B8030020F0B504460D4616461F462248AF
:1049C000007B00281DD12A2000F030F92146283133
:1049D00088B200F055F93146283188B200F050F91C
:1049E0002B2000F023F92946353188B200F048F930
:1049F0003946353188B200F043F92C2000F016F921
:104A000020E01148007B01281CD12A2000F00EF97B
:104A10002146283188B200F033F93146283188B276
:104A200000F02EF92B2000F001F92946343188B22C
:104A300000F026F93946343188B200F021F92C20F3
:104A400000F0F4F8F0BD0000B8030020FFB51746F1
:104A50001E46102F01D0182F03D130462038C6B281
:104A60000BE0202F02D1F01BC6B206E0202E01D1B0
:104A7000002602E030462C38C6B2102F23D1019B0D
:104A80000F33009AD21D01990098FFF793FF00247D
:104A900016E0002511E030015F494018005D8021DB
:104AA00029410840002804D0099988B200F0E8F8AC
:104AB00002E0002000F0E4F86D1C082DEBD3641C2C
:104AC000102CE6D3A7E0182F2CD1019B1733009AA6
:104AD0000B3201990098FFF76DFF00241FE00025BD
:104AE00019E0E007C00F002802D0032D00D914E020
:104AF0003020704349494018005D80212941084019
:104B0000002804D0099988B200F0BAF802E0002029
:104B100000F0B6F86D1C082DE3D300BF641C302CE8
:104B2000DDD378E0202F38D1019B1F33009A0F325C
:104B300001990098FFF73EFF0F210902384802F063
:104B40005FF8002421E000251CE0B0013549401841
:104B5000005D802129410840002809D0304909988A
:104B6000888100BF2E4806F06BFB0028FAD008E0D1
:104B700000202B49888100BF294806F061FB0028EE
:104B8000FAD06D1C082DE0D3641C402CDBD3072128
:104B90000902234802F034F83DE0502F3BD1019B3D
:104BA0004F33009A273201990098FFF703FF0F2136
:104BB00009021B4802F024F8002423E000251EE02F
:104BC000FF209130704318494018005D8021294131
:104BD0000840002809D012490998888100BF104870
:104BE00006F02EFB0028FAD008E000200C4988814E
:104BF00000BF0B4806F024FB0028FAD06D1C082DDE
:104C0000DED3641CFF2091308442D7D307210902F0
:104C1000034801F0F5FFFFBD50EE000840F4000826
:104C20000030014010060108B025010800B5034618
:104C30000120C0030849088110200849088108485C
:104C4000037300BF064806F0FBFA0028FAD01020D4
:104C500002492039886100BD200000482004004836
:104C60000030014000B503460448037300BF034809
:104C700006F0E6FA0028FAD000BD0000003001403E
:104C800000B5034618120849087300BF064806F02D
:104C9000D7FA0028FAD004490B7300BF024806F087
:104CA000CFFA0028FAD000BD0030014000B5064818
:104CB000807B002803D02020FFF7B8FF02E02120EE
:104CC000FFF7B4FF00BD0000B8030020FFB50646A3
:104CD0000F463B464F3332461F3239463046FFF7C8
:104CE00069FE0F210902174801F08AFF00241FE026
:104CF00000251AE00398005D802129410840002822
:104D000009D010490298888100BF0E4806F098FA31
:104D10000028FAD008E000200A49888100BF09482D
:104D200006F08EFA0028FAD06D1C082DE2DB641C18
:104D3000FF2041308442DBDB07210902014801F0FA
:104D40005FFFFFBD0030014070B504460D461646BA
:104D50002B46224629462046FFF72CFEB0B2FFF72D
:104D60008FFF70BDF0B5A3B005460E4617461C4632
:104D700029A80290802103A8029B289A04F00EFF24
:104D80000020029003AB3A46314628460094FFF7D4
:104D9000D7FC23B0F0BD000008B51F480068401CD8
:104DA0001D49086008460068312805DD00200860BC
:104DB00000F046F8FEF7BCFA02F058FC174881688C
:104DC0001748C07B3C225043814223D915A004F0F0
:104DD000C1FE02201249403108710020FFF7FCFC9F
:104DE00014A0164B2022332100905720FFF7BAFF62
:104DF0007D20C00005F09CFA0121FF20F53006F06F
:104E00006BF80022012189020920C006FDF7D0FAC3
:104E100000BFFEE708BD000004000020541200207F
:104E2000B80300204175746F20506F776572204F72
:104E300066660A00B9D8BBFA00000000FFFF000058
:104E400070B56F48407800282DD06D484068401CF0
:104E50006B49486008464068072824D808464068DF
:104E6000062821D90846403841690020FEF7DAFDBE
:104E7000014663484078401E820062488150604984
:104E80004978491E8A0001468858FCF726FE0446E8
:104E900022460B465CA004F05DFE012058490C3907
:104EA0000873FDF7CDFCAAE055484068052820D9D5
:104EB0005348403841690020FEF7B4FD0146504890
:104EC0004078401E82004F48483881504C4949780C
:104ED000491E8A0001468858FCF7FFFD0446224619
:104EE0000B4649A004F036FE49490A2001F0E6FDD0
:104EF00085E043484068042821D941484038416949
:104F00000020FEF78FFD01463D484078401E82009C
:104F10003C48903881503A494978491E8A000146F8
:104F20008858FCF7DAFD044622460B4636A004F00A
:104F300011FE7D21C9000A2001F0C0FD5FE030486C
:104F4000406803281BD92E48403841690020FEF7ED
:104F500069FD06463046FCF7C0FD044622460B4676
:104F600029A004F0F7FD26484078401E810025481E
:104F7000243846506421032001F0A0FD3FE0204882
:104F8000406802281BD91E48403841690020FEF7BE
:104F900049FD06463046FCF7A0FD044622460B4676
:104FA00019A004F0D7FD16484078401E810015482E
:104FB0006C3846501649032001F080FD1FE0104870
:104FC000406801281BD90E48403841690020FEF78F
:104FD00029FD06463046FCF780FD044622460B4676
:104FE00009A004F0B7FD06484078401E810005483E
:104FF000B43846507D21C900032001F05FFD70BD2B
:10500000C4110020F0010020523A25660A00000079
:1050100010270000F8B5044627682668002510E030
:10502000A80021583846FCF7B1FD01D2A800275846
:10503000A80021583046FCF7B3FD01D2A80026583D
:105040006D1C642DECDB31463846FCF77CFAF8BD6C
:1050500010B598B0FB48007B002806D101F068F835
:105060000121F84801738172FEE3F648007B0128B4
:1050700002D1FDF707F8F7E7F248007B022848D194
:105080000020169017E016984100EE481C30415A57
:1050900008460D91FCF7CBFC01461698C200EA4881
:1050A0008150002116984000401C8200E648815043
:1050B0001698401C169016988028E4D301230022ED
:1050C000E149E248FBF7E1FC8022E149DE48FBF7D9
:1050D00039F80021DE485438416516AB14AA402146
:1050E0005430FBF761FD1698C100D7484158D948A4
:1050F000016016984000401C8100D3484058D649B2
:10510000086000F0FBFE0321CE480173012181728B
:10511000AAE7CC48007B032802D1FCF7B3FFA3E742
:10512000C848007B04289FD10020169017E01698ED
:105130004100C4481C30415A08460D91FCF777FCE9
:1051400001461698C200C0488150002116984000C0
:10515000401C8200BC4881501698401C169016983E
:105160008028E4D301230022B749B848FBF78DFC1F
:105170008022B749B448FAF7E5FF0020B449543912
:10518000486516AB13AA4021B148FBF70DFD1698F0
:10519000C100AD484058B149086016984000401C15
:1051A0008100A9484058AE490860AA480168AA4849
:1051B000006805F043FDAB490C90FCF71DFAAA49C5
:1051C0000D90FCF756FA1290A4480168A4480068B4
:1051D00005F034FDA3490C90FCF70EFAA2490D909E
:1051E000FCF747FA119011991298FCF7FDF99F49C5
:1051F00048620846416A0D919A490D98FCF7D0FC27
:1052000008D29A48406A9A490D90FCF7EDF99749FF
:1052100048620EE09548406A96490D90FCF7B6FC4E
:1052200007D29248406A92490D90FCF78CF98F4959
:1052300048628448407B9049085C0B90FCF7F7FB80
:105240000D908048807B8C49085C0990FCF7EFFB4F
:105250000B907C48C07B41008848405A0990FCF77D
:10526000E6FB0A900B99FCF7C7F90C900D99FCF737
:1052700000FA15907A4801680068FCF7BDF90B90B8
:10528000764801680068FCF7B7F90A900B99FCF7BB
:105290005AF90D90724801686E480068FCF7ACF945
:1052A0000A906E4801686C480068FCF7A5F90990FF
:1052B0000A99FCF799F90B901599FCF79DF90C9058
:1052C0000D99FCF7D6F969490862654801680068DC
:1052D000FCF792F90B90614801680068FCF78CF9C3
:1052E0000A900B99FCF72FF90D905D4801685A4818
:1052F0000068FCF781F90A90584801685548006831
:10530000FCF77AF909900A99FCF71DF90B901599A9
:10531000FCF772F90C900D99FCF7ABF95349486111
:1053200049485438016C08460A91FCF780FB5449FF
:105330000B90FCF761F90C904C48806A01460B9089
:105340000C98FCF759F901460D904E48FCF791F97D
:10535000464988613C485438016C08460A91FCF77C
:1053600066FB47490B90FCF747F90D903F48806A70
:1053700001460B904448FCF73FF90C900D99FCF75F
:1053800078F93A49C8612F48407C042803D108467F
:105390004069C86222E03548406901460D9000200E
:1053A000FEF740FB3149C8620846816901200D9132
:1053B000FEF738FB2D4908630846C16902200D91AC
:1053C000FEF730FB294948630846016A8162416A59
:1053D00003200D91FEF726FB244988631948007CC1
:1053E0000D9019485438016C0C910D990C98FEF7EA
:1053F0001FFC1090109800680D901C48C06A0C901B
:105400000D99FCF7F1F81949C862109841681748DE
:105410000D91C16A0C910D990C98FCF7B7FB37D22E
:105420001098416811480C91C16A0B910C990B9826
:10543000FCF71FF915490D90FCF7DEF80B49C8621F
:10544000FEE000002404002058050020743E0108FE
:10545000580900201C00002020000020240000200B
:105460002800002000003443DB0F49408411002055
:105470000000B443000034C32CB5000834B5000864
:10548000DB0FC940286B6ECE002474490000C8426F
:1054900010988168FC480D91C16A0C910D990C9887
:1054A000FCF774FB22D2109841680A918168099137
:1054B0000A990998FCF798F80C9010984168F248FE
:1054C0000991C16A089109990898FCF78DF8EF498C
:1054D0000A90FCF791F80B900C99FCF7CAF8EC498C
:1054E0000D90FCF730F8E849C862A9E01098C1684F
:1054F000E5480D91C16A0C910D990C98FCF746FB9B
:1055000022D2109881680A91C16809910A99099874
:10551000FCF76AF80C9010988168DB480991C16A21
:10552000089109990898FCF75FF8DA490A90FCF7A6
:1055300063F80B900C99FCF79CF8D7490D90FCF799
:1055400002F8D149C8627BE010980169CE480D91FC
:10555000C16A0C910D990C98FCF718FB21D2109898
:10556000C1680A91016909910A990998FCF73CF808
:105570000C901098C0680990C348C06A08900999B7
:10558000FCF732F8C5490A90FCF736F80B900C99F5
:10559000FCF76FF8C2490D90FBF7D5FFBA49C86216
:1055A0004EE010984169B8480D91C16A0C910D996F
:1055B0000C98FCF7EBFA21D2109801690A91416925
:1055C00009910A990998FCF70FF80C901098006956
:1055D0000990AD48C06A08900999FCF705F8B149EF
:1055E0000A90FCF709F80B900C99FCF742F8AE49C9
:1055F0000D90FBF7A8FFA449C86221E0109841690B
:105600000A91816909910A990998FBF7EDFF0C90BD
:10561000109841699C480991C16A089109990898B4
:10562000FBF7E2FFA1490A90FBF7E6FF0B900C990C
:10563000FCF71FF89E490D90FBF785FF9249C86261
:105640009C499D4841629D4981629D49C1629D4935
:1056500001638F494163904981639149C1639249D4
:105660000164994941649349C16694490167944929
:105670004167944981678649C1678749483081639A
:105680008749C1638849016489494164894948302F
:1056900041628A4981628A49C1628A4901637C49BF
:1056A00041637D4981637E49C1637F4901648049CB
:1056B00041648049EC38C16580495C304160804973
:1056C00081608049C16072490161734941617449D7
:1056D00081617549C1617649016276498164774982
:1056E000C1647749016577494165694981656A49BE
:1056F000C1656B4901666C4941666D4981666D49BA
:10570000803001616D49103041606D4981606D49A3
:10571000C1605F49016160494161614981616249DC
:10572000C16163490162FF308130007C0D906748A0
:10573000016C0C910D990C98FEF72AFA0F900F98B6
:10574000016851480D91016B0C910D990C98FCF773
:105750001DFA19D20F9801684B480891016B079107
:1057600008990798FBF785FF0990FCF7B6F9584AA6
:10577000584B0B910A90FCF76FF80D910C90FCF7C9
:10578000E9F941490863EBE10F9841683E480D9102
:10579000016B0C910D990C98FCF7F8F933D20F9826
:1057A000016804914168039104990398FBF71CFF79
:1057B0000590FCF792F9099108900F98016832481A
:1057C0000291016B019102990198FBF70DFF039083
:1057D000FCF783F9404A414B05910490FCF73CF8F3
:1057E00007910690099B089AFCF79EF8384A394BB6
:1057F0000B910A90FBF77CFF0D910C90FCF7AAF936
:1058000021490863ACE10F9881681F480D91016B35
:105810000C910D990C98FCF7B9F96AD20F98416870
:1058200004918168039104990398FBF7DDFE0590CC
:10583000FCF753F9099108900F98416812480291BA
:10584000016B019102990198FBF7CEFE0390FCF7E2
:1058500044F9234A234B05910490FBF7FDFF079180
:105860000690099B089A00E0A4E2FCF75DF81E4A46
:105870001E4B0B910A90FBF73BFF0D910C90FCF730
:1058800069F9014908636BE184110020000061445B
:105890000000C84200A00C4600007A4400C8AF4790
:1058A00000401C4600BA5B490050C3474054094BB6
:1058B00000247449D0613E3C1402002058CBDD3DE9
:1058C000342B8D3F00002041000C78490405002056
:1058D0007B14AE47E17A843F0AD7A3703D0AB73FF5
:1058E000CDCCCCCCCCCCEC3F9A9999999999B93F35
:1058F000FFE70F98C168FE480D91016B0C910D995F
:105900000C98FCF743F923D20F9881680A91C1687B
:1059100009910A990998FBF767FE0C900F98816826
:10592000F3480991016B089109990898FBF75CFE0F
:10593000F0490A90FBF760FE0B900C99FBF799FE7B
:105940007F21C9050D90FBF7FEFDE949086307E1DA
:105950000F980169E6480D91016B0C910D990C9817
:10596000FCF714F922D20F98C1680A9101690991D4
:105970000A990998FBF738FE0C900F98C168DC482B
:105980000991016B089109990898FBF72DFEDA49F6
:105990000A90FBF731FE0B900C99FBF76AFED74992
:1059A0000D90FBF7D0FDD2490863D9E00F9841690B
:1059B000CF480D91016B0C910D990C98FCF7E6F80E
:1059C00022D20F9801690A91416909910A990998AF
:1059D000FBF70AFE0C900F980169C5480991016B0D
:1059E000089109990898FBF7FFFDC5490A90FBF754
:1059F00003FE0B900C99FBF73CFEC2490D90FBF7A0
:105A0000A2FDBB490863ABE00F988169B8480D91CE
:105A1000016B0C910D990C98FCF7B8F822D20F98F5
:105A200041690A91816909910A990998FBF7DCFD9E
:105A30000C900F984169AE480991016B0891099942
:105A40000898FBF7D1FDB0490A90FBF7D5FD0B9004
:105A50000C99FBF70EFEAD490D90FBF774FDA449C0
:105A600008637DE00F98C169A1480D91016B0C910D
:105A70000D990C98FCF78AF822D20F9881690A9147
:105A8000C16909910A990998FBF7AEFD0C900F982E
:105A9000816997480991016B089109990898FBF76A
:105AA000A3FD9B490A90FBF7A7FD0B900C99FBF710
:105AB000E0FD98490D90FBF746FD8D4908634FE0E6
:105AC0000F98016A8A480D91016B0C910D990C9801
:105AD000FCF75CF822D20F98C1690A91016A09911A
:105AE0000A990998FBF780FD0C900F98C1698048CE
:105AF0000991016B089109990898FBF775FD864992
:105B00000A90FBF779FD0B900C99FBF7B2FD8349E6
:105B10000D90FBF718FD7649086321E00F98C169E5
:105B20000A91016A09910A990998FBF75DFD0C90A9
:105B30000F98016A6E480991016B089109990898BC
:105B4000FBF752FD74490A90FBF756FD0B900C9938
:105B5000FBF78FFD72490D90FBF7F5FC6449086374
:105B60007048007C0D906F48E030016C0C910D99ED
:105B70000C98FEF735F80E900E9801685C480D9170
:105B8000416B0C910D990C98FBF72EFD5849486319
:105B90000846416B01915D490198FBF72DFD02908C
:105BA0005348006B014601900298FBF762FD039099
:105BB000FBF793FF4900490805910490FBF7CAFFE2
:105BC000079005F027FB08904948C06A01460790F6
:105BD0000898FBF74EFD0990FBF77FFF4900490845
:105BE0000B910A90FBF7B6FF0D90FDF7A5FF40491A
:105BF000C8634C48E030006C7D21C900884250D118
:105C00004848007C0A28FAD146482038808E012175
:105C10000903081A43492039498E401AFF212D31C2
:105C200088423FDD3F48407B02283BDA3D48407CCC
:105C3000002803D03B48407C0528E0D13A492C4855
:105C4000C1623A482A490863002048633548407BCE
:105C50003749085C0790FBF705FF0B910A90314824
:105C60002038408E2F492039C98E401A0390FBF707
:105C7000E5FE304A304B05910490FBF7EDFD002224
:105C80002E4B07910690FBF74FFE099108900B9B56
:105C90000A9AFBF749FE0D910C90FBF75BFF144944
:105CA000886281E01F482038808E01210903081A8C
:105CB0001C492039498E401A2149884268DA19481E
:105CC000407B022864DA1748407C002803D015483E
:105CD000407C052868D114490548C1621349016315
:105CE0007F21C90541630F48407B1149085C29E0C9
:105CF00084110020000010410000B4420000204147
:105D0000000061440000C84200A00C4600007A4434
:105D100000C8AF4700401C4600BA5B490050C3476B
:105D2000002474492404002000409A440070B145C6
:105D30002CB500086666666666660A400000B040DC
:105D4000D4FEFFFF0790FBF78DFE0B910A901A48D7
:105D5000C08E1949898E401A0390FBF76FFE174ACF
:105D6000174B05910490FBF777FD0022154B079127
:105D70000690FBF7D9FD099108900B9B0A9AFBF757
:105D8000D3FD0D910C90FBF7E5FE0F4988620BE007
:105D90000948408E0849898E4018C10F0D90081897
:105DA000C003000C0449C886FCF7A6F9002102488C
:105DB0002030017318B010BD0404002066666666CA
:105DC00066660A400000B040841100207047000061
:105DD00000218278002A27D0184A03231B02D218F8
:105DE00003789B109B00D15802789207D30EFF22B4
:105DF0009A400B469343194642789207120E037855
:105E00009B07DB0E9A4011430C4A03231B02D21856
:105E100003789B109B00D1500278D306DB0E012241
:105E20009A40064B1A6007E00278D306DB0E012287
:105E30009A40024B80331A607047000000E100E096
:105E400010B5002819DA1A4A03071B0F083B9B08F4
:105E50009B00D2588307DC0EFF23A3409A438B0795
:105E60001B0E8407E40EA3401A43114B0407240FB2
:105E7000083CA408A4001A5118E00E4A03231B0290
:105E8000D21883089B00D2588307DC0EFF23A3405F
:105E90009A438B071B0E8407E40EA3401A43054B5D
:105EA000032424021B198408A4001A5110BD000009
:105EB0001CED00E000E100E070B50446002505E0BF
:105EC0006D1C0A212046FBF703FB0446002CF7D18A
:105ED000284670BD70B5561C7510064E8C192B46A1
:105EE00005E026880680A41C401C401C5B1E002B7D
:105EF000F7D170BD006000407047000010B5054943
:105F0000897B0901152252021143084600F0A0F8CE
:105F100010BD00002404002010B504464A48807BD0
:105F2000012803D04848807B04283CD1AF20800062
:105F300084421ADA4448807B072809DA4248807B89
:105F4000401CC1B240488173FFF7D8FF002010BD4C
:105F50003D48C07B002863D101213B48C173014605
:105F6000C87BFEF781F80020F1E73848844257DD0E
:105F70003548807B002809DD3348807B401EC1B254
:105F800031488173FFF7BAFF0020E0E72E48C07B5D
:105F9000012845D100212C48C1730146C87BFEF77A
:105FA00063F80020D3E7E120800084421ADA264813
:105FB000807B072809DA2448807B401CC1B2224834
:105FC0008173FFF79BFF0020C1E71F48C07B0028BB
:105FD00026D101211C48C1730146C87BFEF744F855
:105FE0000020B4E7194884421ADD1748807B002856
:105FF00009DD1548807B401EC1B213488173FFF74D
:106000007DFF0020A3E71048C07B012808D10021B4
:106010000D48C1730146C87BFEF726F8002096E7BD
:106020000948C07B01280CD10748807B012808DA89
:1060300000210548C1730146C87BFEF715F8002012
:1060400085E7012083E70000240400206C0700009E
:1060500070B5054601211248FDF7A4FE002417E0A3
:106060000120C00320412840002804D002210C4810
:10607000FDF79AFE03E002210948FDF793FE042193
:106080000748FDF791FE04210548FDF78BFE641CCF
:10609000102CE5DB01210248FDF786FE70BD0000F3
:1060A000000400481CB5012168460171002181717E
:1060B000032141710021C1710120009069461A48F5
:1060C000FDF706FE01211848FDF76EFE0420009042
:1060D00069461548FDF7FCFD04211348FDF762FEF3
:1060E0000220009069461048FDF7F2FD02210E489B
:1060F000FDF758FE2020009069460920C006FDF7F4
:10610000E7FD20210920C006FDF74CFE00210748CD
:1061100041738173C17300F00BF8FFF7EFFE034981
:10612000C87BFDF7A1FF1CBD00040048240400202B
:1061300010B50549497B0901152252021143481C3B
:1061400000F052F810BD00002404002010B50446F1
:106150002348407B012803D02148407B04281AD1E2
:10616000AF208000844209DA1D48407B401CC1B248
:106170001B484173FFF7DCFF002010BD1948844223
:106180002CDD1748407B401EC1B215484173FFF714
:10619000CFFF0020F1E7E120800084420DDA1048B3
:1061A000407B07281ADA0E48407B401CC1B20C48DD
:1061B0004173FFF7BDFF0020DFE70A4884420DDD91
:1061C0000748407B002809DD0548407B401EC1B2DE
:1061D00003484173FFF7ACFF0020CEE70120CCE776
:1061E000240400206C07000070B505460121124808
:1061F000FDF7D8FD002417E00120C003204128400E
:10620000002804D002210C48FDF7CEFD03E0022156
:106210000948FDF7C7FD04210748FDF7C5FD042126
:106220000548FDF7BFFD641C102CE5DB0121024889
:10623000FDF7BAFD70BD000000040048002905D03C
:10624000054A52690243044B5A6104E0024A52690A
:106250008243014B5A61704700100240002905D06B
:10626000054AD2690243044BDA6104E0024AD2696A
:106270008243014BDA61704700100240002905D0CB
:10628000054A12690243044B1A6104E0024A12698A
:106290008243014B1A61704700100240002905D06B
:1062A000054A92690243044B9A6104E0024A9269EA
:1062B0008243014B9A61704700100240002905D0CB
:1062C000054AD2680243044BDA6004E0024AD2680D
:1062D0008243014BDA60704700100240FEB504466D
:1062E000002500260020029001900090002786489B
:1062F00040680C2108400546002D06D0042D07D02B
:10630000082D08D00C2D2CD128E0804820602BE0EF
:106310007E48206028E07C4840680F2189040840BE
:106320000646794840680321C90308400290B00C32
:10633000861C0298002803D17548374647430BE076
:106340007148C06A0007000F401C01906F48019916
:10635000FBF7A8F870430746276005E06D4820600A
:1063600002E06A48206000BF00BF67484068F02133
:10637000084005462D096848405D00902068009956
:10638000C84060606048406807210902084005462F
:106390002D0A6148405D009061680098C140A1608D
:1063A0005948006BFF2101310840884202D05B4808
:1063B000E0600DE0544840680121890308408842AC
:1063C00003D0A0684008E06002E0A0688008E060B8
:1063D0004D48006B40210840402802D050482061C1
:1063E00002E00120C00320614748006B10210840F3
:1063F000102802D04548606101E020686061424891
:10640000006B8007800F002802D1A068A06119E00E
:106410003D48006B8007800F012802D12068A061F1
:1064200010E03948006B8007800F022802D18003FA
:10643000A06107E03448006B8007800F032801D17A
:106440003248A0613048006B03210904084000284D
:1064500002D1A068E06120E02B48006B0321090411
:10646000084001210904884202D12068E06114E05B
:106470002548006B03210904084001214904884292
:1064800002D18010E06108E01F48006B032109047D
:106490000840884201D11D48E0611B48006B032180
:1064A00089040840002802D1A068206220E0164834
:1064B000006B03218904084001218904884202D12C
:1064C0002068206214E01048006B03218904084012
:1064D0000121C904884202D10011206208E00A4863
:1064E000006B032189040840884201D107482062DB
:1064F0000548006B80210840802802D00548606272
:1065000000E06762FEBD00000010024000127A0049
:1065100000093D00006CDC02A4000020809FD50033
:106520001280000010B50246002100230020511106
:10653000002902D10C4C23680BE0012902D10A4C3E
:10654000236A06E0022902D1074C636A01E0064C87
:10655000636BD106C90E01248C401C40002C01D075
:10656000012000E0002010BD0010024002484068F9
:106570000C2108407047000000100240002807D09E
:1065800007490968012212061143054A116006E015
:1065900003490968012212069143014A11607047BC
:1065A00000100240074A52687B23DB039A43054BE5
:1065B0005A601A46526803460B431A43014B5A600D
:1065C000704700000010024001460020044A506855
:1065D0008008800002460A431046014A5060704716
:1065E000001002400549096B80229143034A116360
:1065F0001146096B0143116370470000001002400F
:1066000030B50546072D01D0314805703048007877
:10661000030003F00BFB0805131C222E3B555654B8
:106620002C480068002805D100F058F806202849B9
:10663000087002E005202649087046E000F04EF898
:106640000420234908700120224908603DE002200F
:106650001F4948700320087037E01D484078401EED
:106660001B49487008464078002801D10420087072
:106670002BE01948006884B21020044316480460D7
:106680000520134908700A2048701EE01048407821
:10669000401E0F4948700846407800280ED10E4829
:1066A000006884B210212046884304460A480460EA
:1066B00006200749087000200649086005E000BF71
:1066C00000BF06200249087000BF00BF30BD0000B7
:1066D000880000208C000020405C004006490968CA
:1066E00088B2042201469143084603490860BF214D
:1066F0000902014A11607047405C0040002904D043
:10670000028840231A43028003E00288014B1A40AA
:1067100002807047BFFF000010B500220288C1232D
:106720009B011A400B88CC892343CC8823430C89D6
:1067300023434C8923438C8923431A430280828854
:10674000084B1A408B881A4382800B8A0382028886
:10675000054B1A404B881A430280838B034C23401D
:10676000838310BDFFF00000FBFF0000FFF7000077
:106770007047000002490140024A11617047000061
:10678000F8FF0000405C00400149086070470000CD
:10679000405C004030B54B105B000A4C2469A4B249
:1067A000C5006419084D6419238053105C00054B23
:1067B0001B699BB2C5005B191B1D034D5B191C8037
:1067C00030BD0000405C00400060004070B50346F2
:1067D000002921D12E48006980B2DD004019801CBB
:1067E0002C4D44193E2A0CDD5011D506ED0E002D1E
:1067F00001D1451EA8B285020126F6033543258046
:1068000009E05010D507ED0F002D01D0451CA8B2AE
:1068100085062D0C25800AE0012908D11C48006955
:1068200080B2DC000019801C1A4C0019028000297B
:1068300021D11748006980B2DD004019801D154D37
:1068400044193E2A0CDD5011D506ED0E002D01D164
:10685000451EA8B285020126F6033543258009E0CE
:106860005010D507ED0F002D01D0451CA8B28506AC
:106870002D0C25800AE0012908D10548006980B265
:10688000DC000019801D034C0019028070BD00005F
:10689000405C0040006000408100074A8918096898
:1068A00092151143054A1140054A11438200024BDB
:1068B000D218116070470000005C00408F8F00000C
:1068C0008080000010B54A105300054A126992B248
:1068D000C4001219121D034C1219138010BD0000C0
:1068E000405C00400060004030B50246104800693E
:1068F00080B2D4000019801D0E4C03193E290CDD16
:106900004811CC06E40E002C01D1441EA0B2840232
:106910000125ED032C431C8009E04810CC07E40F4F
:10692000002C01D0441CA0B28406240C1C8030BD75
:10693000405C00400060004030B583000F4C1B19E4
:106940001B680F4C23401A4601231B030B40002BEE
:1069500002D001231B035A4001235B030B40002B91
:1069600002D001235B035A400123DB03134380243D
:1069700023438400014D6419236030BD005C004056
:106980008FBF000010B54A105200044B1B699BB228
:10699000C4001B19024C1B191A8010BD405C00403A
:1069A00000600040044A126992B2C300D218921CDF
:1069B000024BD21811807047405C004000600040DC
:1069C00030B583000D4C1B191B680D4C23401A4633
:1069D00010230B40002B01D010235A4020230B40E2
:1069E000002B01D020235A400123DB0313438024D2
:1069F00023438400014D6419236030BD005C0040D6
:106A0000BF8F000010B58200054BD2181268054BED
:106A10001A400A438300024C1B191A6010BD000083
:106A2000005C00408F890000014948607047000009
:106A3000405C00400CB500200190009011201D49E1
:106A400008601D4840681C49486008464068486026
:106A5000084640687F21C9038843174948600846B3
:106A600040680521C9040843134948600846006886
:106A70000121090608431049086000BF0E4800685C
:106A80000121490608400028F8D00B4840688008DA
:106A900080000949486008464068022108430649C9
:106AA000486000BF044840680C2108400828F9D11C
:106AB0000CBD0000002002400010024070B50446EA
:106AC0000D4612480474E0300564006C642804D15B
:106AD00081010E48E030C16310E00C48E030006CEA
:106AE0007D21C900884204D181010848E030C1639A
:106AF00004E07D2149020548E030C16300F008F858
:106B0000FCF71AFBFBF79AFB70BD00002404002081
:106B1000F0B58BB000245CE03048007C0A2828D116
:106B20002046FAF779FF2E490090FAF765FD2D49C6
:106B30000190FAF79EFD0746FAF7CFFF0391029006
:106B400004F01AFB0022284B05910490FAF784FE0A
:106B50000546264A264BFAF77FFE0022224B079174
:106B60000690FAF7C5FD09910890FAF7F3FF0A902D
:106B700027E02046FAF750FF19490090FAF73CFD4C
:106B800007461849FAF775FD0190FAF7A6FF054682
:106B900004F0F2FA0022144B03910290FAF75CFE23
:106BA000144A154B05910490FAF756FE00220E4B3D
:106BB00007910690FAF79CFD09910890FAF7CAFF31
:106BC0000A900A98FAF775FF00B261000B4A50521A
:106BD000641CC82CA0DB0BB0F0BD00002404002016
:106BE000DB0FC9400000484300FE9F40B81E85EB04
:106BF00051B8E63F8FC2F5285C8FD23F9014002039
:106C00000A468188034B19400B461343194681807D
:106C100070470000FFF0000000B585B001210803B7
:106C2000FFF73CFB0321890368460180FF21053102
:106C300041800721090281800021C1800181012159
:106C40004902418100218181C18107210182694678
:106C50000448FFF761FD01210248FFF74FFD05B031
:106C600000BD0000003001400649096888B20821D3
:106C7000084304490860096888B2042108430149AF
:106C800008607047405C004010B511480078401C17
:106C90000F4908700846007863280EDD0020087050
:106CA0000C484068401C0B4948600B48C07B0028DA
:106CB00003D008468068401C8860FDF75DFC0548ED
:106CC0001C38C069401C03491C39C86110BD000054
:106CD0000000002054120020B803002010B51B480B
:106CE00000680121084319490860084640681849AE
:106CF000084016494860084600681649084013498C
:106D00000860084600680121890488430F4908602B
:106D1000084640683F21090488430C4948600846FA
:106D2000C06A00090001C8620846006BFF215431A7
:106D30008843064908630846406B400840004863A2
:106D400000208860FFF776FE10BD000000100240B2
:106D50000CB8FF08FFFFF6FE10B50120C043134931
:106D600008821348008F802815DA1248006881B223
:106D70000F48028F008F401C0D4B18875200184699
:106D80003C3081520B48403880680421084309494F
:106D90004039886009E005480088074908400349F0
:106DA0000880012102482030C17210BD000400405B
:106DB0000404002040240140FEFF0000002904D00C
:106DC000028801231A43028003E00288014B1A4023
:106DD00002807047FEFF00000A4600210188034B35
:106DE00019400B4613431946018070478FFF00007E
:106DF000002907D04422125A0123DB031A434423FB
:106E00001A5205E04422125A53045B0C44221352D6
:106E10007047000010B504463748844208D101216C
:106E2000C014FFF74BFA0021E014FFF747FA62E0C5
:106E300001208007844208D101210846FFF71EFA8D
:106E400000210120FFF71AFA55E02C48844208D1AE
:106E500001210220FFF712FA00210220FFF70EFAAB
:106E600049E02748844208D101211020FFF706FAA3
:106E700000211020FFF702FA3DE02248844208D1A9
:106E800001212020FFF7FAF900212020FFF7F6F971
:106E900031E01D48844208D101218015FFF7EEF949
:106EA0000021A015FFF7EAF925E01848844209D12E
:106EB00001210804FFF702FA002101200004FFF776
:106EC000FDF918E01248844209D101214804FFF776
:106ED000F5F9002101204004FFF7F0F90BE00D481F
:106EE000844208D101218804FFF7E8F9002101203C
:106EF0008004FFF7E3F910BD002C014000040040BE
:106F000000100040001400400020004000400140FC
:106F100000440140004801400146486A7047002A89
:106F200003D083890B43838102E083898B43838170
:106F30007047000070B5002400220023058C214E0C
:106F400035400584028C8388048B1F4D2C401F4DD7
:106F50002C400D782D062D0C2C431A4D103D2A4047
:106F60008D892D052D0C2A434D882D052D0C2A4386
:106F7000174DA84202D0174DA8421CD1164D2B40E8
:106F80000D8AAD042D0C2B43114DA84213D10D4D8C
:106F9000703D2A40CD892D052D0C2A43094D303DE9
:106FA0002A408D882D052D0C2A430C4D2B404D8AEF
:106FB000AD042D0C2B43838004838D68856302848C
:106FC00070BD0000EFFF0000FF8F0000FFFC00001D
:106FD000002C014000400140FFFB0000FFF70000D3
:106FE00001858282704700008288034B1A408280AC
:106FF00082880A43828070478FFF00004162704799
:1070000000220288154B984206D001239B07984224
:1070100002D0134B984203D1124B1A404B881A43AB
:10702000114B984203D0114B1A400B891A4302802E
:107030004B68C3620B880385084B984208D00C4B01
:10704000984205D00B4B984202D00B4B984201D18D
:107050008B7A03860123838270470000002C014055
:10706000000400408FFF000000100040FFFC000003
:107070000040014000440140004801400021C94354
:1070800041600021018001814180817270470000D0
:107090008100064A89180968054A1140054A1143CA
:1070A0008200024BD218116070470000005C004063
:1070B0008F8F000080C000008100064A891809688F
:1070C000054A1140054A11438200024BD218116053
:1070D00070470000005C00408F8F0000C0800000FF
:1070E00008B508200C4908710020FDF775FB0BA0BE
:1070F0000D4B2022002100903720FDF733FE06487B
:1071000000790A4948700020887048606421032093
:10711000FFF7D4FC08BD0000FC030020BFAAC2B7E3
:10712000D0A3D7BC00000000FFFF0000C411002066
:1071300038B50446601C0C4908710020FDF74CFB73
:107140000AA00D4B2022002100903720FDF70AFEF7
:10715000054800790949487000208870486064211A
:107160000320FFF7ABFC38BDFC030020B5E7D7E8F0
:10717000D0A3D7BC00000000FFFF0000C411002016
:1071800008B501200D4908710020FDF725FB0CA072
:107190000E4B2022002100903720FDF7E3FD0CA0CC
:1071A00002F0D8FC054800790C494870002088702E
:1071B000486064210320FFF781FC08BDFC03002028
:1071C000B6CCC2B7D0A3D7BC00000000FFFF0000C0
:1071D00053686F72742043616C0A0000C411002070
:1071E0001CB50446002C09DD1648007C0A2805DA87
:1071F0001448007C401C134908740AE0002C08DA8B
:107200001048007C002804DD0E48007C401E0D491B
:1072100008740C48007C002808D10BA00D4B1022EC
:10722000402100900820FDF79DFD0AE00548007C04
:1072300009A1084B10220091019040210820FDF780
:1072400091FD1CBDB8030020C9F9D2F4C9E8D6C32A
:1072500020B9D800FFFF0000C9F9D2F4C9E8D6C3AD
:107260002025303264000000FFB583B00546174684
:107270000D9E00243CE00C98005D315D88421BD0DF
:10728000315D0C980155305D80280BDD01200290A6
:10729000069833193A46009028460499FDF7DCF920
:1072A000641C09E00020029006980090335D3A4685
:1072B00028460499FDF7CAFB502F0CD1305D2E28CB
:1072C00001D10E3513E0601C305C2E2801D124352D
:1072D0000DE028350BE0202F06D10298002801D1BF
:1072E000103504E0ED1902E0182F00D10C35641CB4
:1072F0000E988442BFDB07B0F0BD000038B50446ED
:10730000012C09D13E48C078062811DA3C48C078E3
:10731000401C3B49C8700BE0601C002808D138486D
:10732000C078002804DD3648C078401E3449C87053
:107330003348C078002808D132A0364B10221146BD
:1073400000900820FDF70EFD59E02D48C078012877
:1073500008D131A02F4B1022114600900820FDF7D4
:1073600001FD4CE02648C078022808D12EA0294B08
:107370001022114600900820FDF7F4FC3FE0204861
:10738000C078032808D12CA0224B1022114600906F
:107390000820FDF7E7FC32E01948C078042808D13E
:1073A00029A01C4B1022114600900820FDF7DAFCA2
:1073B00025E01348C078052808D127A0154B1022D6
:1073C000114600900820FDF7CDFC18E00C48C0786D
:1073D000062808D124A00F4B102211460090082047
:1073E000FDF7C0FC0BE00648C078072807D122A0B3
:1073F000084B1022114600900820FDF7B3FC38BD61
:10740000FC030020D0A3D7BCC9E8D6C320B6CCC2A9
:10741000B7000000FFFF0000D0A3D7BCC9E8D6C367
:107420002031303052000000D0A3D7BCC9E8D6C309
:1074300020314B2020000000D0A3D7BCC9E8D6C320
:107440002031304B20000000D0A3D7BCC9E8D6C300
:10745000203130304B000000D0A3D7BCC9E8D6C3E0
:1074600020314D2020000000D0A3D7BCC9E8D6C3EE
:107470002031304D20000000D0A3D7BCC9E8D6C3CE
:1074800020BFAAC2B70000001CB50020FDF795F987
:107490000020FDF7A1F92BA02D4B10220021009018
:1074A0000820FDF75FFC2BA0294B1022114600900D
:1074B0000820FDF757FC2A48807B002801D029A02E
:1074C00000E029A029A1224B102200910190202147
:1074D0000820FDF747FC2248C07B27A11C4B102247
:1074E0000091019030210820FDF73CFC26A0184BAC
:1074F0001022402100900820FDF734FC25A0144BF9
:107500001022502100900820FDF72CFC24A0104BE5
:107510001022602100900820FDF724FC23A00C4BD2
:107520001022702100900820FDF71CFC22A0084BBF
:107530001022702100909720FDF714FC002001F02C
:10754000E1F91CBDB2BBD3C3B1A3B4E60000000097
:10755000FFFF0000D0A3D7BCC9E8D6C300000000DD
:10756000B8030020CAC70000B7F10000C6C1C4BB01
:10757000B7B4C9AB20257300B9D8BBFACAB1BCE413
:107580002025303264000000C9F9D2F4C9E8D6C31E
:10759000000000002D2D2D2D2D2D2D2D0000000083
:1075A000BBD6B8B4B3F6B3A700000000B1A3B4E6ED
:1075B000C9E8D6C30000000051506C696E6B2056BC
:1075C0003230380038B504460CA000900C484078A2
:1075D000000101461039234610220020FDF7C2FBAE
:1075E0000848844204D1002005498870C87003E02F
:1075F000034840780249887038BD00003E00000012
:10760000FC030020FFFF000010B50446002C13D13E
:107610001348007B002807D01148428B114B1B21D7
:107620000020FDF753FB1AE00D48428B0E4B1B2147
:107630000020FDF74BFB12E00948007B002807D033
:107640000748428B084B1B210020FDF73FFB06E05B
:107650000348428B034B1B210020FDF737FB10BD75
:10766000B8030020903B0108D03C010800B585B06C
:10767000FE48007900287DD1FC482C30407C012850
:1076800048D1FA482C30407A012831D00121F748FE
:107690002C3041720021F6488160F4484038C164C2
:1076A00001654C308160C160F2A0F3A100910190AE
:1076B000EE484038C08A034618226F21049000200B
:1076C000FDF750FBEDA0ECA100910190E748403898
:1076D000808A03462022232104909020FDF742FB5C
:1076E000E8A0EA4B18226F2100909C20FDF73AFB9E
:1076F000DF48D038C06A0190FAF7EFF9490049082D
:1077000003910290FAF726FA01460490012000F056
:107710005DFD18E2D5482C30407C022853D1D34877
:107720002C30407A02282ED00221D0482C304172D1
:107730000020CF498860CD4840380021C1640165F0
:107740004C308160C16001624162CAA0CAA100914F
:107750000190C6484038C08A034618226F21049021
:107760000020FDF7FFFACAA0C3A100910190BF4815
:10777000403800E0F5E3808A03462022232104906C
:107780009020FDF7EFFABA48D038006B0190FAF775
:10779000A4F94900490803910290FAF7DBF9014680
:1077A0000490022000F012FDB148D038C06B0146B1
:1077B00003907F20C005F9F75CFF0146049002208A
:1077C00000F092FCA5E7A9482C30407C03284BD15F
:1077D000A6482C30407A03282CD00321A3482C3013
:1077E00041720020A2498860A04840380021C1644D
:1077F00001654C308160C160016241629DA09EA123
:107800000091019099484038C08A034618226F21A0
:1078100004900020FDF7A6FA9FA097A10091019087
:1078200092484038808A03462022232104909020E9
:10783000FDF798FA8E48D038406B0190FAF74DF971
:107840004900490803910290FAF784F9014604902F
:10785000032000F0BBFC8648D038C06B0146049082
:10786000032000F041FCE9E380482C30407C0428F0
:1078700074D17E482C30407A04283BD004217B48C8
:107880002C30417200207A4988607AA07AA1009158
:10789000019076484038C08A034618226F21049030
:1078A0000020FDF75FFA00206B23AE221B21009021
:1078B000FCF79CFF74A070A1744B202200910190F2
:1078C0004321B020FDF74EFA6EA0704B18226F21B5
:1078D00000909C20FDF746FA71A067A100910190ED
:1078E00062484038808A0346202223210490B02039
:1078F000FDF738FA5E48D038C06A0190FAF7EDF823
:10790000490049080022684B03910290FAF7FAF8FF
:1079100011D266A058A10091019054484038808A45
:107920000346202223210490B020FDF71BFA0120FA
:10793000FAF77EFD82E35AA04FA1009101904B48D7
:107940004038808A0346202223210490B020FDF78E
:1079500009FA0020FAF76CFD70E3FFE743482C308A
:10796000407C052860D141482C30407A05283BD026
:1079700005213E482C30417200203D4988604DA0D1
:107980003DA10091019039484038C08A0346182231
:107990006F2104900020FDF7E5F900206B23AE2253
:1079A0001B210090FCF722FF37A033A1374B202288
:1079B000009101904321B020FDF7D4F931A0334B61
:1079C00018226F2100909C20FDF7CCF93AA02AA143
:1079D0000091019025484038808A034620222321C7
:1079E00004909020FDF7BEF92148D038406B00216B
:1079F0000490FAF7CBF803D10020FFF705FE1DE352
:107A00001B48D038406B7F21C9050490FAF7BEF8B7
:107A100003D10120FFF7F8FD10E3294B00221B21C1
:107A20001046FDF753F909E31148D038C06A2549DB
:107A30000490FAF7ABF87DD10D48D038006B22499D
:107A40000490FAF7A3F875D108482C30407A05283D
:107A50006DD0052105482C30417200200449886012
:107A600014A005A10091019000482FE0F803002028
:107A70005412002052733A00257300002020B5E70D
:107A8000D7E800002020202020202000FFFF000059
:107A90002020B5E7C8DD00002020B5E7B8D0000001
:107AA000D5FDB3A3000000000000F03FB6CCC2B784
:107AB0000000000056663A00B6FEBCABB9DC000020
:107AC000903B010800409A440070B1454038C08A9C
:107AD000034618226F2104900020FDF743F900208F
:107AE0006B23AE221B210090FCF780FEFD48FEA117
:107AF000FE4B2022009101904321B020FDF732F986
:107B0000F848001FF94B18226F2100909C20FDF7C8
:107B100029F9F4483030F4A100910190F448808AAA
:107B200003462022232104909020FDF71BF9F14801
:107B3000406B00E01BE000210490FAF727F803D126
:107B40000020FFF761FD79E2EA48406B7F21C9051B
:107B50000490FAF71BF803D10120FFF755FD6DE201
:107B6000E54B00221B211046FDF7B0F866E2E14824
:107B7000C06A0190F9F7B1FF490049080022DF4BC4
:107B800003910290F9F7D2FF04D2DD48006CDD4981
:107B9000884213D3D748C06A0190F9F79EFF490085
:107BA00049080022D84B03910290F9F7BFFF52D247
:107BB000D348006C7D21C90088424CD9CC486C3038
:107BC000407A0028BFD00021C9486C304172CFA054
:107BD00001F0C0FF0020C749D0318860C4480021AF
:107BE000C16401654C308160C160BE481438BEA1DB
:107BF00000910190BE48C08A034618226E2104906D
:107C00000020FDF7AFF8C3A0B7A100910190B848DC
:107C1000808A0346202223210490AF20FDF7A2F89A
:107C200000206B23AE221B210090FCF7DFFDAD4846
:107C3000ADA1AE4B2022009101904321AF20FDF772
:107C400091F8A848001FA94B18226E2100909B2094
:107C5000FDF788F8F2E1A748006B0190F9F73DFFC6
:107C6000AE4AAF4B03910290F9F760FF6DD2A14885
:107C7000006BAC490490F9F789FF66D29D48C06A51
:107C80000190F9F72AFF490049080022A64B039109
:107C90000290F9F737FF58D29648C06B7F21C9058B
:107CA0000490F9F77DFF50D29248806B9F49049071
:107CB000F9F76CFF49D28E486C30407A02282FD0F9
:107CC00002218B486C30417299A001F043FF0020E3
:107CD0008849D031886086480021C16401654C30F4
:107CE0008160C160016241627E4814387EA10091CA
:107CF00001907F48C08A034618226E21049000201C
:107D0000FDF730F87748083077A100910190784866
:107D1000808A03462022232104909020FDF722F838
:107D20007448006B01460490022000F04FFA71483D
:107D3000C06B014603907F20C005F9F79AFC01460D
:107D40000490022000F0D0F978E16A48406B01907D
:107D5000F9F7C3FE0022784B03910290F9F7E6FE93
:107D600004D26748006C6749884217D06148406B6D
:107D700072490490F9F714FF05D26148006C7D2127
:107D8000C90088420AD05B48406B6D490490F9F7FE
:107D900007FF63D25A48006C64285FD15548406B96
:107DA00068490490F9F7F2FE58D25248C06A00219F
:107DB0000490F9F7F5FE51D24E48806B5F4904906C
:107DC000F9F7EEFE4AD24B48C06B5F490490F9F7D1
:107DD000DDFE43D246486C30407A03282FD0032181
:107DE00043486C30417259A001F0B4FE0020414973
:107DF000D03188603E480021C16401654C3081600B
:107E0000C160016241623748143837A10091019086
:107E10003748C08A034618226E2104900020FCF7E0
:107E2000A1FF3048103030A1009101903048808A85
:107E300003462022232104909020FCF793FF2D4835
:107E4000406B01460490032000F0C0F92948C06B44
:107E500001460490032000F047F9EFE02548C06A8E
:107E600032490490F9F79CFE7AD22248C06A394917
:107E70000490F9F78BFE73D21E48806A354904904E
:107E8000F9F784FE6CD21A486C30407A012877D01A
:107E9000012117486C3041722FA001F05BFE0020D9
:107EA0001449D031886012480021C16401654C300A
:107EB0008160C1600B4814380BA1009101900C48FF
:107EC000C08A034618226E2104900020FCF74AFF66
:107ED00004480C3804A1009101900548808A0346AB
:107EE000202240E0887A000825730000FFFF000090
:107EF000B803002084110020903B0108D012734188
:107F00000405002010270000F0B35A41BFAAC2B7F1
:107F10000A000000BFAAC2B700000000FCA9F1D20D
:107F20004D62403F8096984BD0126341000080BF65
:107F3000B5E7C8DD0A0000000000E03F0000A040F7
:107F400000007041002474498096184BB5E7B8D002
:107F50000A000000C0D8274BB5E7D7E80A000000A8
:107F60001FE06EE00CE0232104909020FCF7FAFE65
:107F70003C483D4B18226E2100909B20FCF7F2FEFE
:107F80003A48C06A0190F9F7A8FD490049080391F1
:107F90000290F9F7DFFD01460490012000F016F988
:107FA0004CE03348407A002848D0002130484172E4
:107FB00030A001F0CFFD00202C49D03188602C4842
:107FC0006C380021C16401654C308160C160254876
:107FD00010382AA10091019025486C38C08A0346C8
:107FE00018226E2104900020FCF7BCFE244823A137
:107FF000009101901E486C38808A0346202223217C
:108000000490AF20FCF7AEFE00206B23AE221B21B4
:108010000090FCF7EBFB1348001D18A1124B202227
:10802000009101904321AF20FCF79CFE0D480E4BC0
:1080300018226E2100909B20FCF794FE00F016FBA6
:108040000DE00B4828380079002808D0084820386F
:108050000021016141618161C16100F007FB05B050
:1080600000BD0000847A0008FFFF0000841100209A
:1080700024040020CEB4D6AA0A0000002573000014
:10808000147F00081CB50446012C09D11048C07BA0
:108090001E2811DA0E48C07B401C0D49C8730BE046
:1080A000601C002808D10A48C07B002804DD08486D
:1080B000C07B401E0649C8730548C07B05A1094B1B
:1080C00010220091019030210820FCF74BFE1CBDCE
:1080D000B8030020B9D8BBFACAB1BCE420253032BD
:1080E00064000000FFFF0000F0B587B004460F46B3
:1080F000032C04D129A103A8F9F71CFA08E0022CEB
:1081000004D127A103A8F9F715FA01E007B0F0BDE3
:1081100024493846F9F73AFD0AD23846F9F7DDFC2A
:1081200005462A460B4620A105A801F023FD20E0C4
:108130001F493846F9F72AFD0AD23846F9F7CDFC2F
:1081400005462A460B461BA105A801F013FD10E0C9
:108150001A493846F9F71AFD0AD23846F9F7BDFC34
:1081600005462A460B4616A105A801F003FD00E0CE
:10817000CCE705A903A8F9F7D1F9072003A9124A0A
:1081800000920191029010466C38038B18226E21E8
:108190009B20FFF769F800BFB8E70000513A0000E4
:1081A000443A00000000204125312E3366000000D3
:1081B0000000C84225322E326600000000007A44DA
:1081C00025332E316600000024040020F0B587B06E
:1081D00004460D462846F9F753FC0746FDF76CFEAA
:1081E0000646CE480078B04208D0CC490E70CC4844
:1081F0000021C16401654C308160C160012C1BD13C
:10820000C8492846F9F7C2FC05D2C7A2C7A103A8EE
:1082100001F0B0FC64E0C6492846F9F7B7FC05D286
:10822000C4A2C2A103A801F0A5FC59E0C2A2BFA14B
:1082300003A801F09FFC53E0022C31D17F21C90536
:108240002846F9F7A3FC0FD2BC48006CBC49884211
:108250000AD1B4492846F9F7CFF90546B9A2B3A126
:1082600003A801F087FC3BE0AE492846F9F78EFCF5
:1082700005D2B5A2ADA103A801F07CFC30E0AC4969
:108280002846F9F783FC05D2B0A2A8A103A801F003
:1082900071FC25E0AEA2A5A103A801F06BFC1FE0D4
:1082A000032C1BD19F492846F9F770FC05D2A9A2DF
:1082B0009EA103A801F05EFC12E09D492846F9F753
:1082C00065FC05D2A4A299A103A801F053FC07E024
:1082D000A2A296A103A801F04DFC01E007B0F0BDF9
:1082E0009F492846F9F752FC17D28E492846F9F7DC
:1082F00083F90090F9F7C4FB7D21C9000190F9F7DB
:10830000E7F80F462846F9F7BBFB3B46024695A126
:10831000029005A801F02EFCE1E094492846F9F707
:1083200035FC16D291492846F9F766F90090F9F71D
:10833000A7FB64210190F9F7CBF80F462846F9F71F
:108340009FFB3B4602468AA1029005A801F012FC61
:10835000C5E074492846F9F719FC16D28049284629
:10836000F9F74AF90090F9F78BFB0A210190F9F728
:10837000AFF80F462846F9F783FB3B4602467EA13D
:10838000029005A801F0F6FBA9E07D492846F9F71F
:10839000FDFB18D22846F9F773FB7D21C900019037
:1083A000F9F796F80F462846F9F76AFB7D21C900D0
:1083B0000190F9F78DF83B4602466AA1029005A8A4
:1083C00001F0D8FB8BE06F492846F9F7DFFB1BD2A1
:1083D0002846F9F755FB0A210090F9F779F864214E
:1083E0000190F9F775F80F462846F9F749FB7D210A
:1083F000C9000190F9F76CF83B4602465CA1029077
:1084000005A801F0B7FB6AE049492846F9F7BEFB29
:108410001BD22846F9F734FB64210090F9F758F88D
:108420000A210190F9F754F80F462846F9F728FB7E
:108430007D21C9000190F9F74BF83B4602464EA159
:10844000029005A801F096FB49E04F492846F9F74C
:108450009DFB1CD22846F9F713FB7D21C900009033
:10846000F9F736F87D21C9000190F9F731F80F4688
:108470002846F9F705FB45490190F9F729F83B46ED
:10848000024638A1029005A801F074FB27E040499C
:108490002846F9F77BFB1AD22846F9F7F1FA284962
:1084A0000090F9F715F807466421F9F711F8284606
:1084B0000291F9F7E5FA07463449F9F709F801900E
:1084C00002462BA105A8029B01F054FB07E031A155
:1084D00005A8F9F72FF831A103A8F9F72BF8052023
:1084E00005A90F4A4C320092019102900C48438B2F
:1084F00050221B210020FEF7B7FE032003A9084AE3
:1085000054320092019102900548838B202243212E
:10851000AF20FEF7A9FE00BFE0E600002C0000201F
:10852000B803002000007A44A6B82000257300009C
:10853000002474496BA6B8004DA6B80004050020BD
:1085400010270000704620006E462000A6CC460092
:108550006D462000A6CC48006D4820004820200031
:108560000000204125642E25303364000000C842FD
:1085700025642E253032640025642E2530316400B8
:1085800000401C460050C3478096184B40420F00E5
:1085900020BCBE4C2D2E2D2D2D2D00002020200086
:1085A0001CB51048C078002803D000200D49C870C1
:1085B00002E001200B49C8700A48C078002801D0A9
:1085C00009A000E009A00AA10091019005484078A7
:1085D000000101461039094B10220820FCF7C2FBAC
:1085E0001CBD0000FC030020CAC70000B7F100005A
:1085F000BBD6B8B4B3F6B3A720257300FFFF0000C5
:108600001CB51348807B002806D0002010498873D1
:108610002120FCF70BFB05E001210D488173202090
:10862000FCF704FB0A48807B002801D009A000E089
:1086300009A00AA10091019005484430407800014A
:1086400001461039084B10220820FCF78BFB1CBD9B
:10865000B8030020CAC70000B7F10000C6C1C4BB00
:10866000B7B4C9AB20257300FFFF000070B588B018
:108670008E49C86AF9F731FA490049080446F9F702
:1086800069FA8A49C8628A48407A052814D1886AFA
:1086900001218907F8F7EDFF0646F9F71EFA4900B0
:1086A00049080446F9F756FA8049C86281A282A1B6
:1086B00004A801F05FFA1CE07C49C86A7F49F9F719
:1086C00065FA05D27EA27CA104A801F053FA10E05D
:1086D0007649C86A7B49F9F759FA05D27AA276A198
:1086E00004A801F047FA04E078A273A104A801F0FD
:1086F00041FA6E49C86A7649F9F748FA0BD26B49D4
:10870000C86AF9F7EAF9044622460B4671A106A8A1
:1087100001F030FAA9E06549C86A7049F9F736FAFC
:108720000BD26249C86AF9F7D8F9044622460B46CB
:108730006BA106A801F01EFA97E05C49C86A5F4980
:10874000F9F724FA0BD25949C86AF9F7C6F9044671
:1087500022460B4664A106A801F00CFA85E05349B5
:10876000C86A6349F9F712FA0FD25049C86A5349E7
:10877000F8F77FFF0646F9F7B0F9044622460B46A4
:1087800054A106A801F0F6F96FE04849C86A5949B2
:10879000F9F7FCF90FD24549C86A4849F8F769FF6B
:1087A0000646F9F79AF9044622460B464CA106A85C
:1087B00001F0E0F959E03D49C86A4249F9F7E6F9A4
:1087C0000FD23A49C86A3D49F8F753FF0646F9F710
:1087D00084F9044622460B4643A106A801F0CAF9D3
:1087E00043E03249C86A4449F9F7D0F90FD22F491A
:1087F000C86A3449F8F73DFF0646F9F76EF90446B2
:1088000022460B4633A106A801F0B4F92DE0274912
:10881000C86A3A49F9F7BAF90FD22449C86A29490E
:10882000F8F727FF0646F9F758F9044622460B46A3
:108830002BA106A801F09EF917E01C49C86A30492F
:10884000F9F7A4F90FD21949C86A1E49F8F711FFC0
:108850000646F9F742F9044622460B4622A106A82D
:1088600001F088F901E008B070BD052006A9104AA2
:10887000103A00920191029010465C38C38A182287
:108880006E212420FEF7F0FC022004A9084A083AD1
:1088900000920191029010466438C38A18226E211A
:1088A0006020FEF7E1FC00BFDDE70000841100203E
:1088B00024040020205600002573000000007A44A4
:1088C00023200000002474496B2300004D23000086
:1088D0000000204125312E33660000000000C84210
:1088E00025322E326600000025332E31660000004E
:1088F00000401C460050C3478096184B20BCBE4C1D
:10890000286B6E4E38B504462048407800280BD0BE
:108910001FA000901D4840780001014610391D4BF2
:1089200010220020FCF71EFA002C05D10120174967
:108930004870002088701BE0012C0BD11348407850
:10894000401C1249487008464078082810DD08206D
:1089500048700DE0601C00280AD10C484078401E89
:108960000A49487008464078012801DA0120487019
:1089700009A0009005484078000101461039054BD8
:1089800010220020FCF7EEF938BD0000FC030020A7
:1089900020000000FFFF00003E0000001CB500208A
:1089A000FBF71AFF1AA01CA1009101901B48438CF1
:1089B000182200210846FCF7D5F919A016A100914C
:1089C00001901648C38A18226E210020FCF7CAF9CC
:1089D00012480021C16401654C308160C1600162B0
:1089E0004162016141618161C16164212030417254
:1089F0000172FAF77DFCFAF7F3FDFAF79FFDFAF73B
:108A000097FC002280210748F9F7D2FC1CBD00002A
:108A100051504C435200000025730000B803002061
:108A200052733A000004004810B52B492B4800F05F
:108A300078F800284FD02849284800F053F82748F4
:108A400000F012F9C4B22648007D002843D1244822
:108A5000943042684068401C21499431486008467F
:108A60007F3884547F304068802803DB00211C4815
:108A7000943041601A489430406801282BDD184832
:108A800094304068801E16491531085C55280BD17A
:108A900008467F304068401E085CAA2804D10021A7
:108AA0000F489430416016E00D4894304068801EB5
:108AB0000B491531085C0D280DD108467F30406800
:108AC000401E085C0A2806D1002105489430416008
:108AD00001200349087510BD05010500003801405B
:108AE000B811002010B5002300220B0C01249C407B
:108AF0002246026210BD002904D0026801231A43F5
:108B0000026003E0026852085200026070470246A9
:108B10000020D3690B40002B01D0012000E0002091
:108B2000704770B502460B46002400210025002046
:108B30001E04350ED9B201268E403146012D02D1D8
:108B40001668314006E0022D02D15668314001E03E
:108B5000966831401C0C0126A6403446D669344044
:108B6000002903D0002C01D0012000E0002070BDBE
:108B7000F0B58BB004460D46002700200A90002671
:108B800020684008400020606668032109033046E1
:108B900088430646A8680643666026682D48064056
:108BA000E968686808432969084306432660A6689F
:108BB0000321090230468843064668690643A660D9
:108BC0006846FDF78BFB2448844202D106980A9040
:108BD0000DE02248844202D107980A9007E020481D
:108BE000844202D108980A9001E002980A90206815
:108BF0000121C903084000280CD029680A9A5000B6
:108C0000F8F750FC074629680A9A5000F8F74AFC22
:108C10000E4609E029680A98F8F744FC07462968D7
:108C20000A98F8F73FFC0E4628684008B04200D882
:108C30007F1C20680121C9030840002806D038079E
:108C4000460F38460749084030430746A7810BB016
:108C5000F0BD0000F3E9FFFF003801400044004090
:108C600000480040F0FF00000146888CC005C00DA0
:108C70007047CA05D20D0285704770B504460D468F
:108C8000FF2059300059294642682046904700206D
:108C900070BD70B504460D46A078022802D00328A6
:108CA00011D100E000BF688801280BD10020A0602E
:108CB000FF205930005929468268204690472046B7
:108CC00000F05BF804E02946204600F01DF800BFE4
:108CD00000BF70BDF8B506460C46154600272B466A
:108CE000224600213046F9F7D1FF3846F8BDF8B5E5
:108CF00006460C46154600272B46224600213046E4
:108D0000FAF76CF83846F8BD70B504460D460021F8
:108D10002046FAF71BF870BDF8B504460E46154616
:108D20000027D8200551D4200551032060702B4620
:108D3000324600212046F9F7A9FF3846F8BD70B544
:108D4000044600250520607000231A461946204677
:108D5000F9F79CFF284670BDF8B504460E46154647
:108D60000027A5636563022060702B463246002110
:108D70002046FAF733F83846F8BD70B504460025AA
:108D80000420607000231A4619462046FAF726F898
:108D9000284670BD70B505460E46002E4CD12C46B7
:108DA00018346878022837D1E168E06988420AD926
:108DB000E168E069401AE061A08B82B2284621692F
:108DC000FFF795FF48E0E168206AF8F76BFB0029A0
:108DD0000FD1E168206A88420BD3616A206A884219
:108DE00007D2002211462846FFF781FF002060626B
:108DF00032E0FF2059304059C068002808D0A878D8
:108E0000032805D1FF2059304059C16828468847BA
:108E10002846FFF794FF1FE0687804281CD10F480C
:108E20000068002818D00D4801782846F9F768FF37
:108E300000200A4908600FE0FF205930405940697E
:108E4000002809D0A878032806D1FF2059304059BE
:108E50003146426928469047002070BDD40000206A
:108E600070B505460E46002E2CD12C46B8346878D5
:108E7000032837D1E168E069884210D9E168E069E8
:108E8000401AE061E368E069984201D2E06900E0DD
:108E9000E06882B228462169FFF71CFF22E0FF202C
:108EA000593040590069002808D0A878032805D116
:108EB000FF20593040590169284688472846FFF766
:108EC0005CFF0FE0FF20593040598069002809D02D
:108ED000A878032806D1FF205930405931468269CD
:108EE00028469047002070BD01460020704738B5E5
:108EF00004460D4600200090E888012804D0294649
:108F00002046FFF701FF17E0A078022802D00328CF
:108F10000CD105E0012269462046FFF71DFF0AE05B
:108F2000012221462046FFF717FF04E0294620468C
:108F3000FFF7EAFE00BF00BF38BDF8B504460E4695
:108F400070880012030000F071FE086E05131F6E9A
:108F50006E64696E207BFF21613109590A68694698
:108F600090470546F088402801D1082000905FE036
:108F7000207BFF21593109590A6A69469047054605
:108F8000FF2165310D5153E0B078030000F04EFE33
:108F900006040D161F28313A207BFF216131095943
:108FA0004A6869469047054631E0207BFF216131E0
:108FB00009598A6869469047054628E0207BFF21C9
:108FC00061310959CA686946904705461FE0207B10
:108FD000FF21613109590A6969469047054616E043
:108FE000207BFF21613109594A696946904705464E
:108FF0000DE0207BFF21613109598A69694690475C
:10900000054604E031462046FFF77EFEF8BD00BF6E
:109010000EE031462046FFF777FEF7E7314620465F
:10902000FFF772FEF2E731462046FFF76DFEEDE7EF
:1090300000BF68460088002812D0F08800280FD0B2
:10904000F08869460988884202DD6846008800E0A9
:10905000F088009069460A8829462046FFF77CFE82
:1090600000BFD3E70146002002E0421CD0B2491CF9
:109070000A78002AF9D1704738B504460D46002019
:109080000090A078022802D0032810D100E000BF91
:1090900001200090A068002803D002210098084316
:1090A0000090022269462046FFF756FE04E029465A
:1090B0002046FFF729FE00BF00BF38BDF8B50446C3
:1090C0000D4617460026002C1ED02046FFF7CAFF8B
:1090D0004000801C38803A783046711CCEB22A5449
:1090E00003223046711CCEB22A540AE02278304660
:1090F000711CCEB22A54641C00223046711CCEB2C0
:109100002A5420780028F1D1F8BDF8B504460D4660
:1091100016461F46204600F0F3FA2046FFF7E4FE0D
:10912000FF2059300651001D0751001D0551FAF767
:1091300095FE2046F9F7ACFEFF215D31095908681C
:109140008047204600F0D0FA2046F9F76DFCF8BDC4
:10915000027C0A70427C4A70837CC27C12029A189C
:109160004A80037D427D12029A188A80837DC27DE7
:1091700012029A18CA80CB88C363012242707047DA
:1091800010B504464023002211462046F9F7A0FE00
:109190008023002219462046F9F79AFE0023402238
:1091A00019462046F9F7CDFC0023402280212046B5
:1091B000F9F7C7FC0120A070207BFF225D32125915
:1091C00051688847002010BD10B50446FF215D316D
:1091D000095908698047E078A070002010BD10B5DB
:1091E0000446FF2059300059C069002805D0FF20EF
:1091F00059300059C16920468847002010BD000041
:1092000070B504460D46A88800281BD1E8880028C0
:1092100018D1A8784606760EA078032804D12946EE
:109220002046FFF771FD11E02671094806602046CF
:10923000FFF7A3FD002E02D00220A07006E001205F
:10924000A07003E029462046FFF75EFD70BD0000D8
:10925000D400002070B504460D46FF205930005957
:109260002946026820469047FF215D3109598868E8
:109270008047002070BD000070B504460D46A878F8
:109280002C49087008460078012804DD294620464C
:10929000FFF73AFD4CE0A078022802D0032841D124
:1092A00015E02448007800280DD02248007820706E
:1092B0000320A0701F4801782046FFF7CBFF20460F
:1092C000FFF75BFD02E02046FFF757FD2FE019484E
:1092D000007800280DD10220A07016480078207078
:1092E000144801782046FFF7C8FC2046FFF745FDEB
:1092F00017E020780F49097888420FD0217820465E
:10930000FFF7BBFC0B48007820700A480178204624
:10931000FFF7A0FF2046FFF730FD02E02046FFF7F1
:109320002CFD04E029462046FFF7EEFC00BF00BFFD
:1093300070BD0000D800002070B504460D46688856
:1093400001280AD1A060FF205930005929468268BF
:10935000204690472046FFF710FD70BD1CB504461F
:1093600069462046FFF7F4FE68460078C006C00E46
:10937000002804D0012807D002280FD109E069464F
:10938000204600F017F812E06946204600F0F7F892
:109390000DE06946204600F046F808E0684600788F
:1093A0008022104001462046F9F7D0FC00BF00BFE4
:1093B00000201CBD70B505460C46002660780300F1
:1093C00000F034FC0A1A24291F290B06291510293C
:1093D00021462846FFF7B1FD22E021462846FFF747
:1093E0000FFF1DE021462846FFF746FF18E0214603
:1093F0002846FFF77CFD13E021462846FFF73CFE98
:109400000EE021462846FFF797FF09E0214628464F
:10941000FFF73FFC04E021462846FFF775FC00BF3C
:1094200000BF304670BDF8B505460E4600200090DE
:1094300000273479707800285BD001282DD00328CC
:1094400077D1A878022802D003281FD108E0002C89
:1094500005D0802C03D021462846F9F777FC1AE086
:109460007088002807D1002C05D0802C03D021461D
:109470002846F9F76BFCFF20593040593146826885
:10948000284690472846FFF778FC04E031462846F6
:10949000FFF73AFC00BF00BF6EE0A878022802D0B8
:1094A00003281FD108E0002C05D0802C03D02146D2
:1094B0002846F9F74BFC1AE07088002807D1002CE9
:1094C00005D0802C03D021462846F9F70DFBFF205C
:1094D0005930405931468268284690472846FFF760
:1094E0004CFC04E031462846FFF70EFC00BF00BFED
:1094F00042E0A878022802D0032835D108E0002CE9
:1095000005D0802C03D021462846F9F71FFC30E017
:1095100080202040802810D16006400E282148433A
:109520002946183140188078002803D00120009087
:1095300014E020E00020009010E08020204000286F
:109540000CD1282060432946B83140188078002883
:1095500002D00120009001E0002000900222694624
:109560002846FFF7F9FB04E031462846FFF7CCFB1D
:1095700000BF00BF00E000BF00BF3846F8BD70B5B7
:1095800004460D460026A078032818D12879012822
:1095900010DCFF2059300059294682682046904748
:1095A0000646E888002809D1002E07D12046FFF79B
:1095B000E4FB03E029462046FFF7A6FB04E029462A
:1095C0002046FFF7A1FB00BF00BF304670BD10B5BD
:1095D0000446A078E0700420A070FF215D31095995
:1095E000C8688047002010BD70B505460C4622466D
:1095F000024903A0FFF762FD004870BD2C1800204F
:1096000056435020436F6E66696700007047000044
:10961000024612200880014870470000103E0108F1
:10962000704770477047704770B505460C46224634
:10963000024903A0FFF742FD004870BD2C1800202E
:1096400056435020496E7465726661636500000080
:109650000246042008800148704700002C3E0108A3
:1096600070B505460C462246024903A0FFF726FDC9
:10967000004870BD2C18002053544D6963726F650B
:109680006C656374726F6E696373000070B5054634
:109690000C462246024903A0FFF710FD004870BDAA
:1096A0002C18002053544D33322056697274756162
:1096B0006C20436F6D506F727420696E204653208A
:1096C0004D6F64650000000002461A2008800148C2
:1096D000704700006C0000200246432008800148CB
:1096E00070470000303E010838B504461F21684627
:1096F00001700021417001218170FCF769FB38BDC8
:1097000010B504460121C805FCF7A8FD0020FCF7B0
:1097100069FFF8F7C9FE10BD30B591B004460D469B
:10972000062D05DA294658A000F014FA11B030BD14
:10973000E07801282DD1552168460171AA21417197
:109740001C218171E178C1715748417A68460172E4
:109750005648C06A03905548006B04905348406BCC
:1097600005905248806A06905048806B07904F4899
:10977000C06B08904C482038418F684681840D2189
:1097800008A881710A21C171242101A800F0A8F95B
:1097900077E0E078092874D0E078072841D1552196
:1097A00068460171AA21417111218171E178C1716D
:1097B0003D486C38408C01B2684601813A486C38AB
:1097C000C08B01B26846418137486C38008C01B2C9
:1097D0006846818134486C38408B01B26846C1814B
:1097E00031486C38808A01B2684601822E486C3854
:1097F000808B01B2684641822B486C38C08A01B226
:109800006846818228486C38008B01B26846C18264
:109810000D2101760A214176162101A800F060F998
:109820002FE0E07808282CD1A0881F496C394884A3
:10983000E088C8832089088460894883A089888259
:10984000E18919486C388183208A17496C39C882AC
:10985000608A088301F072FB552168460171AA21D4
:10986000417101218171E178C1710D2101720A21DB
:109870004172062101A800F033F9FAF7E7FFFFF77C
:109880008DF800BF52E700007061636B6574206C57
:10989000656E67746820697320746F2073686F72D7
:1098A000743A25640A00000024040020841100207A
:1098B00010B500F001F810BD08B5002100913F4837
:1098C000406881B20091684600880121C9030840C0
:1098D0003B4909680840002801D0F8F715FE6846A2
:1098E000008801218902084035490968084000289C
:1098F0000BD0344831494860334800680169334827
:10990000884700213148F9F7FBF9684600880121B2
:10991000490308402A4909680840002802D02C4819
:109920002649486068460088012109030840244907
:109930000968084000280AD0264820494860224883
:1099400000688169214888470020FCF759FE684675
:1099500000880121C9020840194909680840002807
:1099600009D01D48154948601748006841691748E3
:109970008847FDF779F968460088012149020840C7
:109980000F4909680840002807D014480B4948606F
:109990000D480068C1680D48884768460088FF2167
:1099A00001310840064909680840002805D00C48E4
:1099B000024948600720FCF723FE08BD405C0040D8
:1099C0002C010020FFFB0000D000002060120020CE
:1099D000FFDF0000FFEF0000FFF70000FFFD0000C9
:1099E000FFFE000070470000F8B5571C7F1000977D
:1099F000074FCD19009B08E00478401C07783E0211
:109A000026432E80AD1C401C5B1E002BF4D1F8BDFC
:109A100000600040014600207047000070B5054618
:109A20000C461646042D16D008DC002D0FD0012D53
:109A30000ED0022D0DD0032D41D10BE0202D0BD0E7
:109A4000212D1FD0222D38D0232D38D136E037E0FC
:109A500036E035E034E033E02078617809020843ED
:109A6000A17809040843E17809060843164908600B
:109A70002079087160794871A07988710120FFF719
:109A8000C9FF1DE01048007820700F4800880004CE
:109A9000000E60700C4800680002000EA0700A48BA
:109AA0000068000EE070084800792071064840798F
:109AB000607105488079A07102E001E000E000BF1C
:109AC00000BF002070BD00003400002070B50446C7
:109AD0000D4629462046FFF71FFE002070BD0000FE
:109AE00070B502460B46002109E0545C0A4805683F
:109AF0000068401C084E306008484455491C994293
:109B0000F3D3054800680124E402A04202D30020F8
:109B1000014C2060002070BDEC000020AE19002038
:109B2000002070470020704705480649086004205F
:109B30004860054888600548086005480860704727
:109B40005555000000300040C4090000AAAA0000DA
:109B5000CCCC00000FB410B503A9044B044A029802
:109B600000F0BEFC10BC08BC04B0184779AF000878
:109B7000300100200FB410B504A9074B02AA0398C6
:109B800000F0AEFC044602A9002001F052F8204685
:109B900010BC08BC04B0184733AC00087CB51D46A7
:109BA00016460C0001D0611E00E0002101910090DA
:109BB000054B6A462946304600F092FC002C02D044
:109BC000009A002111707CBD1DAC00082021020C00
:109BD00001D010211046020A01D0104608390209AE
:109BE00001D01046091F820801D01046891E420884
:109BF00001D0881E7047081A7047F0B4040C8BB26D
:109C0000264682B25E430D0C1046370C584336048C
:109C100080190021794116466E43370C36048019AD
:109C2000794126466E438919F0BC704730B47446BA
:109C3000641E2578641CAB4204D3635D5B00E318AB
:109C400030BC18471D46F8E74900CA02024310001D
:109C500000D004204A0D01D001221043044A490DCE
:109C6000914201D102210843012800D1052070470B
:109C7000FF0700004100080200D004200A0E01D0B6
:109C800001221043090EFF2901D1022108430128B6
:109C900000D1052070470000F7B596B014460021AA
:109CA000A160D160179909914D00CD496D088D4291
:109CB00005DC179961602060002019B0F0BDC9492A
:109CC000C94E8D4238DAD32709997F050029C74A42
:109CD0001799334617DDF7F7B0FDB54206D0C44AF1
:109CE000C44BF7F7AAFD6160206009E03A46C14B1A
:109CF000F7F7A3FDC04AC14BF7F79FFD61602060F5
:109D0000012019B0F0BDF7F7F3FCB54206D0B84A10
:109D1000B84BF7F7EDFC6160206009E03A46B54BBF
:109D2000F7F7E6FCB44AB54BF7F7E2FC6160206058
:109D30000020C04319B0F0BDB1498D42179977DCBE
:109D4000490049080746AF4AAF4B0491F7F784FD35
:109D50000022AE4BF7F7CCFCF8F7B2F80A90F7F711
:109D60006DFEA24A334603910290F7F775FD3A461D
:109D7000049BF7F768FD06460F469D4A9D4B0399E5
:109D80000298F7F769FD2A0D01250C9232463B46F1
:109D9000F7F759FD61602060032D39D04800410D6F
:109DA0000C98401A690169181139814230DA9849D2
:109DB0002801794408960D900818049743680268B2
:109DC00003990298F7F748FD02460B460791069063
:109DD00004990898F7F731FD06460F46049B089A48
:109DE000F7F731FD079B069AF7F727FD059189499B
:109DF000049079440D984018C368826803990298CA
:109E0000F7F72AFD059B049AF7F717FD6D1CBDE7D0
:109E10000998002809DA01226068D2075040606082
:109E20000A9819B04042F0BD02E00A9819B0F0BD9E
:109E300009030122090B12050E9089181798109139
:109E400040007549400D40184111C006C00E0D91EB
:109E500013902021081A14900020069005250790E1
:109E6000139800280D980CD0401982006B48784454
:109E7000875813998F40101841681498C1400F43B8
:109E800004E04019810066487844475810993846E4
:109E9000FFF7B3FE06460A9138460E99FFF7ADFE6E
:109EA0008A190A9B8A4201D2012100E00021C918C7
:109EB0008C46AF00694679188B684E68C318834298
:109EC00001D2012000E0002096193618002802D0A7
:109ED000964202D903E0964201D2012000E0002020
:109EE000624612184E6068468B60C25128466D1E4D
:109EF0000028B5DC0121029849074018800F139013
:109F0000029805998000039E049D0B91F7F796FD3A
:109F1000074630460891F7F7A5FD1D22D243F7F713
:109F2000B8FF10900F912846F7F79CFD3D22D243D1
:109F3000F7F7AFFF0E900D910B98F7F793FD5D22A9
:109F4000D243F7F7A6FF0B910C900D9B0E9AF7F7F3
:109F5000CFFB0F9B109AF7F7CBFB3A46089BF7F71E
:109F6000C7FB00250E463A462846089BF7F765FCD6
:109F70000F9B109AF7F761FC0D9B0E9AF7F75DFCAB
:109F80000B9B0C9AF7F75FFC264A274BF7F764FC0C
:109F900007460D91254A264B31462846F7F75CFCCB
:109FA0003A460D9BF7F7A4FB0F4615220C9092063C
:109FB0001D4B31462846F7F74FFC3B460C9AF7F706
:109FC00097FB179A002A05DA139A5242139201223C
:109FD000D207514061602060139819B0F0BD0000B5
:109FE000FB21E93F7CD90240FB21F93F00004054AE
:109FF0003163621A61B4D03D7370032E8A19A33B9A
:10A00000FB21394183C8C96D305FE43F0000E03F68
:10A01000A2A6000062A600000BFCFFFF16A600002F
:10A02000FCA50000182D4454FB21F93D3326A61150
:10A03000460B113CF0B51FB44E00F92076088005A0
:10A0400084B00F46864204DA0498F7F739FF0028F7
:10A0500038D0049A3B4610461946F7F7FDFB0446F4
:10A0600002462C480D460B460621784400F05CF869
:10A0700022462B46F7F7F0FB019100903946079BEB
:10A08000069A0498F7F7E8FB07460291204629460E
:10A09000019B009AF7F7E0FB3A46029BF7F7CDFBEE
:10A0A000074600220091D24320462946F7F7F1FEE9
:10A0B000194A96420ADA3A46009BF7F7BEFB00229D
:10A0C000164B23E00020154909B0F0BD144A964212
:10A0D00002DD0024134D03E001225205B51A0024CD
:10A0E00022462B46F7F7A9FB0646019122462B464E
:10A0F00000200A49F7F7A1FB0D4604463A463046D0
:10A10000009B0199F7F799FB22462B46F7F79BFB3B
:10A1100009B0F0BDBAA300003333D33F0000F03FD5
:10A120000000E93F0000D23FF8B504464F1EC800CA
:10A130000838211815461E46086849683A4606231D
:10A140009A4310D02A463346F7F786FB3A46D200A8
:10A15000083AA3181A687F1E5B68F7F7C9FA062247
:10A160003B469343EED1022F23D0042F11D0062F6C
:10A170002FD12A463346F7F76FFBE36AA26AF7F757
:10A18000B7FA2A463346F7F767FB636A226AF7F79E
:10A19000AFFA2A463346F7F75FFBE369A269F7F7A0
:10A1A000A7FA2A463346F7F757FB63692269F7F7A0
:10A1B0009FFA2A463346F7F74FFBE368A268F7F7A2
:10A1C00097FA2A463346F7F747FB63682268F7F7A2
:10A1D0008FFAF8BDF0B51FB4054648000C46F921CA
:10A1E0004008890586B088420BDA28462146FFF7E9
:10A1F0002BFD042801D100F071F8284621460BB050
:10A20000F0BD2A46234610461946F7F725FB0646B9
:10A210000F462A462346F7F71FFB00902548019179
:10A2200032463B4605217844FFF77EFF02901098A6
:10A230000391002829D0204A204B01990098F7F774
:10A240000BFB0490059168460FC8F7F705FB002249
:10A2500001910090D24309990898F7F71AFE019BE3
:10A26000009AF7F7EAFA32463B46F7F7F5FA099B08
:10A27000089AF7F7E2FA059B049AF7F7DEFA2A46FE
:10A280002346F7F7E0FA0BB0F0BD0B4630463946EF
:10A29000029AF7F7E1FA084A084BF7F729FA019B07
:10A2A000009AF7F7D9FA2A462346F7F721FA0BB0B6
:10A2B000F0BD0000F6A20000495555555555C5BFE3
:10A2C00010B50122F7F7E5FD10BD002210B51346C9
:10A2D00010461146F7F728FB10BD0000034A10B5E1
:10A2E00000201107F7F7D5FD10BD000001FDFFFFAD
:10A2F00010B5F7F728F910BD5E2110B5C94308075E
:10A30000F7F7BBFD10BD02E008C8121F08C1002A04
:10A31000FAD170477047002001E001C1121F002AE6
:10A32000FBD17047014908607047000034010020EC
:10A3300010B5044605E0F9F78FFE7D20C00000F05F
:10A3400005F82046641E0028F5D110BD10B504465E
:10A3500000210548FCF752FE00BF0348FCF7DCFD76
:10A36000A042FAD310BD000000440140F0B51FB474
:10A3700086B00998089A030D0021024314D0514871
:10A38000514A1818504305141198012810981AD0F2
:10A39000281A401C00264D4F4D490096019104900B
:10A3A000002812DA444211E01198012449A301283F
:10A3B00001D11098C1430698119A84600360C2606D
:10A3C00041600BB0F0BD4042E4E7044621050020A7
:10A3D0003F4A001C51410391029012E0E00707D070
:10A3E00032463B4601990098F7F736FA0191009002
:10A3F00032463B4610461946F7F72EFA06460F46F8
:10A400006410002CEAD10498039B0028029A099951
:10A41000089806DAF7F720FA019B009AF7F71CFA7A
:10A4200005E0F7F781FA019B009AF7F77DFA0446F9
:10A430000E460022284BF7F779FB03D80020C043D3
:10A44000014607E00022254B20463146F7F750F938
:10A45000F7F7D0FC102409E0002C0ADB0A220023C5
:10A46000F7F7A8FB079B30321A55641E02460A43D1
:10A47000F2D11122641C079B121B1C19119B012B8A
:10A4800003D0012308430ED10AE0084304D0112071
:10A4900010900020119077E71098151A6D1E0BE0B0
:10A4A0001098824202DD00236D1C03E0824201DA33
:10A4B00000236D1E002BEED0069811998260C160BA
:10A4C00030C07EE701FCFFFF104D0000000014408B
:10A4D0000000F03F300000000000F0430000E03FCB
:10A4E000FFB597B0064600251BE2252876D100244B
:10A4F0002746F749049400E00443761C3278012093
:10A50000203A90400842F7D130782A280ED0022213
:10A51000307801463039092916D804990A2359435D
:10A52000303940181443761C0490F1E7189802C89B
:10A5300004911890002904DA0120400304434842A2
:10A54000049002200443761C30782E2814D1042075
:10A5500004437078761C2A2809D11898761C80C884
:10A56000189009E00A214F43303FC719761C307814
:10A57000014630390929F5D930786C2810D006DC2D
:10A580004C281AD068280ED06A2817D104E0742805
:10A5900013D07A2812D110E00120400504430CE0CA
:10A5A0000121090501E0032109050C43717881426D
:10A5B00003D1012000052418761C761C307866280B
:10A5C0000BD013DC58287DD009DC00287BD045282F
:10A5D000F6D04628F4D047281AD1A9E118E063281C
:10A5E00035D0642870D0652812D1A1E170286CD0D4
:10A5F00008DC6728F1D069287DD06E280DD06F283F
:10A6000006D1BCE073282ED0752873D0782859D095
:10A610001A9A199990476D1C82E16002400F022836
:10A6200009D003280DD00428189801680DD00D60BA
:10A63000001D189074E11898EA1701680D604A60CF
:10A64000F6E7189801680D80F2E70D70F0E71898AA
:10A650006A4601781172001D18900020507202A8FD
:10A660000090012005E0189802C818900020009181
:10A67000C04361070ED5002101E00199491C0191F9
:10A68000B94213DA8142F8DB019A0099895C00290A
:10A69000F3D10BE0002101E00199491C01918142B5
:10A6A000FADB019A0099895C0029F5D10199049897
:10A6B0001A9B471A21463846199A00F099FA401910
:10A6C000019903E051E030E115E050E0451807E062
:10A6D000009800990078491C00911A9A199990479E
:10A6E0000198401E0190401CF2D1214638461A9B29
:10A6F000199A12E137E00A200021009001916002CE
:10A70000410F022907D0189A01CA1892C21794461D
:10A71000032908D00AE01898C01DC108C90005C95E
:10A720001891944607E000B2C2179446042902D15A
:10A7300040B2C1178C4600226146944506DA0A46AB
:10A740000021404291418C462D2102E0210504D593
:10A750002B216A461173012103E0E10701D020217A
:10A76000F7E7029156E00A200AE0102008E01020E6
:10A7700000900021042004430191082703E00820F1
:10A780000021019100906002410F022907D0189A20
:10A7900001CA189200229446032908D008E01898AC
:10A7A000C01DC108C90005C91891944603E080B2D4
:10A7B000042900D1C0B20021029121072AD53178A5
:10A7C0000D91702906D0009A1021019B4A401A432E
:10A7D00005D00EE040216A461173012108E0614670
:10A7E000014306D030216A4611730D99517302213D
:10A7F0000291009A0821019B4A401A430AD16146FE
:10A80000014301D1610705D530216A461173012149
:10A810007F1E02913178582904D02EA10E910DA9E6
:10A820000D910DE030A1F9E76146019B009AF7F721
:10A83000C1F90E9B8C469B5C0D9A521E0D921370B3
:10A8400061460143F0D10D9805A9081A2030019006
:10A85000600703D501200004844300E0012701982C
:10A86000874201DD381A00E000200199009041186C
:10A87000029809180498401A0490E00306D421466F
:10A880001A9B199A049800F0B3F94519002706E0BD
:10A8900003A81A9AC05D199990476D1C7F1C0298F5
:10A8A0008742F5DBE0030CD521461A9B199A0498E0
:10A8B00000F09EF9451904E01A9A30201999904742
:10A8C0006D1C0099481E00900029F5DC1FE0000077
:10A8D0000928010030313233343536373839616276
:10A8E000636465660000000030313233343536373A
:10A8F0003839414243444546000000000D980D9907
:10A900000078491C0D911A9A199990476D1C01996C
:10A91000481E01900029F1DC4DE100F059F945197C
:10A92000761C3078002800D0DFE528461BB0F0BD4B
:10A93000600700D406271898C01DC108C9004868E0
:10A940000A680831C30FDB071891190001D09CA1D8
:10A9500008E0210501D59BA104E0E10701D09AA1FF
:10A9600000E09AA14300109130785B0865280CD074
:10A9700006DC452809D046281DD0472841D141E0B2
:10A98000662818D067283CD13CE00021112F01DB5C
:10A99000112000E0781C0191009008A911A8FFF790
:10A9A000E5FC139905910021119A15927F1C1298CC
:10A9B0000197009150E00120C00703900120019011
:10A9C00008A9009711A8FFF7D1FC139A14990592D2
:10A9D0000022119B009212981593059A019200296A
:10A9E00001D0104602E0791C40180190381A01D5B8
:10A9F000019804E04042401E0090781C0190C01B6A
:10AA0000029043E0012F00DA01270021112F01DD20
:10AA1000112000E038460191009008A911A8FFF725
:10AA2000A5FC13990591119A002112981592009195
:10AA3000019721070CD40599B94201DB019900E087
:10AA40000191012904DD159A491E515C302906D077
:10AA5000B84201DA011D05DA0121029115E00199E0
:10AA6000491EEDE7002805DC009941180091019985
:10AA7000091A03E0019A411C914200DD01910099FD
:10AA8000401A401C02900120C0070390200706D402
:10AA900002990198814202DB0020C043029000200D
:10AAA0006946C87707AF012103980337C907884271
:10AAB00024D0022011902B201290039800280CDA49
:10AAC000404203902D20129007E00A210398F6F7E8
:10AAD000E9FC30317F1E039039701199481E1190A6
:10AAE0000029F2DC03980028EFD1791E1298087033
:10AAF0003078202108404530BF1E387006A8C01BA2
:10AB0000C01D039010980078002800D00120019902
:10AB100041180298C0170918039809180498401A98
:10AB2000401E0490E00306D421461A9B199A04980B
:10AB300000F05EF8451910980078002803D01A9AA2
:10AB4000199990476D1CE00324D521461A9B199A48
:10AB5000049800F04DF845191CE00098002807DB28
:10AB600000990598884203DD1598405C199901E029
:10AB7000199930201A9A904700986D1C401C00903B
:10AB80000298401E0290002804D11A9A2E2019998A
:10AB900090476D1C0199481E01900029DDDC05E0FD
:10ABA00038781A9A7F1C199990476D1C0399481E92
:10ABB00003900029F4DC21461A9B199A0498ACE60C
:10ABC0002D0000002B00000020000000000000000D
:10ABD000F8B5044600251E461746880404D405E04F
:10ABE00039462020B0476D1C641EF9D52846F8BDB3
:10ABF000FFB50446002581B01E46C80301D53027A5
:10AC000000E02027880404D505E038460399B047C2
:10AC10006D1C641EF9D5284605B0F0BD4A68002AAF
:10AC200006D00A68531C0B6010704868401E4860CC
:10AC300070470A68531C0B6010707047F0B50C46E3
:10AC400001461D224B00D2069F18E5260546360612
:10AC5000620087B02046B7427BD21D27FF06D71976
:10AC6000B74276D24F0043003E0E1A0EB21A1B2A8C
:10AC700007DD002902DA854807B0F0BD844807B037
:10AC8000F0BD1A26F2422FDA002807DA002902DA8C
:10AC9000804807B0F0BD804807B0F0BD2146284687
:10ACA000F6F7E7FC0646FEF7E5FF042801D1FFF7BB
:10ACB00023FB2846FEF7DEFF05462046FEF7DAFFB7
:10ACC00004463046FEF7D6FF042D01D0052D08D1ED
:10ACD000042C01D0052C04D1002802D10220FFF75A
:10ACE00021FB304607B0F0BD9F4211D9002902DA9E
:10ACF0006A4F6B4E01E06B4F6B4E23462C461D4650
:10AD000001220346D20708465440504019460BE042
:10AD1000002807DA002902DA644F654E04E0654F27
:10AD2000654E01E000263746421A012352001B06F9
:10AD30009A422FD2484061490CD5BF2000060290AC
:10AD40003846F6F751FC07465D493046F6F74CFCAD
:10AD50000BE053E03F20000602903846F6F7F3FB85
:10AD6000074657493046F6F7EEFB06462846029955
:10AD7000F6F742FC2146F6F7E6FB009021460298E2
:10AD8000F6F73AFC2946F6F733FC0099F6F771FC22
:10AD9000044604E021462846F6F76BFC04460146CB
:10ADA000F6F72AFC47490090F6F726FC4649F6F7E5
:10ADB000CAFB0099F6F720FC4449F6F7C4FB00995A
:10ADC000F6F71AFC4249F6F7BEFB0099F6F714FCB9
:10ADD0004049F6F7B8FB054620460099F6F70CFC0B
:10ADE0002946F6F709FC3146F6F7ADFB2146F6F7A2
:10ADF000AAFB3946F6F7A7FB07B0F0BDFF263606DB
:10AE0000B34201D8B24205D901462846FFF770FA8D
:10AE100007B0F0BD2F4607437F000AD0B3420CD1E4
:10AE2000B2420AD101229207904391430D46044653
:10AE300018E7FF22D2051043F9E7B3420CD04700D0
:10AE40000AD0B2420ED04E000CD05340F0D4002AAB
:10AE50000EDB9F26F6050DE0FF22D2051143E00F21
:10AE6000C007FFE6C90FC907FF22D2051043F9E664
:10AE70005F26F60531462846F6F7BEFB0546314605
:10AE80002046F6F7B9FB04462946EBE6DB0FC9BFBF
:10AE9000DB0FC93FDB0F49C0DB0F49400000C9BFD2
:10AEA00022AAFDB90000C93F22AAFD39000049C00D
:10AEB00022AA7DBA0000494022AA7D3A0060ED3EF8
:10AEC000C30ACE372DAD65BD8FB8D53D0FB511BEC8
:10AED00061C84C3EA8AAAABE70B505460C460C48EF
:10AEE000007C002800D170BD0BE00120F7F7A0FA2C
:10AEF0002846FFF71DFA0020F7F79AFA2846FFF7D1
:10AF000017FA2046641E0028EFD100BFEBE70000CF
:10AF1000B803002010B5074C002305E00649581877
:10AF2000F7F72EFA01C41B1DB12080008342F5D330
:10AF300010BD00003801002000F8010870B50A4D6E
:10AF40000A48F7F713FA002408E00948094908609D
:10AF500002CD064AA018F7F716FA241DB12080008A
:10AF60008442F2D370BD00003801002000F80108CF
:10AF7000AAAA00000030004070B504460D46E1B2B8
:10AF80000548FDF776FE00BF40210348FDF7BFFDF1
:10AF90000028F9D0204670BD004400401CB5F7F7EA
:10AFA000C1FCF8F773FFF8F78DF9F8F759F9FEF7D8
:10AFB00019FD4AA0FEF7CEFD4A494B48F6F7A3FA21
:10AFC000FFF7A8FF484800684849884204D148482C
:10AFD000006C4849884204D047A0FEF7BBFDF8F753
:10AFE0004BFC4348017B4CA0FEF7B4FD4048817BFD
:10AFF0004EA0FEF7AFFD3E48C17B52A0FEF7AAFD72
:10B00000002525E000241DE00020064614E048212C
:10B010006143354A121D8A18242169435118B20030
:10B020008858F6F75AFD02460B46019100904BA056
:10B03000FEF790FD701C0646072EE8DB35A0FEF7F4
:10B0400089FD641C032CDFDB32A0FEF783FD6D1C41
:10B05000022DD7DB7D21C9000A20FBF72FFDFBF76E
:10B0600021F80120C00222494C31C886002402E0A8
:10B07000F7F742F8641C642CFADBF9F7E7FBFDF7FD
:10B080008DFCF7F79BF90121C820FFF725FFFEF79C
:10B090004BFD334F781E3349884200D90CE0781EAF
:10B0A000314948610321081FFAF7CAFE00202E49E2
:10B0B00088610720086100BF0FE02C482C49086018
:10B0C000F9F7C6FF2B48C069092804D9002029498F
:10B0D000C861F9F761FEF8F7F3FFEEE70A737461F0
:10B0E00072740A00281100003801002079563416C5
:10B0F000B80300207856391253797374656D205265
:10B100006573746F726520696E204669727374206E
:10B1100054696D650A0000005379732E436F6E66A3
:10B1200069672E4469723A25640A00005379732EC8
:10B13000436F6E6669672E4C63645265763A256488
:10B140000A0000005379732E436F6E6669672E4FB5
:10B15000666654696D653A25640A0000256620001C
:10B1600000530700FFFFFF0000E000E0AAAA000074
:10B17000003000403812002000B54A00234B52082E
:10B1800087B09A4203DC00221346009229E0204B4C
:10B190009A4208D1002808D10120FFF7C3F8FFF731
:10B1A00094F807B000BD9A4203DBFFF789F807B0B7
:10B1B00000BD02AAFEF770FD8107890F012000295A
:10B1C0000CD0012911D0022915D002A80FC8FEF712
:10B1D00031FF0122D207514007B000BD009002A804
:10B1E0000FC8FEF7F7FF07B000BD02A80FC8FEF7B3
:10B1F00021FF07B000BD009002A80FC8FEF7EAFFCC
:10B200000122D207514007B000BD0000FB21E93FF9
:10B210000000F07F70B50546F6F760FD410004467A
:10B22000FF204908C005411AC90F07D06900490825
:10B23000401AC00F02D10120FFF774F8204670BDFC
:10B240000146088902221040002801D001207047E1
:10B250000020FCE7F8B506460F462648007801288E
:10B2600046D125480068002811D1244800680128EB
:10B2700009D100202149086000231A468121304667
:10B28000F7F7ACFD34E000201A49087030E01A48A6
:10B29000006840280ED91A48008884B24025184812
:10B2A0000068403016490860134800684038124969
:10B2B000086016E01248008884B20F48008885B202
:10B2C0000F4800680C49096840180D4908600020C3
:10B2D0000949086008460068402802D10120074952
:10B2E0000860084802192B4681213046F7F776FDA1
:10B2F0000020F8BDF8000020F4000020E800002045
:10B30000F0000020AE19002070B504460D4628203C
:10B3100068432146B8314018008B86B20648314652
:10B320000269064890474023044A03212046F7F764
:10B33000ADFC002070BD00003C0000206E19002014
:10B3400070B504460D4681212046F7F779FB0321AD
:10B350002046F7F775FB82212046F7F771FB02497B
:10B3600048688047002070BD3C00002010B50446AE
:10B3700008480068FF280AD007488368074808493A
:10B380000268044800689847FF20024908600020CE
:10B3900010BD0000FC0000203C0000200001002047
:10B3A000E000002070B504460D46C0230022812134
:10B3B0002046F7F78DFDFF2301330022822120462E
:10B3C000F7F786FDFF231133002203212046F7F70C
:10B3D0007FFD0223402281212046F7F7B2FB0223A2
:10B3E000402203212046F7F7ACFB032308228221E9
:10B3F0002046F7F7A6FB0549086880474023044A22
:10B4000003212046F7F742FC002070BD3C000020DD
:10B410006E19002010B50446074801680068401CFA
:10B42000054A1060052905D1002011460860204614
:10B43000F8F78CFD002010BD28010020F8B5054666
:10B440000C463A26334F20786021084000282FD040
:10B45000202827D1E08800281CD0207880210840AF
:10B4600000280BD0E28860782B498B682B499847DD
:10B47000E2882A492846FDF76FFC11E060782849E8
:10B480000860E08827490860E28824492846FDF7DB
:10B4900043FC05E06078204900228B6811469847FC
:10B4A0000020F8BD21462846FDF72EFC0220F8E7D3
:10B4B0006078062804D00A2815D00B2825D118E07A
:10B4C00060880012212808D1124F0937E0883A28F5
:10B4D00001DD3A2000E0E08806463246394628463B
:10B4E000FDF73AFC11E001220F492846FDF734FC34
:10B4F0000BE0A078012803DAA0780B49086003E08C
:10B5000021462846FDF700FC00BF00BF00BF00BF7A
:10B510000020C6E7393E01083C000020E000002082
:10B52000FC00002000010020DC0000200102050AD0
:10B53000143264C86400102764000000E8030000AF
:10B5400010270000030000000A000000D7B0000030
:10B55000DCB00000A3B10000B8B10000C8B1000029
:10B56000BBB20000CBB20000E2B20000E1B20000CA
:10B57000A3B30000A7B30000C9B30000ACB3000040
:10B58000F6B30000E6B40000FDB40000C8B500004A
:10B59000E7B50000C8B60000CCB60000D4B6000085
:10B5A000FEB60000B4B70000F1B70000B4B8000068
:10B5B000BAB80000D0B80000A6B90000D8B90000A1
:10B5C000DCB90000ECBA0000D6BB0000FABB0000FA
:10B5D000ABBC0000E4BC0000E1BD0000E2BD000027
:10B5E000AABF0000EBC00000F4C10000F7C10000DA
:10B5F000B7C20000EBC20000BBC40000B5C600002B
:10B60000C1C60000DDC80000EBC80000ABC90000E7
:10B61000E4C90000E8C90000F9C90000C7CA000079
:10B62000D4CA0000B1CA0000A7CA0000E4CA0000E2
:10B63000F8CA0000B3CB0000F7B50000CBCD000086
:10B64000E2CD0000B4CE0000C2CF0000DFCF00008A
:10B65000A1D00000A3D00000C5D00000A2CF000000
:10B66000F2D00000FDD00000B9D10000D5D100001B
:10B67000D1D20000F4D20000C3D30000D8D400001F
:10B68000FDD50000C3D60000D0D60000A2D7000030
:10B69000AAD70000BCD70000DCD70000E8D7000024
:10B6A000BAA30000E6A10000B8A60000CCA60000E6
:10B6B0000000000000000000000200000003800005
:10B6C0000007000000060000000C00000008004019
:10B6D00003FFFFE003000060030000600300006060
:10B6E00003000060030000600300006003000060CE
:10B6F0000300006003FFFFE0030000600300006040
:10B7000003000060030000600300006003000060AD
:10B7100003000060030000600300006003FFFFE01F
:10B720000300006003000060020000000000000051
:10B7300000000000000000000000100000001C00DD
:10B74000000838001FFC30001808300018082000DE
:10B750001888600818C87FFC188860401888E0C006
:10B760001888A0C01889A0C0188920C0198A108024
:10B7700019881180198811801988110019880B0007
:10B7800019080B0019480E001330060003180E00AC
:10B79000060C0B00040C11800C0421C01800C0F032
:10B7A0001001807C20060018000800000000000046
:10B7B00000000000000000000040000000E4004025
:10B7C00000C7FFF000C600600186006001860060CF
:10B7D0000106006003060060020600600786006044
:10B7E0000707FFE00F0618600B041800130018008D
:10B7F00023001808437FFFFC03007C0003007A004D
:10B800000300DA000300D90003019980030318C084
:10B81000030218C003061870030C183C0310181C10
:10B820000320180003401800020010000000000070
:10B83000000000000000000000100000001C0000DC
:10B8400000180200003FFF000030060000700C00EE
:10B8500000681C0000CC1800018630000302600064
:10B860000603C0000801C00000026000000C3800A0
:10B8700000100E00006007E001FFFFFC0EC081B861
:10B8800030C0818000C0818000C0818000FFFF80C7
:10B8900000C0818000C0818000C0818000C08180A4
:10B8A00000FFFF8000C0018000C000000000000019
:10B8B00000000000000000000400400007007000CD
:10B8C00006006000060060000600600006006020C0
:10B8D0000600607006006070060060C006006180AF
:10B8E0000604630007FE660006006800060070009C
:10B8F00006006000060060000600600006006000B0
:10B90000060060000600601006006010060260106D
:10B91000061C60100670601807C0601807007FFCE6
:10B9200002003FF8000000000000000000000000DE
:10B9300000000000000000000000001000000038BF
:10B940003FFFFFFC0000C0000001C00000018000BC
:10B950000003800000030000000780000007C00013
:10B96000000D8000001D8C000019820000318180D4
:10B97000006180C000C18060018180700301803857
:10B98000060180180C018018100180082001800039
:10B9900000018000000180000001800000018000A3
:10B9A0000001800000018000000100000000000094
:10B9B0000000000000000000001020000018380007
:10B9C00000183000001830183FFFFFFC001830004E
:10B9D000001830000018238000003FC0003FF00036
:10B9E0000FC0000000020180020181800180C300BD
:10B9F00000C0C20000C104000001C800000190386E
:10BA00007FFFFFFC0007A000000DA00000199800B8
:10BA100000318C000061860001818380030180F089
:10BA20000C0180783001801000010000000000004F
:10BA30000000000000000000080000100C200018AA
:10BA4000063FF01803303018033030180030331838
:10BA5000003233980033B3183033331818B3331827
:10BA60001CB333180CB333180933331801333318AC
:10BA700001323318013233180232331802323318CC
:10BA8000063233187E3623181C2603180C050318BB
:10BA90000C0C80180C0840180C1870180C3030185A
:10BAA0000C6031F0008010700100002000000000E8
:10BAB0000000000000000000000000000004004042
:10BAC00003FE3FE0030C20C0030C20C0030C20C089
:10BAD000030C20C0030C20C0030C20C0030C20C0AA
:10BAE000030C20C0030C20D83FFFFFFC030C20C038
:10BAF000030C20C0030C20C0030C20C0020C60C04B
:10BB0000020C60C0020C60C0060C60C0060C40C095
:10BB1000040C40C00C0CC0C0088C80C0107D80C0DC
:10BB200010190FC020120380400401000000000023
:10BB300000000000000000000001020000818300FE
:10BB40000061870000718400003188000021901896
:10BB50000FFFFFFC08000018080000301840042008
:10BB6000307FFE00006006000060060000600600F6
:10BB7000007FFE00006186000001800002018080DD
:10BB800003FFFFC0030180C0030180C0030180C028
:10BB9000030180C0030180C003018CC003018380C6
:10BBA000030181800001800000018000000000008E
:10BBB0000000000000000000000000000000001075
:10BBC0000200003803FFFFFC030000000300000038
:10BBD0000300000003000000030000000300000059
:10BBE0000300000003000000030000000300000049
:10BBF000030000000200000002000000020000003C
:10BC00000200000006000000060000000400000022
:10BC1000040000000C0000000800000018000000F4
:10BC200010000000200000000000000000000000E4
:10BC30000000000000000000000080000000E200A2
:10BC40000000E380000061C0000060C0000060D020
:10BC50000400603807FFFFFC06006000060060007B
:10BC600006006040060060600604207007FE30E0B9
:10BC7000060630C0060630C006063180060419806C
:10BC800006041B0004041F00040C0E00040C0E0428
:10BC90000CFC1F04083C3384081861CC1000C0FC65
:10BCA0001001807C2006001C400000000000000005
:10BCB00000000000000000000080000000E0000024
:10BCC00000C0000800C0FFFC00C40C181FFE0C18C8
:10BCD00000C0081800C0181800C0181000C01010CC
:10BCE00000C430303FFE60F000C0406000C0800003
:10BCF00008C340100EC07FF80CC060300CC6603026
:10BD00000CFF603008C0603008C060300CC060308C
:10BD10001EC07FF01BC0603011C06020106040006A
:10BD2000203E00002007FFFC40001FF8000000003C
:10BD30000000000000000000000100000001C00041
:10BD4000000180000001800000018080030180E08C
:10BD5000030180C0030180C0030180C0030180C0D3
:10BD6000030180C0030180C0030180C007FFFFC042
:10BD7000020180C0000180000001800004018040B9
:10BD80000601807006018060060180600601806007
:10BD90000601806006018060060180600601806007
:10BDA0000FFFFFE0040000600000006000000000E2
:10BDB00000000000000000000002000000038000FE
:10BDC00000070000000600303FFFFFF8000C0000F5
:10BDD000000C000000180000001800400037FFE0D1
:10BDE00000E000E000E0018000C0020001C00C00A3
:10BDF00001C00C0002C0080004C0080008C00818F8
:10BE000010DFFFFC20C0080000C0080000C00800D0
:10BE100000C0080000C0080000C0080000C0080002
:10BE200000C1F80000C038000080100000000000D1
:10BE300000000000000000000080300000E038003A
:10BE400001C030000180300003003040020FFFE0ED
:10BE5000060030000C60300008E0300010C03000F8
:10BE60002180301801BFFFFC0300020003000180A5
:10BE70000500018009000198111FFFFC21000180CD
:10BE800001020180010181800100C1800100C180A7
:10BE9000010041800100018001000180010001805A
:10BEA00001003F80010007000200020000000000C6
:10BEB00000000000000000000000080001C00E00AB
:10BEC00001C01C000383180803FF9FFC06403200DA
:10BED000042021800C304180183081802010C080E7
:10BEE0004000804003FFFFE0000080000000800071
:10BEF000000080083FFFFFFC000004000000070076
:10BF0000000006180FFFFFFC0020060000300600AE
:10BF100000180600000C0600000C0600000C0600CD
:10BF200000007E0000001E0000000C000000000069
:10BF3000000000000000000000020000000380007C
:10BF40000003000000030000000300000403008061
:10BF500007FFFFC0060300C0060300C0060300C0C1
:10BF6000060300C0060300C007FFFFC0060300C0B1
:10BF7000060300C0060300C0060300C0060300C09D
:10BF8000060300C007FFFFC0060300C00603000849
:10BF90000003000800030008000300080003001865
:10BFA0000003FFFC0001FFF800000000000000009B
:10BFB0000000000000000000000100000000C000C0
:10BFC0000000E0100400403807FFFFFC06040400F6
:10BFD00006070700060606000606063007FFFFF8FC
:10BFE0000606060006060600060606000606060009
:10BFF0000607FE000606060004000100043FFF805D
:10C000000C0403800C0207000C03060008010C005E
:10C010000800D800180070001000F80010039E00FF
:10C02000200E07F8207000F8478000100000000084
:10C03000000000000000000002000000038000007B
:10C04000030000100607FFF80600000004180000B7
:10C050000FFC00000D8100200980FFF0118080603E
:10C06000118080602180806001808060018C806010
:10C070003FFE80600180FFE00180806001808040A1
:10C0800001C080C001A080C00130418003186180E0
:10C09000031861000208610006086100040002182C
:10C0A000080FFFFC1000000020000000000000004E
:10C0B000000000000000000000000100000001C0BE
:10C0C00000000180000801803FFE0180000C01801B
:10C0D000001C018000180198081FFFFC0418018053
:10C0E00006300180023001800120818000E0C180A3
:10C0F00000E0618000E0618000E0718001B031808B
:10C10000013821800318018006180180040C018089
:10C11000080C0180100C0180200801804000218063
:10C1200000001F80000007800000020000000000E7
:10C1300000000000000000000000000000000000FF
:10C1400000000000000000000000000000000000EF
:10C15000000000C007FFFFE000000000000000003A
:10C1600000000000000000000000000000000000CF
:10C1700000000000000000000000000000000000BF
:10C1800000000000000000000000000000000000AF
:10C1900000000010000000383FFFFFFC000000001E
:10C1A000000000000000000000000000000000008F
:10C1B0000000000000000000000000C000000FE0D0
:10C1C0000003FFE001FE000001800000018000008C
:10C1D000018000000180000001800000018000401B
:10C1E00001FFFFE0018800E0018801C00104018037
:10C1F000010401800102030001030600030106009F
:10C2000003018C000300D800030078000600300012
:10C210000600F8000401CE000C070780081C03E0AC
:10C22000107000FE21800038460000000000000071
:10C2300000000000000000000000002000000030AE
:10C240001FFFFFF8000180000003000000078000CE
:10C25000000F8000000D900000198E00007181C059
:10C2600000C180F001818038060180180C0180082F
:10C27000300180000082008000FFFFC000C001800C
:10C2800000C0018000C0018000C0018000C00180AA
:10C2900000C0018000C0018000C0018000FFFF805D
:10C2A00000C0018000C0018000800100000000008B
:10C2B0000000000000000000002000000038000026
:10C2C0000060003000FFFFF800C0000001800000A7
:10C2D00003800100067FFF800860018010600180FC
:10C2E000207FFF800060018000600180006001808D
:10C2F000007FFF800078010000180100003FFF80F0
:10C3000000380300006C060000C41C0001833800E4
:10C310000303F0000401C0000803F000000E3E001B
:10C3200000380FF401C001F83E00001000000000CA
:10C33000000000000000000000080000000E0000E7
:10C3400000180400001FFE0000300C000060180000
:10C3500000C030000080200001804080027FFFC0CC
:10C360000460008018600080006080800060E080D1
:10C370000060C0800060C0800060C0800060C0803D
:10C3800000608080006180800061808000618000AA
:10C390000003180000060700000C01E000380070E0
:10C3A00000E000380700001818000000000000003E
:10C3B00000000000000000000000120000001980D2
:10C3C000000010C00400109807FFFFFC06001800D2
:10C3D000060018000600986006FFF870060018E0D6
:10C3E000064088C0067FCD800660CD80046087004F
:10C3F000046086000C608F08087F99881860F0E858
:10C400001040407C2000803C404300040071C0C0CC
:10C410000460C060046044300C6002301C60061090
:10C4200018600700003FFE00000000000000000050
:10C4300000000000000000000000080000000E00E6
:10C4400000000C0000000C0000060C003FFF0C0078
:10C4500000C00C0000C00C0000C00C0800C3FFFCB2
:10C4600000C00C1800C0081800C0081800C0081848
:10C4700000C0181800C0181800C0181800C010100C
:10C4800000C7301000F8301003C020103F006030AB
:10C490003C00C03010018030000100300006183030
:10C4A000000C07E0003001E00040008000000000C8
:10C4B00000000000000000000000080000600E0006
:10C4C00000300E0000180C00001C1800000C1000BA
:10C4D000000C3000000020300FFFFFF8000180004A
:10C4E0000001800000018000000180000001800048
:10C4F000000180183FFFFFFC000340000003200004
:10C500000003200000061000000C1800000C0800BA
:10C5100000180C000030070000600380018001E07B
:10C52000030000FC0C000038300000000000000098
:10C530000000000000000000010000000180180061
:10C54000038018000302301007FF3FF80440420048
:10C550000C608300182301802021810008018018CD
:10C560000FFFFFFC080000181800023038FFFF2002
:10C5700000C0060000C0060000C0060000FFFE006C
:10C5800000C0060000C0000000C0010000FFFF80E6
:10C5900000C0030000C0030000C0030000C003008F
:10C5A00000FFFF0000C0030000C00000000000000A
:10C5B00000000000000000000080000000E000001B
:10C5C00000C0000001800000018000300307FFF878
:10C5D00002080C00060C0C0004180C0008180C00D3
:10C5E00010B00C003F600C0010400C0000800C00EC
:10C5F00001800C0003000C0006040C000C780C00F9
:10C600001F800C001C000C0008000C0000020C0035
:10C61000001C0C0000E00C000F800C181C1FFFFC1D
:10C620000800000000000000000000000000000002
:10C630000000000000000000020000000380700005
:10C640000300C0000300C0000300C018033FFFFC4C
:10C650000380C00003C0880013618E0013318C007A
:10C6600013218C0033030C0033030C1023024C38CD
:10C6700003064C700306CE400304CE80030D9B00DE
:10C6800003081900031019000310318003203080C3
:10C69000034060C00380C0E00300807003010038E5
:10C6A0000306003E030800100230000000000000F6
:10C6B00000000000000000000100000001800000F8
:10C6C000018101000181FFC00181818001818180A0
:10C6D00001818180019181803FF981800181818088
:10C6E00003818180038181800381818003F18180C6
:10C6F00007998180059981800D89818009818180D8
:10C700000981818011810180118301802183018849
:10C7100041820188018601880184018C018801FE23
:10C72000019001FC01A000000100000000000000D9
:10C730000000000000000000010000000180004037
:10C74000018FFFF00180C0600180C0C00180C0C0C7
:10C750000190C1803FF8C1800180C3000380C30005
:10C760000380C6100380CFF803E0C43007B0A030C8
:10C770000598A0300599A0600D899060098190C04E
:10C78000118118C011810D802183070001820700EB
:10C790000182070001840D80018C18E00188607817
:10C7A0000190C03E01A30010010400000000000041
:10C7B00000000000000000000200000001800000F6
:10C7C00001C0001000CFFFF808C000300E4000305C
:10C7D0000C0000300C0000300C0018300C1FFC3036
:10C7E0000C1818300C1818300C1818300C18183099
:10C7F0000C1FF8300C1818300C1818300C181830A2
:10C800000C1818300C1818300C1FF8300C18183091
:10C810000C1010300C0000300C0000300C00003008
:10C820000C0003F00C0000E00800004000000000D5
:10C8300000000000000000000000080001800E0061
:10C8400001800C0001800C0003000C0003000C1898
:10C850000207FFFC04100C00041C0C0008300C0044
:10C8600018600C003FE00C001CC00C200183FFF09E
:10C870000100000002000000040100200879FFF020
:10C880001F8180301C018020000180200001802059
:10C890000019802000E180200F8180203C01FFE012
:10C8A0001001802000018020000100000000000035
:10C8B00000000000000000000100000001C00010A6
:10C8C0000100FFF803000C1003F80C100618081004
:10C8D000043018100C201810084433301FFE60F08C
:10C8E0002CC482602CC503800CC43B000CC43300F4
:10C8F0000FFC23100CC47FF80CC443000CC4C3000D
:10C900000FFC83000CC5030808C5FFFC08C4030026
:10C9100008C4030008C4030010C4030010C40300CB
:10C9200020840300201C03004008020000000000D7
:10C9300000000000000000000000000000000020D7
:10C94000000000701FFFFFF800300C0000300C00EA
:10C9500000300C0000300C0000300C0000300C00E7
:10C9600000300C0000300C0000300C183FFFFFFCC2
:10C9700000300C0000300C0000300C0000300C00C7
:10C9800000300C0000200C0000600C0000600C0067
:10C9900000C00C0000800C0001000C0002000C0024
:10C9A00004000C0018000C0020000800000000002B
:10C9B00000000000000000000006000000038000EE
:10C9C0000001C000000080183FFFFFFC01000200D2
:10C9D00001D03180018E71800181C1800181E180AF
:10C9E000018639800198198001E0098003FFFF80EA
:10C9F000018181800001C000080300200FFFFFF0CB
:10CA00000C0600300C0440300C0830300C101C3088
:10CA10000C7FFE300C7C06300C0002300C00003025
:10CA20000C0007E00C0000E00C00004000000000DB
:10CA3000000000000000000000040000001E0000D4
:10CA400008F000100F01FFF80C0018300C2018300F
:10CA50000C1818300C0C30300C0630300C1F203005
:10CA60000CE260200F80C6600E0181E0040200C06D
:10CA7000020C004003FFFFE0030180C0030180C0FF
:10CA8000030180C0030180C003FFFFC0030180C019
:10CA9000030180C0030180C0030180C0030180C086
:10CAA00003FFFFC0030000C0020000800000000080
:10CAB00000000000000000000000400000007000C6
:10CAC0000400300003003030039FFFF80180200095
:10CAD000010070000000C0000020810020210080C3
:10CAE000184200C01C4FFFE00C8700600C8400203F
:10CAF000008441000106318001042180030421806B
:10CB000002042180060C21803E0C21800E0C218025
:10CB1000060C2188040821880C1821880C30210C6F
:10CB20000C20218E0CC021FC010040000000000000
:10CB3000000000000000000000002000000038009D
:10CB4000001030000FFC602008187FF008184060CB
:10CB50000818C0C00818A0C0081991800819110051
:10CB60000FFA0B0009920E0001800F0001801B805C
:10CB7000119030E01DF8607C1980C05819837FF84F
:10CB8000198C4060198040601980406019804060B5
:10CB900019B840601BC040603E00406038007FE034
:10CBA0000000406000004060000000000000000045
:10CBB000000000000000000000000000001800203D
:10CBC0003FFFFFF0030000600300006003006040CF
:10CBD0000200C0400600C0400600C0C00400C0C043
:10CBE0000C20C0C00FF0C0C00C2080C01C2080886A
:10CBF0001C21FFFC2C2080082C2000084C20000861
:10CC00000C2000180C2001980C27FFD80C200018CD
:10CC10000FE000180C2000180C3000100C0004303D
:10CC20000C0003F0000000E00000004000000000E5
:10CC3000000000000000000000183000001C380058
:10CC4000001830103FFFFFF80018300000183000C7
:10CC500000FFFF80008003000080030000FFFF0052
:10CC6000008003000080030000FFFF000086030037
:10CC7000010E00183FFFFFFC0030080000610400B7
:10CC800001C18380030182F00CFFFF7C30C183105F
:10CC900000C1830000C1830000C1830000C1B20055
:10CCA00000C18E000081840000010000000000002F
:10CCB00000000000000000000040000000600008CC
:10CCC0000061FFFC006003000660060006640400CB
:10CCD000067E040806607FFC066060180660601827
:10CCE000066262183FFF6398004063180060631893
:10CCF0000440631806406318064263180C47631823
:10CD00000C466318184C6218104C62182018070063
:10CD10002030048000600C6000C018380180301C96
:10CD20000600600C080180043006000400000000CA
:10CD300000000000000000000000000000000020D3
:10CD400003FFFFF003000030030000300300003059
:10CD500003FFFFF002000030020402000206070099
:10CD6000020306000203040002010860027FFFF0D4
:10CD7000060206000602060006020600060206007B
:10CD80000602063005FFFFF8040206000C0206004A
:10CD90000806060008060600100C0600100806002B
:10CDA0002030060020600600018004000000000022
:10CDB00000000000000000000006000000038000EA
:10CDC000000180000400801007FFFFF80C0000380D
:10CDD0000C2000201C30104018700E0000E107806D
:10CDE0000181C1C0030380E0060740600C0660407B
:10CDF000100C30000018180000300E000060038096
:10CE000001C005F8037FFF780C6006103060060053
:10CE1000006006000060060000600600006006007A
:10CE2000007FFE00006006000040040000000000DB
:10CE300000000000000000000000000000300000C2
:10CE4000003C00000006000000030000000100009C
:10CE500000018000000180000003C0000003C0004A
:10CE6000000340000006600000066000000620008D
:10CE7000000C3000000C30000018180000301C00BE
:10CE800000300C000060060000C007000180038035
:10CE9000010001C0020000F00400007C080000381E
:10CEA0003000001040000000000000000000000002
:10CEB0000000000000100000001800000038000012
:10CEC00000301800007FFC0000E0380000C0300097
:10CED00001806000030040000600808007FFFFC063
:10CEE0000B018080130180802301808003018080FA
:10CEF000030180800301808003FFFF800300008026
:10CF00000300000003000000030000080300000805
:10CF10000300000803000008030000080300000CE1
:10CF200003FFFFFC01FFFFF800000000000000000D
:10CF3000000000000000000000400100006000C090
:10CF4000004000800084008007FE0080060400800E
:10CF500006040080060400800604009807FDFFFC1C
:10CF600006040080060400800604008007FC0080A0
:10CF70000604608006043080060438807FFC388018
:10CF8000006410800064008000C400800184008080
:10CF900001840080030400800604008008040080EF
:10CFA000107C1F80201C0780000803000000000088
:10CFB0000000000000000000040001000301FF80E9
:10CFC00003818300018183000181830001018300CB
:10CFD0000001030000030300000303FC010601FC41
:10CFE0003FC400000188008001B7FFE0018100C05C
:10CFF000018081C0018081800180818001804300A7
:10D00000018443000188260001903E0001A01C001D
:10D0100001E0180001C03E00018067800001C3E00C
:10D02000000700FC001C003000E0000000000000D1
:10D030000000000000000000000180000001C000AE
:10D0400000018000000180301FFFFFF80001800018
:10D050000001800000018000000180C003FFFFE0AC
:10D06000000000000200004003FFFFE003018060B9
:10D070000301806003018060030180600301806020
:10D0800003FFFFE003000060030000000300000056
:10D090000300000006000000060000000C00000075
:10D0A0000800000010000000200000000000000048
:10D0B000000000000000000000000200007FFF00F0
:10D0C000006006000060060000600600007FFE00B1
:10D0D00000600600006006000060060000600600B8
:10D0E000007FFE00006006000040040000000030E9
:10D0F0003FFFFFF80001800000C1800000E18000D8
:10D1000000C180C000C1FFE00181800001C180003A
:10D1100001A1800003198000060D80000607800031
:10D120000C01FFFC10003FF0200000700000000028
:10D13000000000000000000000000400000007C024
:10D140000C000670060006300300061003000618E7
:10D1500003000608003FFFFC000006000000060078
:10D1600000000600010006007F801600031FFA0081
:10D170000301820003018300030183000301830094
:10D1800003018100030181800309818003118CC4A4
:10D190000321F0C40343C06403DE00740388003C31
:10D1A0000380001C0100000C0000000400000000CF
:10D1B00000000000000000000000020000000380EA
:10D1C00000000300002003001FF0030018300300DC
:10D1D0001830030018300318183FFFFC1830030004
:10D1E0001830030018300300183203001FF1030049
:10D1F0001831C3001830C3001830E3001830430062
:10D200001830030018300300183003001FF003002B
:10D21000183003001830030018000300000003005A
:10D2200000003F00000007000000060000000000B2
:10D230000000000000000000000100000001C0002C
:10D24000000180000081800001C180000181800018
:10D25000018180C001FFFFE0030180000201800026
:10D26000020180000401800004010000000300307E
:10D270001FFFFFF8000340000003400000062000ED
:10D280000006300000061000000C1800000C0C0016
:10D2900000180600003007000060038000C001E0B5
:10D2A000030000FC0C0000383000001000000000FB
:10D2B00000000000000000000200100003801C00BD
:10D2C0000300380006003400061062007FF8630097
:10D2D0000400C1800C0181C00903437009C6BFBEB0
:10D2E000198C00181194100031A7F8183FFE311066
:10D2F00021863110018631100187F110018631102D
:10D300000186311001FE31103F87F1103186311056
:10D3100001863110018631100186301001863010EF
:10D32000018631F001867070018420200000000029
:10D330000000000000000000000100000001C0002B
:10D3400000018000000180183FFFFFFC0001800009
:10D3500000018000000180000201808003FFFFE0E7
:10D36000030180C0030180C0030180C0030180C0AD
:10D37000030180C003FFFFC00307C0C0030FA0006C
:10D38000000DB000001990000031880000618E008F
:10D3900000C18700018183C0030181F00601807C08
:10D3A0001801803020018000000100000000000012
:10D3B0000000000000000000000000000000000865
:10D3C0000C0DFFFC0C0C06000C0C04000CCC040033
:10D3D0000CCC08100CCCFFF80CCCC0180CCCC0182E
:10D3E0000CCCC4180CCCC7180CCCC6180CCCC61866
:10D3F0000CCCC6180CCCC6180CCCC6180CCCC61855
:10D400000CCCC61808CCC61808CCC61008CC050031
:10D41000180C0CC0100C0C70100C1838200C301CA0
:10D420002008600C4001800C000600000000000095
:10D4300000000000000000000000000004040000E4
:10D440000307FFF80386081801860C1001860810F0
:10D45000000609100006FF900006081001060810DB
:10D460003F860810030608900307FFF0030600102C
:10D470000306411003067F90030663100306631042
:10D4800003066310031463100324631003647F1006
:10D4900003CC631003886210030800100110001011
:10D4A000001003F000200070004000200000000089
:10D4B0000000000000000000000000000800000064
:10D4C000060400C00707FFC0030600C0030600C033
:10D4D000000600C00007FFC0000600C0000600C034
:10D4E000010600C03F8600C00307FFC0030600A07E
:10D4F00003060030030640E00306318003060E00F9
:10D5000003060700030609C0030670E00307C070A6
:10D51000038700301C42001038220000301C000637
:10D52000000FFFF80000FFF0000000000000000006
:10D5300000000000000000000040080000700E0025
:10D5400000600C0000E00C0000C00C0000C00C00EB
:10D5500001810C0001FF8C0001818C0003038C0011
:10D5600003030C0006030E0007060DC004C60C7072
:10D5700008E60C38186C0C1C102C0C0C20180C0035
:10D5800000180C0000300C0000200C0000600C00A3
:10D5900000C00C0001800C0003000C0006000C0011
:10D5A00008000C0030000C00000008000000000023
:10D5B0000000000000000000000100000001C000A9
:10D5C00000018000000180000001800000018180D6
:10D5D00003FFFFC000018000000180000001800007
:10D5E0000001800000018000000180301FFFFFF873
:10D5F0000007C0000007A000000DB000001D900053
:10D600000019880000318C000061860000C1838011
:10D61000018181C0060180F00C01807C1001803006
:10D6200000018000000180000001000000000000F7
:10D6300000000000000000000000000000000010DA
:10D64000000000383FFFFFF8000300000003000067
:10D6500000030000000300000003000000030000BE
:10D66000000380000003700000031C0000030F0093
:10D6700000030380000301C0000300C0000300C0DA
:10D68000000300000003000000030000000300008E
:10D69000000300000003000000030000000300007E
:10D6A0000003000000030000000200000000000072
:10D6B0000000000000000000000020000180300099
:10D6C00001C02300018021C0030020C003002040CE
:10D6D00006182060041820700C302FF8083FF00066
:10D6E000106030003FC0300010803038018033FCC3
:10D6F0000303FC00021C3040060030600C3830F0A0
:10D700003FC011C01E001B8008001F0000001E004B
:10D71000000C1C0801F03E083F00E7083801839820
:10D72000000601F8003800F80000003C000000008E
:10D730000000000000000000000100000001E00007
:10D7400000018000000180000001800000018000D5
:10D750000001800000018000004180000071840011
:10D760000061820000E1810000C18180018180C0F0
:10D7700001818060030180700201803806018038D9
:10D780000C01801808018018100180082001800019
:10D790000001800000018000000180000031800055
:10D7A000000F8000000700000002000000000000E1
:10D7B0000000000000000000020020000180300096
:10D7C0000100180001000C0001000C000100081805
:10D7D000011FFFFC3FF80000010040000300F18042
:10D7E0000380C0E00361807007330038073201987E
:10D7F000051501C80D0881800900818009004300DA
:10D8000011004300110066002100260041003C0089
:10D810000100180001003C00010067000100C3C0C6
:10D82000010301FE010C007801F000080000000077
:10D8300000000000000000000040400000E0300058
:10D8400000C0180000C018000180181001BFFFF8C8
:10D850000100000003000000020000600787FFF0E5
:10D86000070000000F0000000B0000001300006024
:10D87000230FFFF02300000003000000030400203A
:10D880000307FFF003060060030600600306006064
:10D890000306006003060060030600600307FFE064
:10D8A00003060060030600600200000000000000A4
:10D8B0000000000000000000000200000003000063
:10D8C0000004010000FFFFC000C0018000C0018013
:10D8D00000C0018000FFFF8000C0018000C0018007
:10D8E00000C0018000FFFF8000C0018000C00180F7
:10D8F00000C0018000C0018000FFFF8000C00180E7
:10D90000000300000021C0000038C0000230426067
:10D9100006300238063002180C30021C1C30030896
:10D92000003FFF00001FFE0000000000000000009C
:10D930000000000000000000000100000000C00026
:10D94000000060000400603007FFFFF806000000E0
:10D9500006000040063FFFC0060001E0060003008D
:10D96000060104000600D8000600600006007000F2
:10D970000600301007FFFFF80600303804003020A2
:10D98000040030400C0030400C0030000800300033
:10D9900008003000080030001000300010002000A7
:10D9A0002007E0002000E0004000400000000000F0
:10D9B00000000000000000000000200003007800CC
:10D9C0000180600001C060000080C0300088FFF866
:10D9D0003FFE8000030180000301000003020010ED
:10D9E0000311FFF803F80438031004200311044066
:10D9F0000311C4000211840002118430021187F85F
:10DA0000021184000611040006138400041384002C
:10DA1000043344000832240009F61C0010640F008F
:10DA2000100807FC201000F000200010000000008B
:10DA30000000000000000000000000200000007056
:10DA400003FFFFF803000000030080000300E00074
:10DA50000300E0000300C0000300C0000300C0009A
:10DA60000300C0000300C0000300C0C0037FFFE04C
:10DA70000300C0000200C0000200C0000200C60097
:10DA80000600C3000600C1800600C1C00600C0C079
:10DA90000400C0C00C00C0C00800C0001800C018BE
:10DAA00017FFFFFC20000000400000000000000005
:10DAB00000000000000000000100000000C000089D
:10DAC0000060FFFC004203003FFF0200021802005A
:10DAD0000218440801107FFC0190600801226008D0
:10DAE0001FFF62081800E38818086308181C630801
:10DAF0001830630818406308198463081A0663081D
:10DB0000180C63081830630810606208118347809E
:10DB100010078660100E0C30101808182070101CAA
:10DB200020C0600C47008004400300040000000097
:10DB30000000000000000000000000000000008065
:10DB400007FFFFC00000018000000180000001808D
:10DB500000000180000001800000018004000180BD
:10DB6000030001800200018003FFFF8002000180AA
:10DB7000020001000200000002000000020000009C
:10DB8000020000100200001002000010020000104D
:10DB900002000010020000180200001803FFFFFC42
:10DBA00003FFFFF000000000000000000000000084
:10DBB00000000000000000000002000000038000E0
:10DBC00000018000000180C007FFFFE00020080086
:10DBD00000300C0000180C00001C0800001C18008D
:10DBE000000C1010000820383FFFFFFC0000000070
:10DBF000000000000080010000FFFF8000C0030063
:10DC000000C0030000C0030000C0030000FFFF00CD
:10DC100000C0030000C0030000C0030000FFFF00BD
:10DC200000C0030000C003000080020000000000EC
:10DC300000000000000000000400002003FFFFF0CF
:10DC40000201806002018060020180600201806048
:10DC500002018060020180600201806003FFFFE03A
:10DC60000201806002018060020180600201806028
:10DC7000060180600601806007FFFFE0060180600A
:10DC800006018060060180600401806004018060FC
:10DC90000C018060080180600801806010018EE046
:10DCA000100183E0200000C0400000800000000060
:10DCB000000000000000000000602000006038004C
:10DCC00000603100006330C00FFFB0E000603060E2
:10DCD00000603000006030183FFFFFFC00001000C3
:10DCE00000C0100000C01020018318703FFF986032
:10DCF000034018E0033018C00630098004310D805D
:10DD00000FFF8F00003007000030060000318E0446
:10DD1000007E1B041FF01184183021C4003040EC39
:10DD20000031807C0033001C0004000C0000000067
:10DD300000000000000000000000000000000010D3
:10DD4000000000380FFFFFF80000C0000000C00016
:10DD50000000C0000000C0000000C0000000C000C3
:10DD60000080C00000E0C00000C0C06000C0FFF044
:10DD700000C0C00000C0C00000C0C00000C0C000A3
:10DD800000C0C00000C0C00000C0C00000C0C00093
:10DD900000C0C00000C0C00000C0C01000C0C0383B
:10DDA0003FFFFFFC0000000000000000000000003A
:10DDB00000000000000000000400006007FFFFF00A
:10DDC000060C3060060C3060060C3060060C3060CB
:10DDD00007FFFFE0060200600001C00000010060D4
:10DDE0000FFFFFF0000300000103030000FFFF80AE
:10DDF00000C0030000C0030000FFFF0000C00300DC
:10DE000000C0030000C0030000FFFF0000C00300CB
:10DE100000C0030000FFFF0000C0030000C00300BB
:10DE200000C003187FFFFFFC00000000000000009E
:10DE30000000000000000000000100000001800060
:10DE400000018000000180000001800000018000CE
:10DE5000080180200FFFFFF00C0180200C018020C2
:10DE60000C0180200C0180200C0180200C018020FE
:10DE70000C0180200C0180200FFFFFE00C018020AE
:10DE80000C01803000018000000180000001800052
:10DE9000000180000001800000018000000180007E
:10DEA000000180000001800000010000000000006F
:10DEB000000000000000000000008000040060007E
:10DEC0000700300003003800038018000100101024
:10DED00001000038003FFFF84020100020401000F3
:10DEE000384010001C4010000C8010000C80100006
:10DEF0000080100001001060010FFFF0030010000F
:10DF00000300100002001000060010003E00100088
:10DF10000C0010000C0010000C0010000C00101879
:10DF20000C7FFFFC0C0000000C0000000000000053
:10DF30000000000000000000010004000180070054
:10DF4000030006000300040003180C003FFC0C3023
:10DF50000601FFF8060008000480180004E018001D
:10DF60000CC018000CC0101818CBFFFC1FFC3000B0
:10DF700000C0300000C0600000C0600000C0FFE0D2
:10DF800000CC407000F000C01FC000803CC0010009
:10DF900030C0C30000C0320000C01E0000C00780B7
:10DFA00000C003C000C001C000800080000000006D
:10DFB00000000000000000000000100000038C00C2
:10DFC00010030600182306000C2606000E2604186F
:10DFD000044FFFFC044E0C00008E0C00009E0C0051
:10DFE00000960C0001260C300167FFF803460C0078
:10DFF00002860C0006060C000E060C003C060C30D7
:10E000000C07FFF80C060C000C060C000C060C00AC
:10E010000C060C001C060C001C060C180C07FFFC60
:10E0200000060000000600000004000000000000E0
:10E0300000000000000000000000080000200C00AC
:10E0400000181800001C1800000C30000008200008
:10E050000100410001FFFFC00180018001800180BB
:10E0600001800180018001800180018001800180A8
:10E07000018001800180018001FFFF800184018017
:10E0800001030000006180000070C0800460C26075
:10E09000046002380C600218386002183860020010
:10E0A000003FFF00003FFE000000000000000000F5
:10E0B00000000000000000000000000010200040F0
:10E0C0001FF9FFE0183180E0186180C0184180C05E
:10E0D000184180C018C180C0188180C0188180C0DC
:10E0E0001901FFC0188180C0184180C0182180C06C
:10E0F000182180C0183180C0183180C0183180C00C
:10E100001831FFC0183180C019F180C018E180C0FB
:10E11000180180C0180180C0180180C0180180CC8F
:10E12000183FFFFC18000000100000000000000075
:10E1300000000000000000000000000000000000DF
:10E1400000000000000000000000000000000000CF
:10E1500000000000000000000000000000000000BF
:10E1600000000000000000000000000000000000AF
:10E1700000000000070000000F0000000F0000007A
:10E180000700000000000000000000000000000088
:10E1900000000000070000000F0000000F0000005A
:10E1A0000600000000000000000000000000000069
:10E1B000000000000000000000000000000000005F
:10E1C000000000000F80FC000883C300088600E008
:10E1D000088C006007180020001800200030002084
:10E1E000003000200030002000300000003000002F
:10E1F000003000000030000000300000003000005F
:10E20000003000000038000000180000001C002052
:10E21000000C0040000701800003FF000000F80030
:10E2200000000000000000000000000000000000EE
:10E23000000000000000000000000000000FF000DF
:10E24000003FFC00007C3E0000F00F0001E0078072
:10E2500001C0038003800380038001C0038001C0EC
:10E26000038001C0038001C0038001C0038001C09E
:10E270000380038001C0038001E0070000F01E005E
:10E28000007C7C00001C7000001C7000001C7000F2
:10E29000001C700001FC7F8001FC7F8001FC7F80FE
:10E2A000000000000000000000000000000000006E
:10E2B000000000000000000000000000000000005E
:10E2C000000000000000000000000000000000004E
:10E2D000000000000000000000040200000C060026
:10E2E000001C0600001C0E00003C0E0000381E0042
:10E2F00000381E0000781C0000781C0000701C0014
:10E30000007038000070380000703000006030008D
:10E310000070700000F0FA0000FFDE0000CF1E0069
:10E3200001C00000018000000180000003800000A7
:10E330000100020004003FF82008200820082008FF
:10E340003FF8200820082008200820083FF820086F
:10E3500000407C404440548054FE55085688548800
:10E360005488545054501020285024884504820268
:10E3700008000BF80A081208120833F83040504021
:10E3800097FC10E0115012481444184210401040FD
:10E39000040004000FF01820644003801C70E00E9D
:10E3A0001FF0111011101FF0111011101FF010109C
:10E3B0000080208020802084208820903EA020C0E3
:10E3C000208020802080208226823882207E0000CB
:10E3D00000007FFC00800080010001000340052058
:10E3E000091011082104410481000100010001000D
:10E3F00008200820FFFE0820001000F83F00111040
:10E40000082001007FFC054009203118C1060100E9
:10E41000000427C4144414548554455445541554D9
:10E4200015542554E5542104228422442414080858
:10E4300000001E7812481248124812481248FFFE87
:10E4400012481248124812481248128826A8411051
:10E450000100111009207FFE40029FF410101FF0F0
:10E4600001003FF8210821082128211001000100A6
:10E4700000003FFE2000200020002000200020009F
:10E4800020002000200020002000400040008000EC
:10E490000050004800403FFE2040204020443E44C1
:10E4A00022442228222822122A32444A408681020B
:10E4B000080009FC08447E4408440894FF0808FC4E
:10E4C000288428842E8428FC280058004FFE8000D1
:10E4D0000100010021082108210821083FF8010856
:10E4E0000100010041044104410441047FFC000497
:10E4F00004000400FFFE0800080013F8101030208C
:10E50000504097FE104010401040104011401080C5
:10E5100008400840104023FC4840084017FE3010D7
:10E52000501097FE101012101110111010501020E2
:10E5300020403F7E4890850801003FF8010001001F
:10E54000FFFE000000207FFC0820042004A0004003
:10E550000100010001003FF82108210821083FF8CF
:10E560002108210821083FF8210A0102010200FECA
:10E57000010000803FFE222022203FFC222022209A
:10E5800023E020002FF02410422041C08630380EB6
:10E59000200021FE3C00500090FC10841084FE847A
:10E5A00010FC1000108428442448440041FE8000E0
:10E5B0000010001000107E1002FE021024101490B3
:10E5C0000850085014101210221040100050002063
:10E5D0000000000000003FF8000000000000000004
:10E5E0000000000000000000FFFE0000000000002E
:10E5F000001000F83F00200020003FF824082410FD
:10E600002210222021402080414042208C183006D8
:10E6100000007FFC00800100030005600918310440
:10E62000C10200001FF01010101010101FF0101089
:10E63000100010001FFC20005FF090101FF0101061
:10E640001FF004000FF01820644003801C70E00EDF
:10E65000040004000FE0102020405FF010101110A3
:10E66000111011101110121002C0042018106008AF
:10E67000002800243FFE20202FA420242FA8289823
:10E6800028924FAA4046808201004884481287F2AF
:10E69000004000400040FE4011FC10441044104473
:10E6A0001044108410841E84F104410402280410D4
:10E6B00010100810082000003FF8010001000100C0
:10E6C000FFFE010002800280044008203018C006CE
:10E6D00020403F7E4890850801007FFE40029FE475
:10E6E00010201FE010001FF0101010101FF010106D
:10E6F0001000100021FC24204420F82010202020AD
:10E700004020FC20402000201C20E02043FE000090
:10E7100010401040104013FE188054905090511239
:10E72000915211541290122814281044108411028E
:10E73000100011F011101110FD10111031103910CE
:10E74000551055109110111211121212120E1400C0
:10E75000100013FC10841088FC881090309C3884C2
:10E76000554455449128112812101228144411823E
:10E77000200013FC1004400447C44444444444446F
:10E7800047C444444444444447C4400440144008FB
:10E7900010201020202027FE4420F82011FC20000B
:10E7A0004000FDFC410401041D04E10441FC01049E
:10E7B000100010FC3C2424244854BE882A102A50FF
:10E7C0003E7C2A902A103EFE2A104A1042108610E3
:10E7D00000007FFC08200820082008200820FFFEF9
:10E7E0000820082008200820102010202020402089
:10E7F00002000100FFFE00001450139014501FF09F
:10E8000001007FFC420444444FE444244014400887
:10E81000060078FC4044484444445A94610800008F
:10E820003FF8210821083FF8210821083FF8200877
:10E830000080204017FE10808110420847FC100421
:10E8400010002248E24822482248224A244A084628
:10E8500000407C404478448845507C20105010880B
:10E8600011065CF85088508850885C88E0F8008871
:10E87000000001F8FC081008108820883C8864FE1D
:10E880006402A402240225FA3C0224022014000897
:10E8900004407FFC04401FF010101FF010101FF008
:10E8A0000400FFFE11103FF8D11611501120010095
:10E8B000100011FE50205C4051FC5104FF24012443
:10E8C0001124552455245544845008883104C2022B
:10E8D00000003FF8200820083FF8241022202FF8DD
:10E8E000222022203FFC2220422044208420082095
:10E8F000020001007FFE400288241110228804409B
:10E9000008203018DFF61010101010101FF0101033
:10E910000400020001000100010002800280028068
:10E9200004400440082008201010201040088006F1
:10E93000080008001FE020204040BFF821082108FF
:10E9400021083FF820002002200220021FFE0000C4
:10E95000080810083E0822083EFE22083E08220849
:10E960002248FE2806280A08120822084A2804100D
:10E97000000021F0111011100110020EF40013F824
:10E9800011081110109014A0184010A003180C06C4
:10E9900001000100FFFE01007FFC00003FF821089C
:10E9A00021083FF8200020002000400040008000A7
:10E9B0001FF0101010101FF0101010101FF00000AA
:10E9C000FFFE0100110011F811002900450083FE2F
:10E9D000002820241024102007FE0020F02017E03B
:10E9E000112011101110151019CA170A0206000281
:10E9F000000800087C08440845FE440844087C08D8
:10EA000044884448444844087C08440800280010CE
:10EA100001001100110011003FF821004100010028
:10EA2000FFFE028004400440082010102008C006A9
:10EA3000204020A02110FA0825F6400053C492542B
:10EA4000FA5413D41A54F25453D41244125412C820
:10EA500001000100FFFE010001003FF8210821082C
:10EA600021083FF82388054009203118C10601001C
:10EA7000040045FE5420544055FC550455245524AB
:10EA80005524552455245544545054888504060271
:10EA9000000047FC2444244405F40444E44427FCD7
:10EAA000240425F425142D1435F424040414080832
:10EAB00003F82208120813F802080208F3F81244B7
:10EAC00012281210128813041204280047FE0000B6
:10EAD00010401040104010403E40226042504248DA
:10EAE000A444144408400840104020404040804066
:10EAF0000100010001003FF8010001000100FFFEDC
:10EB000003800540092011102108C1060100010001
:10EB10000000FFFE0200020002000200024002208C
:10EB200002100208020802000200020002000200B5
:10EB3000105010482040245C45E0F840105E23E06F
:10EB40004044FC48403000221C52E08A4306000248
:10EB50000100010001000100010011101108110461
:10EB6000210421024102810201000100050002008E
:10EB700010401020102011FEFC00108831043A02D1
:10EB80005488508890501050102010501088130650
:10EB9000084008200BFE1000100031FC300050002F
:10EBA00091FC1000100011FC1104110411FC11045F
:10EBB000010002001FF010101FF010101FF01010C5
:10EBC0001FF01010010008844892481287F00000DE
:10EBD000010000803FFE200023F8201020A02040EC
:10EBE0002FFE204220442040404040408140008091
:10EBF0002080108010FE0100FE0021FC20243C2417
:10EC000024A024A024BC24A024A04560553E8A0052
:10EC100000003FFE200020802080208020802FFCEC
:10EC20002080208020902088208840805FFE800007
:10EC3000100008FE7F102220147C7F444454485466
:10EC400052544454485451544228442488423082F7
:10EC500000003FF0001000100010201020103FF0C6
:10EC60002000200020002004200420041FFC0000BD
:10EC7000020001003FF8000008200440FFFE0000F1
:10EC80001FF0101010101FF0101010101FF01010B7
:10EC900000003FF82108210821083FF82108210839
:10ECA00021083FF821082108210841084128801047
:10ECB000082008287F240820FFFE10201024FF24AD
:10ECC000202448287F2808100F12F82A08460882B6
:10ECD00000007FFC0100010001000100110011F89B
:10ECE000110011001100110011001100FFFE0000C1
:10ECF0007FFC44447FFC01007FFC01001FF01010EA
:10ED00001FF010101FF010101FF01010FFFE000079
:10ED100001000100010001003FF82108210821083D
:10ED2000210821083FF8210801000100010001002D
:10ED300000802040100017FC8040404040401040C0
:10ED400013FC2040E0402040204020402FFE0000E7
:10ED5000202020202020FDFC4020504093FEFC403D
:10ED6000108011FC1C04F08850501020101010105E
:10ED700001404120212023FE022016201BFC1220EE
:10ED8000222023FCE2202220222023FE2200020057
:10ED900010100820044000001FF010101010101078
:10EDA0001FF01010010008844892481287F00000FC
:10EDB00000007DF845084908490851F84908490804
:10EDC000450845F8450869085108410847FE4000D4
:10EDD0000000000000000000000000000000000033
:10EDE0000000300030000000300030000000000063
:10EDF000600091F4960C6C040804180018001800C8
:10EE000018001800180008000C04060801F00000A3
:10EE1000000003800C60101010102008200820084B
:10EE2000101010100C60044004403C7800000000FA
:10EE3000000000000000084008400840084008406A
:10EE4000084008400CD00B20080008000800000013
:10EE500000000000000000000000000000000000B2
:10EE600000101010101010101010000018180000E2
:10EE700036244800000000000000000000000000F0
:10EE80000024242424FE48484848FC4848484800B8
:10EE90001038549292503018141292925438100034
:10EEA0000062929494680810202C5252928C0000B8
:10EEB00000304848484830205494888894620000C4
:10EEC00030301020000000000000000000000000B2
:10EED00004081010202020202020201010080400FA
:10EEE00040201010080808080808081010204000EA
:10EEF00000000010925438103854921000000000A6
:10EF000000000000101010FE1010100000000000A3
:10EF10000000000000000000000000303010200061
:10EF2000000000000000007C000000000000000065
:10EF30000000000000000000000000003030000071
:10EF400000020204040808102020404080800000D5
:10EF5000003048848484848484848484483000001D
:10EF60000010701010101010101010101010000071
:10EF700000304884840408081020204080FC0000F1
:10EF80000030488484040830080484844830000039
:10EF900000080818182828484888FC0808080000B5
:10EFA00000FC808080B0C8840404048448300000E1
:10EFB000003048848480B0C8848484844830000051
:10EFC00000FC040408080810101020202020000075
:10EFD0000030488484844830488484844830000069
:10EFE000003048848484844C340484844830000095
:10EFF0000000000000303000000000303000000051
:10F000000000000000303000000000303010200010
:10F010000000040810204080402010080400000078
:10F0200000000000007C0000007C000000000000E8
:10F0300000008040201008040810204080000000DC
:10F040000030488484040810202000003030000084
:10F05000003844829AAAAAAAAAAA9C80423C00002C
:10F06000001010282828284444447C828282000012
:10F0700000F88482828284F88482828284F800008C
:10F080000038448282808080808082824438000000
:10F0900000F88482828282828282828284F80000E6
:10F0A00000FE8080808080FC8080808080FE000068
:10F0B00000FE8080808080FC8080808080800000D6
:10F0C00000384482828080808E828282463A0000AC
:10F0D00000828282828282FE82828282828200001A
:10F0E0000038101010101010101010101038000000
:10F0F000000404040404040404048484483000006C
:10F1000000828484889090A0D088888482820000C5
:10F1100000808080808080808080808080FE0000F1
:10F12000008282C6C6C6C6AAAAAAAA929292000065
:10F13000008282C2C2A2A292928A8A86868200003D
:10F140000038448282828282828282824438000035
:10F1500000F88482828284F8808080808080000031
:10F1600000384482828282828282928A443A0000FB
:10F1700000F88482828284F88888848482820000F5
:10F180000038448282806018040282824438000081
:10F1900000FE1010101010101010101010100000B1
:10F1A000008282828282828282828282443800004D
:10F1B0000082828244444444282828101010000011
:10F1C0000092929292AAAAAAAA44444444440000FB
:10F1D0000082824444282810282844448282000067
:10F1E00000828244442828101010101010100000D3
:10F1F00000FE0204040808102020404080FE0000A9
:10F200007C404040404040404040404040407C00C6
:10F21000008282444428287C10107C1010100000CA
:10F220007C040404040404040404040404047C00B2
:10F230001028440000000000000000000000000052
:10F24000000000000000000000000000000000FFBF
:10F250002010080000000000000000000000000076
:10F260000000000000007884043C44848C76000098
:10F27000008080808080B8C482828282C4B800000E
:10F280000000000000003C4280808080423C000082
:10F290000002020202023A4682828282463A00005C
:10F2A000000000000000384482FE8080423C0000E4
:10F2B000001820202020F8202020202020200000DE
:10F2C0000000000000003A444438407C82827C0008
:10F2D000008080808080B8C4828282828282000026
:10F2E000000010100000101010101010101000007E
:10F2F000000010100000101010101010101060000E
:10F30000008080808080848890A0D08884820000E3
:10F31000001010101010101010101010101000001D
:10F32000000000000000ACD29292929292920000F3
:10F33000000000000000B8C4828282828282000045
:10F3400000000000000038448282828244380000BD
:10F35000000000000000B8C4828282C4B88080002F
:10F360000000000000003A46828282463A02020013
:10F370000000000000002E3020202020202000006F
:10F380000000000000007C8280601C02827C000083
:10F39000000020202020F82020202020201800001D
:10F3A000000000000000828282828282463A0000D1
:10F3B0000000000000008282444428281010000051
:10F3C000000000000000929292AAAA444444000067
:10F3D0000000000000008244281010284482000031
:10F3E0000000000000008282444428281020C00051
:10F3F000000000000000FE040810204080FE000015
:10F400001C101010101010201010101010101C00E4
:10F4100010101010101010101010101010101010EC
:10F420007010101010101008101010101010700034
:10F4300064980000000000000000000000000000D0
:10F4400000000000000000000000000000000000BC
:10F4500000000000000000000000000000000000AC
:10F46000000000000000000000000000000000009C
:10F47000000000000000060006000600060006006E
:10F48000060006000600060006000600060006004C
:10F49000060000000000000006000600000000005A
:10F4A000000000001CC01980318023000000000013
:10F4B000000000000000000000000000000000004C
:10F4C000000000000000000000000000000000003C
:10F4D00000000000000000001F003B8060C04040B2
:10F4E000C060802080208020C060C06060C03B8001
:10F4F0001B001B001B007BC07BC000000000000045
:10F500000000020002000F001F8032C032C032C073
:10F5100032003A001E000F00078003C002C062C024
:10F5200062C072C032C03F800F00020002000000C3
:10F530000000000000407880488048804900490071
:10F5400049004A004A007A0035C0056005200920BC
:10F55000092009201120112011E020C00000000026
:10F560000000000000001F001B00318031803100CE
:10F570001B001E001C003C003C606660676063402E
:10F5800061C061C061E03FE01F200000000000009A
:10F5900000000000300030001000100020000000CB
:10F5A000000000000000000000000000000000005B
:10F5B000000000000000000000000000000000004B
:10F5C000000000000060004000C001800100030056
:10F5D000020002000200020002000200020002001B
:10F5E000030003000100018000C000600020000053
:10F5F00000000000600020003000180008000C002F
:10F600000C000400040004000400040004000400D2
:10F610000C000800180018003000600040000000D6
:10F6200000000000000000000000000000000600D4
:10F630000600666076E01F800F003FC076E046203F
:10F6400006000600000000000000000000000000AE
:10F6500000000000000000000000000000000600A4
:10F6600006000600060006007FE07FE006000600B8
:10F67000060006000000000000000000000000007E
:10F68000000000000000000000000000000000007A
:10F69000000000000000000000000000000000006A
:10F6A00000000000000030003000100020000000CA
:10F6B000000000000000000000000000000000004A
:10F6C00000000000000000007FE07FE0000000007C
:10F6D000000000000000000000000000000000002A
:10F6E000000000000000000000000000000000001A
:10F6F000000000000000000000000000000000000A
:10F700000000000000003000300000000000000099
:10F710000000002000200060004000C00080008049
:10F720000100010002000200040004000C000800B7
:10F7300018001000100020002000400040000000D1
:10F740000000000000001F00398030C070C060E081
:10F7500060606060606060606060606060606060A9
:10F7600070C030C039C01F800F00000000000000D2
:10F77000000000000000020006003E000600060037
:10F780000600060006000600060006000600060049
:10F79000060006000600060006000000000000004B
:10F7A0000000000000001F8039C030C030C030C0F1
:10F7B00030C000C001C00180030006000E001C0024
:10F7C0001800300030007FE07FE000000000000003
:10F7D0000000000000001F8039C030C030C060C091
:10F7E00000C000C003800700018000C000C060E0CE
:10F7F00060E060C031C03F800F00000000000000EA
:10F8000000000000000001800380038007800F805B
:10F810000D801D80198039803180618061807FE09A
:10F820007FE0018001800180018000000000000075
:10F830000000000000003FC03FC03000300030003A
:10F84000300037003F8030C070C000E000E000E0D2
:10F8500060C060C031C03F801F0000000000000099
:10F860000000000000000F801DC018C030C0300034
:10F87000300077007FC078C070C070E0706030608A
:10F8800030E030C018C01F800F00000000000000F2
:10F890000000000000007FC07FC000C000C000C0AA
:10F8A0000180018001800380030003000300060043
:10F8B0000600060006000C000C000000000000001E
:10F8C0000000000000001F8039C030C030C070C090
:10F8D00030C030C019800F00398030C06060606077
:10F8E000606070E030C03F800F000000000000004A
:10F8F0000000000000001F00398030C070C060C0F0
:10F9000060C060E070E030E031E01FE00EC000C099
:10F9100000C031C031801F000E0000000000000058
:10F9200000000000000000000000000006000600CB
:10F9300000000000000000000000000000000000C7
:10F9400006000600000000000000000000000000AB
:10F95000000000000000000000000000060006009B
:10F960000000000000000000000000000000000097
:10F970000600060002000400040000000000000071
:10F98000000000000000006000C0018003000600CD
:10F990000C00180030006000300018000C00060059
:10F9A0000300018000C00060002000000000000093
:10F9B0000000000000000000000000000000000047
:10F9C00000007FE07FE00000000000007FE07FE0BB
:10F9D0000000000000000000000000000000000027
:10F9E0000000000000006000300018000C0006005D
:10F9F0000300018000C0006000C001800300060019
:10FA00000C00180030006000400000000000000002
:10FA10000000000006001F8039C030C070C060C008
:10FA200060C000C001C0018003000600060006009F
:10FA300006000000000000000600060000000000B4
:10FA400000000000070008801040202026204FA062
:10FA500049A059A051A0512051205120512053209C
:10FA60005F404D80400020003000198006000000FB
:10FA7000000000000000060006000F000F000F004D
:10FA80000F00198019801980198030C03FC03FC015
:10FA900030C0606060606060606000000000000076
:10FAA0000000000000007F807FC060C06060606078
:10FAB00060C061C07F807F8060C0606060606060A7
:10FAC000606060E061C07F807F0000000000000097
:10FAD0000000000000000F801DC038E03060706042
:10FAE00060606000600060006000600060606060F6
:10FAF000306030E039C01F800F00000000000000BF
:10FB00000000000000007F007F8061C060C060E0F6
:10FB100060E060606060606060606060606060E0E5
:10FB200060C060C063807F807E0000000000000035
:10FB30000000000000003FE03FE0300030003000F7
:10FB4000300030003FC03FC0300030003000300097
:10FB50003000300030003FE03FE0000000000000D7
:10FB60000000000000007FE07FE0600060006000B7
:10FB7000600060007F807F80600060006000600047
:10FB80006000600060006000600000000000000095
:10FB90000000000000000F801DC038C030607060A1
:10FBA00060006000600063E063E06060606060606F
:10FBB000706030E039E01FE00F60000000000000DE
:10FBC0000000000000006060606060606060606075
:10FBD000606060607FE07FE06060606060606060E7
:10FBE0006060606060606060606000000000000055
:10FBF0000000000000000F000F00060006000600D5
:10FC000006000600060006000600060006000600C4
:10FC10000600060006000F000F00000000000000B4
:10FC200000000000000000600060006000600060F4
:10FC300000600060006000600060606060606060A4
:10FC400030C030C039C01F800F000000000000002D
:10FC500000000000000060C061C0618063006700B8
:10FC60006E006C007E007E007600630063006180A1
:10FC7000618061C060C060E0606000000000000062
:10FC80000000000000006000600060006000600094
:10FC90006000600060006000600060006000600064
:10FCA0006000600060007FE07FE000000000000076
:10FCB00000000000000070E070E070E079E079E0A2
:10FCC00079E079E0696069606F606F606F606F60B4
:10FCD0006660666066606660666000000000000046
:10FCE00000000000000070607060786078607860EC
:10FCF0006C606C606C6066606660636063606360CB
:10FD000061E061E061E060E060E0000000000000B0
:10FD10000000000000001F8039C030C060E060605B
:10FD200060606060606060606060606060606060D3
:10FD3000606030C031C01F800F0000000000000074
:10FD40000000000000007F807FC060E060606060B5
:10FD50006060606060E07FC07F8060006000600085
:10FD600060006000600060006000000000000000B3
:10FD70000000000000001F8039C030C060E06060FB
:10FD80006060606060606060606060606060636070
:10FD9000636031C031C01FC00FC000000000000010
:10FDA0000000000000007F807FC060E06060606055
:10FDB000606060E061C07F807F00638061806180FF
:10FDC00061C060C060C06060606000000000000052
:10FDD0000000000000001F8039C030C030C030E09B
:10FDE000300038001C000F00038001C000E060609C
:10FDF000606060E030C03FC00F0000000000000005
:10FE00000000000000007FE07FE006000600060022
:10FE100006000600060006000600060006000600B2
:10FE200006000600060006000600000000000000B4
:10FE30000000000000006060606060606060606002
:10FE400060606060606060606060606060606060B2
:10FE5000606070E039C03FC01F000000000000007B
:10FE600000000000000060606060606070C030C032
:10FE700030C030C031801980198019801B000F00FC
:10FE80000F000F000F000600060000000000000039
:10FE9000000000000000C630C62046604E606F6063
:10FEA0006F606F606B6069606960694039C039C0BC
:10FEB00039C039C031C030C030C00000000000007F
:10FEC00000000000000060C030C031C019801980FF
:10FED0000F000F000E0006000F000F001B8019809E
:10FEE000398030C030C060606060000000000000F9
:10FEF000000000000000606060E030C030C0198089
:10FF000019800F000F00060006000600060006001C
:10FF100006000600060006000600000000000000C3
:10FF20000000000000007FE07FE000C001C0018011
:10FF300003800300060006000C000C0018001800E7
:10FF40003000300060007FE07FE000000000000033
:10FF5000000000000FE00FE00C000C000C000C0093
:10FF60000C000C000C000C000C000C000C000C0031
:10FF70000C000C000C000C000C000C000FE00FE05B
:10FF8000000000000000606060E030C030C03980D8
:10FF900019801B000F000E007FE07FE07FE07FE014
:10FFA0000600060006000600060000000000000033
:10FFB000000000007E007E0006000600060006002D
:10FFC0000600060006000600060006000600060001
:10FFD0000600060006000600060006007E007E0001
:10FFE00000000E001F00198030C00000000000005B
:10FFF0000000000000000000000000000000000001
:020000040801F1
:1000000000000000000000000000000000000000F0
:1000100000000000000000000000000000000000E0
:1000200000000000000000000000000000000000D0
:10003000000000000000000000000000FFF00000D1
:1000400000000C0006000300030000000000000098
:1000500000000000000000000000000000000000A0
:100060000000000000000000000000000000000090
:100070000000000000000000000000000000000080
:100080000F801FC030C030C001C007C01EC030C0CC
:1000900060C060C071C03FC01EE0000000000000F2
:1000A0000000000000006000600060006000600070
:1000B00067006FC070C060C060606060606060605A
:1000C000606060C070C07F806F00000000000000B2
:1000D0000000000000000000000000000000000020
:1000E0000F001FC030C030C0600060006000606062
:1000F000606070E030C01F800F0000000000000052
:10010000000000000000006000600060006000600F
:100110000E601FE030E060E060E0606060606060A2
:1001200060E060E031E01F600E6000000000000051
:1001300000000000000000000000000000000000BF
:100140000F001F8030C030C060607FE07FE0600043
:10015000606030E038C01F800F0000000000000029
:1001600000000000000007E00E200C000C000C0056
:100170007FC07FC00C000C000C000C000C000C00B9
:100180000C000C000C000C000C0000000000000033
:10019000000000000000000000000000000000005F
:1001A0000F601FE031803180318031801B803F0043
:1001B000200030003F803FC06060606070C01F80E2
:1001C000000000000000600060006000600060004F
:1001D00067806DC078C070E0606060606060606083
:1001E000606060606060606060600000000000004F
:1001F00000000000000006000600000000000000F3
:1002000006000600060006000600060006000600BE
:1002100006000600060006000600000000000000C0
:1002200000000000000001800180000000000000CC
:1002300001800180018001800180018001800180B6
:100240000180018001800180018001803F003E002B
:1002500000000000000060006000600060006000BE
:1002600060C06180630067006E006E007B007300F9
:100270006180618060C060C06060000000000000BC
:100280000000000000000600060006000600060050
:10029000060006000600060006000600060006002E
:1002A0000600060006000600060000000000000030
:1002B000000000000000000000000000000000003E
:1002C000DCE0FFE0E660C660C660C660C660C6608F
:1002D000C660C660C660C660C66000000000000060
:1002E000000000000000000000000000000000000E
:1002F00067806FC078E070607060606060606060B0
:10030000606060606060606060600000000000002D
:1003100000000000000000000000000000000000DD
:100320000F003F8030C060E06060606060606060CF
:10033000606070E030C01F800F000000000000000F
:1003400000000000000000000000000000000000AD
:1003500067007FC070C070E0606060606060606077
:10036000606070C078C07F806F00600060006000D7
:10037000000000000000000000000000000000007D
:100380000E603F6030E060E060E060606060606090
:1003900060E060E031E03F601E600060006000608F
:1003A000000000000000000000000000000000004D
:1003B0003180378036003C00380038003000300093
:1003C000300030003000300030000000000000003D
:1003D000000000000000000000000000000000001D
:1003E0001F003F8030C030C030001E00078001C0B9
:1003F00020C030C030C03F800F000000000000006F
:1004000000000000000000000C000C000C000C00BC
:100410007FC07FC00C000C000C000C000C000C0016
:100420000C000C000C200FE007C0000000000000D2
:1004300000000000000000000000000000000000BC
:1004400060C060C060C060C060C060C060C060C0AC
:1004500060C060C061C03FC01EC00000000000005E
:10046000000000000000000000000000000000008C
:10047000606060C030C030C030C019801980198001
:100480000B000F000F000E0006000000000000002F
:10049000000000000000000000000000000000005C
:1004A000C630C6606E606F606F606F606B4029C061
:1004B00039C039C039C03980118000000000000007
:1004C000000000000000000000000000000000002C
:1004D00030C030C0198019800F000E0006000F00D8
:1004E0000F001980398030C060E00000000000007B
:1004F00000000000000000000000000000000000FC
:10050000606060C030C030C018C0198019800D8094
:100510000F000F0007000600060006003C00380030
:1005200000000000000000000000000000000000CB
:100530003FC03FC0018001000300060004000C0022
:100540001800300030007FC07FC0000000000000B5
:10055000000001C0018001800180018001800180D4
:100560000180018001000300070003000180018079
:1005700001800180018001800180018001C00000B4
:10058000060006000600060006000600060006003B
:10059000060006000600060006000600060006002B
:1005A000060006000600060006000600060006001B
:1005B0000000780018001800180018001800180033
:1005C0001800180018000C000C0018001800180083
:1005D0001800180018001800180018007800000013
:1005E00000001C203E6023C00180000000000000CD
:1005F00000000000000000000000000000000000FB
:1006000000000000000000000000000000000000EA
:1006100000000000000000000000000000000000DA
:1006200000000000000000000000000000000000CA
:1006300000000000000000000000000000000000BA
:1006400000000000000000000000000000000000AA
:10065000000000000000000003C003C003C003C08E
:1006600003C003C0018001800180018001800180FE
:100670000180018001800180018001800000000074
:1006800000000000000001800180018000000000E7
:1006900000000000071C0E380E381C70186030C0B7
:1006A000000000000000000000000000000000004A
:1006B000000000000000000000000000000000003A
:1006C000000000000000000000000000000000002A
:1006D0000000000000000618061806180618061884
:1006E000061806187FFE7FFE7FFE0C300C300C30A3
:1006F0000C300C300C3008307FFE7FFE7FFE18601F
:100700001860186018601860186018600000000019
:10071000000001800180018007E00FF01DF819B88A
:1007200039983998398019801D800F800F8007C053
:1007300003E001F001B801B8399C399C399C399C1F
:1007400039B81DF81FF007E001800180018000002A
:1007500000000000000018083C107E1066106620A3
:1007600066206620664066406640668066803C8003
:10077000193C017C01660266026602660666046632
:1007800004660C660866087C183C10000000000037
:10079000000000000000018007C00FE01C601C602A
:1007A0001C601C601C600CE00DC00F800F001F005F
:1007B0003B003B8C71CC71CC70EC70FC707C703861
:1007C000703C387E1FE60FC00000000000000000F3
:1007D0000000000000001C001C001C0008001800A5
:1007E00010000000000000000000000000000000F9
:1007F00000000000000000000000000000000000F9
:1008000000000000000000000000000000000000E8
:10081000000000000004000E001C00180030003032
:100820000060006000C000C000C000800180018046
:10083000018001800180008000C000C000C0006015
:100840000060003000300018001C000E00040000A2
:100850000000000020007000300018000C000C00A8
:10086000060006000300030003000300010001006E
:1008700001800100010003000300030003000600E3
:1008800006000C000C001800300070002000000072
:100890000000000000000000000000000000000058
:1008A00000000180018001806186799E3FFC0FF08D
:1008B00003C00FF03FFC799E6186018001800180BA
:1008C00001800000000000000000000000000000A7
:1008D0000000000000000000000000000000000018
:1008E00000000180018001800180018001807FFE85
:1008F0007FFE0180018001800180018001800180F4
:1009000000000000000000000000000000000000E7
:1009100000000000000000000000000000000000D7
:1009200000000000000000000000000000000000C7
:1009300000000000000000000000000000000000B7
:1009400000001C001C001C00080018001000000023
:100950000000000000000000000000000000000097
:1009600000000000000000000000000000007FFE0A
:100970007FFE0000000000000000000000000000FA
:100980000000000000000000000000000000000067
:100990000000000000000000000000000000000057
:1009A0000000000000000000000000000000000047
:1009B0000000000000000000000000000000000037
:1009C00000001C001C001C000000000000000000D3
:1009D00000000000000600060004000C00080018DB
:1009E0000010003000200060006000C000C00080E7
:1009F0000180010003000200060004000C000C004E
:100A000018001800100030002000600040000000B6
:100A1000000000000000018007E00FF01C7838386B
:100A2000381C381C701C700C700E700E700E700E1E
:100A3000700E700E700E700C701C381C381C38381C
:100A40001C380FF00FE007C000000000000000009D
:100A500000000000000000C000C001C003C01FC0B3
:100A60001FC001C001C001C001C001C001C001C060
:100A700001C001C001C001C001C001C001C001C06E
:100A800001C001C001C001C0000000000000000062
:100A9000000000000000018007F00FF81C38181C4F
:100AA000381C381C381C001C0038003800780070D6
:100AB00000E001C003C0078007000E001C001C00FE
:100AC00038003FFC7FFC7FFC0000000000000000BD
:100AD00000000000000001800FE01FF01C383838D3
:100AE000381C381C001C00180038007001E001E0C0
:100AF00000700038001C001C701C701C301C381C5E
:100B000038381FF80FF007E0000000000000000078
:100B10000000000000000070007000F000F001F024
:100B200001F003F00370077006700E700C701C70FB
:100B300018703870307070707FFE7FFE7FFE00701E
:100B400000700070007000700000000000000000E5
:100B50000000000000003FFC3FFC3FFC3800380074
:100B6000380038003800380039E03FF03E38383877
:100B7000381C001C001C001C001C701C301C383869
:100B800038381FF00FE007C0000000000000000030
:100B900000000000000000C003F007F80E381C1C25
:100BA0001C1C1C003800380039E03BF03E783C1C2F
:100BB000381C381C381C381C381C381C181C1C1CD1
:100BC0001C380FF807F003E00000000000000000F0
:100BD0000000000000003FFC3FFC3FFC001C001830
:100BE00000180038003800300030007000700060DD
:100BF00000E000E000E000C001C001C001C00380CF
:100C000003800380030007000000000000000000D4
:100C100000000000000001800FE01FF01C383818B1
:100C2000381C381C381C381C18181C380FF007E00A
:100C30001E701838381C301C701C701C301C381C7E
:100C40003C3C1FF80FF007E000000000000000002F
:100C500000000000000003800FE01FF01C70383817
:100C60003818381C381C381C381C381C381C383CC8
:100C70001C7C1FFC0FDC031C001C00383838383883
:100C80003C701FE00FE007C0000000000000000003
:100C90000000000000000000000000000000000054
:100CA00003800380038000000000000000000000BB
:100CB000000000000000000000000000038003802E
:100CC00003800000000000000000000000000000A1
:100CD0000000000000000000000000000000000014
:100CE000038003800380000000000000000000007B
:100CF00000000000000000000000000003800380EE
:100D000003800180010001000000000000000000DD
:100D10000000000000000004000E001C00380070FD
:100D200000E001C0038007000E001C0038007000C6
:100D300038001C000E000700038001C000E00070B6
:100D40000038001C000E000400000000000000003D
:100D50000000000000000000000000000000000093
:100D600000000000000000007FFE7FFE0000000089
:100D70000000000000007FFE7FFE00000000000079
:100D80000000000000000000000000000000000063
:100D90000000000000002000700038001C000E0061
:100DA0000700038001C000E000700038001C000E46
:100DB000001C0038007000E001C0038007000E0036
:100DC0001C0038007000200000000000000000003F
:100DD00000000000000003C00FF01FF81C38381896
:100DE000381C381C381C381C00380038007800705B
:100DF00000E001C0018001800180038003800000C9
:100E00000000000003800380038000000000000059
:100E100000000000000003E006300C08180C10046D
:100E2000300623F2277266324C324C324C224C622E
:100E30004C624C624C624C664C644CC44FF8673058
:100E400020003000100018180E3003C00000000011
:100E5000000000000000018003C003C003C003C005
:100E600007E007E007E007E00E700E700E700E70EE
:100E70001C381C381FF81FF83FFC381C381C381C65
:100E8000700E700E700E700E00000000000000006A
:100E90000000000000007FC07FF07FF8703C701CF5
:100EA000700C700C701C701C70387FF07FE07FF845
:100EB000703C701C700E700E700E700E700E701CF8
:100EC000703C7FF87FF07FE0000000000000000031
:100ED00000000000000001C007F00FF80E1C1C1CF1
:100EE000380E380E380E300E700070007000700032
:100EF00070007000700E700E380E380E381C1C1CFE
:100F00001E3C0FF807F003E00000000000000000A6
:100F10000000000000007E007FC07FF071F8703894
:100F2000703C701C701C701C701E700E700E700E69
:100F3000700E700E700E701E701C701C701C70385D
:100F400070787FF07FE07F800000000000000000EC
:100F50000000000000003FFC3FFC3FFC3800380070
:100F60003800380038003800380038003FF83FF8C3
:100F70003FF83800380038003800380038003800B2
:100F800038003FFE3FFE3FFE000000000000000072
:100F90000000000000003FFE3FFE3FFE380038002A
:100FA0003800380038003800380038003FF03FF093
:100FB0003FF038003800380038003800380038007A
:100FC0003800380038003800000000000000000041
:100FD00000000000000001C007F00FF81E381C1CC4
:100FE000381C380C380C38007000700070FC70FC35
:100FF00070FC701C701C701C301C381C381C3C1C95
:101000001C3C1FFC0FEC07CC00000000000000009F
:10101000000000000000701C701C701C701C701C14
:10102000701C701C701C701C701C7FFC7FFC7FFC93
:10103000701C701C701C701C701C701C701C701C50
:10104000701C701C701C701C000000000000000070
:1010500000000000000007E007E007E003800380D5
:101060000380038003800380038003800380038068
:101070000380038003800380038003800380038058
:10108000038007E007E007E0000000000000000028
:10109000000000000000001C001C001C001C001CC4
:1010A000001C001C001C001C001C001C001C001C60
:1010B000001C001C381C381C381C381C381C381C00
:1010C0001C381FF80FF007E00000000000000000CF
:1010D000000000000000701E701C70387078707086
:1010E00070E071E071C0738077807F007F807F80C7
:1010F0007DC079C070E070E07070707070387038CA
:10110000703C701C701E700E00000000000000009B
:1011100000000000000038003800380038003800B7
:1011200038003800380038003800380038003800FF
:1011300038003800380038003800380038003800EF
:1011400038003FFE3FFE3FFE0000000000000000B0
:10115000000000000000781E781E7C3E7C3E7C3E35
:101160007C3E7C3E7C3E7E7E7E7E766E766E766EAD
:10117000766E77EE77EE73CE73CE73CE73CE73CE7C
:1011800073CE718E718E718E000000000000000021
:10119000000000000000781C781C7C1C7C1C7C1C5F
:1011A0007E1C7E1C761C771C771C731C739C739CA6
:1011B00071DC71DC71DC70FC70FC707C707C707CAC
:1011C000703C703C703C701C00000000000000008F
:1011D00000000000000001800FF01FF81C38381CD0
:1011E000381C300C700E700E700E700E700E700E7B
:1011F000700E700E700E700E700E300C381C381C95
:101200001C381FF80FF007E000000000000000008D
:101210000000000000003FC03FF03FF8387C381C61
:10122000380E380E380E380E380E381C383C3FF861
:101230003FF03FE038003800380038003800380010
:1012400038003800380038000000000000000000BE
:1012500000000000000001800FF01FF81C38381C4F
:10126000381C300C700C700E700E700E700E700EFC
:10127000700E700E700E704E70EE30EC387C387C54
:101280001C381FF80FFC07DC0008000000000000FD
:101290000000000000007F807FF07FF8707C701CF1
:1012A000701C700C700C701C701C703C7FF87FF010
:1012B0007FE070E070E07070707070387038703877
:1012C000701C701C701C700E0000000000000000FC
:1012D000000000000000018007F00FF81C38381CE7
:1012E000381C381C38003C001E001F00078003E03B
:1012F00001F00078003C001C700E700E700E381C5F
:10130000383C1FF80FF007E000000000000000006C
:101310000000000000007FFC7FFC7FFC0380038056
:1013200003800380038003800380038003800380A5
:101330000380038003800380038003800380038095
:101340000380038003800380000000000000000091
:10135000000000000000701C701C701C701C701CD1
:10136000701C701C701C701C701C701C701C701C1D
:10137000701C701C701C701C701C701C701C381C45
:101380003C3C1FF81FF007E00000000000000000D8
:10139000000000000000700E700E700E700C301C0B
:1013A000381C381C381818381C381C381C381C706D
:1013B0000E700E700E700E6006E007E007E007C0CA
:1013C00003C003C003C00380000000000000000051
:1013D000000000000000E386E386E3C663C663C640
:1013E00063CE63CE63CE73CE76CC76CC766C366C21
:1013F000366C366C367C3E7C3C7C3C7C3C383C38E5
:101400001C381C381C381C3800000000000000008C
:10141000000000000000700C381C381C18381C3804
:101420001C700E700E6007E007E003C003C003C02D
:1014300003C007E007E00E600E700C701C381C380B
:10144000381C381C701C700E0000000000000000EA
:10145000000000000000700E700E301C381C3818A0
:101460001C381C380E700E7007E007E007C003C080
:101470000380038003800380038003800380038054
:101480000380038003800380000000000000000050
:101490000000000000003FFC3FFC3FFC001C001867
:1014A000003800300070006000E000C001C0018022
:1014B0000380070007000E000E001C001C0038000F
:1014C00038007FFE7FFE7FFE00000000000000006D
:1014D0000000000001FC01FC01800180018001800E
:1014E00001800180018001800180018001800180F4
:1014F00001800180018001800180018001800180E4
:101500000180018001800180018001FC01FC00005C
:10151000000000000000E00E700E701E381C381C29
:1015200018381C380C700E700E6007E007C07FFC86
:101530007FFC038003807FFC7FFC038003800380AB
:10154000038003800380038000000000000000008F
:10155000000000003FC03FC000C000C000C000C08D
:1015600000C000C000C000C000C000C000C000C07B
:1015700000C000C000C000C000C000C000C000C06B
:1015800000C000C000C000C000C03FC03FC000009D
:101590000000038007C007E00E701838300C000010
:1015A000000000000000000000000000000000003B
:1015B000000000000000000000000000000000002B
:1015C000000000000000000000000000000000001B
:1015D000000000000000000000000000000000000B
:1015E00000000000000000000000000000000000FB
:1015F00000000000000000000000000000000000EB
:10160000000000000000000000000000FFFFFFFFDE
:1016100000000F000780038001C000E000600000B0
:1016200000000000000000000000000000000000BA
:1016300000000000000000000000000000000000AA
:10164000000000000000000000000000000000009A
:10165000000000000000000000000000000000008A
:1016600000000000000007F00FF81C383818381C84
:10167000003C00FC07DC1F1C3C1C381C381C383CA0
:10168000387C3FFC1FDC0F9C0000000000000000C5
:10169000000000000000700070007000700070001A
:1016A00070007000700073F077F87C38781C781C3C
:1016B000700C700C700C700C700C700C701C781C22
:1016C00078387E7877F073E00000000000000000BA
:1016D000000000000000000000000000000000000A
:1016E00000000000000007E00FF81C38381C381C10
:1016F000381C300070007000701C300C381C381C16
:101700001C3C1FF80FF007E0000000000000000084
:10171000000000000000001C001C001C001C001C3D
:10172000001C001C001C07DC0FFC1C3C383C381C57
:10173000701C701C701C701C701C701C301C381CC1
:10174000383C1FFC0FDC079C00000000000000007C
:101750000000000000000000000000000000000089
:1017600000000000000007E00FF81C38381C381C8F
:10177000301C3FFC3FFC300030003800381C381C67
:101780001C1C1FF80FF007E0000000000000000024
:10179000000000000000007803FC03FC07000700C5
:1017A0000700070007007FF87FF807000700070021
:1017B00007000700070007000700070007000700F1
:1017C00007000700070007000000000000000000FD
:1017D0000000000000000000000000000000000009
:1017E00000000000000007DE0FFE1C7018301830EB
:1017F000183018301C700FF01FE03900300038002E
:101800001FF01FFC381C300C700C381C3FF80FF018
:101810000000000000007000700070007000700098
:1018200070007000700073F077F87E1C7C1C781CD0
:10183000781C701C701C701C701C701C701C701C40
:10184000701C701C701C701C000000000000000068
:10185000000000000000038003800380038000007C
:1018600000000000000003800380038003800380E9
:101870000380038003800380038003800380038050
:10188000038003800380038000000000000000004C
:101890000000000000000070007000700070000088
:1018A0000000000000000070007000700070007008
:1018B00000700070007000700070007000700070A8
:1018C0000070007000700070007010E01FE01FC01A
:1018D00000000000000038003800380038003800F0
:1018E0003800380038003838387038F038E039C0FF
:1018F0003B803F803FC03CC03CE0386038703830AF
:1019000038383818381C381C00000000000000006F
:101910000000000000000380038003800380038038
:10192000038003800380038003800380038003809F
:10193000038003800380038003800380038003808F
:10194000038003800380038000000000000000008B
:101950000000000000000000000000000000000087
:10196000000000000000EF3CFFFEF3CEE38EE38EAC
:10197000E38EE38EE38EE38EE38EE38EE38EE38EDF
:10198000E38EE38EE38EE38E000000000000000093
:101990000000000000000000000000000000000047
:1019A00000000000000071F073F8761C7C1C781CAD
:1019B000781C701C701C701C701C701C701C701CBF
:1019C000701C701C701C701C0000000000000000E7
:1019D0000000000000000000000000000000000007
:1019E00000000000000007E01FF01C38381C301C0D
:1019F000700C700E700E700E700E700C300C381C67
:101A00003C3C1FF80FF007E0000000000000000061
:101A100000000000000000000000000000000000C6
:101A200000000000000073F077F87C38781C781C08
:101A3000700C700C700C700C700C700C781C781C96
:101A40007C387FF877F073E07000700070007000F1
:101A50000000000000000000000000000000000086
:101A600000000000000007DC1FFC1C3C381C381C78
:101A7000701C701C701C701C701C701C701C383C1E
:101A8000387C1FFC1FDC0F9C001C001C001C001C71
:101A90000000000000000000000000000000000046
:101AA0000000000000001CF81DF81FF81F801E0039
:101AB0001E001C001C001C001C001C001C001C0044
:101AC0001C001C001C001C000000000000000000A6
:101AD0000000000000000000000000000000000006
:101AE0000000000000000FE01FF01C383818381804
:101AF0001C001E0007C001F00078381C381C381C80
:101B000038181FF80FF007E0000000000000000088
:101B100000000000000000000000070007000700B0
:101B20000700070007007FF87FF80700070007009D
:101B3000070007000700070007000700070007006D
:101B4000070007FC07FC03F800000000000000008D
:101B50000000000000000000000000000000000085
:101B6000000000000000701C701C701C701C701CB9
:101B7000701C701C701C701C701C701C701C703CE5
:101B8000783C3CFC1FDC0F9C0000000000000000C3
:101B90000000000000000000000000000000000045
:101BA000000000000000300C301C381C38181838B9
:101BB0001C381C300C300E700E700E6006E007E012
:101BC00007C003C003C003C0000000000000000005
:101BD0000000000000000000000000000000000005
:101BE000000000000000E38663C663CE73CE73CEB0
:101BF00073CC37CC36EC367C3E7C3E7C3E781E780F
:101C00001C781C781C381C3000000000000000000C
:101C100000000000000000000000000000000000C4
:101C2000000000000000381C1C381C300E700E60D4
:101C300007E003C003C003C003C007E006600E70E6
:101C40001C301C383818381C000000000000000050
:101C50000000000000000000000000000000000084
:101C6000000000000000700C381C381C18181C38CC
:101C70001C380C300E700E700660076003E003E045
:101C800003C001C001C00180038007801F001E0047
:101C90000000000000000000000000000000000044
:101CA0000000000000003FF83FF80038007000E03E
:101CB00000E001C00380038007000E000E001C003E
:101CC000380038003FFC3FFC00000000000000002E
:101CD0000000003C007C007000E000E000E000E05C
:101CE00000E000E000E000E000E000E000E001E0F3
:101CF00001C000E000E000E000E000E000E000E003
:101D000000E000E000E000E000E00070007C003C4B
:101D100003800380038003800380038003800380AB
:101D2000038003800380038003800380038003809B
:101D3000038003800380038003800380038003808B
:101D4000038003800380038003800380038003807B
:101D5000000038003E000E000E000E000E000E00C7
:101D60000E000E000E000E000E000E000E0007808A
:101D700007800F000E000E000E000E000E000E0079
:101D80000E000E000E000E000E000E003E003C0085
:101D900000000E041F041F8C31FC30F800300000DE
:101DA0000000000000000000000000000000000033
:101DB0000000000000000000000000000000000023
:101DC0000000000000000000000000000000000013
:101DD0000000000000000000000000000000000003
:101DE00000000000000000000000000000000000F3
:101DF00000000000000000000000000000000000E3
:101E000000000000000000000000000000000000D2
:101E100000000000000000000000000000000000C2
:101E200000000000000000000000000000000000B2
:101E300000000000000000000000000000000000A2
:101E40000000000000000000000000000000000092
:101E50000000000000000000000000000000000082
:101E60000000000000000000000000000000000072
:101E70000000000000000000000000000000000062
:101E80000000000000000000000000000000000052
:101E90000000000000000000000000000000000042
:101EA0000000000000FFFFF8FFFFF8FFFFF8000050
:101EB0000000000000000000000000000000000022
:101EC0000000000000000000000000000000000012
:101ED0000000000000000000000000000000000002
:101EE00000000000000000000000000000000000F2
:101EF00000000000000000000000000000000000E2
:101F000000000000000000000000000000000000D1
:101F100000000000000000000000000000000000C1
:101F200000000000000000000000000000000000B1
:101F300000000000000000000000000000000000A1
:101F40000000000000000000000000000000000091
:101F50000000000000000000000000000000000081
:101F600000003E00003E00003E00003E00003E003B
:101F70000000000000000000000000000000000061
:101F800000000000001800001800001800003800D1
:101F900000300000700000600000E00000C00001A0
:101FA000C0000180000180000380000300000700E2
:101FB000000600000E00000C00001C0000180000CD
:101FC000180000380000300000700000600000E0E1
:101FD0000000C00001C000018000018000038000FB
:101FE0000300000700000600000E00000C00001CAB
:101FF00000001800003800003800003000007000B9
:1020000000600000E00000C00000C0000080000090
:1020100000000000000000000000000001FC0007BC
:10202000FE000FFF001FFF801F07C03E03C03C03E0
:10203000E07C01E07C01F07801F0F800F0F800F0BD
:10204000F800F8F000F8F000F8F000F8F00078F090
:102050000078F00078F00078F00078F00078F00078
:10206000F8F000F8F000F8F000F8F800F0F800F0F0
:102070007800F07801F07C01E03C03E03E03E03FB3
:1020800007C01F8F800FFF8007FF0003FC0000F0D8
:102090000000000000000000000000000000000040
:1020A0000000000000000000000000000018000018
:1020B000380000380000780001F8001FF8001FF811
:1020C000001FF80000F80000F80000F80000F80019
:1020D00000F80000F80000F80000F80000F8000028
:1020E000F80000F80000F80000F80000F80000F820
:1020F0000000F80000F80000F80000F80000F80008
:1021000000F80000F80000F80000F80000F80000F7
:10211000F80000F80000F80000F80000F80000F8EF
:1021200000000000000000000000000000000000AF
:1021300000000000000000000000000001FC00079B
:10214000FF000FFF801FFFC01F07E03E03E03C01C0
:10215000E03C01E03C01F07C01F07801F07801F016
:102160007801E00001E00003E00003E00007C000A8
:1021700007C0000F80001F00003F00007E00007CB1
:102180000000F80001F00003F00003E00007C000C9
:102190000F80000F80001F00001E00003C00007C2C
:1021A0000000780000FFFFF0FFFFF0FFFFF0FFFFEF
:1021B000F00000000000000000000000000000002F
:1021C00000000000000000000000000001FC00070B
:1021D000FF000FFF801F8FC03E07C03E03E03C039F
:1021E000E07C01E07801E07801E07801E00001E0C6
:1021F0000001E00003E00003C0000780001F800032
:102200007E00007800007F00001F800007C00003F0
:10221000E00001E00001F00001F00000F0F800F043
:10222000F800F0F801F0F801F07801F07C03E07CB0
:1022300007E03F0FC01FFF800FFF0007FE0001F8FF
:10224000000000000000000000000000000000008E
:10225000000000000000000000000000000F8000EF
:102260000F80001F80001F80003F80003F80007FA4
:1022700080007F8000FF8000FF8001EF8001EF8001
:1022800003CF8003CF80078F80078F800F0F800FD1
:102290000F801E0F801E0F803C0F803C0F80780F38
:1022A00080780F80F00F80F00F80FFFFF8FFFFF8BD
:1022B000FFFFF8FFFFF8000F80000F80000F800085
:1022C0000F80000F80000F80000F80000F80000F34
:1022D000800000000000000000000000000000007E
:1022E0000000000000000000000000003FFFE03F91
:1022F000FFE03FFFE03FFFE03C00003C00003C000F
:10230000003C00003C00003C00003C00003C0000A1
:102310003C00003C00003CFE003BFF803FFFC03F14
:1023200007C07E03E07C01E07C01F00001F00001C9
:10233000F00000F00000F00000F00000F00001F0FC
:10234000F801F0F801F0F801E07803E07C03E07CAC
:1023500007C03F1F801FFF800FFF0007FC0001F038
:10236000000000000000000000000000000000006D
:10237000000000000000000000000000007F0001DD
:10238000FF8003FFC007FFC00FC3E00F81E01F0104
:10239000F01F01F03E01F03E00003C00003C000058
:1023A0007C00007C00007CFE0079FF807BFFC07B0E
:1023B00087C07F03E07E01E07E01F07C01F07C00BD
:1023C000F07C00F07C00F07C00F07C00F07C00F001
:1023D0007C00F03C00F03C01F03E01F01E01E01FEB
:1023E00003E00F87C007FFC003FF8001FE000078F5
:1023F00000000000000000000000000000000000DD
:102400000000000000000000000000007FFFF07FDF
:10241000FFF07FFFF07FFFF00001F00001E000011E
:10242000E00001E00003C00003C00003C00007C0DB
:10243000000780000780000780000F80000F000069
:102440000F00000F00001F00001E00001E00003ED5
:1024500000003E00003C00003C00007C00007800D2
:1024600000780000780000F80000F00000F00001A3
:10247000F00001F00001E00001E00003E00003E0F3
:10248000000000000000000000000000000000004C
:1024900000000000000000000000000001FC000738
:1024A000FF000FFF801F8FC03E07C03C03E03C01D0
:1024B000E07C01E07C01E07801E07801E07801E077
:1024C0007C01E03C01E03C03E01E03C01F07800FDD
:1024D000FF0003FE0007FF001FDF801E07C03C0354
:1024E000E07C01E07800F0F800F0F800F0F800F08F
:1024F000F800F0F800F0F800F07801F07C01F07ED0
:1025000003E03F07E01FFFC00FFF8007FF0000F858
:1025100000000000000000000000000000000000BB
:1025200000000000000000000000000001F80007AB
:10253000FE000FFF001F9F803E07803E07C03C0348
:10254000C07C03E07801E07801E07801E07801F0F8
:102550007801F07801F07801F07801F07801F078F6
:1025600001F07C03F07C03F03E07F03F0EF01FFF0C
:10257000F00FFDF007F9F001E1F00001E00001E0EB
:102580000003E00003E07803C07C07C07C07803EC6
:102590000F803F1F001FFE000FFE0007F80001E044
:1025A000000000000000000000000000000000002B
:1025B000000000000000000000000000000000001B
:1025C000000000000000000000000000000000000B
:1025D00000000000000000000000000000000000FB
:1025E00000000000000000000000000000000000EB
:1025F00000000000000000000000000000000000DB
:1026000000000000000000000000000000000000CA
:1026100000000000000000000000000000000000BA
:1026200000000000000000000000000000000000AA
:10263000000000000000000000000000000000009A
:10264000000000000000000000000000000000008A
:10265000000000000000000000000000000000007A
:10266000000000000000000000000000000000006A
:10267000000000000000000000000000000000005A
:10268000000000000000000000000000000000004A
:10269000000000000000000000000000000000003A
:1026A000000000000000000000000000000000002A
:1026B000000000000000000000000000000000001A
:1026C000000000000000000000000000000000000A
:1026D00000000000000000000000000000000000FA
:1026E00000000000000000000000000000000000EA
:1026F00000000000000000000000000000000000DA
:1027000000000000000000000000000000000000C9
:1027100000000000000000000000000000000000B9
:1027200000000000000000000000000000000000A9
:102730000000000000000000000000000000000099
:102740000000000000000000000000000000000089
:102750000000000000000000000000000000000079
:102760000000000000000000000000000000000069
:102770000000000000000000000000000000000059
:102780000000000000000000000000000000000049
:102790000000000000000000000000000000000039
:1027A0000000000000000000000000000000000029
:1027B0000000000000000000000000000000000019
:1027C0000000000000000000000000000000000009
:1027D00000000000000000000000000000000000F9
:1027E00000000000000000000000000000000000E9
:1027F00000000000000000000000000000000000D9
:102800000000000000000000FFFFFFFFF0FFFFFFDF
:10281000FFF0FFFFFFFFF0FFFFFFFFF0FFFFFFFFF5
:10282000F0FFFFFFFFF000000000000000000000CC
:102830000000000000000000000000000000000098
:102840000000000000000000000000000000000088
:102850000000000000000000000000000000000078
:102860000000000000000000000000000000000068
:102870000000000000000000000000000000000058
:102880000000000000000000000000000000000048
:102890000000000000000000000000000000000038
:1028A0000000000000000000000000000000000028
:1028B0000000000000000000000000000000000018
:1028C0000000000000000000000000000000000008
:1028D00000000000000000000000000000000000F8
:1028E00000000000000000000000000000000000E8
:1028F00000000000000000000000000000000000D8
:1029000000000000000000000000000000000000C7
:1029100000000000000000000000000000000000B7
:1029200000000000000000000000000000000000A7
:102930000000000000000000000000000000000097
:102940000000000000000000000000000000000087
:102950000000000000000000000000000000000077
:102960000000000000000000000000000000000067
:102970000000000000000000000000000000000057
:102980000000000000000000000000000000000047
:102990000000000000000000000000000000000037
:1029A0000000000000000000000000000000000027
:1029B0000000000000000000000000000000000017
:1029C0000000000000000000000000000000000007
:1029D00000000000000000000000000000000000F7
:1029E00000000000000000000000000000000000E7
:1029F00000000000000000000000000000000000D7
:102A000000000000000000000000000000000000C6
:102A100000000000000FE00000000FE00000000FC9
:102A2000E00000000FE00000000FE00000000FE0F9
:102A30000000000FE00000000FE0000000000000B8
:102A40000000000000000000000000000000000086
:102A50000000000000000000000000000000000076
:102A60000000000000000000000000000000000066
:102A700000000040000000007000000000F00000B6
:102A80000000F000000001F000000001E000000084
:102A900003E000000003C000000003C000000007C6
:102AA0008000000007800000000F000000000F0001
:102AB0000000001F000000001E000000003E00009B
:102AC00000003C000000003C000000007800000016
:102AD000007800000000F000000000F0000000019D
:102AE000E000000001E000000003E000000003C07F
:102AF00000000007C0000000078000000007800001
:102B000000000F000000000F000000001E00000089
:102B1000001E000000003E000000003C000000001D
:102B20007C0000000078000000007800000000F049
:102B300000000000F000000001E000000001E000E3
:102B4000000003C000000003C000000007C0000038
:102B50000007800000000F800000000F0000000050
:102B60000F000000001E000000001E000000003CDE
:102B7000000000003C000000007C00000000780025
:102B8000000000F800000000F000000000F000006D
:102B90000001E000000001E000000003C0000000B0
:102BA00003C0000000078000000007800000000F45
:102BB000800000000F000000001F000000001E0049
:102BC0000000001E000000003C000000003C00006F
:102BD000000078000000007800000000F80000000D
:102BE00000F000000000F000000000E00000000025
:102BF00000000000000000000000000000000000D5
:102C000000000000000000000000000000000000C4
:102C100000000000000000000007FC0000001FFF93
:102C20000000007FFFC00000FFFFE00001FFFFF099
:102C30000003FFFFF80003FE0FFC0007FC03FC008D
:102C40000FF803FE000FF001FF001FE000FF001F60
:102C5000E0007F803FC0007F803FC0007F803FC09A
:102C6000003FC07F80003FC07F80003FC07F80006A
:102C70001FC07F00001FE07F00001FE0FF00001F5B
:102C8000E0FF00000FE0FF00000FE0FF00000FE09A
:102C9000FE00000FE0FE00000FE0FE00000FF0FE5F
:102CA00000000FF0FE00000FF0FE00000FF0FE002D
:102CB000000FF0FE00000FF0FE00000FF0FE00001D
:102CC0000FF0FE00000FF0FE00000FF0FE00000FFE
:102CD000F0FE00000FF0FE00000FE0FE00000FE02D
:102CE000FF00000FE0FF00000FE0FF00001FE0FF0B
:102CF00000001FE07F00001FE07F00001FE07F80DA
:102D0000001FC07F80003FC03F80003FC03FC00029
:102D10003FC03FC0007F803FC0007F801FE000FFBA
:102D2000001FE000FF000FF001FF000FF803FE009E
:102D300007FC07FC0003FE0FFC0003FFFFF8000187
:102D4000FFFFF00000FFFFE000007FFFC000003F3A
:102D5000FF8000000FFE00000003F80000000000EC
:102D60000000000000000000000000000000000063
:102D70000000000000000000000000000000000053
:102D80000000000000000000000000000000000043
:102D90000000000000000000000000000000000033
:102DA000000000000000000000003E000000003EA7
:102DB000000000003E000000007E00000000FE0059
:102DC000000000FE00000003FE00000007FE0000FF
:102DD000003FFE000007FFFE000007FFFE000007A7
:102DE000FFFE000007FFFE00000001FE00000001E2
:102DF000FE00000001FE00000001FE00000001FED8
:102E000000000001FE00000001FE00000001FE00C5
:102E1000000001FE00000001FE00000001FE0000B5
:102E20000001FE00000001FE00000001FE000000A5
:102E300001FE00000001FE00000001FE0000000194
:102E4000FE00000001FE00000001FE00000001FE87
:102E500000000001FE00000001FE00000001FE0075
:102E6000000001FE00000001FE00000001FE000065
:102E70000001FE00000001FE00000001FE00000055
:102E800001FE00000001FE00000001FE0000000144
:102E9000FE00000001FE00000001FE00000001FE37
:102EA00000000001FE00000001FE00000001FE0025
:102EB000000001FE00000001FE00000001FE000015
:102EC0000001FE00000001FE00000001FE00000005
:102ED00001FE00000001FE00000001FE00000001F4
:102EE000FE00000001FE00000001FE0000000000E6
:102EF00000000000000000000000000000000000D2
:102F000000000000000000000000000000000000C1
:102F100000000000000000000000000000000000B1
:102F200000000000000000000000000000000000A1
:102F300000000000000000000007FF0000001FFF6D
:102F4000C000007FFFE00000FFFFF00001FFFFF87E
:102F50000003FFFFFC0003FE07FE0007FC01FE006C
:102F600007F001FF000FF000FF000FE0007F800F6F
:102F7000E0007F801FC0007F801FC0003F801FC017
:102F8000003F801FC0003F801FC0003F803FC00047
:102F90003F803FC0003F803F80003F803F80007FF8
:102FA000800000007F800000007F800000007F0024
:102FB000000000FF00000000FF00000001FE000014
:102FC0000001FE00000003FC00000007FC00000000
:102FD00007F80000000FF80000001FF00000003F9D
:102FE000E00000007FC00000007FC0000000FF8004
:102FF000000001FF00000003FE00000007FC0000CD
:103000000007F80000000FF80000001FF0000000AB
:103010001FE00000003FC00000007F80000000FFB4
:1030200080000000FF00000001FE00000003FC0023
:10303000000003FC00000007F800000007F000009B
:10304000000FF00000001FE00000001FC0000000A3
:103050003FC00000003F800000007FFFFFFFC07FF7
:10306000FFFFFFC07FFFFFFFC07FFFFFFFC07FFFAD
:10307000FFFFC07FFFFFFFC07FFFFFFFC00000001A
:103080000000000000000000000000000000000040
:103090000000000000000000000000000000000030
:1030A0000000000000000000000000000000000020
:1030B0000000000000000000000000000000000010
:1030C0000000000000000000000FFE0000003FFFB5
:1030D0008000007FFFE00000FFFFF00001FFFFF82D
:1030E0000003FFFFFC0007FC07FC0007F801FE00DF
:1030F0000FF001FE000FE000FF001FE000FF001FC7
:10310000C0007F001FC0007F803FC0007F803F80E5
:10311000007F803F80007F803F80003F803F8000B5
:103120003F800000003F800000007F000000007F23
:10313000000000007F000000007F00000000FE0093
:10314000000001FE00000001FC00000007F8000084
:10315000001FF0000001FFE0000001FFC0000001BF
:10316000FF00000001FF80000001FFE0000001FF00
:10317000F00000000FFC00000003FC00000001FE56
:1031800000000000FF000000007F000000007F80C2
:103190000000003F800000003FC00000003FC00072
:1031A00000003FC00000001FC07F00001FC07F0064
:1031B000003FC07F00003FC07F00003FC07F000095
:1031C0003FC07F80003FC07F80003F807F80007FC6
:1031D000803FC0007F803FC000FF003FE001FF0054
:1031E0001FF003FE000FFC0FFE000FFFFFFC0007A7
:1031F000FFFFF80003FFFFF00001FFFFE00000FF0A
:10320000FFC000003FFF00000007F80000000000C2
:1032100000000000000000000000000000000000AE
:10322000000000000000000000000000000000009E
:10323000000000000000000000000000000000008E
:10324000000000000000000000000000000000007E
:103250000000000000000000000007F80000000768
:10326000F80000000FF80000000FF80000001FF841
:103270000000001FF80000003FF80000003FF800C9
:1032800000007FF80000007FF8000000FFF8000059
:1032900000FFF8000001FFF8000001FFF800000344
:1032A000FFF8000003F7F8000007F7F800000FE749
:1032B000F800000FE7F800001FC7F800001FC7F86C
:1032C00000003F87F800003F87F800007F07F80004
:1032D000007F07F80000FE07F80000FE07F8000175
:1032E000FC07F80001FC07F80003F807F80003F8F2
:1032F00007F80007F007F80007F007F8000FE007ED
:10330000F8000FE007F8001FC007F8001FC007F81B
:10331000003F8007F8003F8007F8007F0007F800B3
:103320007F0007F800FE0007F800FE0007F800FF26
:10333000FFFFFFF0FFFFFFFFF0FFFFFFFFF0FFFFCA
:10334000FFFFF0FFFFFFFFF0FFFFFFFFF0FFFFFFBA
:10335000FFF0000007F800000007F800000007F881
:1033600000000007F800000007F800000007F80060
:10337000000007F800000007F800000007F8000050
:103380000007F800000007F800000007F800000040
:1033900007F800000007F800000007F80000000030
:1033A000000000000000000000000000000000001D
:1033B000000000000000000000000000000000000D
:1033C00000000000000000000000000000000000FD
:1033D00000000000000000000000000000000000ED
:1033E00000000000000000000FFFFFFF800FFFFF44
:1033F000FF800FFFFFFF800FFFFFFF800FFFFFFF2A
:10340000800FFFFFFF800FFFFFFF800FE000000035
:103410000FE00000000FE00000000FE00000000FD0
:10342000C00000001FC00000001FC00000001FC03F
:103430000000001FC00000001FC00000001FC000EF
:1034400000001FC00000001FC00000001FC00000DF
:10345000001FC00000001FC00000001FC1FF80004F
:103460001FC7FFE0001FDFFFF0001FFFFFF8001F76
:10347000FFFFFC001FFF07FE001FFC01FE003FF8DE
:1034800000FF003FF000FF003FE0007F803FC000F2
:103490007F803F80003F800000003F800000003FB1
:1034A000C00000003FC00000003FC00000003FC05F
:1034B0000000001FC00000001FC00000001FC0006F
:1034C00000001FC00000003FC00000003FC07F00A0
:1034D000003FC07F00003FC07F00003FC07F000072
:1034E0003F807F80007F807F80007F803F80007FE3
:1034F000003FC000FF003FC001FF001FE003FE00CF
:103500001FF007FC000FFC0FFC000FFFFFF8000787
:10351000FFFFF00003FFFFE00001FFFFC00000FF1E
:10352000FF8000003FFE0000000FF80000000000D8
:10353000000000000000000000000000000000008B
:10354000000000000000000000000000000000007B
:10355000000000000000000000000000000000006B
:10356000000000000000000000000000000000005B
:1035700000000000000000000000FFC0000003FF8A
:10358000F000000FFFF800001FFFFC00003FFFFCF1
:1035900000007FFFFE00007FC1FF0000FF00FF0072
:1035A00001FE007F8001FE007F8003FC003F80035E
:1035B000F8003F8007F8003FC007F8003FC00FF059
:1035C000003FC00FF00000000FE00000001FE0000F
:1035D00000001FE00000001FE00000001FC000000E
:1035E000001FC00000003FC00000003FC0FF80007F
:1035F0003FC3FFE0003FC7FFF0003F8FFFF8003FF1
:103600009FFFFC003FBFCFFE003FBE03FE003FFC1C
:1036100000FF003FF800FF003FF0007F803FF00018
:103620007F803FE0003F803FE0003FC03FC0003F61
:10363000C03FC0001FC03FC0001FC03FC0001FC030
:103640003FC0001FC03FC0001FC03FC0001FC03FA1
:10365000C0001FC03FC0001FC03FC0001FC01FC030
:10366000001FC01FC0001FC01FC0001FC01FE00000
:103670003FC00FE0003FC00FE0003F800FF0003F71
:103680008007F0007F8007F8007F8003FC00FF00C8
:1036900003FE01FF0001FF03FE0001FFFFFC00002D
:1036A000FFFFFC00007FFFF800003FFFF000001F5D
:1036B000FFE0000007FF80000001FC0000000000A8
:1036C00000000000000000000000000000000000FA
:1036D00000000000000000000000000000000000EA
:1036E00000000000000000000000000000000000DA
:1036F00000000000000000000000000000000000CA
:1037000000000000000000003FFFFFFF803FFFFFC0
:10371000FF803FFFFFFF803FFFFFFF803FFFFFFF76
:10372000803FFFFFFF803FFFFFFF800000003F80E2
:103730000000003F800000003F800000007F00008C
:1037400000007F000000007F000000007F000000FC
:1037500000FE00000000FE00000000FE000000006F
:10376000FE00000001FC00000001FC00000001FC64
:1037700000000003F800000003F800000003F80058
:10378000000003F800000007F000000007F0000050
:103790000007F00000000FF00000000FE000000044
:1037A0000FE00000000FE00000001FE00000001F1D
:1037B000C00000001FC00000001FC00000003FC08C
:1037C0000000003F800000003F800000007F80007C
:1037D00000007F000000007F000000007F0000006C
:1037E00000FF00000000FE00000000FE00000000DE
:1037F000FE00000001FE00000001FC00000001FCD2
:1038000000000003FC00000003FC00000003F800BF
:10381000000003F800000007F800000007F80000AF
:103820000007F000000007F00000000FF0000000AB
:103830000FE00000000FE00000001FE00000001F8C
:10384000E00000001FC00000001FC00000000000DA
:103850000000000000000000000000000000000068
:103860000000000000000000000000000000000058
:103870000000000000000000000000000000000048
:103880000000000000000000000000000000000038
:103890000000000000000000000FFE0000003FFFDD
:1038A0008000007FFFE00000FFFFF00001FFFFF855
:1038B0000003FFFFFC0007FC07FC000FF801FE00FF
:1038C0000FF000FE000FE000FF001FC0007F001F90
:1038D000C0007F001FC0007F801FC0003F803FC02E
:1038E000003F803FC0003F803F80003F803F80001E
:1038F0003F803F80003F803FC0003F801FC0003FAF
:10390000801FC0003F801FC0007F001FC0007F00DD
:103910000FE000FE000FF000FE0007F001FC0003C6
:10392000FC03F80001FFFFF00000FFFFE000003F94
:10393000FFC000003FFF800000FFFFE00001FFFF2D
:10394000F00003FE0FFC0007F803FC000FF000FE80
:10395000001FE0007F001FC0007F803F80003F808D
:103960003F80003FC07F80001FC07F00001FC07FDE
:1039700000001FE07F00001FE07F00001FE07F00CD
:10398000001FE07F00001FE07F00001FE07F0000BD
:103990001FC07F80001FC07F80003FC07F80003F2E
:1039A000C03FC0003FC03FC0007F801FE000FF80DD
:1039B0001FF001FF000FFC07FF0007FFFFFE0007DD
:1039C000FFFFFC0003FFFFF80001FFFFF000007F96
:1039D000FFE000003FFF80000007FC000000000047
:1039E00000000000000000000000000000000000D7
:1039F00000000000000000000000000000000000C7
:103A000000000000000000000000000000000000B6
:103A100000000000000000000000000000000000A6
:103A20000000000000000000000FFC0000003FFF4D
:103A30000000007FFF800000FFFFC00001FFFFE0EB
:103A40000003FFFFF00007FC0FF8000FF803F80079
:103A50000FF003FC001FE001FE001FE000FE001F4E
:103A6000C000FE003FC0007F003FC0007F003F80DD
:103A7000007F003F80007F803F80007F807F80004C
:103A80003F807F80003F807F80003F807F80003FBD
:103A9000807F80003FC07F80003FC07F80003FC0AC
:103AA0007F80003FC07F80003FC03F80003FC03F1D
:103AB00080007FC03F80007FC03FC0007FC03FC00C
:103AC000007FC01FC000FFC01FE001FFC01FE0015A
:103AD000FFC00FF003FFC00FF807FFC007FE1FFF76
:103AE000C007FFFFBFC003FFFF3FC001FFFF3FC094
:103AF000007FFC3FC0003FF83F800007C03F8000D0
:103B000000007F800000007F800000007F800000B8
:103B1000007F000000007F00000000FF003F8000E9
:103B2000FF003FC000FE003FC001FE003FC001FC9F
:103B3000001FC003FC001FE003F8001FE007F800AF
:103B40000FF00FF0000FFC3FF00007FFFFE0000355
:103B5000FFFFC00001FFFF800000FFFF0000007FAB
:103B6000FE0000003FF80000000FE0000000000031
:103B70000000000000000000000000000000000045
:103B80000000000000000000000000000000000035
:103B90000003E0000003E0000003E0000003E00099
:103BA0000003E0000003E0000003E0000003E00089
:103BB0000003E0000003E0000003E0000003E00079
:103BC0000003E0000003E0000003E0000003E00069
:103BD0000003E0000003E0000003E0000003E00059
:103BE000FFFFFFFFFFFFFFFFFFFFFFFFFFFFFFFFE5
:103BF000FFFFFFFFFFFFFFFFFC00003F7E00007E96
:103C00007E00007E3F0000FC3F0000FC1F0000F82B
:103C10001F8001F80FC003F00FC003F00FE007F0A2
:103C200007E007E003E007C003F00FC003F81FC080
:103C300001F81F8001F81F8000FC3F00007C3E005F
:103C4000007E7E00003FFC00003FFC00001FF800EB
:103C5000001FF800000FF000000FF000FFFFFFFF53
:103C6000FFFFFFFFFFFFFFFFFFFFFFFFFFFFFFFF64
:103C70000003E0000003E0000003E0000003E000B8
:103C80000003E0000003E0000003E0000003E000A8
:103C90000003E0000003E0000003E0000003E00098
:103CA0000003E0000003E0000003E0000003E00088
:103CB0000003E0000003E0000003E0000003E00078
:103CC0000003E0000003E0000003E0000003E00068
:103CD0000003E0000003E0000003E0000003E00058
:103CE0000003E0000003E0000003E0000003E00048
:103CF0000003E0000003E0000003E0000003E00038
:103D00000003E0000003E0000003E0000003E00027
:103D10000003E0000003E0000003E0000003E00017
:103D20000003E0000003E0000003E0000003E00007
:103D3000FFFFFFFFFFFFFFFFFFFFFFFFFFFFFFFF93
:103D4000FFFFFFFF000FF000000FF000001FF80062
:103D5000001FF800003FFC00003FFC00007E7E00DA
:103D6000007C3E0000FC3F0001F81F8001F81F802E
:103D700003F81FC003F00FC003E007C007E007E02F
:103D80000FE007F00FC003F00FC003F01F8001F831
:103D90001F0000F83F0000FC3F0000FC7E00007E9A
:103DA0007E00007EFC00003FFFFFFFFFFFFFFFFFE4
:103DB000FFFFFFFFFFFFFFFFFFFFFFFFFFFFFFFF13
:103DC0000003E0000003E0000003E0000003E00067
:103DD0000003E0000003E0000003E0000003E00057
:103DE0000003E0000003E0000003E0000003E00047
:103DF0000003E0000003E0000003E0000003E00037
:103E00000003E0000003E0000003E0000003E00026
:103E1000120100020000004083044057000201022A
:103E200003010A0600020000004001000403090427
:103E300009024300020100C032090400000102022D
:103E400001000524001001052401000104240202E0
:103E50000524060001070582030800FF090401008C
:103E6000020A000000070503024000000705810266
:103E70004000000080000000843E010884420108E8
:103E8000D00000000000803F000000000FB17F3F25
:103E90002FFB483D6DC47E3F36BDC83DAC3A7D3FEB
:103EA0008340163EBE147B3FC2C5473EF853783F61
:103EB000CCCF783E0BFA743F31A0943E0809713F95
:103EC000D47CAC3E5E836C3F15EFC33ED86B673F3E
:103ED00080E8DA3E98C5613FEA5AF13E1A945B3FAA
:103EE0003D9C033F31DB543FDA390E3F029F4D3F8B
:103EF000C07F183F03E4453F9967223FF9AE3D3F3D
:103F00004AEB2B3FF304353FF304353F4AEB2B3F9D
:103F1000F9AE3D3F9967223F03E4453FC07F183F1C
:103F2000029F4D3FDA390E3F31DB543F3D9C033F4A
:103F30001A945B3FEA5AF13E98C5613F80E8DA3E49
:103F4000D86B673F15EFC33E5E836C3FD47CAC3EBD
:103F50000809713F31A0943E0BFA743FCCCF783EF4
:103F6000F853783FC2C5473EBE147B3F8340163EA0
:103F7000AC3A7D3F36BDC83D6DC47E3F2FFB483D0A
:103F80000FB17F3F000000000000803F2FFB48BDC5
:103F90000FB17F3F36BDC8BD6DC47E3F834016BEA6
:103FA000AC3A7D3FC2C547BEBE147B3FCCCF78BE86
:103FB000F853783F31A094BE0BFA743FD47CACBE6A
:103FC0000809713F15EFC3BE5E836C3F80E8DABE1F
:103FD000D86B673FEA5AF1BE98C5613F3D9C03BF6D
:103FE0001A945B3FDA390EBF31DB543FC07F18BFF4
:103FF000029F4D3F996722BF03E4453F4AEB2BBF29
:10400000F9AE3D3FF30435BFF304353FF9AE3DBF94
:104010004AEB2B3F03E445BF9967223F029F4DBF08
:10402000C07F183F31DB54BFDA390E3F1A945BBFB3
:104030003D9C033F98C561BFEA5AF13ED86B67BF0C
:1040400080E8DA3E5E836CBF15EFC33E080971BF9E
:10405000D47CAC3E0BFA74BF31A0943EF85378BFC9
:10406000CCCF783EBE147BBFC2C5473EAC3A7DBFC5
:104070008340163E6DC47EBF36BDC83D0FB17FBFC5
:104080002FFB483D000080BF000000000FB17FBF44
:104090002FFB48BD6DC47EBF36BDC8BDAC3A7DBFE9
:1040A000834016BEBE147BBFC2C547BEF85378BF5F
:1040B000CCCF78BE0BFA74BF31A094BE080971BF93
:1040C000D47CACBE5E836CBF15EFC3BED86B67BF3C
:1040D00080E8DABE98C561BFEA5AF1BE1A945BBFA8
:1040E0003D9C03BF31DB54BFDA390EBF029F4DBF89
:1040F000C07F18BF03E445BF996722BFF9AE3DBF3B
:104100004AEB2BBFF30435BFF30435BF4AEB2BBF9B
:10411000F9AE3DBF996722BF03E445BFC07F18BF1A
:10412000029F4DBFDA390EBF31DB54BF3D9C03BF48
:104130001A945BBFEA5AF1BE98C561BF80E8DABE47
:10414000D86B67BF15EFC3BE5E836CBFD47CACBEBB
:10415000080971BF31A094BE0BFA74BFCCCF78BEF2
:10416000F85378BFC2C547BEBE147BBF834016BE9E
:10417000AC3A7DBF36BDC8BD6DC47EBF2FFB48BD08
:104180000FB17FBF00000080000080BF2FFB483DC3
:104190000FB17FBF36BDC83D6DC47EBF8340163EA4
:1041A000AC3A7DBFC2C5473EBE147BBFCCCF783E84
:1041B000F85378BF31A0943E0BFA74BFD47CAC3E68
:1041C000080971BF15EFC33E5E836CBF80E8DA3E1D
:1041D000D86B67BFEA5AF13E98C561BF3D9C033F6B
:1041E0001A945BBFDA390E3F31DB54BFC07F183FF2
:1041F000029F4DBF9967223F03E445BF4AEB2B3F27
:10420000F9AE3DBFF304353FF30435BFF9AE3D3F92
:104210004AEB2BBF03E4453F996722BF029F4D3F06
:10422000C07F18BF31DB543FDA390EBF1A945B3FB1
:104230003D9C03BF98C5613FEA5AF1BED86B673F0A
:1042400080E8DABE5E836C3F15EFC3BE0809713F9C
:10425000D47CACBE0BFA743F31A094BEF853783FC7
:10426000CCCF78BEBE147B3FC2C547BEAC3A7D3FC3
:10427000834016BE6DC47E3F36BDC8BD0FB17F3FC3
:104280002FFB48BD0800000210004000180040024B
:1042900020008000280080023000C0003800C002EA
:1042A0004000000148000003500040015800400356
:1042B00060008001680080037000C0017800C003C6
:1042C0008000000288000802900000039800480265
:1042D000A0000802A8008802B000C800B800C80208
:1042E000C0000801C8000803D0004801D8004803F6
:1042F000E0008801E8008803F000C801F800C80366
:1043000008011002100140011801500220010003B1
:1043100028019002300148013801D0024801100301
:104320005801500360019001680190037001D001B1
:104330007801D003800140028801180290014003F7
:1043400098015802A0014802A8019802B001480350
:10435000B801D802C0015002C8011803D0015003AF
:10436000D8015803E0015802E8019803F00158030E
:10437000F801D8030802200210024002180260026D
:104380002802A002300260023802E002400200036C
:1043900048022003500240035802600360022003D9
:1043A0006802A003700260037802E0038802A002A2
:1043B000900280039802A003B0028803B802E802CA
:1043C000C0028003C8022803D0029003D802680309
:1043D000E002A003E802A803F0029803F802E80351
:1043E0000803200310034003180360032803880315
:1043F00030036003380398034803600358037003D5
:104400006803B0037803F0038803A0039003C0039C
:104410009803E003B003C803B803E803C803E0034C
:10442000D803F003000000004C5555555555A53FE5
:104430007751C1166CC156BF9015CB19A001FA3E39
:10444000AD529C804F7E92BEC4B1B4BD9EEE213E63
:10445000D43888BEE9FAA8BD00004054FB21F93FDA
:104460003163621A61B4D03D0000601A61B4D03D7E
:104470007370032E8A19A33B0000002E8A19A33BF8
:10448000C14920259A837B3900000000000000000C
:104490006E83F9A22915444ED15727FCC0DD34F5AF
:1044A000999562DB4190433CAB6351FE61C5BBDE35
:1044B0003A6E24B7E0D24D42EA2E49061C92D10949
:1044C0001CEB1DFE3EA729B1F53582E88444BB2EC6
:1044D00026709CE9417E5FB439D69139F439538313
:1044E0008B5F849C3B28F9BDFF97F81F0F9805DE72
:1044F0008B112FEF1F6D0A5ACF7E366DB709CB2770
:10450000663F464F2DEA5F9EC7BA27757BF1E5EB04
:10451000F739073DEA92528AB15FFB6B085D8D1F48
:10452000A6F810111111813FD561C119A0012ABF50
:104530007DFEB157E31DC73EEB9C2B8AE6E55ABED4
:104540007CD5CF5A3AD9E53D6845010800000020E6
:1045500038010000081F0008F44501083801002058
:104560007824000016A30008013533C20112081395
:10457000259B1B082104131D9A1B08E1041ACD0476
:104580001311961B0851041A61041A8D041AC904E8
:1045900013E9951B08290803221A031A27281A2150
:1045A000041A0D041A25041A2304412D01020304E0
:1045B000041706070809618E1408958D14085D9389
:1045C0001408DF911B0881041ACF641AC90822B4A9
:1045D00002282072FF13A5B31B0841044B3DB46CA5
:1045E0001A6D0C1355B21B0809081A15145AD984F0
:0445F000C100000006
:0400000508000111DD
:00000001FF
