:020000040800F2
:10000000B025002029010008A55D0008394000083E
:1000100000000000000000000000000000000000E0
:100020000000000000000000000000004967000818
:100030000000000000000000D15E0008616C0008B4
:100040003B0100083B0100083B0100083B010008A0
:100050003B0100083B0100083B0100083B01000890
:100060003B0100083B010008192F00083B01000874
:100070003B0100083B0100083B0100083B01000870
:10008000316D00083B0100083B0100083B010008FE
:100090003B0100083B0100083B0100083B01000850
:1000A0003B0100083B0100083B010008F9890008FA
:1000B0003B0100083B0100083B0100088198000853
:1000C0004B1C70B4111C5B084A880E88024406441D
:1000D00015683468356014605568746875605460DC
:1000E000091D5B1EF0D170BC70474B1C70B4111C15
:1000F0005B084A880E885208760802440644156850
:10010000346835601460091D5B1EF2D170BC704705
:100110000448854601F08EFE004800476DAF000898
:10012000C046C046B0250020044880470448004728
:10013000FEE7FEE7FEE7FEE7FEE7FEE7B56C000838
:1001400011010008002A1FD0F8B516460D460446D6
:10015000606827680146083401F04EFA394600907D
:10016000084601F049FA009901F0EDF92F46012106
:100170002D1DC905884202DB0BF034F800E0002099
:100180003860761EE4D1F8BD7047F3B59BB01B987C
:100190000C46008881000D191B99400849680C9095
:1001A0008000061947190C98089180080A950B944D
:1001B0000D907ED02068049062681792A268189211
:1001C000E26819922A68069269680591A9681091F7
:1001D000E96811913368169373680393B1681491B9
:1001E000F16815913968129179681391BB680E9383
:1001F000FB6811460F9301F0A6F901C40599179801
:1002000001F0A1F901C41099189801F09CF901C4FA
:100210001199199801F097F901C40699049801F011
:10022000E3F906900599179801F0DEF90590109909
:10023000189801F0D9F910901199199801F0D4F992
:1002400011901299169801F07EF901C6139903983E
:1002500001F079F901C60E99149801F074F901C6FC
:100260000F99159801F06FF901C61699129801F0CF
:10027000BBF912900399139801F0B6F913901499F1
:100280000E9801F0B1F90E9015990F9801F0ACF9A4
:100290000F90089800680190089841680830009114
:1002A00008900199069801F0A7F904900099059823
:1002B00000E07EE001F0A0F903900199059801F0BB
:1002C0009BF905900099069801F096F9069003991C
:1002D000049801F038F901C50699059801F084F9F0
:1002E00001C50099129801F087F9049001991398BB
:1002F00001F082F903900099139801F07DF90590BF
:100300000199129801F078F906900399049801F088
:100310006BF901C70699059801F015F901C708980E
:100320000068019008984168083000910890019990
:10033000109801F061F904900099119801F05CF9AE
:1003400003900199119801F057F9059000991098C0
:1003500001F052F906900399049801F0F4F801C5F0
:100360000699059801F040F901C500990E9801F031
:1003700043F9049001990F9801F03EF90390009918
:100380000F9801F039F9059001990E9801F034F9B0
:1003900006900399049801F027F901C7069905987A
:1003A00001F0D1F801C70D98401E0D90002800D033
:1003B00000E71B98022342680C990B9800F02EFC72
:1003C0001B98022342680C990A9800F027FC1DB084
:1003D000F0BDF3B5A9B029982A9A00882292410865
:1003E0008800841805192394221F199246192A1F80
:1003F0001892321F219680182495179029980E92F2
:1004000040680B900A900D904808159004201690B3
:1004100006200C9028682A9F01903F6801463846C4
:1004200001F091F802903846019901F0DDF803904F
:10043000686807902A9F01467F68384601F083F874
:1004400000903846079901F0CFF8019060680F904E
:100450000146039801F077F87168099101F0C4F83A
:100460001490206807900146019801F0BDF83768A4
:10047000394601F068F813900799029801F0B4F832
:10048000394601F0B1F812900F99009801F0ACF8DC
:10049000099901F0A9F811900F99039801F0A4F8B7
:1004A000099901F050F810900799019801F04BF864
:1004B000394601F099F80F900799029801F043F836
:1004C000394601F040F82A9F38602A9F61683F1D35
:1004D000009801F038F8716801F035F801C72A97E3
:1004E00014982060139860601298286011986860D2
:1004F000109830600F9870600D98083408300D9097
:100500000A98083510300A900B98083618300B906E
:100510001598801E40081A9000287ED016988000FA
:1005200020900C9880001F90286801902A980199CB
:100530000768384601F007F802903846019901F043
:1005400053F80390686807902A98079947683846D7
:1005500000F0F9FF00903846079901F045F8019046
:10056000606807900146039800F0EDFF71680C91F8
:1005700001F03AF81490206808900146019801F0C3
:1005800033F83768394600F0DEFF13900899029877
:1005900001F02AF8394601F027F8129007990098DF
:1005A00001F022F80C9901F01FF8119007990398B7
:1005B00001F01AF80C9900F0C6FF10900899019804
:1005C00000F0C1FF394601F00FF80F90089902982A
:1005D00000F0B9FF394600F0B6FF2A9908602A9F5B
:1005E00061683F1D009800F0AEFF716800F0ABFF3E
:1005F00001C70E982A978038C06F02901998029907
:100600008038C76F384600F09EFF00903846029948
:1006100000F0EAFF01900E9800E050E100680790BA
:10062000199807990768384600F08DFF0290384600
:10063000079900F0D9FF07460390179800680990C2
:100640001898099900680C9000F0CEFF2590019948
:1006500000F079FF18991E9080392691C96F3846AD
:10066000089100F0C1FF0246179880382790C76FA5
:100670001046394600F067FF1D900899009800F079
:10068000B3FF394600F0B0FF1C900C99029800F0BF
:10069000ABFF099900F0A8FF1B900199259800F085
:1006A000A3FF16903846089900F09EFF039900F0CA
:1006B0009BFF01900C99029800F045FF099900F00A
:1006C00042FF19990860199F391F199126990098BE
:1006D000C96F00F038FF02462798C16F104600F03E
:1006E00032FF1999083F08600D9819970068029029
:1006F0000D980299476808300D90149800F07CFF1F
:1007000007903946139800F077FF039002991398E9
:1007100000F072FF08903946149800F06DFF0990C0
:100720000399079800F00FFF01C40999089800F099
:100730005BFF01C439461D9800F05EFF07900299E7
:100740001E9800F059FF039039461E9800F054FFA0
:10075000089002991D9800F04FFF0990039907989F
:1007600000F042FF18990860189F0898391F1891E7
:10077000099900F0E8FE1899083F08600A98189750
:10078000006802900A98406800900A9920984018E2
:100790000A900299129800F02FFF07900099119883
:1007A00000F02AFF03900299119800F025FF0890AD
:1007B0000099129800F020FF07460399079800F06F
:1007C000C2FE01C53946089800F00EFF01C501219F
:1007D0001B98C9074840029900F00EFF0746009990
:1007E0001C9800F009FF039002991C9800F004FF88
:1007F000089000991B9800F0FFFE09903846039975
:1008000000F0F2FE0E9908600E9F391F0E910899B4
:10081000099800F0E9FE0E99083F08600B980E97C2
:10082000006802900B981F99476808180B9002996E
:10083000109800F0E1FE079039460F9800F0DCFEBA
:10084000039002990F9800F0D7FE0890394610984F
:1008500000F0D2FE09900399079800F074FE01C6DB
:100860000999089800F0C0FE01C63946019800F0C9
:10087000C3FE07900299169800F0BEFE0390394619
:10088000169800F0B9FE08900299019800F0B4FEA5
:1008900009900399079800F0A7FE17990860179F21
:1008A000391F17910999089800F04DFE1799083FD4
:1008B00008601A981797401E1A9000D034E62868EE
:1008C00001902A9801990768384600F03CFE029092
:1008D0003846019900F088FE0390686801902A98D4
:1008E00001994768384600F02EFE0090384601997D
:1008F00000F07AFE019060680C900146039800F0C9
:1009000022FE7768394600F06FFE14902068099047
:100910000146019800F068FE3168079100F013FE6F
:1009200013900999029800F05FFE079900F05CFEB1
:1009300012900C99009800F057FE394600F054FED2
:1009400011900C99039800F04FFE394600F0FBFD22
:1009500010900999019800F0F6FD079900F044FE07
:100960000F900999029800F0EEFD079900F0EBFD59
:100970002A9908602A9F6168009800F0E4FD716878
:1009800000F0E1FD78600D980768406800903946F6
:10099000149800F031FE07900099139800F02CFE97
:1009A00003903946139800F027FE08900099149898
:1009B00000F022FE07460399079800F0C4FD20606E
:1009C0003946089800F010FE60600A98046847688D
:1009D0002146129800F010FE07903946119800F059
:1009E0000BFE03902146119800F006FE0890394650
:1009F000129800F001FE04460399079800F0A3FD49
:100A000028602146089800F0EFFD68600B980468A4
:100A100045682146109800F0EFFD079029460F9891
:100A200000F0EAFD074621460F9800F0E5FD08902A
:100A30002946109800F0E0FD04463946079800F07A
:100A400082FD30602146089800F0CEFD7060299844
:100A5000042342681599229800F0E0F829980423AD
:100A600042681599239800F0D9F829980423426820
:100A70001599249800F0D2F8299804234268159912
:100A8000219800F0CBF82BB0F0BDFFB5012605880A
:100A9000F60781B017460446012A15D10298001DB9
:100AA000002D11D00838E90703D0816871408160BA
:100AB0000830690808D0826872408260026972401A
:100AC00002611030491EF6D1FF210131681A8D42B2
:100AD00064D008DC102D5CD0202D5FD0402D10D0CC
:100AE000802D14D155E0FF38401E0AD0FF38FF3862
:100AF000801E4ED001218902401A4FD04900884201
:100B000005D1294601236268029800F087F804980D
:100B1000002804D0A189A2680298FFF7D1FA012F1A
:100B200035D1284600F083FF01467F20C00500F044
:100B3000A0FD029C0746002D29D0083CE8070BD0F9
:100B40003946A06800F058FDA060E0683946704062
:100B500000F052FDE06008346D0818D03946A068F6
:100B600000F04AFDA060E0683946704000F044FDA6
:100B7000E0603946206900F03FFD20616069394638
:100B8000704000F039FD606110346D1EE6D105B093
:100B9000F0BD20460299FFF7F8FAB8E7204602991F
:100BA000FFF717FCB3E70000FFB583B00021019108
:100BB00002C8049C06460091641E17D016492046C0
:100BC0008C421BD8002C11DD0027054631680098A7
:100BD00000F0DCFF05D2306800900498C019001BBB
:100BE00001906D1E361D7F1C002DEFD105990098D8
:100BF000086006990198086007B0F0BD20CE009803
:100C0000294600F0C3FF03D204980095001B019011
:100C1000641EF3D1EAE70000FFFFFF7FFFB5B3B02A
:100C2000349D04462395ED0800267019059040195F
:100C30000490401941194F190290781907904019F2
:100C40000690C8000C9020580990F0000B90205896
:100C50000390099900F077FC01900999039800F03E
:100C6000C3FC0990F800129020580390059803994E
:100C7000C0000A902758384600F065FC05903846B9
:100C8000039900F0B1FC08900798C0001390205819
:100C9000039004980399C700E059049000F053FCB6
:100CA00010900399049800F09FFC0F900698C000E4
:100CB00015902058039002980399C0001690205870
:100CC000049000F040FC02900399049800F08CFC22
:100CD0000E901099019800F087FC049010990198EB
:100CE00000F031FC01900299059800F07DFC109015
:100CF0000299059800F027FC01460590019800F044
:100D000022FC01460B9821500599019800F06CFCDB
:100D100001460C9821500C9800191D9040680390D2
:100D20000B9800191C9040680290039900F00BFC8E
:100D300001900399029800F057FC06901298001950
:100D40001E90406803900A98039900191B90406810
:100D5000029000F0F8FB05900399029800F044FC23
:100D60000790139800191A90406803903819199049
:100D700040680290039900F0E6FB0B9003990298FB
:100D800000F032FC0D9015980019189040680C90F6
:100D900016980C99001917904068039000F0D3FB47
:100DA00002900C99039800F01FFC0C900B9901988D
:100DB00000F01AFC03900B99019800F0C4FB01901D
:100DC0000299059800F010FC0B900299059800F02C
:100DD000BAFB01460590019800F0B5FB01461C984E
:100DE00041600599019800F0FFFB01461D984160A4
:100DF0000B99049800F0A7FBE0510B99049800F0C0
:100E0000F3FB0146139821501099039800F0ECFB76
:100E10000146199841601099039800F094FB01462F
:100E20001A9841600E99089800F0DEFBFE4F394693
:100E300000F0E2FB01900E99089800F084FB39461F
:100E400000F0DAFB08900C99079800F0CDFB3946CA
:100E500000F0D2FB05900C99079800F074FB39461E
:100E600000F0CAFB07900199099800F0BDFB0490BF
:100E70000199099800F067FB099008990F9800F014
:100E8000B3FB0E9008990F9800F05DFB0F90059949
:100E9000069800F0A9FB03900599069800F053FB13
:100EA000069007990D9800F09FFB0C9007990D98FC
:100EB00000F049FB01460D90099800F044FB014603
:100EC0000A9821500D99099800F08EFB014615985B
:100ED00021500C99049800F036FB014612982150DD
:100EE0000C99049800F080FB0146169821500F9948
:100EF000069800F079FB01461B9841600F9906980F
:100F000000F021FB0146189841600E99039800F00B
:100F10006BFB01461E9841600E99039800F013FB8D
:100F2000014617984160239836183498864200D2BB
:100F30007BE6082D7ED300201E9001201D9036995F
:100F40001E984018820017184600331839181E9052
:100F5000081801901E98BC46C000359F079038586D
:100F60002190F000069038583E46DF002090F0595E
:100F7000BE46D2001F90B0586746FB001C90F05848
:100F80001B903598CE0080591A900198359FC1006A
:100F90003598405819900798C019406818900698DD
:100FA000C019406817903846704440681690D019B0
:100FB00040681590D81940681490359830184068EA
:100FC000139035981D9E081840681290701905906E
:100FD0004019049040190290401941194F19089185
:100FE0007919C0000691289020580A90F0000390CB
:100FF000205809900A9900F0A6FA01900A990998D8
:1010000000F0F2FA08990990C8002A9020580A9036
:1010100005980A99C00029902058089000F093FA8A
:1010200005900A99089800F0DFFA0890F8002790D8
:10103000205800E032E2079004980799C0002690FB
:101040002758384600F07FFA10903846079900F08C
:10105000CBFA06990F90C800259020580690029868
:101060000699C700E059049000F06DFA02900699C5
:10107000049800F0B9FA0E901099019800F0B4FAB3
:1010800004901099019800F05EFA01900299059879
:1010900000F0AAFA10900299059800F054FA01465F
:1010A0000590019800F04FFA0146039821500599E8
:1010B000019800F099FA059028980019309040683E
:1010C00001900398019900192D904068039000F059
:1010D0003AFA02900199039800F086FA06902A984D
:1010E00000193290406803902998039900193190B3
:1010F0004068019000F027FA0A900399019800F0E7
:1011000073FA0790279800192C904068039026984E
:1011100000192B9040680190039900F014FA0B908D
:101120000399019800F060FA0D90259800192F900E
:101130004068039038192E9040680190039900F0A0
:1011400002FA22900399019800F04EFA0C900B9944
:10115000029800F049FA03900B99029800F0F3F915
:10116000029022990A9800F03FFA0B9022990A986F
:1011700000F0E9F90A900B99049800F0E4F9019065
:101180000B99049800F030FA04900A99029800F044
:10119000DAF901462D9841600A99029800F024FA84
:1011A0000A901099039800F01FFA02901099039882
:1011B00000F0C9F9039005991C9800F01DFA1090F1
:1011C0000A99159800F018FA0B900A991C9800F0EB
:1011D00013FA0A900599159800F00EFA05900B99EC
:1011E000109800F0B0F901462898215005990A9806
:1011F00000F0FAF90146309841600199209800F01A
:10120000FBF910900299179800F0F6F90B900299EB
:10121000209800F0F1F90A900199179800F0ECF984
:1012200005900B99109801E0F304353F00F08BF91D
:1012300001462698215005990A9800F0D5F90146F3
:101240002B98416004991A9800F0D6F910900399F0
:10125000139800F0D1F90B9003991A9800F0CCF98B
:101260000A900499139800F0C7F905900B9910980B
:1012700000F069F901462798215005990A9800F075
:10128000B3F901462C9841600E99089800F0ACF92A
:10129000834900F0B1F901900E99089800F053F9D4
:1012A0007F4900F0A9F908900C99079800F09CF983
:1012B0007B4900F0A1F902900C99079800F043F9DE
:1012C000774900F099F907900199099800F08CF995
:1012D00004900199099800F036F9099008990F983F
:1012E00000F082F90E9008990F9800F02CF90F90F9
:1012F0000299069800F078F903900299069800F098
:1013000022F9069007990D9800F06EF90C90079954
:101310000D9800F018F901460D90099800F013F9A6
:1013200001900D99099800F05FF909900C990498C3
:1013300000F009F908900C99049800F055F9049010
:101340000F99069800F050F902900F99069800F056
:10135000FAF806900E99039800F046F907900E9956
:10136000039800F0F0F803900199219800F044F9F7
:1013700010900299189800F03FF90B90029921986B
:1013800000F03AF90A900199189800F035F90590A3
:101390000B99109800F0D7F801462998215005992B
:1013A0000A9800F021F9014631984160099919988D
:1013B00000F022F910900699129800F01DF90B9098
:1013C0000699199800F018F90A900999129800F0F6
:1013D00013F905900B99109800F0B5F8014625987F
:1013E000215005990A9800F0FFF801462F984160B6
:1013F00008991B9800F000F910900799149800F0D4
:10140000FBF80B9007991B9800F0F6F80A900899E2
:10141000149800F0F1F805900B99109800F093F8EB
:1014200001462A98215005990A9800F0DDF80146F6
:101430003298416004991F9800F0DEF810900399EB
:10144000169800F0D9F80B9003991F9800F0D4F883
:101450000A900499169800F0CFF805900B9910980F
:1014600000F071F8E05105990A9800F0BDF80146C6
:101470002E984160239836183498864200D2A5E50C
:101480001D98401C1D90A84200D258E53698C00413
:10149000000C3690072D01D9FFF7C4FB37B0F0BD23
:1014A000F304353F30B50B460146002020220124CD
:1014B00009E00D46D5409D4205D31D469540491B88
:1014C0002546954040191546521E002DF1DC30BDD1
:1014D00070B500242546002801DA01244042002985
:1014E00001DA01254942FFF7DDFFAC4200D040425E
:1014F000002C00D0494270BDD2B201E00270401C05
:10150000491EFBD270470022F6E710B513460A4683
:1015100004461946FFF7F0FF204610BD421E5378DF
:10152000521C002BFBD10B781370491C521C002B52
:10153000F9D1704703460A780270401C491C002A02
:10154000F9D118467047F8B502464A40D40F420018
:101550004B0052085B089A4202D2024608461146E6
:101560004A0023D0C30D4A00DDB2120EAD1A202D61
:1015700035DA49020126490AF6058A19002C00D0FD
:10158000524220214F1B1146B9402A411018C20D6A
:101590009A4221D0002C17D0012D08DCDA05801AE0
:1015A000D20F8019D207DBB200F05FFBF8BDDA057D
:1015B000801A012340001B06C01880185A42801868
:1015C000CA0F1043490007E04908C2071143DA0572
:1015D000801A80194008801800F03FFBF8BD6100B8
:1015E0000122511A001BF7E70122D2075140AAE756
:1015F0000122D2075040A6E7024670B54A40D30FF9
:10160000DB0740002DD04A002AD0010E140E000244
:1016100012020919400A520A8418E501044654438B
:10162000000A120A2E045043A4194219200CC54383
:10163000AA18120C0125AD03521C521912047F394D
:10164000240400D0521C104301D44000491EC2B2F1
:101650000C06C0092018401C4008802A02D003E074
:10166000002070BD40084000002900DA0020184327
:1016700070BD70B502464A40D50F40004A00ED07E4
:1016800040085208002814D0002A12D0C40DD30DEF
:1016900041020120C0055202490A520AE41A0918FF
:1016A00012187D34914201D3641C00E04900002CE3
:1016B00001DA002070BD0023914201D3891A03434F
:1016C000400849000028F7D100290AD0914202D1F0
:1016D0000121C90705E0914201D2012101E0012168
:1016E000C943E005C018401900F0B7FA70BD00000A
:1016F000F0B507460846584087B0C00F0490480030
:101700000E46590040084908BC1A884105D238469F
:1017100031461E4617460B46024658004008104305
:101720004DD0300D039040055900400D490D0590F6
:10173000401A0290402873DA18030121000B0905B2
:101740000843019004980092002806D01146019A9F
:1017500049420020904100910190029840210A1ACC
:101760000199009800F056FA05460C466B4607CBE7
:1017700000F060FAC0197141039A0E0D0023D717CB
:1017800056401A467A40164344D0049A002A2DD077
:10179000029A012A039A15DC1205C01A914101260A
:1017A0003605001C7141D20F059ED20700930192AD
:1017B00002962A46234600F0CAFA07B0F0BD384622
:1017C0003146FAE71605234A0F46B218C01AB74148
:1017D00001210905001C4F4100187F4111461818CE
:1017E0007941E20F10436D19644113E0E2076D087F
:1017F00015436408C2071443039A01261205C01A50
:1018000091413605001C7141CE074008304349081C
:10181000C01851412A46234600F08CFACDE7FFE775
:10182000049801224000C117121A00238B4104982A
:101830003146C417381AA141EEE730B40124E40759
:10184000634030BC54E730B40124E407614030BC4D
:101850004EE700000000E0FFF0B51FB488B00B9920
:101860000998002448400999C00F49004908099186
:10187000C0070B990090490049080B9109990898F5
:10188000A64608431CD00B990A98084318D009981B
:1018900001244000420D4800410D09982405000331
:1018A000000B204309900B980003000B20430B9082
:1018B00050181C494018002201901446104605E0BB
:1018C000002001460DB0F0BD032801DA034600E018
:1018D00003239C46C11A0AAE0AE05F0008ADED5B27
:1018E0004F00F75B7D430027AA187C41491C5B1E13
:1018F0006145F2DD410004AB5A522104120C0A4347
:10190000240C401C0828DFDB0198029000997046E7
:1019100001910090059B049A0799069800F017FA28
:10192000D0E700000DFCFFFFF0B50C465C4085B031
:10193000E40FE40703944C00002664085900944621
:10194000490802460296224321D062460A431ED02D
:101950006200570D4A000E032303550D0124024671
:101960002C492405781B1B0B360B401823432643B8
:10197000614600901C46501AB44103D30098401CA5
:10198000009002E0921800985B41002803DA0020E2
:10199000014605B0F0BD0020012109050746864635
:1019A00011E064461D46141BB54106D36546521B23
:1019B000B341744607430C43A646CD074008490887
:1019C000284392185B4105460D43EAD1104618435F
:1019D00013D06046194650407140084306D0604617
:1019E000101AB34106D20122002306E0002201238F
:1019F000DB0702E00122D243531000987446010530
:101A0000381C6141029C039D0019694100F092F964
:101A1000BFE70000FD030000C217C10F504010B522
:101A20004018CA079623002100F01FF910BD10B519
:101A300000229623114600F018F910BD0EB5C2170A
:101A4000C10F5040CA0740180021054B0293019274
:101A500000910A460B4600F07AF903B000BD000081
:101A6000330400000EB505490291002100910A4699
:101A70000B46019100F06BF903B000BD3304000088
:101A8000C20F410040020123400ADB05D207090EC4
:101A9000C0187F2901DA00207047962903DC9623BD
:101AA000591AC84001E096398840002AF4D04042D3
:101AB0007047410040020122400AD205090E8018F9
:101AC0007F2901DA00207047962903DC9622511AFB
:101AD000C8407047963988407047C20FD20740000F
:101AE00040080BD0C10D0723DB01C91840020905CE
:101AF000400A1143C20840071143704700200146C5
:101B00007047000010B5002904DB0124E4074042BF
:101B10008C412146002B04DB1C460123DB0752428B
:101B2000A3418B4200D1824210BD000010B50029B4
:101B300004DB0124E40740428C412146002B04DBF6
:101B40001C460123DB075242A341994200D1904237
:101B500010BD0000CB0FDB07490010B54908024655
:101B60000A4307D00A0D07240903E401090B121BDD
:101B7000002A01DC002010BDC900440F0C43C10045
:101B8000E018D205801800F068F810BD0122D207D5
:101B9000002800DB101A002900DB511A814270472F
:101BA0000122D207002800DB101A002900DB511A9D
:101BB00088427047F0B51FB40646002082B0054643
:101BC0004024019100901BE0019922460F463046C7
:101BD00000F042F9049A059B801A994110D31046EF
:101BE0001946224600F016F8361A8F410197224610
:101BF00001200021009F00F00DF838184D410090A1
:101C00002046641E0028DFDC019B009829463246EE
:101C100007B0F0BD10B5202A04DB0146203A914000
:101C2000002010BD914020239C1A0346E340194335
:101C3000904010BD10B5202A06DBCB170846203A8D
:101C40001041C1170B4306E00B461341D04020243E
:101C5000A21A91400843194610BD002904DA401C1D
:101C6000490001D140084000704770B40024050CC1
:101C700005D11024000402D1002921D01124050E21
:101C800001D100020834050F01D10001241D850F88
:101C900001D18000A41C002801DB4000641C002945
:101CA00008D020252E1B0D46F540A14000D0012173
:101CB0002943084301061B1B000ADB1D02D5002037
:101CC00070BC7047DB05181880180029F8DA401C32
:101CD0004900F5D170BC40084000704770B500283D
:101CE00001DC002070BD410040020126400AF605DB
:101CF000090E8019CA0701D14000491E4D1000226B
:101D000011463F353346CB409B18D418844201D846
:101D1000001B1A464000491C1729F3DD510081427F
:101D200002D20021C94300E00021E8058018FFF736
:101D300094FF70BD10B5002B08DA0024401C6141EF
:101D400092185B411A4301D14008400010BDF0B524
:101D50001FB482B005460C0003D0084607F01EFFF2
:101D600002E007F01BFF2030024600902146284683
:101D7000FFF750FF049B059A04460F461843114392
:101D8000084314D0184610431BD0009840210A1A6B
:101D90001846059900F060F805460E46009A059928
:101DA0000498FFF737FF084305D0012004E02046E0
:101DB000394607B0F0BD0020C11705430E432C4340
:101DC000374300990E986305401A7905E40A00220A
:101DD0000C43FD0A0A3002D500200146E9E701055F
:101DE000101969410C9C0D9D00196941FFF7A2FF74
:101DF000DFE700004A0009030123090B1B05194313
:101E00000A4B10B5520D9A4202DA0020014610BD6D
:101E1000064B34339A4203DC9A1A00F01DF810BDC9
:101E2000034BD218FFF7F6FE10BD0000FF030000C1
:101E3000CDFBFFFF064C0125064E05E0E36807CC0D
:101E40002B430C3C98471034B442F7D3FEF764F9A7
:101E5000184501083845010810B5202A04DB08465A
:101E6000203AD040002110BD0B46D340D040202462
:101E7000A21A91400843194610BD420005D0420005
:101E8000120E52428A4201DB00207047C905081831
:101E9000704770B54B005B0803430BD04B005C0DE3
:101EA000002633466542B341D417AD1AA34102DB85
:101EB0000020014670BD12053018514170BD000070
:101EC00070B5CD0F4A0009030123090B1B05194307
:101ED0000B4BED070024520D9A4201DA002070BD31
:101EE000074B34339A4203DC9A1AFFF7B5FF02E03E
:101EF0000449511888402C43F1D0404270BD000085
:101F0000FF030000CDFBFFFF70B58C180578401C67
:101F10006B075B0F01D10378401C2A1106D10278B0
:101F2000401C03E006780E70401C491C5B1EF9D172
:101F30002B0705D40023521E0DD40B70491CFAE761
:101F40000378401CCB1A921C03E01D780D70491CCD
:101F50005B1C521EF9D5A142D8D3002070BD10B52C
:101F60000B460021846A1C43846200BF0C46144364
:101F70002146416110BD01617047002904D082688B
:101F800001231A43826003E0826802231A438260BD
:101F90007047000010B504460548844207D101216E
:101FA000401504F077F90021601504F073F910BDB5
:101FB0000024014030B501460020002200238C6837
:101FC0000125ED072C438C6000BF8C68E30FDB0715
:101FD000521C0F242403A24201D0002BF5D18C689F
:101FE000E40FE407002C01D1086C00E0002030BDB4
:101FF00030B5024600200023012424060C40002CAA
:1020000005D0946801252D06AC43234600E01368F3
:102010001C460C40002C01D0012000E0002030BD07
:1020200010B50022C268084B1A400C7964030B6893
:1020300023438C682343CC6823430C6923434C69B6
:1020400023431A43C26010BD03D2FFFF0021016089
:1020500001718160C160016141617047002807D052
:1020600007498968012292051143054A916006E0FB
:1020700003498968012292059143014A91607047A2
:102080000027014010B51B48007B012816D11948D4
:10209000C07A00282CD000211648C172012000F01F
:1020A0003BF9044604F03EF8002803D00221114811
:1020B00001731DE001210F48817219E00D48007B7A
:1020C000032815D10B48C07A002811D000210948F7
:1020D000C172002000F020F9044603F009FF002837
:1020E00003D004210348017302E0012101488172F9
:1020F00010BD000024040020FEB501204004484922
:1021000088620520486108468068042108434449E4
:10211000886000BF04214248FFF76AFF0028F9D019
:102120003F4940310868FFF782FC02903C488068D4
:10213000042108433A49886000BF04213848FFF76A
:1021400057FF0028F9D0364940310868FFF76FFC87
:1021500002903449488BFFF76AFC33490090FFF73F
:102160004BFA01900299FFF784FA0746FFF788FCC3
:10217000054608202A4988620846806804210843E9
:102180002749886000BF04212548FFF731FF002858
:10219000F9D0234940310868FFF749FC02902048F4
:1021A0008068042108431E49886000BF04211C4840
:1021B000FFF71EFF0028F9D0194940310868FFF7E2
:1021C00036FC029019480068401C1849086008460F
:1021D0000068632801DD002008600298FFF769FCB1
:1021E000124909684900124A50520026002409E0A9
:1021F00061000F4A515A694308460E49FFF768F9D2
:102200008619641C642CF3DB64213046FFF74AF91D
:102210000949488740200249886200204861FEBD84
:1022200000240140A0F7FF1F00404E450800002099
:10223000C8130020980A00000404002000B587B0ED
:102240000121480204F016F81B48FFF7A3FE002105
:102250001948FFF790FE0120FFF700FF01A8FFF7E4
:10226000F5FE0020019069460872039005900690E3
:1022700001A91148FFF7D4FE002240210E48FFF7C4
:102280006EFE0D48FFF796FE01210B48FFF775FE25
:1022900000BF01210848FFF7ABFE0028F9D006482F
:1022A000806804210843044988600449C86B00F031
:1022B00007F807B000BD000000240140040500201D
:1022C0001FB504460121022003F0B4FF684604F064
:1022D000C1FE21460E48FFF7FBF801900021684639
:1022E00001800181418069460A4804F075FE01229F
:1022F0001146084804F0FFFD1021684601730021D3
:1023000041730121817303A803F04EFD1FBD00003E
:10231000006CDC020004004070B504460022114B42
:10232000002111E04D001048405B904202DD4D005D
:102330000D48425B4D000C48405B984202DA4D006C
:102340000948435B481C81B28029EBDB002C03D099
:1023500005483C3842868386D51AE80F4019C003E9
:10236000000C70BDFFFF00004004002010B50446C3
:1023700001F05CFA204601F0C7F901F009FA10BD3E
:1023800001460868704770B504460D4601F04EFAE4
:102390002946204601F006FA01F0FAF970BD02461E
:1023A000138A0B40002B01D0012000E00020704771
:1023B000002A01D0816100E00185704700B585B039
:1023C0000120400200900221684601710321417101
:1023D000002181710121C17169460920C00601F007
:1023E00077FC02220921C80601F0BAFC0121C802CB
:1023F00003F040FF00216846018141810A480390B3
:1024000068460182817402A9084804F0E5FD0020B5
:1024100000F00EF80121054804F0BCFC012103483E
:1024200004F0D2FC05B000BD71450000002C014055
:1024300010B586B004467021684681800121C180B4
:1024400004210181002C06D00C48007C6F21C900BA
:102450004843039001E00020039002216846018276
:1024600000214182FF21013181820021C18201A925
:10247000034804F04BFD06B010BD0000B803002077
:10248000002C0140002806D006490968402211436B
:10249000044A116005E00349096840229143014A5A
:1024A00011607047006C004010B50121C80603F0B0
:1024B000C1FE0120400700F019F80120FFF7E2FFFC
:1024C000012000F001F810BD002806D00649096877
:1024D00020221143044A116005E0034909682022C3
:1024E0009143014A11607047006C004005494968FA
:1024F000032212079143034A516011464968014380
:1025000051607047006C00407CB5002600200090B0
:102510007EE16846808805072D0F002D7ED1684634
:10252000808810210840002816D1BF480068BF49A4
:102530000840BD490860BE4C207801F07DFCA061D8
:10254000A169206940182061BA48006800214268EA
:102550002046183890475BE1B54CA034B24800687B
:1025600081B20091684600880121C9020840002814
:102570001AD0207801F04EFCA061208B82B2A18895
:102580002046A83803F092FCA74800684004400C9D
:10259000A64980310840A4490860A64800688168BF
:1025A0002046B838884733E1684600880121C903CE
:1025B00008400028ACD09C4800684004400C9B496F
:1025C0008031084098490860207801F023FCA06120
:1025D000A069002809D0238B9AB2A188206903F052
:1025E00065FCA169206940182061924800680021BB
:1025F00002688F48183890478B484030006980B295
:10260000801D8D4A8118E2683E2A11D9E268D20203
:10261000100C227BD206D20E002A00E026E001D167
:10262000421E90B282020123DB031A430A800CE0AF
:10263000E268D203100C227BD207D20F002A01D00D
:10264000421C90B28206120C0A80774909687B4AC4
:1026500011400846012109034840490048408900CB
:10266000014380221143704A1160D1E0A8006E49F5
:102670004018006881B20091684600880121C903B2
:10268000084000285FD0A80067494018006840044F
:10269000400C664980310840A900634A89180860E7
:1026A000282068436249A0314418A07A00280BD141
:1026B000207801F0AFFB0646002E28D0A1883246D4
:1026C000206903F0F3FB22E0207801F075FB012183
:1026D0008903084000280BD0207801F077FB0646DC
:1026E000002E10D0E1883246206903F0DFFB0AE0BB
:1026F000207801F07DFB0646002E04D02189324669
:10270000206903F0D3FB2078002101F0B9FAA06919
:102710008019A0612069801920616069002802D0B9
:10272000E068B04207D92178424800680268404812
:102730001838904707E0A08A83B221783C481838BF
:10274000226900F0A3FA684600888021084000282A
:102750005ED02820684336494418A8003249401802
:10276000006832490840A9002F4A89180860A07AF9
:1027700000280DD1207801F05FFBA061A06900283E
:102780002CD0238B9AB2A188206907F015F925E097
:10279000207801F011FB4021084000280DD020785E
:1027A00001F014FBA061A069002813D0238B9AB21A
:1027B000E188206907F000F90CE0207801F018FBAF
:1027C000A061A069002805D0238B9AB221892069D5
:1027D00007F0F2F82078012101F052FA207801F098
:1027E0002BFBA061A1692069401820616069002865
:1027F00007D121780F48006842680D481838904783
:1028000006E021780A4818386369226900F0E6FA80
:1028100005484030406880B201900121C90308405A
:10282000002800D075E67CBD005C00400F8F0000E2
:1028300078120020D0000020006000408FBF000010
:1028400008B500201249487008F060FB02201149C9
:102850000871002001F0B0FF0FA0124B202233219D
:102860000090372002F06EFA7D20C00007F048FD8E
:102870000121FF20F53008F017FB0BA007F052F9FB
:102880000022012189020920C006FFF791FD08BD41
:10289000C4110020F8030020D0A3D7BCBDE1CAF8C2
:1028A00000000000FFFF0000506F776572204F6648
:1028B000660A000081000A4A89180968121411404A
:1028C00000290BD08100064A89180968054A114081
:1028D000054A11438200024BD21811607047000074
:1028E000005C00408F8F000080C0000081000A4A19
:1028F000891809684022114000290BD08100064A3E
:1029000089180968054A1140054A11438200024BA3
:10291000D218116070470000005C00408F8F0000EB
:10292000C080000010B5012000F072FF0521C9042D
:10293000002003F023FE012003F00CFE00BF19204D
:1029400003F0DCFD0028FAD0022003F029FE00BFCE
:1029500003F0F8FD0828FBD10121800303F05AFCA5
:102960000121880403F056FC0121C80403F052FC45
:102970000121080503F04EFC0121880503F04AFC03
:1029800010BD0000002907D0074A126801238340C8
:102990001A43054B1A6006E0034A1268012383407C
:1029A0009A43014B1A60704700740040002908D018
:1029B000084A126801231B0383401A43054B1A601F
:1029C00007E0044A126801231B0383409A43014B2A
:1029D0001A6070470074004010B50121480703F0E9
:1029E00039FC00210120400703F034FC10BD000039
:1029F00030B5002200230A4C22680A4C8440154658
:102A0000A5432A464D680C682C438D682C43CD683D
:102A10002C4323461C4684402243014C226030BD97
:102A200000740040FE0F0000044989690122D203AE
:102A30001143024A9161012181707047405C00405E
:102A400070B506460D4680202840802807D16806CC
:102A5000400E2821484331461831441806E06806E4
:102A6000400E282148433146B8314418A07A002846
:102A700012D16078002807D02078FFF737FF207840
:102A8000002103F089FF2DE02078FFF713FF207865
:102A9000002103F03DFF25E06078002811D1207867
:102AA000FFF708FF2078FFF721FF207804F0F0FA05
:102AB0002078002103F02CFF2078002103F06CFF28
:102AC00010E02078FFF7F6FE2078FFF70FFF207860
:102AD00004F0CAFA2078002103F05EFF207800217C
:102AE00003F016FF002070BD70B506460D4680202D
:102AF0002840802807D16806400E282148433146E7
:102B00001831441804E0282068433146B83144188D
:102B10006078002809D02078FFF7E8FE207830217F
:102B200003F03AFF0020A07009E02078FFF7C2FE12
:102B300020780321090303F0EBFE0020A0700020A1
:102B400070BDFFB581B006460D461746802028406F
:102B5000802809D16806400E2821484331461831A3
:102B600044180120607008E06806400E28214843A0
:102B70003146B831441800206070E7600498E07076
:102B80006806400E20702078002802D16062E06163
:102B90002062002020616061A061A070E0780028C0
:102BA00006D0012815D0022808D0032817D10AE042
:102BB00020780121490203F011FF10E02078002164
:102BC00003F00CFF0BE020780321490203F006FF1D
:102BD00005E020780121890203F000FF00BF00BF5B
:102BE000A07A002820D1607800280BD0A188207816
:102BF00003F0B4FE2078FFF779FE2078202103F05F
:102C0000CBFE40E0A188207803F048FEA28991B273
:102C1000207803F055FE2078FFF74CFE2078032142
:102C2000090303F075FE2EE0207803F021FE2289CF
:102C3000E188207803F09AFD6078002812D120788E
:102C4000FFF738FE2078FFF751FE207804F020FAD5
:102C500020780321090303F05BFE2078002103F0B4
:102C60009BFE10E02078FFF725FE2078FFF73EFE60
:102C7000207804F0F9F92078002103F08DFE207807
:102C8000002103F045FE002005B0F0BDFFB581B086
:102C900005460E461746002000907006400E28217B
:102CA00048432946B83144182761049860610020E0
:102CB000A061E1686069884206D9E06800906069B7
:102CC0000099401A606103E0606900900020606133
:102CD000A07A002805D1009A91B2207803F0F0FD87
:102CE00005E0009B9AB26178207803F05BFD2078C4
:102CF0000321090303F00CFE002005B0F0BD000025
:102D000030B502460020117100BF10E003069B0D94
:102D10000B4C1B191B680B4C23400B4C2343C4B2B8
:102D200023430406A40D064D64192360401C0428A7
:102D3000ECD380230B43024C4034E36030BD0000F1
:102D4000005C00408F8F00008080000070B5064658
:102D50000D4680202840802807D16806400E282193
:102D6000484331461831441804E02820684331466E
:102D7000B83144182078002819D121788900154AE3
:102D800089180968144A114008460121090348407E
:102D900010214840C9020143802211432278920049
:102DA0000C4BD21811600120A070002070BD60781B
:102DB000002806D00120A0702078102103F0ECFD3F
:102DC00006E00120A07020780121090303F0A0FD96
:102DD0000020EBE7005C0040BFBF0000FFB583B000
:102DE00006460D461746002002906806400E282130
:102DF00048433146183144186806400E2070276158
:102E0000069860610020A061E1686069884206D987
:102E1000E068029060690299401A606103E06069AD
:102E2000029000206061A07A00280BD1029B9AB228
:102E3000A188206906F0C0FD029A91B2207803F0C3
:102E40009DFD1EE000200190029B9AB261782078DF
:102E500003F0A8FC207800F0AFFF402108400028D4
:102E600002D02089019001E0E088019002998AB2A5
:102E70002069019906F0A0FD6178207800F000FF3C
:102E800000BF2078302103F087FD002007B0F0BD9F
:102E900010B504460120A07000202071A060012020
:102EA000E06003F05DFC002003F05AFC002003F01A
:102EB000A7FD002003F04AFCBF2000020349086080
:102EC000098888B203F04CFC10BD00002C010020E2
:102ED00070B505460C4680202040802807D160064A
:102EE000400E282670432E461836811906E06006EB
:102EF000400E282670432E46B8368119002A03D189
:102F0000002088728B8004E001208872CB80180C2E
:102F10000881002070BD0000FF2001300D4948608D
:102F20000D48807A002814D00C488068042108439A
:102F30000A49886000200849203908870849486202
:102F400008460088012108430549088000210248FD
:102F500081727047000002402404002000240140D8
:102F600000040040002904D0026801231A430260D3
:102F700003E00268014B1A4002607047FEFF000048
:102F80000168554A11400160002101604160816083
:102F9000C1605249884208D15049083949680F2216
:102FA00011434E4A083A516094E04C49143188422A
:102FB00008D14A4908394968F0221143474A083A7A
:102FC000516087E045492831884209D14349083991
:102FD00049680F2212021143404A083A516079E0D1
:102FE0003E493C31884209D13C49083949680F22A1
:102FF00012031143394A083A51606BE037495031A6
:10300000884209D13549083949680F221204114311
:10301000324A083A51605DE030496431884209D152
:103020002E49083949680F22120511432B4A083AE4
:1030300051604FE029497831884209D12749083940
:1030400049680F2212061143244A083A516041E0B0
:103050002349884208D12249083949680F2211437F
:103060001F4A083A516035E01D491431884208D1A1
:103070001B4908394968F0221143194A083A51603E
:1030800028E017492831884209D11549083949688B
:103090000F2212021143124A083A51601AE01049F5
:1030A0003C31884209D10E49083949680F22120380
:1030B00011430B4A083A51600CE0094950318842EB
:1030C00008D10749083949680F2212041143044AFC
:1030D000083A516070470000FEFF000008000240FF
:1030E00008040240002A03D003680B43036002E097
:1030F00003688B430360704710B5002202680D4BD4
:103100001A400C6A8B6823430C6923434C692343A0
:103110008C692343CC6923434C6A23438C6A234341
:103120001A430260CB6843600B6883604B68C360DE
:1031300010BD00000F80FFFF10B594B001214807BB
:1031400003F078F80121084603F064F801210846ED
:1031500003F070F8FFF740FC3C48FFF711FF012037
:10316000800703F043FE00210846FFF70BFC002117
:103170000846FFF71BFC00213448FFF7F3FE00214F
:103180000120800703F006FE242002900B2000029D
:10319000049000200590039002A9FFF729FC01216B
:1031A0000020FFF7EFFB01210020FFF7FFFB28487D
:1031B000099028480A9010200B90C8200C900020FD
:1031C0000D9080200E9040000F90800010902020E5
:1031D0001190000212900020139009A91B48FFF7DC
:1031E0008BFF01211948FFF7BDFE0122022117487C
:1031F000FFF778FF0A216846017101214171817151
:1032000001A802F0D1FD06A803F024FF1248016CCA
:103210001248FEF747F90446C821FEF743F9401E5D
:1032200007900021684601830184418306A901209B
:10323000800703F0D1FE2021480603F0C1FE0121E2
:10324000880703F0A7FD14B010BD00003000024055
:10325000087400409014002004050020006CDC027B
:1032600000B589B00121480402F0E4FF01220221E7
:103270000920C00600F074FD022168460172032196
:103280004172002181720121C1720420019001A9C3
:103290000920C00600F01CFDE12040020390002040
:1032A00004900590069008900820079003A9044810
:1032B00005F046FC0121024805F005FC09B000BDFF
:1032C0000044004010B50121480402F0D3FF012260
:1032D0002F21064803F070FE0021044803F068FD2A
:1032E0000121024803F056FD10BD000000440140DA
:1032F0003EB50C49087C0A21FEF7EAF80C4609495C
:10330000087C0A21FEF7E4F8054607A0019502941F
:10331000009004486C38C38B18220021482001F02B
:1033200011FD3EBD2404002025642E256476000096
:1033300008B53948408F7D214901884203DD0720C7
:1033400000F084F866E03448408F3449884203DD59
:10335000062000F07BF85DE02F48408F2F4964394C
:10336000884203DD052000F071F853E02A48408FC1
:103370002A49C839884203DD042000F067F849E093
:103380002548408F2649884203DD032000F05EF87F
:1033900040E02148408F2249C839884203DD02209D
:1033A00000F054F836E01C48408F1E49884203DD87
:1033B000012000F04BF82DE01748408F194964397F
:1033C000884203DD002000F041F823E016A006F05B
:1033D000A9FB022010490C390871002001F0ECF91A
:1033E00017A0194B202233210090572001F0AAFC8E
:1033F0007D20C00006F084FF0121FF20F53007F09A
:1034000053FD0022012189020920C006FEF7D0FFEA
:1034100000BFFEE708BD0000040400203C0F0000D0
:10342000AC0D00001C0C00004C6F7720566F6C74C4
:1034300061676520506F776572204F66660A0000ED
:10344000B9D8BBFA00000000FFFF0000F0B585B05E
:1034500004464F273648007AA04204D034482C381E
:103460000079002801D005B0F0BDB81CC1B2684693
:1034700001722F480472781CC1B268464172002064
:103480001123E62206210090C42001F09FF9F81EC6
:10349000C1B26846817238460C38C1B26846C17202
:1034A000052C03DD3F20400101900CE0032C02DDE0
:1034B0002048019007E0012C02DD1F48019002E046
:1034C0001F20C0020190F81CC1B2684601730021A0
:1034D0004173002525E0002620E0B11DAA00AA18AE
:1034E0001046C430019A01F01FFCB11DAA00AA18B1
:1034F0001046C530019A01F017FCB11DAA00AA18A8
:103500001046C630019A01F00FFCB11DAA00AA189E
:103510001046C730019A01F007FC761C0C2EDCDB4C
:103520006D1CA542D7DB02A800F0CAF800BF9AE7DD
:1035300024040020AEBE00004DEF000010B50024B2
:1035400018E02046C130254A032101F0EDFB20465A
:10355000C130224A042101F0E7FB2046C1301F4A56
:10356000132101F0E1FB2046C1301C4A142101F077
:10357000DBFB641C282CE4DB002414E0611D174AEB
:10358000C12001F0D1FB611D144AC22001F0CCFB27
:10359000611D124AE72001F0C7FB611D0F4AE820B8
:1035A00001F0C2FB641C0E2CE8DB002412E0214673
:1035B00008310A4AEA2001F0B7FB21460831074AE0
:1035C000EB2001F0B1FB21460831044AEC2001F068
:1035D000ABFB641C082CEADB10BD0000FFFF000001
:1035E0001CB52D48006C642803D02B48006C78284B
:1035F0000CD12948006C29A1009101902848038C26
:1036000018220021842001F09DFB44E02248006C38
:103610007D21C900884211D11F49086C7D21C90054
:10362000FDF740FF04461FA0019400901C48038C46
:1036300018220021842001F085FB2CE01648006C44
:103640001A49884211D11449086C7D21C900FDF73F
:1036500029FF044616A0019400901148038C1822FB
:103660000021842001F06EFB15E00B48006C12492C
:10367000884210D10849086C7D21C900FDF712FF6E
:1036800004460EA0019400900548038C18220021E6
:10369000842001F057FB1CBD040500202564200098
:1036A000B803002025646B202000000010270000D4
:1036B00025646B2000000000A086010025646B00DB
:1036C0007CB504460DA0019400900D48438C18224F
:1036D0000021084601F036FB09486C30407C05218A
:1036E0000D1A052D09DA07480090635D0C21694326
:1036F00008461822002101F099F97CBD25730000CD
:10370000B8030020FFFF000030B5044604250B205D
:10371000000400F09DF80546042D17D10C480069FF
:10372000022108430A4908610846446100694021B2
:103730000843074908610B20000400F089F805469A
:10374000034800690221884301490861284630BDC9
:103750000020024004200D49C968C907C90F00298B
:1037600001D0012010E00949C96810221140002948
:1037700001D0022008E00549C9680422114000294F
:1037800001D0032000E00420704700000020024028
:10379000034800698021084301490861704700001F
:1037A0000020024078B506460C4604250020009013
:1037B0000B20000400F04CF80546042D24D11348DA
:1037C0000069012108431149086134800B2000047D
:1037D00000F03EF80546042D10D1B01C0090200CDE
:1037E000009908800B20000400F032F805460748D5
:1037F0000069400840000549086105E00348006988
:103800004008400001490861284678BD0020024078
:1038100001460020044A10684008400002460A435E
:103820001046014A106070470020024005480069B8
:1038300080210840002804D003480249486003481A
:10384000486070470020024023016745AB89EFCDF7
:1038500010B503460424FFF77DFF044603E0FFF79D
:1038600079FF04465B1E012C01D1002BF7D1002B00
:1038700000D10524204610BD10B545A006F052F930
:10388000B12189004748FDF73EFE47484549086099
:103890004648474908644749454881820020C0435B
:1038A0004349C88208834448488388830020C04332
:1038B000C883088448840A2008744048394948600D
:1038C00001463848C16484300161843881620167EF
:1038D000943041623A49943881603A4901653A49E5
:1038E0009430416039499438C16236490A39416798
:1038F00037499430816237499438C160364941650F
:10390000364994308160364994380163354981677E
:1039100035499430C1623549943801613449816533
:1039200034499430C1603449943841633349C167A4
:103930003349943001633349943841613249C16558
:103940003249943001613249943881633149001D14
:10395000C1673149903041633049943881610166D3
:10396000943041619438C1634C3081634830816345
:103970002B499438C1614166943081619438016467
:103980004C30C1634830C16307F0C0FA10BD00007D
:10399000466163746F72795F526573746F72650A02
:1039A000000000003801002079563416785639128C
:1039B000B803002018C600005A7E00000AD7A33BB7
:1039C0001219C9428EC5C74234A9C842D5F1C842AE
:1039D00055FCC742288C794479C2784412E7784470
:1039E0001B647944E66879442E78794401B91C4611
:1039F000C4D01B46C9621C4628BC1C4628B61B46C0
:103A0000C7BF1B46FB06C44734ABC2471666C34755
:103A100041D9C347EEF1C24736D2C24700247449A8
:103A20008096184BF3B587B00798002803D1384D1E
:103A3000384C394E16E00798012804D1374D354CE3
:103A4000241D374E0EE00798022804D1354D314C25
:103A50000834354E06E00798032803D1334D2D4C2A
:103A60000C34334E00200690002706E0B800295899
:103A70000698FDF768FD06907F1C642FF6DB28464C
:103A800001F0B8FA04900699FDF7B2FD29490590B6
:103A9000FDF7EFFD0690012189070698FDF7E9FD86
:103AA0000190FEF71AF8490049080591049006991B
:103AB0000898FDF799FD0190FEF70FF849004908B5
:103AC00003910290059B049AFEF730F80ED23078ED
:103AD000401C307030780A2816DD002703E0B9005A
:103AE000089868507F1C642FF9DB0DE000203070CF
:103AF00008982168890068502068401C2060206870
:103B0000642801D300202060069809B0F0BD0000B1
:103B1000580B0020480500200C000020E80C002075
:103B20000D000020780E00200E000020081000205C
:103B30000F0000200000C44270B50546114800681F
:103B4000800011490D500F480068401C0D49086065
:103B500008460068642801D300200860002600247D
:103B600007E0A000084A11583046FDF7ECFC064675
:103B7000641C642CF5DB05493046FDF77AFD0646EA
:103B8000304670BD180000209C1600200000C8427E
:103B900030B503460C46002117E088000D4D28582B
:103BA000984211D100220DE090000B4D2858A04200
:103BB00007D148204843094D45192420504328186F
:103BC00030BD521C022AEFDB491C0329E5D3034810
:103BD000F6E7000008B5000814B50008140200203C
:103BE00030B503460C46002117E088000D4D2858DB
:103BF000984211D100220DE090000B4D2858A042B0
:103C000007D148204843094D45192420504328181E
:103C100030BD521C022AEFDB491C0329E5D30348BF
:103C2000F6E7000008B5000814B50008EC02002013
:103C300030B503460C46002117E088000D4D28588A
:103C4000984211D100220DE090000B4D2858A0425F
:103C500007D148204843094D4519242050432818CE
:103C600030BD521C022AEFDB491C0329E5D303486F
:103C7000F6E7000008B5000814B500083C01002074
:103C800010B500290CD182000D4BD21812680D4BD3
:103C90001A400D4B1A438300094C1B191A600DE0A2
:103CA00001290BD18200064BD2181268054B1A402D
:103CB000064B1A438300024C1B191A6010BD00000A
:103CC000005C00408F8F0000C080000080C00000BA
:103CD000F0B50A4600210023002400BF3DE0012585
:103CE0008D402B4615681D402C469C4234D11579D9
:103CF000012D02D01579022D16D185684F000326BB
:103D0000BE40B543856055794E00B5408668354361
:103D10008560858801268E40B543858085889679A3
:103D20008E40B6B23543858005684F000326BE40FD
:103D3000B543056015794E00B5400668354305600A
:103D4000C5684F000326BE40B543C560D5794E0017
:103D5000B540C6683543C560491C1029BFD3F0BDC6
:103D6000F0B5002300244D07EE0E1546B5402B4656
:103D7000CD10AE0005462035AD594E07F70E0F2683
:103D8000BE40B543CE10B60007462037BD51CD101A
:103D9000AE003D46AD591D432C46CD10AD003E460C
:103DA0007451F0BD0185704781617047002A01D0D0
:103DB000816100E00185704701468800024A801851
:103DC000006880B270470000005C00400146064871
:103DD000006980B2CA008018801C044A80180088DC
:103DE0008005800D70470000405C0040006000408E
:103DF00001460648006980B2CA008018801D044A46
:103E0000801800888005800D70470000405C0040ED
:103E10000060004001460648006980B2CA00801870
:103E2000801D044A801800888005800D70470000BE
:103E3000405C00400060004001460648006980B2D6
:103E4000CA008018801C044A801800888005800DF4
:103E500070470000405C00400060004070B50948B9
:103E6000C46A056B466BA419002C0AD008220649C7
:103E7000204600F009F9042203491031284600F0D9
:103E800003F970BD80F7FF1F6E0000201CB50321F1
:103E9000684601710021C1714020009069460920E7
:103EA000C006FFF715FF1020009069460920C006E4
:103EB000FFF70EFF0820009069460920C006FFF7B3
:103EC00007FF0021684601710121C171C8030090FC
:103ED00069461D48FFF7FCFE01204002009069463C
:103EE0001948FFF7F5FE02216846C171C80100902C
:103EF00069460920C006FFF7EBFE01216846017103
:103F00000021C1718020009069460F48FFF7E0FE54
:103F100001204002009069460920C006FFF7D8FE44
:103F200001208002009069460920C006FFF7D0FEFC
:103F3000012291020920C006FFF738FF01228021EB
:103F40000148FFF733FF1CBD0004004870B506466A
:103F500033480078012860D0324800680121C90246
:103F6000884202D100202F4908602E4800682E495F
:103F70000968884203D100202949087070BD29488A
:103F8000006829490968884207D926480068012144
:103F9000C902081A2549086006E02348006821493B
:103FA0000968401A214908602048006840280ED955
:103FB0001C48008885B240241A48006840301949DE
:103FC00008601A4800684038184908601BE0154826
:103FD000008885B21548008884B2124800681349E9
:103FE000096840180F490860002010490860402CFB
:103FF00002D101200E4908600B480068402802D118
:104000000020094908600120054908700948421943
:10401000234681213046FEF7E1FE00BFAEE70000F7
:10402000F8000020F0000020EC000020F400002048
:10403000E8000020AE19002002A005F073FD00BFCB
:10404000FEE70000486172644661756C745F486108
:104050006E646C65720A000001480249086070478E
:10406000AAAA00000030004010B50446002C05D17B
:1040700020210920C006FFF795FE04E02021092039
:10408000C006FFF791FE10BD30B50B46002100BF02
:1040900012E0040F0A2C04D2040F30344D005C559A
:1040A00003E0040F37344D005C55000100254C003F
:1040B000641C1D554C1CE1B29142EADB30BD00008E
:1040C00008B5F848407A002871D00020F649886089
:1040D000F44809304178F5A005F024FDF148407A14
:1040E000012872D1EF480930407801286ED10121B2
:1040F0000A2006F0D9FEEB480079002812D1E948E1
:104100002C30407C401CC1B2E6482C304174407CCD
:10411000052803DD0021E3482C304174E8A0FFF7B7
:10412000CFFA0DE2DF4800790128FAD1DD48001D01
:10413000807800283CD11F20C00203F02FFAD94814
:10414000001D4078012805D10020D649087104F0EF
:104150000DFCF5E1D348001D4078022803D1002072
:1041600003F0B8F8ECE1CF48001D4078052803D1F2
:10417000002003F021F8E3E1CA48001D4078072839
:1041800008D1D1A0D34B102260210090082000F06C
:10419000D9FDD5E1C348001D40780828C1D106F0FB
:1041A000B5FE0020BF49087104F0E0FBC8E1CAE198
:1041B000BC48001D807802281CD1BA48001DC07878
:1041C000002804D102F0C8FFBAE10AE12FE0B548A7
:1041D000001DC078072805DAB249091DC87802F029
:1041E00093FFADE1AF48001DC078072899D102F0D8
:1041F00063FFA5E1AB48001D8078072809D1FFF7D0
:104200003BFB00F043FD0020A649087104F0AEFB23
:1042100096E1A448001D407814289AD0A148001DBA
:104220004078322895D0AB4803F0B8F988E19D4832
:104230000930407802286BD101210A2006F034FEB3
:1042400098480079002826D1A348006C642804D13E
:104250007D21C900A04801640CE09F48006C7D21CD
:10426000C900884203D19D499B48016402E0642152
:1042700099480164FFF7B4F98A482C30027CE03099
:10428000016C97A005F04EFC934A116CE03A107C4B
:1042900002F000FC54E183480079012886D181486E
:1042A000001D007900288FD17E48001D80780028ED
:1042B00003D1401E04F00EFB42E17A48001D8078D5
:1042C000022803D1C01E03F005F839E17548001D2E
:1042D0008078032802D104F07BF931E17148001D98
:1042E0008078042803D1401F03F0B4FE28E16D4814
:1042F000001D8078052803D1801F02F05DFF1FE1BB
:104300006848001D8078072890D104F031F917E142
:10431000644809304078042888D101210A2006F039
:10432000C3FD6048007900281ED15E482C30007C17
:104330000A2804D103215B482C30017403E00A21D0
:1043400058482C30017457482C30027CE030016C06
:1043500063A005F0E7FBFEF7CBFF5F4A116CE03A84
:10436000107C02F097FBEBE04E480079012891D1D8
:104370004C48001D007900288CD14A48001D8078E7
:10438000002803D1012004F0A5FAD9E04548001D1A
:104390008078022803D1012002F09CFFD0E0414840
:1043A000001D8078032802D104F012F9C8E03D48CE
:1043B000001D8078042803D1012003F04BFEBFE0EC
:1043C0003848001D8078052803D1012002F0F4FE52
:1043D000B6E03448001D8078072801D104F0C8F801
:1043E000AEE03048407AFE285AD101210A2006F07A
:1043F0005BFD2C480930407801280ED10220294964
:104400000871002000F0D8F939A0324B2022332166
:104410000090572000F096FC92E022480930407846
:1044200002281DD11F480079012818D01D48001D01
:104430000079002813D11B484038007B002801D1A7
:10444000012000E0002017494039087306F05EFDA6
:1044500014494039087B00F0A0F904F087FA6FE0B6
:1044600010480930407804280ED10E480079012800
:1044700066D00C48001D0079002861D1012009494F
:10448000087102F0EDFF5BE006480930407806282D
:1044900056D1194B194A1A491A4804F01EFE4FE02A
:1044A00032E00000F8030020541200205379732EEC
:1044B0004B65792E56616C75653A25640A000000DB
:1044C00051504C4352000000BBD6B8B4B3F6B3A76A
:1044D00020B7F100FFFF00000405002010270000B6
:1044E000467265713A256420416D703A25640A0070
:1044F000B9D8BBFA000000009000002004010020A1
:1045000050000020601200200F48407AFF2817D189
:104510000D4809304078012812D17D20C00005F0F7
:10452000EFFE0121FF20F53006F0BEFC07A005F0EC
:10453000F9FA0022012189020920C006FDF738FF9F
:1045400000200149487208BDF8030020506F7765CC
:1045500072204F66660A000070B500240121C9036D
:104560003048FDF71CFF002801D101200443FF2142
:1045700001310920C006FDF712FF002801D00220FA
:104580000443012149022748FDF709FF002801D112
:104590000420044320462449097848400646264022
:1045A0002046704020490978484005461E4804705E
:1045B000002E04D000201D4908801D4908701A48AB
:1045C0000078002815D0194801880088401C174A37
:1045D00010805A290DDD16480078002809D10120E5
:1045E00013490870FE20134948720F4800780931BA
:1045F0004870002D15D00F48093045700B480088D1
:10460000022807DD094800885A2803DA01200949F1
:10461000487206E0054800885A2802DDFF20054957
:10462000487270BD000400483200002030000020B5
:104630002E000020F8030020FFB583B014461D466D
:10464000002629786D1C0802009028786D1C0099BE
:104650000843009055E0B0002D4909580098814268
:104660004ED1102C04D170012A494018019003E06A
:10467000F00129494018019004980019431E03983D
:104680000019421E0499039800F084F90F210902D1
:10469000224802F0A1FA0020029022E000271BE04D
:1046A00002990198405C802139410840002809D0D6
:1046B0001A490C98888100BF184806F0A9FD002807
:1046C000FAD008E000201549888100BF134806F0A1
:1046D0009FFD0028FAD07F1C082FE1DB0298401CC8
:1046E0000290214661430846C917490F0918CA10AC
:1046F00002998A42D2DC07210902084802F06CFACA
:10470000761CB000024908580028A4D107B0F0BDBB
:104710001CB5000800E3000880B600080030014026
:10472000FFB582B0064615461C460B9F002001903F
:104730002EE00198002820D12078802802DD012079
:10474000019025E0502D0AD120782E2801D1361F66
:1047500005E020462038C07F2E2800D11A3E009761
:1047600023782A463046039900F060F92846E90F7D
:10477000091849108E19641C0AE000200190234694
:104780002A46009730460399FFF756FF7619A41C76
:1047900020780028CDD106B0F0BD10B504463620F3
:1047A00000F034FA002C03D1702000F04BFA02E044
:1047B000A02000F047FA10BD18B504468623EF226A
:1047C00000210846009400F001F818BDF8B5044631
:1047D0000D4616461F463B4632462946204600F007
:1047E000D9F80F210902104802F0F6F900200090D4
:1047F0000BE00D490698888100BF0B4806F008FDC4
:104800000028FAD00098401C0090301B401C791BF7
:10481000491C484300998842EBDC07210902024801
:1048200002F0DAF9F8BD0000003001401CB580202C
:10483000009001216846017100218171C17103213D
:10484000417169465148FFF743FA102000906946CC
:104850004E48FFF73DFA0120C00300906946092049
:10486000C006FFF735FA4020009069464748FFF739
:104870002FFA0120C0030921C90688610221684678
:1048800001710820009069464048FFF721FA202076
:10489000009069463D48FFF71BFA02F0A9F9402055
:1048A0003A498861012005F02BFD4020374920312D
:1048B00008810A2005F024FD4020344988617820D1
:1048C00005F01EFD112000F0A1F9782005F018FD7B
:1048D0002F49087BFFF761FF3A2000F097F9052088
:1048E00000F0B0F9B22000F091F90C2000F0AAF924
:1048F0000C2000F0A7F9002000F0A4F9332000F00C
:10490000A1F9332000F09EF9C02000F07FF92C209F
:1049100000F098F9C22000F079F9012000F092F936
:10492000B72000F073F9352000F08CF9BB2000F0BF
:104930006DF9192000F086F9C32000F067F9122004
:1049400000F080F9C42000F061F9202000F07AF92D
:10495000C62000F05BF90F2000F074F9D02000F0C1
:1049600055F9A42000F06EF9A12000F06BF9084879
:10497000807B002803D0202000F048F902E02120AD
:1049800000F044F9292000F041F91CBD0004004862
:10499000B8030020F0B504460D4616461F462248CF
:1049A000007B00281DD12A2000F030F92146283153
:1049B00088B200F055F93146283188B200F050F93C
:1049C0002B2000F023F92946353188B200F048F950
:1049D0003946353188B200F043F92C2000F016F941
:1049E00020E01148007B01281CD12A2000F00EF99C
:1049F0002146283188B200F033F93146283188B297
:104A000000F02EF92B2000F001F92946343188B24C
:104A100000F026F93946343188B200F021F92C2013
:104A200000F0F4F8F0BD0000B8030020FFB5174611
:104A30001E46102F01D0182F03D130462038C6B2A1
:104A40000BE0202F02D1F01BC6B206E0202E01D1D0
:104A5000002602E030462C38C6B2102F23D1019B2D
:104A60000F33009AD21D01990098FFF793FF00249D
:104A700016E0002511E030015F494018005D8021FB
:104A800029410840002804D0099988B200F0E8F8CC
:104A900002E0002000F0E4F86D1C082DEBD3641C4C
:104AA000102CE6D3A7E0182F2CD1019B1733009AC6
:104AB0000B3201990098FFF76DFF00241FE00025DD
:104AC00019E0E007C00F002802D0032D00D914E040
:104AD0003020704349494018005D80212941084039
:104AE000002804D0099988B200F0BAF802E000204A
:104AF00000F0B6F86D1C082DE3D300BF641C302C09
:104B0000DDD378E0202F38D1019B1F33009A0F327C
:104B100001990098FFF73EFF0F210902384802F083
:104B20005BF8002421E000251CE0B0013549401865
:104B3000005D802129410840002809D030490998AA
:104B4000888100BF2E4806F063FB0028FAD008E0F9
:104B500000202B49888100BF294806F059FB002816
:104B6000FAD06D1C082DE0D3641C402CDBD3072148
:104B70000902234802F030F83DE0502F3BD1019B61
:104B80004F33009A273201990098FFF703FF0F2156
:104B900009021B4802F020F8002423E000251EE053
:104BA000FF209130704318494018005D8021294151
:104BB0000840002809D012490998888100BF104890
:104BC00006F026FB0028FAD008E000200C49888176
:104BD00000BF0B4806F01CFB0028FAD06D1C082D06
:104BE000DED3641CFF2091308442D7D30721090211
:104BF000034801F0F1FFFFBD20EE000810F40008AB
:104C000000300140E00501088025010800B5034699
:104C10000120C0030849088110200849088108487C
:104C2000037300BF064806F0F3FA0028FAD01020FC
:104C300002492039886100BD200000482004004856
:104C40000030014000B503460448037300BF034829
:104C500006F0DEFA0028FAD000BD00000030014066
:104C600000B5034618120849087300BF064806F04D
:104C7000CFFA0028FAD004490B7300BF024806F0AF
:104C8000C7FA0028FAD000BD0030014000B5064840
:104C9000807B002803D02020FFF7B8FF02E021200E
:104CA000FFF7B4FF00BD0000B8030020FFB50646C3
:104CB0000F463B464F3332461F3239463046FFF7E8
:104CC00069FE0F210902174801F086FF00241FE04A
:104CD00000251AE00398005D802129410840002842
:104CE00009D010490298888100BF0E4806F090FA5A
:104CF0000028FAD008E000200A49888100BF09484E
:104D000006F086FA0028FAD06D1C082DE2DB641C40
:104D1000FF2041308442DBDB07210902014801F01A
:104D20005BFFFFBD0030014070B504460D461646DE
:104D30002B46224629462046FFF72CFEB0B2FFF74D
:104D40008FFF70BDF0B5A3B005460E4617461C4652
:104D500029A80290802103A8029B289A04F006FF4C
:104D60000020029003AB3A46314628460094FFF7F4
:104D7000D7FC23B0F0BD000008B51F480068401CF8
:104D80001D49086008460068312805DD00200860DC
:104D900000F046F8FEF7CCFA02F054FC17488168A0
:104DA0001748C07B3C225043814223D915A004F010
:104DB000B9FE02201249403108710020FFF7FCFCC7
:104DC00014A0164B2022332100905720FFF7BAFF82
:104DD0007D20C00005F094FA0121FF20F53006F097
:104DE00063F80022012189020920C006FDF7E0FADC
:104DF00000BFFEE708BD00000400002054120020A0
:104E0000B80300204175746F20506F776572204F92
:104E100066660A00B9D8BBFA00000000FFFF000078
:104E200070B56F48407800282DD06D484068401C10
:104E30006B49486008464068072824D808464068FF
:104E4000062821D90846403841690020FEF7EAFDCE
:104E5000014663484078401E8200624881506049A4
:104E60004978491E8A0001468858FCF736FE0446F8
:104E700022460B465CA004F055FE012058490C392F
:104E80000873FDF7DDFCAAE055484068052820D9E5
:104E90005348403841690020FEF7C4FD01465048A0
:104EA0004078401E82004F48483881504C4949782C
:104EB000491E8A0001468858FCF70FFE0446224628
:104EC0000B4649A004F02EFE49490A2001F0E2FDFC
:104ED00085E043484068042821D941484038416969
:104EE0000020FEF79FFD01463D484078401E8200AD
:104EF0003C48903881503A494978491E8A00014619
:104F00008858FCF7EAFD044622460B4636A004F01A
:104F100009FE7D21C9000A2001F0BCFD5FE0304898
:104F2000406803281BD92E48403841690020FEF70D
:104F300079FD06463046FCF7D0FD044622460B4676
:104F400029A004F0EFFD26484078401E8100254846
:104F5000243846506421032001F09CFD3FE02048A6
:104F6000406802281BD91E48403841690020FEF7DE
:104F700059FD06463046FCF7B0FD044622460B4676
:104F800019A004F0CFFD16484078401E8100154856
:104F90006C3846501649032001F07CFD1FE0104894
:104FA000406801281BD90E48403841690020FEF7AF
:104FB00039FD06463046FCF790FD044622460B4676
:104FC00009A004F0AFFD06484078401E8100054866
:104FD000B43846507D21C900032001F05BFD70BD4F
:104FE000C4110020F0010020523A25660A0000009A
:104FF00010270000F8B5044627682668002510E051
:10500000A80021583846FCF7C1FD01D2A800275856
:10501000A80021583046FCF7C3FD01D2A80026584D
:105020006D1C642DECDB31463846FCF78CFAF8BD7C
:1050300010B598B0FB48007B002806D101F064F859
:105040000121F84801738172FDE3F648007B0128D5
:1050500002D1FDF717F8F7E7F248007B022848D1A4
:105060000020169017E016984100EE481C30415A77
:1050700008460D91FCF7DBFC01461698C200EA4891
:105080008150002116984000401C8200E648815063
:105090001698401C169016988028E4D3012300220D
:1050A000E149E248FBF7F1FC8022E149DE48FBF7E9
:1050B00049F80020DE495439486516AB14AA40214E
:1050C000DB48FBF771FD1698C100D7484158D94815
:1050D000016016984000401C8100D3484058D649D2
:1050E000086000F0F7FE0321CE48017301218172B0
:1050F000AAE7CC48007B032802D1FCF7C3FFA3E753
:10510000C848007B04289FD10020169017E016980D
:105110004100C4481C30415A08460D91FCF787FCF9
:1051200001461698C200C0488150002116984000E0
:10513000401C8200BC4881501698401C169016985E
:105140008028E4D301230022B749B848FBF79DFC2F
:105150008022B749B448FAF7F5FF0020B449543922
:10516000486516AB13AA4021B148FBF71DFD169800
:10517000C100AD484058B149086016984000401C35
:105180008100A9484058AE490860AA480168AA4869
:10519000006805F03BFDAB490C90FCF72DFAAA49DD
:1051A0000D90FCF766FA1290A4480168A4480068C4
:1051B00005F02CFDA3490C90FCF71EFAA2490D90B6
:1051C000FCF757FA119011991298FCF70DFA9F49C4
:1051D00048620846416A0D919A490D98FCF7E0FC37
:1051E00008D29A48406A9A490D90FCF7FDF9974910
:1051F00048620EE09548406A96490D90FCF7C6FC5F
:1052000007D29248406A92490D90FCF79CF98F4969
:1052100048628448407B9049085C0B90FCF707FC8F
:105220000D908048807B8C49085C0990FCF7FFFB5F
:105230000B907C48C07B41008848405A0990FCF79D
:10524000F6FB0A900B99FCF7D7F90C900D99FCF737
:1052500010FA15907A4801680068FCF7CDF90B90B8
:10526000764801680068FCF7C7F90A900B99FCF7CB
:105270006AF90D90724801686E480068FCF7BCF945
:105280000A906E4801686C480068FCF7B5F909900F
:105290000A99FCF7A9F90B901599FCF7ADF90C9058
:1052A0000D99FCF7E6F969490862654801680068EC
:1052B000FCF7A2F90B90614801680068FCF79CF9C3
:1052C0000A900B99FCF73FF90D905D4801685A4828
:1052D0000068FCF791F90A90584801685548006841
:1052E000FCF78AF909900A99FCF72DF90B901599AA
:1052F000FCF782F90C900D99FCF7BBF95349486112
:1053000049485438016C08460A91FCF790FB54490F
:105310000B90FCF771F90C904C48806A01460B9099
:105320000C98FCF769F901460D904E48FCF7A1F97D
:10533000464988613C485438016C08460A91FCF79C
:1053400076FB47490B90FCF757F90D903F48806A70
:1053500001460B904448FCF74FF90C900D99FCF76F
:1053600088F93A49C8612F48407C042803D108468F
:105370004069C86222E03548406901460D9000202E
:10538000FEF750FB3149C8620846816901200D9142
:10539000FEF748FB2D4908630846C16902200D91BC
:1053A000FEF740FB294948630846016A8162416A69
:1053B00003200D91FEF736FB244988631948007CD1
:1053C0000D9019485438016C0C910D990C98FEF70A
:1053D0002FFC1090109801681C480D91C16A0C9127
:1053E0000D990C98FCF700F91849C86210984168AB
:1053F00016480D91C16A0C910D990C98FCF7C6FBEB
:1054000036D21098416811480C91C16A0B910C99E1
:105410000B98FCF72EF915490D90FCF7EDF80B49A8
:10542000C862FCE02404002058050020443E010826
:10543000580900201C00002020000020240000202B
:105440002800002000003443DB0F49408411002075
:105450000000B443000034C3FCB4000804B50008E5
:10546000DB0FC940286B6ECE002474490000C8428F
:1054700010988168FC480D91C16A0C910D990C98A7
:10548000FCF784FB21D2109841680A918168099148
:105490000A990998FCF7A8F80C90109840680990B0
:1054A000F148C06A08900999FCF79EF8EF490A9004
:1054B000FCF7A2F80B900C99FCF7DBF8EC490D9087
:1054C000FCF741F8E849C862A9E01098C168E648CD
:1054D0000D91C16A0C910D990C98FCF757FB21D2E4
:1054E000109881680A91C16809910A990998FCF796
:1054F0007BF80C90109880680990DB48C06A08908F
:105500000999FCF771F8DB490A90FCF775F80B90E4
:105510000C99FCF7AEF8D8490D90FCF714F8D24975
:10552000C8627CE010980169CF480D91C16A0C9166
:105530000D990C98FCF72AFB21D21098C1680A91AA
:10554000016909910A990998FCF74EF80C90109896
:10555000C0680990C448C06A08900999FCF744F8EB
:10556000C6490A90FCF748F80B900C99FCF781F8B3
:10557000C3490D90FBF7E7FFBB49C8624FE01098A5
:105580004169B9480D91C16A0C910D990C98FCF7CD
:10559000FDFA22D2109801690A91416909910A998C
:1055A0000998FCF721F80C9010980169AE48099110
:1055B000C16A089109990898FCF716F8B1490A9050
:1055C000FCF71AF80B900C99FCF753F8AE490D90C4
:1055D000FBF7B9FFA449C86221E0109841690A911C
:1055E000816909910A990998FBF7FEFF0C901098C0
:1055F00041699D480991C16A089109990898FBF78A
:10560000F3FFA2490A90FBF7F7FF0B900C99FCF708
:1056100030F89F490D90FBF796FF9349C8629D496A
:105620009D4841629D4981629D49C1629D490163D6
:105630008F494163904981639149C16392490164F3
:10564000994941649349C166944901679449416706
:10565000944981678649C167874948308163884991
:10566000C163894901648A4941648A494830416279
:105670008A4981628A49C1628A4901637C494163DE
:105680007D4981637E49C1637F49016480494164EA
:105690008049EC38C16581495C3041608049816056
:1056A0008049C160724901617349416174498161F6
:1056B0007549C16176490162764981647749C1645F
:1056C0007749016577494165694981656A49C165DD
:1056D0006B4901666C4941666D4981666D49803050
:1056E00001616E49103041606D4981606D49C16052
:1056F0005F49016160494161614981616249C161FC
:1057000063490162FF308130007C0D906748016C75
:105710000C910D990C98FEF73BFA0F900F980168C9
:1057200051480D91016B0C910D990C98FCF72EFAD4
:1057300019D20F9801684C480891016B079108999C
:105740000798FBF796FF0990FCF7C7F9584A594BA1
:105750000B910A90FCF780F80D910C90FCF7FAF988
:1057600041490863EAE10F9841683F480D91016B98
:105770000C910D990C98FCF709FA33D20F98016837
:1057800004914168039104990398FBF72DFF05905C
:10579000FCF7A3F9099108900F980168324802912B
:1057A000016B019102990198FBF71EFF0390FCF732
:1057B00094F9414A414B05910490FCF74DF807914B
:1057C0000690099B089AFCF7AFF8394A394B0B91C0
:1057D0000A90FBF78DFF0D910C90FCF7BBF9224965
:1057E0000863ABE10F9881681F480D91016B0C9124
:1057F0000D990C98FCF7CAF96AD20F984168049188
:105800008168039104990398FBF7EEFE0590FCF77D
:1058100064F9099108900F98416813480291016B4F
:10582000019102990198FBF7DFFE0390FCF755F90F
:10583000234A244B05910490FCF70EF8079106903B
:10584000099B089A00E0A0E2FCF76EF81E4A1F4B85
:105850000B910A90FBF74CFF0D910C90FCF77AF935
:10586000014908636AE133E08411002000006144CB
:105870000000C84200A00C4600007A4400C8AF47B0
:1058800000401C4600BA5B490050C3474054094BD6
:1058900000247449D0613E3C1402002058CBDD3D09
:1058A000342B8D3F00002041000C78490405002076
:1058B0007B14AE47E17A843F0AD7A3703D0AB73F15
:1058C000CDCCCCCCCCCCEC3F9A9999999999B93F55
:1058D0000F98C168FE480D91016B0C910D990C98C1
:1058E000FCF754F923D20F9881680A91C168099195
:1058F0000A990998FBF778FE0C900F988168F44894
:105900000991016B089109990898FBF76DFEF1491F
:105910000A90FBF771FE0B900C99FBF7AAFE7F2112
:10592000C9050D90FBF70FFEE949086306E10F98E2
:105930000169E7480D91016B0C910D990C98FCF7EA
:1059400025F922D20F98C1680A91016909910A9933
:105950000998FBF749FE0C900F98C168DC48099143
:10596000016B089109990898FBF73EFEDA490A9005
:10597000FBF742FE0B900C99FBF77BFED7490D908D
:10598000FBF7E1FDD2490863D8E00F984169D048A0
:105990000D91016B0C910D990C98FCF7F7F822D240
:1059A0000F9801690A91416909910A990998FBF7D1
:1059B0001BFE0C900F980169C5480991016B089175
:1059C00009990898FBF710FEC5490A90FBF714FEE9
:1059D0000B900C99FBF74DFEC2490D90FBF7B3FD00
:1059E000BB490863AAE00F988169B9480D91016B22
:1059F0000C910D990C98FCF7C9F822D20F984169C7
:105A00000A91816909910A990998FBF7EDFD0C90BB
:105A10000F984169AE480991016B0891099908985E
:105A2000FBF7E2FDB0490A90FBF7E6FD0B900C99FD
:105A3000FBF71FFEAD490D90FBF785FDA4490863F8
:105A40007CE00F98C169A2480D91016B0C910D99F2
:105A50000C98FCF79BF822D20F9881690A91C169D2
:105A600009910A990998FBF7BFFD0C900F9881697D
:105A700097480991016B089109990898FBF7B4FDC3
:105A80009B490A90FBF7B8FD0B900C99FBF7F1FDD1
:105A900098490D90FBF757FD8D4908634EE00F982C
:105AA000016A8B480D91016B0C910D990C98FCF7D4
:105AB0006DF822D20F98C1690A91016A09910A9979
:105AC0000998FBF791FD0C900F98C16980480991E6
:105AD000016B089109990898FBF786FD86490A90A1
:105AE000FBF78AFD0B900C99FBF7C3FD83490D90E2
:105AF000FBF729FD7649086320E00F98C1690A91F8
:105B0000016A09910A990998FBF76EFD0C900F98AC
:105B1000006A09906E48006B08900999FBF764FDD4
:105B200075490A90FBF768FD0B900C99FBF7A1FDF6
:105B300073490D90FBF707FD654908637148007CC8
:105B40000D907048E030016C0C910D990C98FEF7A7
:105B500047F80E900E9801685D480D91416B0C91CD
:105B60000D990C98FBF740FD594948630846416B75
:105B700001915E490198FBF73FFD02905448006B8C
:105B8000014601900298FBF774FD0390FBF7A5FF17
:105B90004900490805910490FBF7DCFF079005F0E8
:105BA00021FB08904A48C06A014607900898FBF715
:105BB00060FD0990FBF791FF490049080B910A909D
:105BC000FBF7C8FF0D90FDF7B7FF4149C8634D488B
:105BD000E030006C7D21C90088424ED14948007CEC
:105BE0000A28FAD147482038808E01210903091A72
:105BF00044482038408E081A32283FDD4148407B17
:105C000002283BDA3F48407C002803D03D48407CD6
:105C10000528E2D13C482E49C8623C492C48016322
:105C2000002141633748407B3949085C0790FBF706
:105C300019FF0B910A9033482038408E31492039A2
:105C4000C98E401A0390FBF7F9FE324A324B059198
:105C50000490FBF701FE0022304B07910690FBF702
:105C600063FE099108900B9B0A9AFBF75DFE0D916C
:105C70000C90FBF76FFF1649886280E021482038BE
:105C8000808E01210903091A1E482038408E081A07
:105C90003121C943884267DA1A48407B022863DA17
:105CA0001848407C002803D01648407C052866D15F
:105CB00015480749C8621549054801637F21C90590
:105CC00041631048407B1249085C079028E00000BF
:105CD00084110020000010410000B4420000204167
:105CE000000061440000C84200A00C4600007A4455
:105CF00000C8AF4700401C4600BA5B490050C3478C
:105D0000002474492404002000409A440070B145E6
:105D1000FCB400086666666666660A400000B0402D
:105D2000FBF7A0FE0B910A901948C18E808E081ACD
:105D30000390FBF783FE174A174B05910490FBF77E
:105D40008BFD0022154B07910690FBF7EDFD0991A5
:105D500008900B9B0A9AFBF7E7FD0D910C90FBF75F
:105D6000F9FE0F4988620AE00948418E808E0818C2
:105D7000C10F0D900818C003010C0548C186FCF73F
:105D8000BBF9002102482030017318B010BD00009B
:105D9000040400206666666666660A400000B0403D
:105DA000841100207047000000218278002A27D04B
:105DB000184A03231B02D21803789B109B00D1586A
:105DC00002789207D30EFF229A400B46934319465E
:105DD00042789207120E03789B07DB0E9A4011431C
:105DE0000C4A03231B02D21803789B109B00D1504E
:105DF0000278D306DB0E01229A40064B1A6007E0B8
:105E00000278D306DB0E01229A40024B80331A60DF
:105E10007047000000E100E010B5002819DA1A4AC6
:105E200003071B0F083B9B089B00D2588307DC0E1F
:105E3000FF23A3409A438B071B0E8407E40EA34065
:105E40001A43114B0407240F083CA408A4001A515C
:105E500018E00E4A03231B02D21883089B00D25875
:105E60008307DC0EFF23A3409A438B071B0E840796
:105E7000E40EA3401A43054B032424021B19840893
:105E8000A4001A5110BD00001CED00E000E100E08C
:105E900070B50446002505E06D1C0A212046FBF77D
:105EA00017FB0446002CF7D1284670BD70B5561C70
:105EB0007510064E8C192B4605E026880680A41C1A
:105EC000401C401C5B1E002BF7D170BD00600040E1
:105ED0007047000010B50549897B0901152252025F
:105EE0001143084600F0A0F810BD00002404002073
:105EF00010B504464A48807B012803D04848807B7F
:105F000004283CD1AF20800084421ADA4448807BC8
:105F1000072809DA4248807B401CC1B2404881739F
:105F2000FFF7D8FF002010BD3D48C07B002863D19B
:105F300001213B48C1730146C87BFEF795F800205C
:105F4000F1E73848844257DD3548807B002809DD79
:105F50003348807B401EC1B231488173FFF7BAFFDE
:105F60000020E0E72E48C07B012845D100212C48C5
:105F7000C1730146C87BFEF777F80020D3E7E12024
:105F8000800084421ADA2648807B072809DA2448F0
:105F9000807B401CC1B222488173FFF79BFF002029
:105FA000C1E71F48C07B002826D101211C48C173CE
:105FB0000146C87BFEF758F80020B4E71948844230
:105FC0001ADD1748807B002809DD1548807B401EBC
:105FD000C1B213488173FFF77DFF0020A3E710488B
:105FE000C07B012808D100210D48C1730146C87B40
:105FF000FEF73AF8002096E70948C07B01280CD14B
:106000000748807B012808DA00210548C173014652
:10601000C87BFEF729F8002085E7012083E7000010
:10602000240400206C07000070B5054601211248C9
:10603000FDF7B8FE002417E00120C00320412840EE
:10604000002804D002210C48FDF7AEFE03E0022137
:106050000948FDF7A7FE04210748FDF7A5FE042126
:106060000548FDF79FFE641C102CE5DB012102486A
:10607000FDF79AFE70BD0000000400481CB5012128
:106080006846017100218171032141710021C171B4
:106090000120009069461A48FDF71AFE01211848B0
:1060A000FDF782FE0420009069461548FDF710FEBA
:1060B00004211348FDF776FE02200090694610483F
:1060C000FDF706FE02210E48FDF76CFE2020009031
:1060D00069460920C006FDF7FBFD20210920C00606
:1060E000FDF760FE0021074841738173C17300F022
:1060F0000BF8FFF7EFFE0349C87BFDF7B5FF1CBDAA
:10610000000400482404002010B50549497B09011A
:10611000152252021143481C00F052F810BD000035
:106120002404002010B504462348407B012803D0F6
:106130002148407B04281AD1AF208000844209DA2C
:106140001D48407B401CC1B21B484173FFF7DCFF78
:10615000002010BD194884422CDD1748407B401EAA
:10616000C1B215484173FFF7CFFF0020F1E7E120EE
:10617000800084420DDA1048407B07281ADA0E4866
:10618000407B401CC1B20C484173FFF7BDFF0020AB
:10619000DFE70A4884420DDD0748407B002809DD1F
:1061A0000548407B401EC1B203484173FFF7ACFF76
:1061B0000020CEE70120CCE7240400206C0700007B
:1061C00070B5054601211248FDF7ECFD002417E0EB
:1061D0000120C00320412840002804D002210C489F
:1061E000FDF7E2FD03E002210948FDF7DBFD042194
:1061F0000748FDF7D9FD04210548FDF7D3FD641CD0
:10620000102CE5DB01210248FDF7CEFD70BD00003A
:1062100000040048002905D0054A52690243044B96
:106220005A6104E0024A52698243014B5A61704745
:1062300000100240002905D0054AD2690243044BF0
:10624000DA6104E0024AD2698243014BDA617047A5
:1062500000100240002905D0054A12690243044B90
:106260001A6104E0024A12698243014B1A617047C5
:1062700000100240002905D0054A92690243044BF0
:106280009A6104E0024A92698243014B9A61704725
:1062900000100240002905D0054AD2680243044B91
:1062A000DA6004E0024AD2688243014BDA60704748
:1062B00000100240FEB50446002500260020029092
:1062C000019000900027864840680C210840054650
:1062D000002D06D0042D07D0082D08D00C2D2CD170
:1062E00028E0804820602BE07E48206028E07C4841
:1062F00040680F2189040840064679484068032118
:10630000C90308400290B00C861C0298002803D1F3
:106310007548374647430BE07148C06A0007000FD5
:10632000401C01906F480199FBF7BCF87043074689
:10633000276005E06D48206002E06A48206000BFE9
:1063400000BF67484068F021084005462D096848AD
:10635000405D009020680099C840606060484068D7
:1063600007210902084005462D0A6148405D00905A
:1063700061680098C140A1605948006BFF2101315C
:106380000840884202D05B48E0600DE05448406815
:10639000012189030840884203D0A0684008E060DA
:1063A00002E0A0688008E0604D48006B4021084092
:1063B000402802D05048206102E00120C003206143
:1063C0004748006B10210840102802D04548606102
:1063D00001E0206860614248006B8007800F002860
:1063E00002D1A068A06119E03D48006B8007800FD2
:1063F000012802D12068A06110E03948006B8007B5
:10640000800F022802D18003A06107E03448006BAE
:106410008007800F032801D13248A0613048006B0B
:10642000032109040840002802D1A068E06120E0AF
:106430002B48006B0321090408400121090488420C
:1064400002D12068E06114E02548006B03210904B3
:10645000084001214904884202D18010E06108E02F
:106460001F48006B032109040840884201D11D48E0
:10647000E0611B48006B032189040840002802D119
:10648000A068206220E01648006B032189040840C0
:1064900001218904884202D12068206214E010485A
:1064A000006B0321890408400121C904884202D1FC
:1064B0000011206208E00A48006B032189040840AB
:1064C000884201D1074820620548006B80210840BE
:1064D000802802D00548606200E06762FEBD0000CF
:1064E0000010024000127A0000093D00006CDC023E
:1064F000A4000020809FD5001280000010B5024645
:106500000021002300205111002902D10C4C2368E6
:106510000BE0012902D10A4C236A06E0022902D1CC
:10652000074C636A01E0064C636BD106C90E012477
:106530008C401C40002C01D0012000E0002010BD48
:1065400000100240024840680C21084070470000DB
:1065500000100240002807D00749096801221206EE
:106560001143054A116006E0034909680122120639
:106570009143014A1160704700100240074A526877
:106580007B23DB039A43054B5A601A465268034645
:106590000B431A43014B5A60704700000010024041
:1065A00001460020044A50688008800002460A43E1
:1065B0001046014A50607047001002400549096BBF
:1065C00080229143034A11631146096B0143116311
:1065D000704700000010024030B50546072D01D07D
:1065E0003148057030480078030003F007FB0805C8
:1065F000131C222E3B5556542C480068002805D108
:1066000000F058F806202849087002E005202649C5
:10661000087046E000F04EF804202349087001207D
:10662000224908603DE002201F494870032008709D
:1066300037E01D484078401E1B49487008464078A6
:10664000002801D1042008702BE01948006884B2AA
:1066500010200443164804600520134908700A20DE
:1066600048701EE010484078401E0F4948700846A8
:10667000407800280ED10E48006884B210212046D0
:10668000884304460A480460062007490870002031
:106690000649086005E000BF00BF062002490870F7
:1066A00000BF00BF30BD0000880000208C0000202B
:1066B000405C00400649096888B2042201469143C3
:1066C000084603490860BF210902014A116070476A
:1066D000405C0040002904D0028840231A43028015
:1066E00003E00288014B1A4002807047BFFF0000A0
:1066F00010B500220288C1239B011A400B88CC8967
:106700002343CC8823430C8923434C8923438C891E
:1067100023431A4302808288084B1A408B881A430D
:1067200082800B8A03820288054B1A404B881A43E9
:106730000280838B034C2340838310BDFFF0000055
:10674000FBFF0000FFF70000704700000249014016
:10675000024A116170470000F8FF0000405C0040F1
:106760000149086070470000405C004030B54B10A4
:106770005B000A4C2469A4B2C5006419084D641971
:10678000238053105C00054B1B699BB2C5005B194D
:106790001B1D034D5B191C8030BD0000405C004098
:1067A0000060004070B50346002921D12E480069E1
:1067B00080B2DD004019801C2C4D44193E2A0CDDAE
:1067C0005011D506ED0E002D01D1451EA8B285024F
:1067D0000126F6033543258009E05010D507ED0F5B
:1067E000002D01D0451CA8B285062D0C25800AE09D
:1067F000012908D11C48006980B2DC000019801C06
:106800001A4C00190280002921D11748006980B272
:10681000DD004019801D154D44193E2A0CDD501134
:10682000D506ED0E002D01D1451EA8B28502012628
:10683000F6033543258009E05010D507ED0F002DF4
:1068400001D0451CA8B285062D0C25800AE001293F
:1068500008D10548006980B2DC000019801D034C96
:106860000019028070BD0000405C004000600040E4
:106870008100074A8918096892151143054A114099
:10688000054A11438200024BD21811607047000084
:10689000005C00408F8F00008080000010B54A101F
:1068A0005300054A126992B2C4001219121D034C1A
:1068B0001219138010BD0000405C004000600040D1
:1068C00030B502461048006980B2D4000019801D1E
:1068D0000E4C03193E290CDD4811CC06E40E002CA9
:1068E00001D1441EA0B284020125ED032C431C807B
:1068F00009E04810CC07E40F002C01D0441CA0B2E2
:106900008406240C1C8030BD405C004000600040C8
:1069100030B583000F4C1B191B680F4C23401A46DF
:1069200001231B030B40002B02D001231B035A4001
:1069300001235B030B40002B02D001235B035A4071
:106940000123DB031343802423438400014D641996
:10695000236030BD005C00408FBF000010B54A10BE
:106960005200044B1B699BB2C4001B19024C1B193B
:106970001A8010BD405C004000600040044A12696B
:1069800092B2C300D218921C024BD21811807047E9
:10699000405C00400060004030B583000D4C1B1986
:1069A0001B680D4C23401A4610230B40002B01D0CE
:1069B00010235A4020230B40002B01D020235A40A3
:1069C0000123DB031343802423438400014D641916
:1069D000236030BD005C0040BF8F000010B5820016
:1069E000054BD2181268054B1A400A438300024C2B
:1069F0001B191A6010BD0000005C00408F89000068
:106A00000149486070470000405C00400CB5002020
:106A10000190009011201D4908601D4840681C49E4
:106A20004860084640684860084640687F21C903BE
:106A3000884317494860084640680521C90408434F
:106A400013494860084600680121090608431049B7
:106A5000086000BF0E480068012149060840002870
:106A6000F8D00B4840688008800009494860084613
:106A70004068022108430649486000BF0448406856
:106A80000C2108400828F9D10CBD0000002002406C
:106A90000010024070B504460D4612480474E03000
:106AA0000564006C642804D181010E48E030C163A4
:106AB00010E00C48E030006C7D21C900884204D110
:106AC00081010848E030C16304E07D2149020548A6
:106AD000E030C16300F008F8FCF72EFBFBF7AEFBDB
:106AE00070BD000024040020F0B58BB000245CE0F1
:106AF0003048007C0A2828D12046FAF78DFF2E491D
:106B00000090FAF779FD2D490190FAF7B2FD07469A
:106B1000FAF7E3FF0391029004F016FB0022284BE2
:106B200005910490FAF798FE0546264A264BFAF797
:106B300093FE0022224B07910690FAF7D9FD0991A6
:106B40000890FBF707F80A9027E02046FAF764FF61
:106B500019490090FAF750FD07461849FAF789FDE0
:106B60000190FAF7BAFF054604F0EEFA0022144B42
:106B700003910290FAF770FE144A154B05910490A8
:106B8000FAF76AFE00220E4B07910690FAF7B0FD65
:106B900009910890FAF7DEFF0A900A98FAF789FF40
:106BA00000B261000B4A5052641CC82CA0DB0BB031
:106BB000F0BD000024040020DB0FC9400000484362
:106BC00000FE9F40B81E85EB51B8E63F8FC2F52806
:106BD0005C8FD23F901400200A468188034B1940F5
:106BE0000B4613431946818070470000FFF00000F8
:106BF00000B585B001210803FFF73CFB03218903A1
:106C000068460180FF21053141800721090281800A
:106C10000021C1800181012149024181002181813E
:106C2000C1810721018269460448FFF761FD012106
:106C30000248FFF74FFD05B000BD000000300140E5
:106C40000649096888B208210843044908600968B0
:106C500088B204210843014908607047405C004045
:106C600010B511480078401C0F490870084600789C
:106C700063280EDD002008700C484068401C0B495A
:106C800048600B48C07B002803D008468068401C41
:106C90008860FDF761FC05481C38C069401C034949
:106CA0001C39C86110BD00000000002054120020F3
:106CB000B803002010B51B4800680121084319499A
:106CC0000860084640681849084016494860084668
:106CD0000068164908401349086008460068012109
:106CE000890488430F490860084640683F21090429
:106CF00088430C4948600846C06A00090001C86220
:106D00000846006BFF215431884306490863084652
:106D1000406B40084000486300208860FFF776FE23
:106D200010BD0000001002400CB8FF08FFFFF6FE87
:106D300010B50120C043134908821348008F8028F2
:106D400015DA1248006881B20F48028F008F401C8C
:106D50000D4B1887520018463C3081520B48403882
:106D600080680421084309494039886009E00548E2
:106D70000088074908400349088001210248203063
:106D8000C17210BD000400400404002040240140F2
:106D9000FEFF0000002904D0028801231A4302806C
:106DA00003E00288014B1A4002807047FEFF00009A
:106DB0000A4600210188034B19400B46134319462C
:106DC000018070478FFF0000002907D04422125A2B
:106DD0000123DB031A4344231A5205E04422125ACA
:106DE00053045B0C442213527047000010B5044654
:106DF0003748844208D10121C014FFF74BFA002123
:106E0000E014FFF747FA62E001208007844208D1CE
:106E100001210846FFF71EFA00210120FFF71AFAA8
:106E200055E02C48844208D101210220FFF712FAD4
:106E300000210220FFF70EFA49E02748844208D1DA
:106E400001211020FFF706FA00211020FFF702FAB7
:106E50003DE02248844208D101212020FFF7FAF9C1
:106E600000212020FFF7F6F931E01D48844208D1C7
:106E700001218015FFF7EEF90021A015FFF7EAF9CF
:106E800025E01848844209D101210804FFF702FADD
:106E9000002101200004FFF7FDF918E012488442A8
:106EA00009D101214804FFF7F5F900210120400430
:106EB000FFF7F0F90BE00D48844208D10121880466
:106EC000FFF7E8F9002101208004FFF7E3F910BD86
:106ED000002C01400004004000100040001400405D
:106EE00000200040004001400044014000480140B3
:106EF0000146486A7047002A03D083890B43838187
:106F000002E083898B4383817047000070B50024C1
:106F100000220023058C214E35400584028C838895
:106F2000048B1F4D2C401F4D2C400D782D062D0C31
:106F30002C431A4D103D2A408D892D052D0C2A43D6
:106F40004D882D052D0C2A43174DA84202D0174D10
:106F5000A8421CD1164D2B400D8AAD042D0C2B439D
:106F6000114DA84213D10D4D703D2A40CD892D05FC
:106F70002D0C2A43094D303D2A408D882D052D0CBE
:106F80002A430C4D2B404D8AAD042D0C2B4383809E
:106F900004838D688563028470BD0000EFFF0000EC
:106FA000FF8F0000FFFC0000002C0140004001406A
:106FB000FFFB0000FFF700000185828270470000A0
:106FC0008288034B1A40828082880A4382807047FD
:106FD0008FFF00004162704700220288154B9842E3
:106FE00006D001239B07984202D0134B984203D14D
:106FF000124B1A404B881A43114B984203D0114B45
:107000001A400B891A4302804B68C3620B880385C0
:10701000084B984208D00C4B984205D00B4B984235
:1070200002D00B4B984201D18B7A038601238382D5
:1070300070470000002C0140000400408FFF00005A
:1070400000100040FFFC00000040014000440140EF
:10705000004801400021C9434160002101800181B5
:1070600041808172704700008100064A89180968D2
:10707000054A1140054A11438200024BD2181160A3
:1070800070470000005C00408F8F000080C000004F
:107090008100064A89180968054A1140054A1143CA
:1070A0008200024BD218116070470000005C004063
:1070B0008F8F0000C080000008B508200C490871BF
:1070C0000020FDF779FB0BA00D4B20220021009042
:1070D0003720FDF737FE064800790A49487000203E
:1070E0008870486064210320FFF7D4FC08BD0000CD
:1070F000FC030020BFAAC2B7D0A3D7BC0000000089
:10710000FFFF0000C411002038B50446601C0C4984
:1071100008710020FDF750FB0AA00D4B2022002132
:1071200000903720FDF70EFE0548007909494870A8
:1071300000208870486064210320FFF7ABFC38BD55
:10714000FC030020B5E7D7E8D0A3D7BC00000000BF
:10715000FFFF0000C411002008B501200D4908718F
:107160000020FDF729FB0CA00E4B202200210090EF
:107170003720FDF7E7FD0CA002F0D4FC05480079AC
:107180000C49487000208870486064210320FFF794
:1071900081FC08BDFC030020B6CCC2B7D0A3D7BC8D
:1071A00000000000FFFF000053686F72742043610D
:1071B0006C0A0000C41100201CB50446002C09DD37
:1071C0001648007C0A2805DA1448007C401C134944
:1071D00008740AE0002C08DA1048007C002804DD5E
:1071E0000E48007C401E0D4908740C48007C0028A5
:1071F00008D10BA00D4B1022402100900820FDF774
:10720000A1FD0AE00548007C09A1084B102200916D
:10721000019040210820FDF795FD1CBDB80300201A
:10722000C9F9D2F4C9E8D6C320B9D800FFFF0000DD
:10723000C9F9D2F4C9E8D6C3202530326400000071
:10724000FFB583B0054617460D9E00243CE00C9820
:10725000005D315D88421BD0315D0C980155305D79
:1072600080280BDD01200290069833193A460090E1
:1072700028460499FDF7E0F9641C09E0002002901B
:1072800006980090335D3A4628460499FDF7CEFBF8
:10729000502F0CD1305D2E2801D10E3513E0601C2B
:1072A000305C2E2801D124350DE028350BE0202F4D
:1072B00006D10298002801D1103504E0ED1902E052
:1072C000182F00D10C35641C0E988442BFDB07B028
:1072D000F0BD000038B50446012C09D13E48C07805
:1072E000062811DA3C48C078401C3B49C8700BE0C6
:1072F000601C002808D13848C078002804DD3648D2
:10730000C078401E3449C8703348C078002808D17E
:1073100032A0364B1022114600900820FDF712FDD6
:1073200059E02D48C078012808D131A02F4B1022F8
:10733000114600900820FDF705FD4CE02648C07876
:10734000022808D12EA0294B1022114600900820B7
:10735000FDF7F8FC3FE02048C078032808D12CA0B6
:10736000224B1022114600900820FDF7EBFC32E082
:107370001948C078042808D129A01C4B10221146B6
:1073800000900820FDF7DEFC25E01348C0780528B2
:1073900008D127A0154B1022114600900820FDF7B8
:1073A000D1FC18E00C48C078062808D124A00F4B67
:1073B0001022114600900820FDF7C4FC0BE006489F
:1073C000C078072807D122A0084B10221146009050
:1073D0000820FDF7B7FC38BDFC030020D0A3D7BCC4
:1073E000C9E8D6C320B6CCC2B7000000FFFF00003A
:1073F000D0A3D7BCC9E8D6C320313030520000003A
:10740000D0A3D7BCC9E8D6C320314B202000000050
:10741000D0A3D7BCC9E8D6C32031304B2000000030
:10742000D0A3D7BCC9E8D6C3203130304B00000010
:10743000D0A3D7BCC9E8D6C320314D20200000001E
:10744000D0A3D7BCC9E8D6C32031304D20000000FE
:10745000D0A3D7BCC9E8D6C320BFAAC2B7000000DA
:107460001CB50020FDF799F90020FDF7A5F92BA028
:107470002D4B1022002100900820FDF763FC2BA06B
:10748000294B1022114600900820FDF75BFC2A488A
:10749000807B002801D029A000E029A029A1224B4F
:1074A00010220091019020210820FDF74BFC22487A
:1074B000C07B27A11C4B1022009101903021082095
:1074C000FDF740FC26A0184B102240210090082018
:1074D000FDF738FC25A0144B102250210090082005
:1074E000FDF730FC24A0104B1022602100900820F2
:1074F000FDF728FC23A00C4B1022702100900820DF
:10750000FDF720FC22A0084B10227021009097204C
:10751000FDF718FC002001F0DDF91CBDB2BBD3C3A0
:10752000B1A3B4E600000000FFFF0000D0A3D7BC69
:10753000C9E8D6C300000000B8030020CAC7000095
:10754000B7F10000C6C1C4BBB7B4C9AB20257300F6
:10755000B9D8BBFACAB1BCE42025303264000000BF
:10756000C9F9D2F4C9E8D6C3000000002D2D2D2D95
:107570002D2D2D2D00000000BBD6B8B4B3F6B3A757
:1075800000000000B1A3B4E6C9E8D6C300000000C3
:1075900051506C696E6B20563230380038B5044655
:1075A0000CA000900C484078000101461039234699
:1075B00010220020FDF7C6FB0848844204D10020B9
:1075C00005498870C87003E0034840780249887014
:1075D00038BD00003E000000FC030020FFFF00005B
:1075E00010B50446002C13D11348007B002807D0A7
:1075F0001148428B114B1B210020FDF757FB1AE06D
:107600000D48428B0E4B1B210020FDF74FFB12E073
:107610000948007B002807D00748428B084B1B21F4
:107620000020FDF743FB06E00348428B034B1B2180
:107630000020FDF73BFB10BDB8030020603B0108B4
:10764000A03C010800B585B0FE48007900287DD136
:10765000FC482C30407C012849D1FA482C30407A33
:10766000012832D00121F7482C3041720020F64920
:107670008860F44840380021C16401654C30816065
:10768000C160F2A0F2A100910190EE484038C08A9A
:10769000034618226F2104900020FDF753FBEDA054
:1076A000EBA100910190E7484038808A03462022F0
:1076B000232104909020FDF745FBE8A0E94B182218
:1076C0006F2100909C20FDF73DFBDF48D038C06A59
:1076D0000190FAF702FA4900490803910290FAF77B
:1076E00039FA01460490012000F058FD14E2D54813
:1076F0002C30407C022853D1D2482C30407A0228CA
:107700002ED00221CF482C3041720020CE49886013
:10771000CC4840380021C16401654C308160C160B3
:1077200001624162C9A0CAA100910190C5484038D8
:10773000C08A034618226F2104900020FDF702FB47
:10774000C9A0C3A100910190BE4800E0F1E3403818
:10775000808A03462022232104909020FDF7F2FA2C
:10776000B948D038006B0190FAF7B7F949004908D9
:1077700003910290FAF7EEF901460490022000F01E
:107780000DFDB148D038C06B014603907F20C00585
:10779000F9F76FFF01460490022000F08DFCA5E789
:1077A000A8482C30407C03284BD1A6482C30407A86
:1077B00003282CD00321A3482C3041720020A24979
:1077C0008860A04840380021C16401654C30816068
:1077D000C160016241629DA09DA100910190994804
:1077E0004038C08A034618226F2104900020FDF71C
:1077F000A9FA9FA096A10091019092484038808AF2
:1078000003462022232104909020FDF79BFA8E4806
:10781000D038406B0190FAF760F9490049080391AC
:107820000290FAF797F901460490032000F0B6FCA5
:107830008548D038C06B01460490032000F03CFC22
:10784000E5E380482C30407C042874D17D482C30FE
:10785000407A04283BD004217A482C304172002021
:107860007949886079A07AA10091019075484038E3
:10787000C08A034618226F2104900020FDF762FAA7
:1078800000206B23AE221B210090FCF79FFF74A009
:107890006FA1744B2022009101904321B020FDF78D
:1078A00051FA6EA06F4B18226F2100909C20FDF7BB
:1078B00049FA71A066A10091019062484038808A1F
:1078C0000346202223210490B020FDF73BFA5E48B6
:1078D000D038C06A0190FAF700F94900490800223F
:1078E000674B03910290FAF70DF911D265A058A1E8
:1078F0000091019053484038808A0346202223217A
:107900000490B020FDF71EFA0120FAF791FD7EE306
:1079100059A04FA1009101904A484038808A0346FF
:10792000202223210490B020FDF70CFA0020FAF762
:107930007FFD6CE3FFE743482C30407C05285CD199
:1079400040482C30407A052837D005213D482C305E
:10795000417200203C4988604CA03DA1414B182257
:10796000009101906F210020FDF7ECF900206B23BE
:10797000AE221B210090FCF729FF39A034A1394B1E
:107980002022009101904321B020FDF7DBF933A0C4
:10799000344B18226F2100909C20FDF7D3F93CA0B6
:1079A0002BA10091019027484038808A034620226D
:1079B000232104909020FDF7C5F92348D038406B6F
:1079C00000210490FAF7E2F803D10020FFF708FE47
:1079D0001DE31D48D038406B7F21C9050490FAF79C
:1079E000D5F803D10120FFF7FBFD10E32A4B00225D
:1079F0001B211046FDF75AF909E31348D038C06A35
:107A000026490490FAF7C2F87ED10F48D038006BAF
:107A100023490490FAF7BAF876D10A482C30407A14
:107A200005286DD0052107482C30417200200649F9
:107A3000886016A006A10091019002484038C08AD3
:107A400003462FE0F80300205412002052733A003E
:107A5000257300002020B5E7D7E800002020202073
:107A600020202000FFFF00002020B5E7C8DD000037
:107A70002020B5E7B8D00000D5FDB3A3000000007A
:107A80000000F03FB6CCC2B70000000056663A00D6
:107A9000B6FEBCABB9DC0000603B010800409A4474
:107AA0000070B14518226F2104900020FDF74AF9BB
:107AB00000206B23AE221B210090FCF787FEFD48BF
:107AC000FDA1FE4B2022009101904321B020FDF743
:107AD00039F9F848001FF94B18226F2100909C20BB
:107AE000FDF730F9F3483030F3A100910190F448EC
:107AF000808A03462022232104909020FDF722F95A
:107B0000F048406B002100E01AE00490FAF73EF8DC
:107B100003D10020FFF764FD79E2EA48406B7F2142
:107B2000C9050490FAF732F803D10120FFF758FD98
:107B30006DE2E54B00221B211046FDF7B7F866E227
:107B4000E048C06A0190F9F7C8FF490049080022DF
:107B5000DE4B03910290F9F7E9FF04D2DC48006C98
:107B6000DC49884213D3D748C06A0190F9F7B5FFC2
:107B7000490049080022D84B03910290F9F7D6FF3B
:107B800052D2D348006C7D21C90088424CD9CC48E0
:107B90006C30407A0028BFD00021C9486C30417257
:107BA000CEA001F0BFFF0020C649D0318860C44894
:107BB0000021C16401654C308160C160BD4814384A
:107BC000BDA100910190BE48C08A034618226E21D3
:107BD00004900020FDF7B6F8C2A0B7A10091019073
:107BE000B748808A0346202223210490AF20FDF766
:107BF000A9F800206B23AE221B210090FCF7E6FDC4
:107C0000AC48ADA1AD4B2022009101904321AF20A3
:107C1000FDF798F8A748001FA84B18226E21009086
:107C20009B20FDF78FF8F2E1A648006B0190F9F771
:107C300054FFAE4AAE4B03910290F9F777FF6DD235
:107C4000A048006BAB490490F9F7A0FF66D29D48AD
:107C5000C06A0190F9F741FF490049080022A64B8C
:107C600003910290F9F74EFF58D29648C06B7F21DE
:107C7000C9050490F9F794FF50D29248806B9F4950
:107C80000490F9F783FF49D28D486C30407A02287E
:107C90002FD002218A486C30417299A001F042FF36
:107CA00000208849D031886085480021C164016581
:107CB0004C308160C160016241627E4814387EA10F
:107CC000009101907E48C08A034618226E210490DC
:107CD0000020FDF737F87748083077A10091019030
:107CE0007748808A03462022232104909020FDF7C4
:107CF00029F87448006B01460490022000F04EFA07
:107D00007048C06B014603907F20C005F9F7B1FCB5
:107D100001460490022000F0CFF978E16948406BF9
:107D20000190F9F7DAFE0022774B03910290F9F700
:107D3000FDFE04D26648006C6649884217D061484F
:107D4000406B72490490F9F72BFF05D26048006C34
:107D50007D21C90088420AD05A48406B6C49049082
:107D6000F9F71EFF63D25A48006C64285FD155486A
:107D7000406B68490490F9F709FF58D25148C06A2E
:107D800000210490F9F70CFF51D24E48806B5F49F7
:107D90000490F9F705FF4AD24A48C06B5E49049047
:107DA000F9F7F4FE43D246486C30407A03282FD0CE
:107DB000032143486C30417258A001F0B3FE00200B
:107DC0004049D03188603E480021C16401654C3093
:107DD0008160C160016241623648143836A1009169
:107DE00001903748C08A034618226E210490002073
:107DF000FCF7A8FF2F4810302FA1009101903048C8
:107E0000808A03462022232104909020FCF79AFFC9
:107E10002C48406B01460490032000F0BFF929482C
:107E2000C06B01460490032000F046F9EFE02548BE
:107E3000C06A32490490F9F7B3FE79D22148C06A8A
:107E400038490490F9F7A2FE72D21E48806A35497B
:107E50000490F9F79BFE6BD219486C30407A0128E8
:107E600077D0012116486C3041722FA001F05AFEE4
:107E700000201449D031886011480021C164016597
:107E80004C308160C1600B4814380BA10091019007
:107E90000B48C08A034618226E2104900020FCF78C
:107EA00051FF04480C3804A1009101900448808AD5
:107EB000034640E0607A000825730000FFFF0000E1
:107EC000B803002084110020603B0108D0127341E8
:107ED0000405002010270000F0B35A41BFAAC2B722
:107EE0000A000000BFAAC2B700000000FCA9F1D23E
:107EF0004D62403F8096984BD0126341000080BF96
:107F0000B5E7C8DD0A0000000000E03F0000A04027
:107F100000007041002474498096184BB5E7B8D032
:107F20000A000000C0D8274BB5E7D7E80A000000D8
:107F300020E06FE00DE02022232104909020FCF748
:107F400001FF3C483C4B18226E2100909B20FCF71F
:107F5000F9FE3A48C06A0190F9F7BFFD49004908A7
:107F600003910290F9F7F6FD01460490012000F01C
:107F700015F94CE03248407A002848D000213048BA
:107F8000417230A001F0CEFD00202C49D031886034
:107F90002B486C380021C16401654C308160C160A0
:107FA0002448103829A10091019025486C38C08AD6
:107FB000034618226E2104900020FCF7C3FE2448DB
:107FC00022A1009101901E486C38808A034620222D
:107FD00023210490AF20FCF7B5FE00206B23AE22D6
:107FE0001B210090FCF7F2FB1248001D17A1124B59
:107FF0002022009101904321AF20FCF7A3FE0D4801
:108000000D4B18226E2100909B20FCF79BFE00F088
:1080100015FB0DE00A4828380079002808D00848E8
:1080200020380021016141618161C16100F006FBDE
:1080300005B000BD5C7A0008FFFF0000841100203D
:1080400024040020CEB4D6AA0A0000002573000044
:10805000E47E00081CB50446012C09D11048C07B01
:108060001E2811DA0E48C07B401C0D49C8730BE076
:10807000601C002808D10A48C07B002804DD08489D
:10808000C07B401E0649C8730548C07B05A1094B4B
:1080900010220091019030210820FCF753FE1CBDF6
:1080A000B8030020B9D8BBFACAB1BCE420253032ED
:1080B00064000000FFFF0000F0B587B004460F46E3
:1080C000032C04D129A103A8F9F734FA08E0022C03
:1080D00004D127A103A8F9F72DFA01E007B0F0BDFC
:1080E00024493846F9F752FD0AD23846F9F7F5FC2B
:1080F00005462A460B4620A105A801F023FD20E0F5
:108100001F493846F9F742FD0AD23846F9F7E5FC2F
:1081100005462A460B461BA105A801F013FD10E0F9
:108120001A493846F9F732FD0AD23846F9F7D5FC34
:1081300005462A460B4616A105A801F003FD00E0FE
:10814000CCE705A903A8F9F7E9F9072003A9124A22
:1081500000920191029010466C38038B18226E2118
:108160009B20FFF76DF800BFB8E70000513A000010
:10817000443A00000000204125312E336600000003
:108180000000C84225322E326600000000007A440A
:1081900025332E316600000024040020F0B587B09E
:1081A00004460D462846F9F76BFC0746FDF770FEBE
:1081B0000646CE480078B04208D0CC490E70CC4874
:1081C0000021C16401654C308160C160012C1BD16C
:1081D000C8492846F9F7DAFC05D2C7A2C7A103A807
:1081E00001F0B0FC64E0C6492846F9F7CFFC05D29F
:1081F000C4A2C2A103A801F0A5FC59E0C2A2BFA17C
:1082000003A801F09FFC53E0022C31D17F21C90566
:108210002846F9F7BBFC0FD2BC48006CBC49884229
:108220000AD1B4492846F9F7E7F90546B9A2B3A13E
:1082300003A801F087FC3BE0AE492846F9F7A6FC0D
:1082400005D2B5A2ADA103A801F07CFC30E0AC4999
:108250002846F9F79BFC05D2B0A2A8A103A801F01B
:1082600071FC25E0AEA2A5A103A801F06BFC1FE004
:10827000032C1BD19F492846F9F788FC05D2A9A2F7
:108280009EA103A801F05EFC12E09D492846F9F783
:108290007DFC05D2A4A299A103A801F053FC07E03C
:1082A000A2A296A103A801F04DFC01E007B0F0BD29
:1082B0009F492846F9F76AFC17D28E492846F9F7F4
:1082C0009BF90090F9F7DCFB7D21C9000190F9F7DB
:1082D000FFF80F462846F9F7D3FB3B46024695A127
:1082E000029005A801F02EFCE1E094492846F9F738
:1082F0004DFC16D291492846F9F77EF90090F9F71E
:10830000BFFB64210190F9F7E3F80F462846F9F71F
:10831000B7FB3B4602468AA1029005A801F012FC79
:10832000C5E074492846F9F731FC16D28049284641
:10833000F9F762F90090F9F7A3FB0A210190F9F728
:10834000C7F80F462846F9F79BFB3B4602467EA13D
:10835000029005A801F0F6FBA9E07D492846F9F74F
:1083600015FC18D22846F9F78BFB7D21C900019036
:10837000F9F7AEF80F462846F9F782FB7D21C900D0
:108380000190F9F7A5F83B4602466AA1029005A8BC
:1083900001F0D8FB8BE06F492846F9F7F7FB1BD2B9
:1083A0002846F9F76DFB0A210090F9F791F864214E
:1083B0000190F9F78DF80F462846F9F761FB7D210A
:1083C000C9000190F9F784F83B4602465CA102908F
:1083D00005A801F0B7FB6AE049492846F9F7D6FB42
:1083E0001BD22846F9F74CFB64210090F9F770F88E
:1083F0000A210190F9F76CF80F462846F9F740FB7F
:108400007D21C9000190F9F763F83B4602464EA171
:10841000029005A801F096FB49E04F492846F9F77C
:10842000B5FB1CD22846F9F72BFB7D21C900009033
:10843000F9F74EF87D21C9000190F9F749F80F4688
:108440002846F9F71DFB45490190F9F741F83B46ED
:10845000024638A1029005A801F074FB27E04049CC
:108460002846F9F793FB1AD22846F9F709FB284961
:108470000090F9F72DF807466421F9F729F8284606
:108480000291F9F7FDFA07463449F9F721F801900E
:1084900002462BA105A8029B01F054FB07E031A185
:1084A00005A8F9F747F831A103A8F9F743F8052023
:1084B00005A90F4A4C320092019102900C48438B5F
:1084C00050221B210020FEF7BBFE032003A9084A0F
:1084D00054320092019102900548838B202243215F
:1084E000AF20FEF7ADFE00BFE0E600002C0000204C
:1084F000B803002000007A44A6B8200025730000CD
:10850000002474496BA6B8004DA6B80004050020ED
:1085100010270000704620006E462000A6CC4600C2
:108520006D462000A6CC48006D4820004820200061
:108530000000204125642E25303364000000C8422D
:1085400025642E253032640025642E2530316400E8
:1085500000401C460050C3478096184B40420F0015
:1085600020BCBE4C2D2E2D2D2D2D000020202000B6
:108570001CB51048C078002803D000200D49C870F1
:1085800002E001200B49C8700A48C078002801D0D9
:1085900009A000E009A00AA10091019005484078D7
:1085A000000101461039094B10220820FCF7CAFBD4
:1085B0001CBD0000FC030020CAC70000B7F100008A
:1085C000BBD6B8B4B3F6B3A720257300FFFF0000F5
:1085D0001CB51348807B002806D000201049887302
:1085E0002120FCF713FB05E001210D4881732020B9
:1085F000FCF70CFB0A48807B002801D009A000E0B2
:1086000009A00AA10091019005484430407800017A
:1086100001461039084B10220820FCF793FB1CBDC3
:10862000B8030020CAC70000B7F10000C6C1C4BB30
:10863000B7B4C9AB20257300FFFF000070B588B048
:108640008E49C86AF9F749FA490049080446F9F71A
:1086500081FA8A49C8628A48407A052814D1886A12
:1086600001218907F9F705F80646F9F736FA4900B6
:1086700049080446F9F76EFA8049C86281A282A1CE
:1086800004A801F05FFA1CE07C49C86A7F49F9F749
:108690007DFA05D27EA27CA104A801F053FA10E075
:1086A0007649C86A7B49F9F771FA05D27AA276A1B0
:1086B00004A801F047FA04E078A273A104A801F02D
:1086C00041FA6E49C86A7649F9F760FA0BD26B49EC
:1086D000C86AF9F702FA044622460B4671A106A8B9
:1086E00001F030FAA9E06549C86A7049F9F74EFA15
:1086F0000BD26249C86AF9F7F0F9044622460B46E4
:108700006BA106A801F01EFA97E05C49C86A5F49B0
:10871000F9F73CFA0BD25949C86AF9F7DEF9044671
:1087200022460B4664A106A801F00CFA85E05349E5
:10873000C86A6349F9F72AFA0FD25049C86A5349FF
:10874000F8F797FF0646F9F7C8F9044622460B46A4
:1087500054A106A801F0F6F96FE04849C86A5949E2
:10876000F9F714FA0FD24549C86A4849F8F781FF6A
:108770000646F9F7B2F9044622460B464CA106A874
:1087800001F0E0F959E03D49C86A4249F9F7FEF9BC
:108790000FD23A49C86A3D49F8F76BFF0646F9F728
:1087A0009CF9044622460B4643A106A801F0CAF9EB
:1087B00043E03249C86A4449F9F7E8F90FD22F4932
:1087C000C86A3449F8F755FF0646F9F786F90446B2
:1087D00022460B4633A106A801F0B4F92DE0274943
:1087E000C86A3A49F9F7D2F90FD22449C86A294927
:1087F000F8F73FFF0646F9F770F9044622460B46A4
:108800002BA106A801F09EF917E01C49C86A30495F
:10881000F9F7BCF90FD21949C86A1E49F8F729FFC0
:108820000646F9F75AF9044622460B4622A106A845
:1088300001F088F901E008B070BD052006A9104AD2
:10884000103A00920191029010465C38C38A1822B7
:108850006E212420FEF7F4FC022004A9084A083AFD
:1088600000920191029010466438C38A18226E214A
:108870006020FEF7E5FC00BFDDE70000841100206A
:1088800024040020205600002573000000007A44D4
:1088900023200000002474496B2300004D230000B6
:1088A0000000204125312E33660000000000C84240
:1088B00025322E326600000025332E31660000007E
:1088C00000401C460050C3478096184B20BCBE4C4D
:1088D000286B6E4E38B504462048407800280BD0EF
:1088E0001FA000901D4840780001014610391D4B23
:1088F00010220020FCF726FA002C05D10120174990
:108900004870002088701BE0012C0BD11348407880
:10891000401C1249487008464078082810DD08209D
:1089200048700DE0601C00280AD10C484078401EB9
:108930000A49487008464078012801DA0120487049
:1089400009A0009005484078000101461039054B08
:1089500010220020FCF7F6F938BD0000FC030020CF
:1089600020000000FFFF00003E0000001CB50020BA
:10897000FBF722FF1AA01CA1009101901B48438C19
:10898000182200210846FCF7DDF919A016A1009174
:1089900001901648C38A18226E210020FCF7D2F9F4
:1089A00012480021C16401654C308160C1600162E0
:1089B0004162016141618161C16164212030417284
:1089C0000172FAF795FCFAF70BFEFAF7B7FDFAF722
:1089D000AFFC002280210748F9F7EAFC1CBD00002B
:1089E00051504C435200000025730000B803002092
:1089F00052733A000004004810B52B492B4800F090
:108A000078F800284FD02849284800F053F8274824
:108A100000F012F9C4B22648007D002843D1244852
:108A2000943042684068401C2149943148600846AF
:108A30007F3884547F304068802803DB00211C4845
:108A4000943041601A489430406801282BDD184862
:108A500094304068801E16491531085C55280BD1AA
:108A600008467F304068401E085CAA2804D10021D7
:108A70000F489430416016E00D4894304068801EE5
:108A80000B491531085C0D280DD108467F30406830
:108A9000401E085C0A2806D1002105489430416038
:108AA00001200349087510BD05010500003801408B
:108AB000B811002010B5002300220B0C01249C40AB
:108AC0002246026210BD002904D0026801231A4325
:108AD000026003E0026852085200026070470246DA
:108AE0000020D3690B40002B01D0012000E00020C2
:108AF000704770B502460B46002400210025002077
:108B00001E04350ED9B201268E403146012D02D108
:108B10001668314006E0022D02D15668314001E06E
:108B2000966831401C0C0126A6403446D669344074
:108B3000002903D0002C01D0012000E0002070BDEE
:108B4000F0B58BB004460D46002700200A900026A1
:108B50002068400840002060666803210903304611
:108B600088430646A8680643666026682D48064086
:108B7000E968686808432969084306432660A668CF
:108B80000321090230468843064668690643A66009
:108B90006846FDF78FFB2448844202D106980A906C
:108BA0000DE02248844202D107980A9007E020484D
:108BB000844202D108980A9001E002980A90206845
:108BC0000121C903084000280CD029680A9A5000E6
:108BD000F8F768FC074629680A9A5000F8F762FC23
:108BE0000E4609E029680A98F8F75CFC07462968F0
:108BF0000A98F8F757FC0E4628684008B04200D89B
:108C00007F1C20680121C9030840002806D03807CE
:108C1000460F38460749084030430746A7810BB046
:108C2000F0BD0000F3E9FFFF0038014000440040C0
:108C300000480040F0FF00000146888CC005C00DD0
:108C40007047CA05D20D0285704770B504460D46BF
:108C5000FF2059300059294642682046904700209D
:108C600070BD70B504460D46A078022802D00328D6
:108C700011D100E000BF688801280BD10020A0605E
:108C8000FF205930005929468268204690472046E7
:108C900000F05BF804E02946204600F01DF800BF14
:108CA00000BF70BDF8B506460C46154600272B469A
:108CB000224600213046F9F7E9FF3846F8BDF8B5FD
:108CC00006460C46154600272B4622460021304614
:108CD000FAF784F83846F8BD70B504460D46002111
:108CE0002046FAF733F870BDF8B504460E4615462F
:108CF0000027D8200551D4200551032060702B4651
:108D0000324600212046F9F7C1FF3846F8BD70B55C
:108D1000044600250520607000231A4619462046A7
:108D2000F9F7B4FF284670BDF8B504460E4615465F
:108D30000027A5636563022060702B463246002140
:108D40002046FAF74BF83846F8BD70B504460025C2
:108D50000420607000231A4619462046FAF73EF8B0
:108D6000284670BD70B505460E46002E4CD12C46E7
:108D700018346878022837D1E168E06988420AD956
:108D8000E168E069401AE061A08B82B2284621695F
:108D9000FFF795FF48E0E168206AF8F783FB0029B8
:108DA0000FD1E168206A88420BD3616A206A884249
:108DB00007D2002211462846FFF781FF002060629B
:108DC00032E0FF2059304059C068002808D0A87808
:108DD000032805D1FF2059304059C16828468847EB
:108DE0002846FFF794FF1FE0687804281CD10F483D
:108DF0000068002818D00D4801782846F9F780FF50
:108E000000200A4908600FE0FF20593040594069AE
:108E1000002809D0A878032806D1FF2059304059EE
:108E20003146426928469047002070BDD40000209A
:108E300070B505460E46002E2CD12C46B834687805
:108E4000032837D1E168E069884210D9E168E06918
:108E5000401AE061E368E069984201D2E06900E00D
:108E6000E06882B228462169FFF71CFF22E0FF205C
:108E7000593040590069002808D0A878032805D146
:108E8000FF20593040590169284688472846FFF796
:108E90005CFF0FE0FF20593040598069002809D05D
:108EA000A878032806D1FF205930405931468269FD
:108EB00028469047002070BD01460020704738B515
:108EC00004460D4600200090E888012804D0294679
:108ED0002046FFF701FF17E0A078022802D0032800
:108EE0000CD105E0012269462046FFF71DFF0AE08C
:108EF000012221462046FFF717FF04E029462046BD
:108F0000FFF7EAFE00BF00BF38BDF8B504460E46C5
:108F100070880012030000F071FE086E05131F6ECA
:108F20006E64696E207BFF21613109590A686946C8
:108F300090470546F088402801D1082000905FE066
:108F4000207BFF21593109590A6A69469047054635
:108F5000FF2165310D5153E0B078030000F04EFE63
:108F600006040D161F28313A207BFF216131095973
:108F70004A6869469047054631E0207BFF21613110
:108F800009598A6869469047054628E0207BFF21F9
:108F900061310959CA686946904705461FE0207B40
:108FA000FF21613109590A6969469047054616E073
:108FB000207BFF21613109594A696946904705467E
:108FC0000DE0207BFF21613109598A69694690478C
:108FD000054604E031462046FFF77EFEF8BD00BF9F
:108FE0000EE031462046FFF777FEF7E73146204690
:108FF000FFF772FEF2E731462046FFF76DFEEDE720
:1090000000BF68460088002812D0F08800280FD0E2
:10901000F08869460988884202DD6846008800E0D9
:10902000F088009069460A8829462046FFF77CFEB2
:1090300000BFD3E70146002002E0421CD0B2491C29
:109040000A78002AF9D1704738B504460D46002049
:109050000090A078022802D0032810D100E000BFC1
:1090600001200090A068002803D002210098084346
:109070000090022269462046FFF756FE04E029468A
:109080002046FFF729FE00BF00BF38BDF8B50446F3
:109090000D4617460026002C1ED02046FFF7CAFFBB
:1090A0004000801C38803A783046711CCEB22A5479
:1090B00003223046711CCEB22A540AE02278304690
:1090C000711CCEB22A54641C00223046711CCEB2F0
:1090D0002A5420780028F1D1F8BDF8B504460D4691
:1090E00016461F46204600F0F3FA2046FFF7E4FE3E
:1090F000FF2059300651001D0751001D0551FAF798
:10910000ADFE2046F9F7C4FEFF215D31095908681C
:109110008047204600F0D0FA2046F9F785FCF8BDDC
:10912000027C0A70427C4A70837CC27C12029A18CC
:109130004A80037D427D12029A188A80837DC27D17
:1091400012029A18CA80CB88C3630122427070470A
:1091500010B504464023002211462046F9F7B8FE18
:109160008023002219462046F9F7B2FE0023402250
:1091700019462046F9F7E5FC0023402280212046CD
:10918000F9F7DFFC0120A070207BFF225D3212592D
:1091900051688847002010BD10B50446FF215D319D
:1091A000095908698047E078A070002010BD10B50B
:1091B0000446FF2059300059C069002805D0FF201F
:1091C00059300059C16920468847002010BD000071
:1091D00070B504460D46A88800281BD1E8880028F1
:1091E00018D1A8784606760EA078032804D129461F
:1091F0002046FFF771FD11E0267109480660204600
:10920000FFF7A3FD002E02D00220A07006E001208F
:10921000A07003E029462046FFF75EFD70BD000008
:10922000D400002070B504460D46FF205930005987
:109230002946026820469047FF215D310959886818
:109240008047002070BD000070B504460D46A87828
:109250002C49087008460078012804DD294620467C
:10926000FFF73AFD4CE0A078022802D0032841D154
:1092700015E02448007800280DD02248007820709E
:109280000320A0701F4801782046FFF7CBFF20463F
:10929000FFF75BFD02E02046FFF757FD2FE019487E
:1092A000007800280DD10220A070164800782070A8
:1092B000144801782046FFF7C8FC2046FFF745FD1B
:1092C00017E020780F49097888420FD0217820468E
:1092D000FFF7BBFC0B48007820700A480178204655
:1092E000FFF7A0FF2046FFF730FD02E02046FFF722
:1092F0002CFD04E029462046FFF7EEFC00BF00BF2E
:1093000070BD0000D800002070B504460D46688886
:1093100001280AD1A060FF205930005929468268EF
:10932000204690472046FFF710FD70BD1CB504464F
:1093300069462046FFF7F4FE68460078C006C00E76
:10934000002804D0012807D002280FD109E069467F
:10935000204600F017F812E06946204600F0F7F8C2
:109360000DE06946204600F046F808E068460078BF
:109370008022104001462046F9F7E8FC00BF00BFFC
:1093800000201CBD70B505460C4600266078030021
:1093900000F034FC0A1A24291F290B06291510296C
:1093A00021462846FFF7B1FD22E021462846FFF777
:1093B0000FFF1DE021462846FFF746FF18E0214633
:1093C0002846FFF77CFD13E021462846FFF73CFEC8
:1093D0000EE021462846FFF797FF09E02146284680
:1093E000FFF73FFC04E021462846FFF775FC00BF6D
:1093F00000BF304670BDF8B505460E46002000900F
:1094000000273479707800285BD001282DD00328FC
:1094100077D1A878022802D003281FD108E0002CB9
:1094200005D0802C03D021462846F9F78FFC1AE09E
:109430007088002807D1002C05D0802C03D021464D
:109440002846F9F783FCFF2059304059314682689D
:10945000284690472846FFF778FC04E03146284626
:10946000FFF73AFC00BF00BF6EE0A878022802D0E8
:1094700003281FD108E0002C05D0802C03D0214602
:109480002846F9F763FC1AE07088002807D1002C01
:1094900005D0802C03D021462846F9F725FBFF2074
:1094A0005930405931468268284690472846FFF790
:1094B0004CFC04E031462846FFF70EFC00BF00BF1D
:1094C00042E0A878022802D0032835D108E0002C19
:1094D00005D0802C03D021462846F9F737FC30E030
:1094E00080202040802810D16006400E282148436B
:1094F0002946183140188078002803D001200090B8
:1095000014E020E00020009010E08020204000289F
:109510000CD1282060432946B831401880780028B3
:1095200002D00120009001E0002000900222694654
:109530002846FFF7F9FB04E031462846FFF7CCFB4D
:1095400000BF00BF00E000BF00BF3846F8BD70B5E7
:1095500004460D460026A078032818D12879012852
:1095600010DCFF2059300059294682682046904778
:109570000646E888002809D1002E07D12046FFF7CB
:10958000E4FB03E029462046FFF7A6FB04E029465A
:109590002046FFF7A1FB00BF00BF304670BD10B5ED
:1095A0000446A078E0700420A070FF215D310959C5
:1095B000C8688047002010BD70B505460C4622469D
:1095C000024903A0FFF762FD004870BD2C1800207F
:1095D00056435020436F6E66696700007047000075
:1095E000024612200880014870470000E03D010853
:1095F000704770477047704770B505460C46224665
:10960000024903A0FFF742FD004870BD2C1800205E
:1096100056435020496E74657266616365000000B0
:10962000024604200880014870470000FC3D010804
:1096300070B505460C462246024903A0FFF726FDF9
:10964000004870BD2C18002053544D6963726F653B
:109650006C656374726F6E696373000070B5054664
:109660000C462246024903A0FFF710FD004870BDDA
:109670002C18002053544D33322056697274756192
:109680006C20436F6D506F727420696E20465320BA
:109690004D6F64650000000002461A2008800148F2
:1096A000704700006C0000200246432008800148FB
:1096B00070470000003E010838B504461F21684687
:1096C00001700021417001218170FCF76DFB38BDF4
:1096D00010B504460121C805FCF7ACFD0020FCF7DD
:1096E0006DFFF8F7E1FE10BD30B591B004460D46B0
:1096F000062D05DA294658A000F014FA11B030BD45
:10970000E07801282DD1552168460171AA214171C7
:109710001C218171E178C1715748417A6846017214
:109720005648C06A03905548006B04905348406BFC
:1097300005905248806A06905048806B07904F48C9
:10974000C06B08904C482038418F684681840D21B9
:1097500008A881710A21C171242101A800F0A8F98B
:1097600077E0E078092874D0E078072841D15521C6
:1097700068460171AA21417111218171E178C1719D
:109780003D486C38408C01B2684601813A486C38DB
:10979000C08B01B26846418137486C38008C01B2F9
:1097A0006846818134486C38408B01B26846C1817B
:1097B00031486C38808A01B2684601822E486C3884
:1097C000808B01B2684641822B486C38C08A01B256
:1097D0006846818228486C38008B01B26846C18295
:1097E0000D2101760A214176162101A800F060F9C9
:1097F0002FE0E07808282CD1A0881F496C394884D4
:10980000E088C8832089088460894883A089888289
:10981000E18919486C388183208A17496C39C882DC
:10982000608A088301F072FB552168460171AA2104
:10983000417101218171E178C1710D2101720A210B
:109840004172062101A800F033F9FAF7EFFFFFF7A4
:109850008DF800BF52E700007061636B6574206C87
:10986000656E67746820697320746F2073686F7207
:10987000743A25640A0000002404002084110020AA
:1098800010B500F001F810BD08B5002100913F4867
:10989000406881B20091684600880121C9030840F0
:1098A0003B4909680840002801D0F8F72DFE6846BA
:1098B00000880121890208403549096808400028CC
:1098C0000BD0344831494860334800680169334857
:1098D000884700213148F9F713FA684600880121CA
:1098E000490308402A4909680840002802D02C484A
:1098F0002649486068460088012109030840244938
:109900000968084000280AD02648204948602248B3
:1099100000688169214888470020FCF75DFE6846A1
:1099200000880121C9020840194909680840002837
:1099300009D01D4815494860174800684169174813
:109940008847FDF77DF968460088012149020840F3
:109950000F4909680840002807D014480B4948609F
:109960000D480068C1680D48884768460088FF2197
:1099700001310840064909680840002805D00C4814
:10998000024948600720FCF727FE08BD405C004004
:109990002C010020FFFB0000D000002060120020FE
:1099A000FFDF0000FFEF0000FFF70000FFFD0000F9
:1099B000FFFE000070470000F8B5571C7F100097AD
:1099C000074FCD19009B08E00478401C07783E0241
:1099D00026432E80AD1C401C5B1E002BF4D1F8BD2D
:1099E00000600040014600207047000070B5054649
:1099F0000C461646042D16D008DC002D0FD0012D84
:109A00000ED0022D0DD0032D41D10BE0202D0BD017
:109A1000212D1FD0222D38D0232D38D136E037E02C
:109A200036E035E034E033E020786178090208431D
:109A3000A17809040843E17809060843164908603B
:109A40002079087160794871A07988710120FFF749
:109A5000C9FF1DE01048007820700F4800880004FE
:109A6000000E60700C4800680002000EA0700A48EA
:109A70000068000EE07008480079207106484079BF
:109A8000607105488079A07102E001E000E000BF4C
:109A900000BF002070BD00003400002070B50446F7
:109AA0000D4629462046FFF71FFE002070BD00002E
:109AB00070B502460B46002109E0545C0A4805686F
:109AC0000068401C084E306008484455491C9942C3
:109AD000F3D3054800680124E402A04202D3002029
:109AE000014C2060002070BDEC000020AE19002069
:109AF0000020704700207047054806490860042090
:109B00004860054888600548086005480860704757
:109B10005555000000300040C4090000AAAA00000A
:109B2000CCCC00000FB410B503A9044B044A029832
:109B300000F0BEFC10BC08BC04B0184749AF0008D8
:109B4000300100200FB410B504A9074B02AA0398F6
:109B500000F0AEFC044602A9002001F052F82046B5
:109B600010BC08BC04B0184703AC00087CB51D4607
:109B700016460C0001D0611E00E00021019100900A
:109B8000054B6A462946304600F092FC002C02D074
:109B9000009A002111707CBDEDAB00082021020C61
:109BA00001D010211046020A01D0104608390209DE
:109BB00001D01046091F820801D01046891E4208B4
:109BC00001D0881E7047081A7047F0B4040C8BB29D
:109BD000264682B25E430D0C1046370C58433604BD
:109BE00080190021794116466E43370C36048019DE
:109BF000794126466E438919F0BC704730B47446EB
:109C0000641E2578641CAB4204D3635D5B00E318DB
:109C100030BC18471D46F8E74900CA02024310004D
:109C200000D004204A0D01D001221043044A490DFE
:109C3000914201D102210843012800D1052070473B
:109C4000FF0700004100080200D004200A0E01D0E6
:109C500001221043090EFF2901D1022108430128E6
:109C600000D1052070470000F7B596B014460021DA
:109C7000A160D160179909914D00CD496D088D42C1
:109C800005DC179961602060002019B0F0BDC9495A
:109C9000C94E8D4238DAD32709997F050029C74A72
:109CA0001799334617DDF7F7C8FDB54206D0C44A09
:109CB000C44BF7F7C2FD6160206009E03A46C14B32
:109CC000F7F7BBFDC04AC14BF7F7B7FD61602060F5
:109CD000012019B0F0BDF7F70BFDB54206D0B84A28
:109CE000B84BF7F705FD6160206009E03A46B54BD7
:109CF000F7F7FEFCB44AB54BF7F7FAFC6160206059
:109D00000020C04319B0F0BDB1498D42179977DCEE
:109D1000490049080746AF4AAF4B0491F7F79CFD4D
:109D20000022AE4BF7F7E4FCF8F7CAF80A90F7F711
:109D300085FEA24A334603910290F7F78DFD3A461D
:109D4000049BF7F780FD06460F469D4A9D4B0399FD
:109D50000298F7F781FD2A0D01250C9232463B4609
:109D6000F7F771FD61602060032D39D04800410D87
:109D70000C98401A690169181139814230DA984902
:109D80002801794408960D900818049743680268E2
:109D900003990298F7F760FD02460B46079106907B
:109DA00004990898F7F749FD06460F46049B089A60
:109DB000F7F749FD079B069AF7F73FFD059189499B
:109DC000049079440D984018C368826803990298FA
:109DD000F7F742FD059B049AF7F72FFD6D1CBDE7D1
:109DE0000998002809DA01226068D20750406060B3
:109DF0000A9819B04042F0BD02E00A9819B0F0BDCF
:109E000009030122090B12050E9089181798109169
:109E100040007549400D40184111C006C00E0D911B
:109E200013902021081A1490002006900525079011
:109E3000139800280D980CD0401982006B48784484
:109E4000875813998F40101841681498C1400F43E8
:109E500004E0401981006648784447581099384614
:109E6000FFF7B3FE06460A9138460E99FFF7ADFE9E
:109E70008A190A9B8A4201D2012100E00021C918F7
:109E80008C46AF00694679188B684E68C3188342C8
:109E900001D2012000E0002096193618002802D0D7
:109EA000964202D903E0964201D2012000E0002050
:109EB000624612184E6068468B60C25128466D1E7D
:109EC0000028B5DC0121029849074018800F139043
:109ED000029805998000039E049D0B91F7F7AEFD53
:109EE000074630460891F7F7BDFD1D22D243F7F72C
:109EF000D0FF10900F912846F7F7B4FD3D22D243D2
:109F0000F7F7C7FF0E900D910B98F7F7ABFD5D22A9
:109F1000D243F7F7BEFF0B910C900D9B0E9AF7F70B
:109F2000E7FB0F9B109AF7F7E3FB3A46089BF7F71E
:109F3000DFFB00250E463A462846089BF7F77DFCD6
:109F40000F9B109AF7F779FC0D9B0E9AF7F775FCAB
:109F50000B9B0C9AF7F777FC264A274BF7F77CFC0C
:109F600007460D91254A264B31462846F7F774FCE3
:109F70003A460D9BF7F7BCFB0F4615220C90920654
:109F80001D4B31462846F7F767FC3B460C9AF7F71E
:109F9000AFFB179A002A05DA139A52421392012254
:109FA000D207514061602060139819B0F0BD0000E5
:109FB000FB21E93F7CD90240FB21F93F00004054DE
:109FC0003163621A61B4D03D7370032E8A19A33BCA
:109FD000FB21394183C8C96D305FE43F0000E03F99
:109FE000A2A6000062A600000BFCFFFF16A6000060
:109FF000FCA50000182D4454FB21F93D3326A61181
:10A00000460B113CF0B51FB44E00F92076088005D0
:10A0100084B00F46864204DA0498F7F751FF00280F
:10A0200038D0049A3B4610461946F7F715FC04460B
:10A0300002462C480D460B460621784400F05CF899
:10A0400022462B46F7F708FC019100903946079B02
:10A05000069A0498F7F700FC074602912046294625
:10A06000019B009AF7F7F8FB3A46029BF7F7E5FBEE
:10A07000074600220091D24320462946F7F709FF00
:10A08000194A96420ADA3A46009BF7F7D6FB0022B5
:10A09000164B23E00020154909B0F0BD144A964242
:10A0A00002DD0024134D03E001225205B51A0024FD
:10A0B00022462B46F7F7C1FB0646019122462B4666
:10A0C00000200A49F7F7B9FB0D4604463A463046E8
:10A0D000009B0199F7F7B1FB22462B46F7F7B3FB3C
:10A0E00009B0F0BDBAA300003333D33F0000F03F06
:10A0F0000000E93F0000D23FF8B504464F1EC800FB
:10A100000838211815461E46086849683A4606234D
:10A110009A4310D02A463346F7F79EFB3A46D200C0
:10A12000083AA3181A687F1E5B68F7F7E1FA06225F
:10A130003B469343EED1022F23D0042F11D0062F9C
:10A140002FD12A463346F7F787FBE36AA26AF7F76F
:10A15000CFFA2A463346F7F77FFB636A226AF7F79E
:10A16000C7FA2A463346F7F777FBE369A269F7F7A0
:10A17000BFFA2A463346F7F76FFB63692269F7F7A0
:10A18000B7FA2A463346F7F767FBE368A268F7F7A2
:10A19000AFFA2A463346F7F75FFB63682268F7F7A2
:10A1A000A7FAF8BDF0B51FB4054648000C46F921E2
:10A1B0004008890586B088420BDA28462146FFF719
:10A1C0002BFD042801D100F071F8284621460BB080
:10A1D000F0BD2A46234610461946F7F73DFB0646D2
:10A1E0000F462A462346F7F737FB00902548019192
:10A1F00032463B4605217844FFF77EFF02901098D7
:10A200000391002829D0204A204B01990098F7F7A4
:10A2100023FB0490059168460FC8F7F71DFB002249
:10A2200001910090D24309990898F7F732FE019BFB
:10A23000009AF7F702FB32463B46F7F70DFB099B06
:10A24000089AF7F7FAFA059B049AF7F7F6FA2A46FE
:10A250002346F7F7F8FA0BB0F0BD0B463046394607
:10A26000029AF7F7F9FA084A084BF7F741FA019B07
:10A27000009AF7F7F1FA2A462346F7F739FA0BB0B6
:10A28000F0BD0000F6A20000495555555555C5BF13
:10A2900010B50122F7F7FDFD10BD002210B51346E1
:10A2A00010461146F7F740FB10BD0000034A10B5F9
:10A2B00000201107F7F7EDFD10BD000001FDFFFFC5
:10A2C00010B5F7F740F910BD5E2110B5C943080776
:10A2D000F7F7D3FD10BD02E008C8121F08C1002A1D
:10A2E000FAD170477047002001E001C1121F002A17
:10A2F000FBD170470149086070470000340100201D
:10A3000010B5044605E0F9F7A7FE7D20C00000F077
:10A3100005F82046641E0028F5D110BD10B504468E
:10A3200000210548FCF756FE00BF0348FCF7E0FD9E
:10A33000A042FAD310BD000000440140F0B51FB4A4
:10A3400086B00998089A030D0021024314D05148A1
:10A35000514A1818504305141198012810981AD022
:10A36000281A401C00264D4F4D490096019104903B
:10A37000002812DA444211E01198012449A301286F
:10A3800001D11098C1430698119A84600360C2609D
:10A3900041600BB0F0BD4042E4E7044621050020D7
:10A3A0003F4A001C51410391029012E0E00707D0A0
:10A3B00032463B4601990098F7F74EFA019100901A
:10A3C00032463B4610461946F7F746FA06460F4610
:10A3D0006410002CEAD10498039B0028029A099982
:10A3E000089806DAF7F738FA019B009AF7F734FA7B
:10A3F00005E0F7F799FA019B009AF7F795FA0446FA
:10A400000E460022284BF7F791FB03D80020C043EB
:10A41000014607E00022254B20463146F7F768F950
:10A42000F7F7E8FC102409E0002C0ADB0A220023DD
:10A43000F7F7C0FB079B30321A55641E02460A43E9
:10A44000F2D11122641C079B121B1C19119B012BBA
:10A4500003D0012308430ED10AE0084304D01120A1
:10A4600010900020119077E71098151A6D1E0BE0E0
:10A470001098824202DD00236D1C03E0824201DA63
:10A4800000236D1E002BEED0069811998260C160EA
:10A4900030C07EE701FCFFFF104D000000001440BB
:10A4A0000000F03F300000000000F0430000E03FFB
:10A4B000FFB597B0064600251BE2252876D100247B
:10A4C0002746F749049400E00443761C32780120C3
:10A4D000203A90400842F7D130782A280ED0022244
:10A4E000307801463039092916D804990A2359438E
:10A4F000303940181443761C0490F1E7189802C8CC
:10A5000004911890002904DA0120400304434842D2
:10A51000049002200443761C30782E2814D10420A5
:10A5200004437078761C2A2809D11898761C80C8B4
:10A53000189009E00A214F43303FC719761C307844
:10A54000014630390929F5D930786C2810D006DC5D
:10A550004C281AD068280ED06A2817D104E0742835
:10A5600013D07A2812D110E00120400504430CE0FA
:10A570000121090501E0032109050C43717881429D
:10A5800003D1012000052418761C761C307866283B
:10A590000BD013DC58287DD009DC00287BD045285F
:10A5A000F6D04628F4D047281AD1A9E118E063284C
:10A5B00035D0642870D0652812D1A1E170286CD004
:10A5C00008DC6728F1D069287DD06E280DD06F286F
:10A5D00006D1BCE073282ED0752873D0782859D0C6
:10A5E0001A9A199990476D1C82E16002400F022867
:10A5F00009D003280DD00428189801680DD00D60EB
:10A60000001D189074E11898EA1701680D604A60FF
:10A61000F6E7189801680D80F2E70D70F0E71898DA
:10A620006A4601781172001D18900020507202A82D
:10A630000090012005E0189802C8189000200091B1
:10A64000C04361070ED5002101E00199491C019129
:10A65000B94213DA8142F8DB019A0099895C00293A
:10A66000F3D10BE0002101E00199491C01918142E5
:10A67000FADB019A0099895C0029F5D101990498C7
:10A680001A9B471A21463846199A00F099FA401940
:10A69000019903E051E030E115E050E0451807E092
:10A6A000009800990078491C00911A9A19999047CE
:10A6B0000198401E0190401CF2D1214638461A9B59
:10A6C000199A12E137E00A200021009001916002FE
:10A6D000410F022907D0189A01CA1892C21794464E
:10A6E000032908D00AE01898C01DC108C90005C98F
:10A6F0001891944607E000B2C2179446042902D18B
:10A7000040B2C1178C4600226146944506DA0A46DB
:10A710000021404291418C462D2102E0210504D5C3
:10A720002B216A461173012103E0E10701D02021AA
:10A73000F7E7029156E00A200AE0102008E0102016
:10A7400000900021042004430191082703E0082021
:10A750000021019100906002410F022907D0189A50
:10A7600001CA189200229446032908D008E01898DC
:10A77000C01DC108C90005C91891944603E080B204
:10A78000042900D1C0B20021029121072AD53178D5
:10A790000D91702906D0009A1021019B4A401A435E
:10A7A00005D00EE040216A461173012108E06146A0
:10A7B000014306D030216A4611730D99517302216D
:10A7C0000291009A0821019B4A401A430AD161462E
:10A7D000014301D1610705D530216A46117301217A
:10A7E0007F1E02913178582904D02EA10E910DA917
:10A7F0000D910DE030A1F9E76146019B009AF7F752
:10A80000D9F90E9B8C469B5C0D9A521E0D921370CB
:10A8100061460143F0D10D9805A9081A2030019036
:10A82000600703D501200004844300E0012701985C
:10A83000874201DD381A00E000200199009041189C
:10A84000029809180498401A0490E00306D421469F
:10A850001A9B199A049800F0B3F94519002706E0ED
:10A8600003A81A9AC05D199990476D1C7F1C029825
:10A870008742F5DBE0030CD521461A9B199A049810
:10A8800000F09EF9451904E01A9A30201999904772
:10A890006D1C0099481E00900029F5DC1FE00000A7
:10A8A00009280100303132333435363738396162A6
:10A8B000636465660000000030313233343536376A
:10A8C0003839414243444546000000000D980D9937
:10A8D0000078491C0D911A9A199990476D1C01999D
:10A8E000481E01900029F1DC4DE100F059F94519AD
:10A8F000761C3078002800D0DFE528461BB0F0BD7C
:10A90000600700D406271898C01DC108C900486810
:10A910000A680831C30FDB071891190001D09CA108
:10A9200008E0210501D59BA104E0E10701D09AA12F
:10A9300000E09AA14300109130785B0865280CD0A4
:10A9400006DC452809D046281DD0472841D141E0E2
:10A95000662818D067283CD13CE00021112F01DB8C
:10A96000112000E0781C0191009008A911A8FFF7C0
:10A97000E5FC139905910021119A15927F1C1298FC
:10A980000197009150E00120C00703900120019041
:10A9900008A9009711A8FFF7D1FC139A1499059202
:10A9A0000022119B009212981593059A019200299A
:10A9B00001D0104602E0791C40180190381A01D5E8
:10A9C000019804E04042401E0090781C0190C01B9A
:10A9D000029043E0012F00DA01270021112F01DD51
:10A9E000112000E038460191009008A911A8FFF756
:10A9F000A5FC13990591119A0021129815920091C6
:10AA0000019721070CD40599B94201DB019900E0B7
:10AA10000191012904DD159A491E515C302906D0A7
:10AA2000B84201DA011D05DA0121029115E0019910
:10AA3000491EEDE7002805DC0099411800910199B5
:10AA4000091A03E0019A411C914200DD019100992D
:10AA5000401A401C02900120C0070390200706D432
:10AA600002990198814202DB0020C043029000203D
:10AA70006946C87707AF012103980337C9078842A1
:10AA800024D0022011902B201290039800280CDA79
:10AA9000404203902D20129007E00A210398F6F718
:10AAA00001FD30317F1E039039701199481E1190BD
:10AAB0000029F2DC03980028EFD1791E1298087063
:10AAC0003078202108404530BF1E387006A8C01BD2
:10AAD000C01D039010980078002800D00120019933
:10AAE00041180298C0170918039809180498401AC9
:10AAF000401E0490E00306D421461A9B199A04983C
:10AB000000F05EF8451910980078002803D01A9AD2
:10AB1000199990476D1CE00324D521461A9B199A78
:10AB2000049800F04DF845191CE00098002807DB58
:10AB300000990598884203DD1598405C199901E059
:10AB4000199930201A9A904700986D1C401C00906B
:10AB50000298401E0290002804D11A9A2E201999BA
:10AB600090476D1C0199481E01900029DDDC05E02D
:10AB700038781A9A7F1C199990476D1C0399481EC2
:10AB800003900029F4DC21461A9B199A0498ACE63C
:10AB90002D0000002B00000020000000000000003D
:10ABA000F8B5044600251E461746880404D405E07F
:10ABB00039462020B0476D1C641EF9D52846F8BDE3
:10ABC000FFB50446002581B01E46C80301D53027D5
:10ABD00000E02027880404D505E038460399B047F3
:10ABE0006D1C641EF9D5284605B0F0BD4A68002AE0
:10ABF00006D00A68531C0B6010704868401E4860FD
:10AC000070470A68531C0B6010707047F0B50C4613
:10AC100001461D224B00D2069F18E5260546360642
:10AC2000620087B02046B7427BD21D27FF06D719A6
:10AC3000B74276D24F0043003E0E1A0EB21A1B2ABC
:10AC400007DD002902DA854807B0F0BD844807B067
:10AC5000F0BD1A26F2422FDA002807DA002902DABC
:10AC6000804807B0F0BD804807B0F0BD21462846B7
:10AC7000F6F7FFFC0646FEF7E5FF042801D1FFF7D3
:10AC800023FB2846FEF7DEFF05462046FEF7DAFFE7
:10AC900004463046FEF7D6FF042D01D0052D08D11D
:10ACA000042C01D0052C04D1002802D10220FFF78A
:10ACB00021FB304607B0F0BD9F4211D9002902DACE
:10ACC0006A4F6B4E01E06B4F6B4E23462C461D4680
:10ACD00001220346D20708465440504019460BE073
:10ACE000002807DA002902DA644F654E04E0654F58
:10ACF000654E01E000263746421A012352001B062A
:10AD00009A422FD2484061490CD5BF2000060290DC
:10AD10003846F6F769FC07465D493046F6F764FCAD
:10AD20000BE053E03F20000602903846F6F70BFC9C
:10AD3000074657493046F6F706FC0646284602996C
:10AD4000F6F75AFC2146F6F7FEFB009021460298E2
:10AD5000F6F752FC2946F6F74BFC0099F6F789FC0A
:10AD6000044604E021462846F6F783FC04460146E3
:10AD7000F6F742FC47490090F6F73EFC4649F6F7E5
:10AD8000E2FB0099F6F738FC4449F6F7DCFB009942
:10AD9000F6F732FC4249F6F7D6FB0099F6F72CFCA1
:10ADA0004049F6F7D0FB054620460099F6F724FC0B
:10ADB0002946F6F721FC3146F6F7C5FB2146F6F7A2
:10ADC000C2FB3946F6F7BFFB07B0F0BDFF263606DB
:10ADD000B34201D8B24205D901462846FFF770FABE
:10ADE00007B0F0BD2F4607437F000AD0B3420CD115
:10ADF000B2420AD101229207904391430D46044684
:10AE000018E7FF22D2051043F9E7B3420CD0470000
:10AE10000AD0B2420ED04E000CD05340F0D4002ADB
:10AE20000EDB9F26F6050DE0FF22D2051143E00F51
:10AE3000C007FFE6C90FC907FF22D2051043F9E694
:10AE40005F26F60531462846F6F7D6FB054631461D
:10AE50002046F6F7D1FB04462946EBE6DB0FC9BFD7
:10AE6000DB0FC93FDB0F49C0DB0F49400000C9BF02
:10AE700022AAFDB90000C93F22AAFD39000049C03D
:10AE800022AA7DBA0000494022AA7D3A0060ED3E28
:10AE9000C30ACE372DAD65BD8FB8D53D0FB511BEF8
:10AEA00061C84C3EA8AAAABE70B505460C460C481F
:10AEB000007C002800D170BD0BE00120F7F7B8FA44
:10AEC0002846FFF71DFA0020F7F7B2FA2846FFF7E9
:10AED00017FA2046641E0028EFD100BFEBE7000000
:10AEE000B803002010B5074C002305E006495818A8
:10AEF000F7F746FA01C41B1DB12080008342F5D349
:10AF000010BD00003801002000F8010870B50A4D9E
:10AF10000A48F7F72BFA002408E0094809490860B5
:10AF200002CD064AA018F7F72EFA241DB1208000A2
:10AF30008442F2D370BD00003801002000F80108FF
:10AF4000AAAA00000030004070B504460D46E1B2E8
:10AF50000548FDF776FE00BF40210348FDF7BFFD21
:10AF60000028F9D0204670BD004400401CB5F7F71A
:10AF7000D9FCF8F78BFFF8F7A5F9F8F771F9FEF7A8
:10AF800019FD4AA0FEF7CEFD4A494B48F6F7BBFA39
:10AF9000FFF7A8FF484800684849884204D148485C
:10AFA000006C4849884204D047A0FEF7BBFDF8F783
:10AFB00063FC4348017B4CA0FEF7B4FD4048817B15
:10AFC0004EA0FEF7AFFD3E48C17B52A0FEF7AAFDA2
:10AFD000002525E000241DE00020064614E048215D
:10AFE0006143354A121D8A18242169435118B20061
:10AFF0008858F6F772FD02460B46019100904BA06F
:10B00000FEF790FD701C0646072EE8DB35A0FEF724
:10B0100089FD641C032CDFDB32A0FEF783FD6D1C71
:10B02000022DD7DB7D21C9000A20FBF733FDFBF79A
:10B0300025F80120C00222494C31C886002402E0D4
:10B04000F7F75AF8641C642CFADBF9F7EFFBFDF70D
:10B050008DFCF7F7B3F90121C820FFF725FFFEF7B4
:10B060004BFD334F781E3349884200D90CE0781EDF
:10B07000314948610321081FFAF7CEFE00202E490E
:10B0800088610720086100BF0FE02C482C49086048
:10B09000F9F7CEFF2B48C069092804D900202949B7
:10B0A000C861F9F769FEF9F70BF8EEE70A73746106
:10B0B00072740A00281100003801002079563416F5
:10B0C000B80300207856391253797374656D205295
:10B0D0006573746F726520696E204669727374209F
:10B0E00054696D650A0000005379732E436F6E66D4
:10B0F00069672E4469723A25640A00005379732EF9
:10B10000436F6E6669672E4C63645265763A2564B8
:10B110000A0000005379732E436F6E6669672E4FE5
:10B12000666654696D653A25640A0000256620004C
:10B1300000530700FFFFFF0000E000E0AAAA0000A4
:10B14000003000403812002000B54A00234B52085E
:10B1500087B09A4203DC00221346009229E0204B7C
:10B160009A4208D1002808D10120FFF7C3F8FFF761
:10B1700094F807B000BD9A4203DBFFF789F807B0E7
:10B1800000BD02AAFEF770FD8107890F012000298A
:10B190000CD0012911D0022915D002A80FC8FEF742
:10B1A00031FF0122D207514007B000BD009002A834
:10B1B0000FC8FEF7F7FF07B000BD02A80FC8FEF7E3
:10B1C00021FF07B000BD009002A80FC8FEF7EAFFFC
:10B1D0000122D207514007B000BD0000FB21E93F2A
:10B1E0000000F07F70B50546F6F778FD4100044693
:10B1F000FF204908C005411AC90F07D06900490856
:10B20000401AC00F02D10120FFF774F8204670BD2C
:10B210000146088902221040002801D00120704711
:10B220000020FCE7F8B506460F46264800780128BE
:10B2300046D125480068002811D12448006801281B
:10B2400009D100202149086000231A468121304697
:10B25000F7F7C4FD34E000201A49087030E01A48BE
:10B26000006840280ED91A48008884B24025184842
:10B270000068403016490860134800684038124999
:10B28000086016E01248008884B20F48008885B232
:10B290000F4800680C49096840180D4908600020F3
:10B2A0000949086008460068402802D10120074982
:10B2B0000860084802192B4681213046F7F78EFDB9
:10B2C0000020F8BDF8000020F4000020E800002075
:10B2D000F0000020AE19002070B504460D4628206D
:10B2E00068432146B8314018008B86B20648314683
:10B2F0000269064890474023044A03212046F7F795
:10B30000C5FC002070BD00003C0000206E1900202C
:10B3100070B504460D4681212046F7F791FB0321C5
:10B320002046F7F78DFB82212046F7F789FB02497B
:10B3300048688047002070BD3C00002010B50446DE
:10B3400008480068FF280AD007488368074808496A
:10B350000268044800689847FF20024908600020FE
:10B3600010BD0000FC0000203C0000200001002077
:10B37000E000002070B504460D46C0230022812164
:10B380002046F7F7A5FDFF23013300228221204646
:10B39000F7F79EFDFF231133002203212046F7F724
:10B3A00097FD0223402281212046F7F7CAFB0223A2
:10B3B000402203212046F7F7C4FB03230822822101
:10B3C0002046F7F7BEFB0549086880474023044A3A
:10B3D00003212046F7F75AFC002070BD3C000020F6
:10B3E0006E19002010B50446074801680068401C2B
:10B3F000054A1060052905D1002011460860204645
:10B40000F8F7A4FD002010BD28010020F8B505467E
:10B410000C463A26334F20786021084000282FD070
:10B42000202827D1E08800281CD0207880210840DF
:10B4300000280BD0E28860782B498B682B4998470D
:10B44000E2882A492846FDF76FFC11E06078284918
:10B450000860E08827490860E28824492846FDF70B
:10B4600043FC05E06078204900228B68114698472C
:10B470000020F8BD21462846FDF72EFC0220F8E703
:10B480006078062804D00A2815D00B2825D118E0AA
:10B4900060880012212808D1124F0937E0883A2825
:10B4A00001DD3A2000E0E08806463246394628466B
:10B4B000FDF73AFC11E001220F492846FDF734FC64
:10B4C0000BE0A078012803DAA0780B49086003E0BC
:10B4D00021462846FDF700FC00BF00BF00BF00BFAB
:10B4E0000020C6E7093E01083C000020E0000020E3
:10B4F000FC00002000010020DC0000200102050A01
:10B50000143264C86400102764000000E8030000DF
:10B5100010270000030000000A000000D7B0000060
:10B52000DCB00000A3B10000B8B10000C8B1000059
:10B53000BBB20000CBB20000E2B20000E1B20000FA
:10B54000A3B30000A7B30000C9B30000ACB3000070
:10B55000F6B30000E6B40000FDB40000C8B500007A
:10B56000E7B50000C8B60000CCB60000D4B60000B5
:10B57000FEB60000B4B70000F1B70000B4B8000098
:10B58000BAB80000D0B80000A6B90000D8B90000D1
:10B59000DCB90000ECBA0000D6BB0000FABB00002A
:10B5A000ABBC0000E4BC0000E1BD0000E2BD000057
:10B5B000AABF0000EBC00000F4C10000F7C100000A
:10B5C000B7C20000EBC20000BBC40000B5C600005B
:10B5D000C1C60000DDC80000EBC80000ABC9000018
:10B5E000E4C90000E8C90000F9C90000C7CA0000AA
:10B5F000D4CA0000B1CA0000A7CA0000E4CA000013
:10B60000F8CA0000B3CB0000F7B50000CBCD0000B6
:10B61000E2CD0000B4CE0000C2CF0000DFCF0000BA
:10B62000A1D00000A3D00000C5D00000A2CF000030
:10B63000F2D00000FDD00000B9D10000D5D100004B
:10B64000D1D20000F4D20000C3D30000D8D400004F
:10B65000FDD50000C3D60000D0D60000A2D7000060
:10B66000AAD70000BCD70000DCD70000E8D7000054
:10B67000BAA30000E6A10000B8A60000CCA6000016
:10B680000000000000000000000200000003800035
:10B690000007000000060000000C00000008004049
:10B6A00003FFFFE003000060030000600300006090
:10B6B00003000060030000600300006003000060FE
:10B6C0000300006003FFFFE0030000600300006070
:10B6D00003000060030000600300006003000060DE
:10B6E00003000060030000600300006003FFFFE050
:10B6F0000300006003000060020000000000000082
:10B7000000000000000000000000100000001C000D
:10B71000000838001FFC300018083000180820000E
:10B720001888600818C87FFC188860401888E0C036
:10B730001888A0C01889A0C0188920C0198A108054
:10B7400019881180198811801988110019880B0037
:10B7500019080B0019480E001330060003180E00DC
:10B76000060C0B00040C11800C0421C01800C0F062
:10B770001001807C20060018000800000000000076
:10B7800000000000000000000040000000E4004055
:10B7900000C7FFF000C600600186006001860060FF
:10B7A0000106006003060060020600600786006074
:10B7B0000707FFE00F0618600B04180013001800BD
:10B7C00023001808437FFFFC03007C0003007A007D
:10B7D0000300DA000300D90003019980030318C0B5
:10B7E000030218C003061870030C183C0310181C41
:10B7F00003201800034018000200100000000000A1
:10B80000000000000000000000100000001C00000C
:10B8100000180200003FFF000030060000700C001E
:10B8200000681C0000CC1800018630000302600094
:10B830000603C0000801C00000026000000C3800D0
:10B8400000100E00006007E001FFFFFC0EC081B891
:10B8500030C0818000C0818000C0818000FFFF80F7
:10B8600000C0818000C0818000C0818000C08180D4
:10B8700000FFFF8000C0018000C000000000000049
:10B8800000000000000000000400400007007000FD
:10B8900006006000060060000600600006006020F0
:10B8A0000600607006006070060060C006006180DF
:10B8B0000604630007FE66000600680006007000CC
:10B8C00006006000060060000600600006006000E0
:10B8D000060060000600601006006010060260109E
:10B8E000061C60100670601807C0601807007FFC17
:10B8F00002003FF80000000000000000000000000F
:10B9000000000000000000000000001000000038EF
:10B910003FFFFFFC0000C0000001C00000018000EC
:10B920000003800000030000000780000007C00043
:10B93000000D8000001D8C00001982000031818004
:10B94000006180C000C18060018180700301803887
:10B95000060180180C018018100180082001800069
:10B9600000018000000180000001800000018000D3
:10B9700000018000000180000001000000000000C4
:10B980000000000000000000001020000018380037
:10B9900000183000001830183FFFFFFC001830007E
:10B9A000001830000018238000003FC0003FF00066
:10B9B0000FC0000000020180020181800180C300ED
:10B9C00000C0C20000C104000001C800000190389E
:10B9D0007FFFFFFC0007A000000DA00000199800E9
:10B9E00000318C000061860001818380030180F0BA
:10B9F0000C01807830018010000100000000000080
:10BA00000000000000000000080000100C200018DA
:10BA1000063FF01803303018033030180030331868
:10BA2000003233980033B3183033331818B3331857
:10BA30001CB333180CB333180933331801333318DC
:10BA400001323318013233180232331802323318FC
:10BA5000063233187E3623181C2603180C050318EB
:10BA60000C0C80180C0840180C1870180C3030188A
:10BA70000C6031F000801070010000200000000018
:10BA80000000000000000000000000000004004072
:10BA900003FE3FE0030C20C0030C20C0030C20C0B9
:10BAA000030C20C0030C20C0030C20C0030C20C0DA
:10BAB000030C20C0030C20D83FFFFFFC030C20C068
:10BAC000030C20C0030C20C0030C20C0020C60C07B
:10BAD000020C60C0020C60C0060C60C0060C40C0C6
:10BAE000040C40C00C0CC0C0088C80C0107D80C00D
:10BAF00010190FC020120380400401000000000054
:10BB0000000000000000000000010200008183002E
:10BB100000618700007184000031880000219018C6
:10BB20000FFFFFFC08000018080000301840042038
:10BB3000307FFE0000600600006006000060060026
:10BB4000007FFE000061860000018000020180800D
:10BB500003FFFFC0030180C0030180C0030180C058
:10BB6000030180C0030180C003018CC003018380F6
:10BB700003018180000180000001800000000000BE
:10BB800000000000000000000000000000000010A5
:10BB90000200003803FFFFFC030000000300000068
:10BBA0000300000003000000030000000300000089
:10BBB0000300000003000000030000000300000079
:10BBC000030000000200000002000000020000006C
:10BBD0000200000006000000060000000400000053
:10BBE000040000000C000000080000001800000025
:10BBF0001000000020000000000000000000000015
:10BC00000000000000000000000080000000E200D2
:10BC10000000E380000061C0000060C0000060D050
:10BC20000400603807FFFFFC0600600006006000AB
:10BC300006006040060060600604207007FE30E0E9
:10BC4000060630C0060630C006063180060419809C
:10BC500006041B0004041F00040C0E00040C0E0458
:10BC60000CFC1F04083C3384081861CC1000C0FC95
:10BC70001001807C2006001C400000000000000035
:10BC800000000000000000000080000000E0000054
:10BC900000C0000800C0FFFC00C40C181FFE0C18F8
:10BCA00000C0081800C0181800C0181000C01010FC
:10BCB00000C430303FFE60F000C0406000C0800033
:10BCC00008C340100EC07FF80CC060300CC6603056
:10BCD0000CFF603008C0603008C060300CC06030BD
:10BCE0001EC07FF01BC0603011C06020106040009B
:10BCF000203E00002007FFFC40001FF8000000006D
:10BD00000000000000000000000100000001C00071
:10BD1000000180000001800000018080030180E0BC
:10BD2000030180C0030180C0030180C0030180C003
:10BD3000030180C0030180C0030180C007FFFFC072
:10BD4000020180C0000180000001800004018040E9
:10BD50000601807006018060060180600601806037
:10BD60000601806006018060060180600601806037
:10BD70000FFFFFE004000060000000600000000012
:10BD8000000000000000000000020000000380002E
:10BD900000070000000600303FFFFFF8000C000025
:10BDA000000C000000180000001800400037FFE001
:10BDB00000E000E000E0018000C0020001C00C00D3
:10BDC00001C00C0002C0080004C0080008C0081828
:10BDD00010DFFFFC20C0080000C0080000C0080001
:10BDE00000C0080000C0080000C0080000C0080033
:10BDF00000C1F80000C03800008010000000000002
:10BE000000000000000000000080300000E038006A
:10BE100001C030000180300003003040020FFFE01D
:10BE2000060030000C60300008E0300010C0300028
:10BE30002180301801BFFFFC0300020003000180D5
:10BE40000500018009000198111FFFFC21000180FD
:10BE500001020180010181800100C1800100C180D7
:10BE6000010041800100018001000180010001808A
:10BE700001003F80010007000200020000000000F6
:10BE800000000000000000000000080001C00E00DB
:10BE900001C01C000383180803FF9FFC064032000A
:10BEA000042021800C304180183081802010C08017
:10BEB0004000804003FFFFE00000800000008000A1
:10BEC000000080083FFFFFFC0000040000000700A6
:10BED000000006180FFFFFFC0020060000300600DF
:10BEE00000180600000C0600000C0600000C0600FE
:10BEF00000007E0000001E0000000C00000000009A
:10BF000000000000000000000002000000038000AC
:10BF10000003000000030000000300000403008091
:10BF200007FFFFC0060300C0060300C0060300C0F1
:10BF3000060300C0060300C007FFFFC0060300C0E1
:10BF4000060300C0060300C0060300C0060300C0CD
:10BF5000060300C007FFFFC0060300C00603000879
:10BF60000003000800030008000300080003001895
:10BF70000003FFFC0001FFF80000000000000000CB
:10BF80000000000000000000000100000000C000F0
:10BF90000000E0100400403807FFFFFC0604040026
:10BFA00006070700060606000606063007FFFFF82C
:10BFB0000606060006060600060606000606060039
:10BFC0000607FE000606060004000100043FFF808D
:10BFD0000C0403800C0207000C03060008010C008F
:10BFE0000800D800180070001000F80010039E0030
:10BFF000200E07F8207000F84780001000000000B5
:10C0000000000000000000000200000003800000AB
:10C01000030000100607FFF80600000004180000E7
:10C020000FFC00000D8100200980FFF0118080606E
:10C03000118080602180806001808060018C806040
:10C040003FFE80600180FFE00180806001808040D1
:10C0500001C080C001A080C0013041800318618010
:10C06000031861000208610006086100040002185C
:10C07000080FFFFC1000000020000000000000007E
:10C08000000000000000000000000100000001C0EE
:10C0900000000180000801803FFE0180000C01804B
:10C0A000001C018000180198081FFFFC0418018083
:10C0B00006300180023001800120818000E0C180D3
:10C0C00000E0618000E0618000E0718001B03180BB
:10C0D000013821800318018006180180040C0180BA
:10C0E000080C0180100C0180200801804000218094
:10C0F00000001F8000000780000002000000000018
:10C10000000000000000000000000000000000002F
:10C11000000000000000000000000000000000001F
:10C12000000000C007FFFFE000000000000000006A
:10C1300000000000000000000000000000000000FF
:10C1400000000000000000000000000000000000EF
:10C1500000000000000000000000000000000000DF
:10C1600000000010000000383FFFFFFC000000004E
:10C1700000000000000000000000000000000000BF
:10C180000000000000000000000000C000000FE000
:10C190000003FFE001FE00000180000001800000BC
:10C1A000018000000180000001800000018000404B
:10C1B00001FFFFE0018800E0018801C00104018067
:10C1C00001040180010203000103060003010600CF
:10C1D00003018C000300D800030078000600300043
:10C1E0000600F8000401CE000C070780081C03E0DD
:10C1F000107000FE218000384600000000000000A2
:10C2000000000000000000000000002000000030DE
:10C210001FFFFFF8000180000003000000078000FE
:10C22000000F8000000D900000198E00007181C089
:10C2300000C180F001818038060180180C0180085F
:10C24000300180000082008000FFFFC000C001803C
:10C2500000C0018000C0018000C0018000C00180DA
:10C2600000C0018000C0018000C0018000FFFF808D
:10C2700000C0018000C001800080010000000000BB
:10C280000000000000000000002000000038000056
:10C290000060003000FFFFF800C0000001800000D7
:10C2A00003800100067FFF8008600180106001802C
:10C2B000207FFF80006001800060018000600180BD
:10C2C000007FFF800078010000180100003FFF8020
:10C2D00000380300006C060000C41C000183380015
:10C2E0000303F0000401C0000803F000000E3E004C
:10C2F00000380FF401C001F83E00001000000000FB
:10C30000000000000000000000080000000E000017
:10C3100000180400001FFE0000300C000060180030
:10C3200000C030000080200001804080027FFFC0FC
:10C330000460008018600080006080800060E08001
:10C340000060C0800060C0800060C0800060C0806D
:10C3500000608080006180800061808000618000DA
:10C360000003180000060700000C01E00038007010
:10C3700000E000380700001818000000000000006E
:10C380000000000000000000000012000000198002
:10C39000000010C00400109807FFFFFC0600180002
:10C3A000060018000600986006FFF870060018E006
:10C3B000064088C0067FCD800660CD80046087007F
:10C3C000046086000C608F08087F99881860F0E888
:10C3D0001040407C2000803C404300040071C0C0FD
:10C3E0000460C060046044300C6002301C600610C1
:10C3F00018600700003FFE00000000000000000081
:10C4000000000000000000000000080000000E0016
:10C4100000000C0000000C0000060C003FFF0C00A8
:10C4200000C00C0000C00C0000C00C0800C3FFFCE2
:10C4300000C00C1800C0081800C0081800C0081878
:10C4400000C0181800C0181800C0181800C010103C
:10C4500000C7301000F8301003C020103F006030DB
:10C460003C00C03010018030000100300006183060
:10C47000000C07E0003001E00040008000000000F8
:10C4800000000000000000000000080000600E0036
:10C4900000300E0000180C00001C1800000C1000EA
:10C4A000000C3000000020300FFFFFF8000180007A
:10C4B0000001800000018000000180000001800078
:10C4C000000180183FFFFFFC000340000003200034
:10C4D0000003200000061000000C1800000C0800EB
:10C4E00000180C000030070000600380018001E0AC
:10C4F000030000FC0C0000383000000000000000C9
:10C500000000000000000000010000000180180091
:10C51000038018000302301007FF3FF80440420078
:10C520000C608300182301802021810008018018FD
:10C530000FFFFFFC080000181800023038FFFF2032
:10C5400000C0060000C0060000C0060000FFFE009C
:10C5500000C0060000C0000000C0010000FFFF8016
:10C5600000C0030000C0030000C0030000C00300BF
:10C5700000FFFF0000C0030000C00000000000003A
:10C5800000000000000000000080000000E000004B
:10C5900000C0000001800000018000300307FFF8A8
:10C5A00002080C00060C0C0004180C0008180C0003
:10C5B00010B00C003F600C0010400C0000800C001C
:10C5C00001800C0003000C0006040C000C780C0029
:10C5D0001F800C001C000C0008000C0000020C0066
:10C5E000001C0C0000E00C000F800C181C1FFFFC4E
:10C5F0000800000000000000000000000000000033
:10C600000000000000000000020000000380700035
:10C610000300C0000300C0000300C018033FFFFC7C
:10C620000380C00003C0880013618E0013318C00AA
:10C6300013218C0033030C0033030C1023024C38FD
:10C6400003064C700306CE400304CE80030D9B000E
:10C6500003081900031019000310318003203080F3
:10C66000034060C00380C0E0030080700301003815
:10C670000306003E03080010023000000000000026
:10C680000000000000000000010000000180000028
:10C69000018101000181FFC00181818001818180D0
:10C6A00001818180019181803FF9818001818180B8
:10C6B00003818180038181800381818003F18180F6
:10C6C00007998180059981800D8981800981818008
:10C6D000098181801181018011830180218301887A
:10C6E00041820188018601880184018C018801FE54
:10C6F000019001FC01A0000001000000000000000A
:10C700000000000000000000010000000180004067
:10C71000018FFFF00180C0600180C0C00180C0C0F7
:10C720000190C1803FF8C1800180C3000380C30035
:10C730000380C6100380CFF803E0C43007B0A030F8
:10C740000598A0300599A0600D899060098190C07E
:10C75000118118C011810D8021830700018207001B
:10C760000182070001840D80018C18E00188607847
:10C770000190C03E01A30010010400000000000071
:10C780000000000000000000020000000180000026
:10C7900001C0001000CFFFF808C000300E4000308C
:10C7A0000C0000300C0000300C0018300C1FFC3066
:10C7B0000C1818300C1818300C1818300C181830C9
:10C7C0000C1FF8300C1818300C1818300C181830D2
:10C7D0000C1818300C1818300C1FF8300C181830C2
:10C7E0000C1010300C0000300C0000300C00003039
:10C7F0000C0003F00C0000E0080000400000000006
:10C8000000000000000000000000080001800E0091
:10C8100001800C0001800C0003000C0003000C18C8
:10C820000207FFFC04100C00041C0C0008300C0074
:10C8300018600C003FE00C001CC00C200183FFF0CE
:10C840000100000002000000040100200879FFF050
:10C850001F8180301C018020000180200001802089
:10C860000019802000E180200F8180203C01FFE042
:10C870001001802000018020000100000000000065
:10C8800000000000000000000100000001C00010D6
:10C890000100FFF803000C1003F80C100618081034
:10C8A000043018100C201810084433301FFE60F0BC
:10C8B0002CC482602CC503800CC43B000CC4330024
:10C8C0000FFC23100CC47FF80CC443000CC4C3003D
:10C8D0000FFC83000CC5030808C5FFFC08C4030057
:10C8E00008C4030008C4030010C4030010C40300FC
:10C8F00020840300201C0300400802000000000008
:10C900000000000000000000000000000000002007
:10C91000000000701FFFFFF800300C0000300C001A
:10C9200000300C0000300C0000300C0000300C0017
:10C9300000300C0000300C0000300C183FFFFFFCF2
:10C9400000300C0000300C0000300C0000300C00F7
:10C9500000300C0000200C0000600C0000600C0097
:10C9600000C00C0000800C0001000C0002000C0054
:10C9700004000C0018000C0020000800000000005B
:10C98000000000000000000000060000000380001E
:10C990000001C000000080183FFFFFFC0100020002
:10C9A00001D03180018E71800181C1800181E180DF
:10C9B000018639800198198001E0098003FFFF801A
:10C9C000018181800001C000080300200FFFFFF0FB
:10C9D0000C0600300C0440300C0830300C101C30B9
:10C9E0000C7FFE300C7C06300C0002300C00003056
:10C9F0000C0007E00C0000E00C000040000000000C
:10CA0000000000000000000000040000001E000004
:10CA100008F000100F01FFF80C0018300C2018303F
:10CA20000C1818300C0C30300C0630300C1F203035
:10CA30000CE260200F80C6600E0181E0040200C09D
:10CA4000020C004003FFFFE0030180C0030180C02F
:10CA5000030180C0030180C003FFFFC0030180C049
:10CA6000030180C0030180C0030180C0030180C0B6
:10CA700003FFFFC0030000C00200008000000000B0
:10CA800000000000000000000000400000007000F6
:10CA90000400300003003030039FFFF801802000C5
:10CAA000010070000000C0000020810020210080F3
:10CAB000184200C01C4FFFE00C8700600C8400206F
:10CAC000008441000106318001042180030421809B
:10CAD00002042180060C21803E0C21800E0C218056
:10CAE000060C2188040821880C1821880C30210CA0
:10CAF0000C20218E0CC021FC010040000000000031
:10CB000000000000000000000000200000003800CD
:10CB1000001030000FFC602008187FF008184060FB
:10CB20000818C0C00818A0C0081991800819110081
:10CB30000FFA0B0009920E0001800F0001801B808C
:10CB4000119030E01DF8607C1980C05819837FF87F
:10CB5000198C4060198040601980406019804060E5
:10CB600019B840601BC040603E00406038007FE064
:10CB70000000406000004060000000000000000075
:10CB8000000000000000000000000000001800206D
:10CB90003FFFFFF0030000600300006003006040FF
:10CBA0000200C0400600C0400600C0C00400C0C073
:10CBB0000C20C0C00FF0C0C00C2080C01C2080889A
:10CBC0001C21FFFC2C2080082C2000084C20000891
:10CBD0000C2000180C2001980C27FFD80C200018FE
:10CBE0000FE000180C2000180C3000100C0004306E
:10CBF0000C0003F0000000E0000000400000000016
:10CC0000000000000000000000183000001C380088
:10CC1000001830103FFFFFF80018300000183000F7
:10CC200000FFFF80008003000080030000FFFF0082
:10CC3000008003000080030000FFFF000086030067
:10CC4000010E00183FFFFFFC0030080000610400E7
:10CC500001C18380030182F00CFFFF7C30C183108F
:10CC600000C1830000C1830000C1830000C1B20085
:10CC700000C18E000081840000010000000000005F
:10CC800000000000000000000040000000600008FC
:10CC90000061FFFC006003000660060006640400FB
:10CCA000067E040806607FFC066060180660601857
:10CCB000066262183FFF63980040631800606318C3
:10CCC0000440631806406318064263180C47631853
:10CCD0000C466318184C6218104C62182018070094
:10CCE0002030048000600C6000C018380180301CC7
:10CCF0000600600C080180043006000400000000FB
:10CD00000000000000000000000000000000002003
:10CD100003FFFFF003000030030000300300003089
:10CD200003FFFFF0020000300204020002060700C9
:10CD3000020306000203040002010860027FFFF004
:10CD400006020600060206000602060006020600AB
:10CD50000602063005FFFFF8040206000C0206007A
:10CD60000806060008060600100C0600100806005B
:10CD70002030060020600600018004000000000052
:10CD8000000000000000000000060000000380001A
:10CD9000000180000400801007FFFFF80C0000383D
:10CDA0000C2000201C30104018700E0000E107809D
:10CDB0000181C1C0030380E0060740600C066040AB
:10CDC000100C30000018180000300E0000600380C6
:10CDD00001C005F8037FFF780C6006103060060084
:10CDE00000600600006006000060060000600600AB
:10CDF000007FFE000060060000400400000000000C
:10CE000000000000000000000000000000300000F2
:10CE1000003C0000000600000003000000010000CC
:10CE200000018000000180000003C0000003C0007A
:10CE300000034000000660000006600000062000BD
:10CE4000000C3000000C30000018180000301C00EE
:10CE500000300C000060060000C007000180038065
:10CE6000010001C0020000F00400007C080000384E
:10CE70003000001040000000000000000000000032
:10CE80000000000000100000001800000038000042
:10CE900000301800007FFC0000E0380000C03000C7
:10CEA00001806000030040000600808007FFFFC093
:10CEB0000B0180801301808023018080030180802A
:10CEC000030180800301808003FFFF800300008056
:10CED0000300000003000000030000080300000836
:10CEE0000300000803000008030000080300000C12
:10CEF00003FFFFFC01FFFFF800000000000000003E
:10CF0000000000000000000000400100006000C0C0
:10CF1000004000800084008007FE0080060400803E
:10CF200006040080060400800604009807FDFFFC4C
:10CF300006040080060400800604008007FC0080D0
:10CF40000604608006043080060438807FFC388048
:10CF5000006410800064008000C4008001840080B0
:10CF6000018400800304008006040080080400801F
:10CF7000107C1F80201C07800008030000000000B8
:10CF80000000000000000000040001000301FF8019
:10CF900003818300018183000181830001018300FB
:10CFA0000001030000030300000303FC010601FC71
:10CFB0003FC400000188008001B7FFE0018100C08C
:10CFC000018081C0018081800180818001804300D7
:10CFD000018443000188260001903E0001A01C004E
:10CFE00001E0180001C03E00018067800001C3E03D
:10CFF000000700FC001C003000E000000000000002
:10D000000000000000000000000180000001C000DE
:10D0100000018000000180301FFFFFF80001800048
:10D020000001800000018000000180C003FFFFE0DC
:10D03000000000000200004003FFFFE003018060E9
:10D040000301806003018060030180600301806050
:10D0500003FFFFE003000060030000000300000086
:10D060000300000006000000060000000C000000A5
:10D070000800000010000000200000000000000078
:10D08000000000000000000000000200007FFF0020
:10D09000006006000060060000600600007FFE00E1
:10D0A00000600600006006000060060000600600E8
:10D0B000007FFE0000600600004004000000003019
:10D0C0003FFFFFF80001800000C1800000E1800008
:10D0D00000C180C000C1FFE00181800001C180006B
:10D0E00001A1800003198000060D80000607800062
:10D0F0000C01FFFC10003FF0200000700000000059
:10D10000000000000000000000000400000007C054
:10D110000C00067006000630030006100300061817
:10D1200003000608003FFFFC0000060000000600A8
:10D1300000000600010006007F801600031FFA00B1
:10D1400003018200030183000301830003018300C4
:10D1500003018100030181800309818003118CC4D4
:10D160000321F0C40343C06403DE00740388003C61
:10D170000380001C0100000C0000000400000000FF
:10D18000000000000000000000000200000003801A
:10D1900000000300002003001FF00300183003000C
:10D1A0001830030018300318183FFFFC1830030034
:10D1B0001830030018300300183203001FF1030079
:10D1C0001831C3001830C3001830E3001830430092
:10D1D0001830030018300300183003001FF003005C
:10D1E000183003001830030018000300000003008B
:10D1F00000003F00000007000000060000000000E3
:10D200000000000000000000000100000001C0005C
:10D21000000180000081800001C180000181800048
:10D22000018180C001FFFFE0030180000201800056
:10D2300002018000040180000401000000030030AE
:10D240001FFFFFF80003400000034000000620001D
:10D250000006300000061000000C1800000C0C0046
:10D2600000180600003007000060038000C001E0E5
:10D27000030000FC0C00003830000010000000002B
:10D2800000000000000000000200100003801C00ED
:10D290000300380006003400061062007FF86300C7
:10D2A0000400C1800C0181C00903437009C6BFBEE0
:10D2B000198C00181194100031A7F8183FFE311096
:10D2C00021863110018631100187F110018631105D
:10D2D0000186311001FE31103F87F1103186311087
:10D2E0000186311001863110018630100186301020
:10D2F000018631F00186707001842020000000005A
:10D300000000000000000000000100000001C0005B
:10D3100000018000000180183FFFFFFC0001800039
:10D3200000018000000180000201808003FFFFE017
:10D33000030180C0030180C0030180C0030180C0DD
:10D34000030180C003FFFFC00307C0C0030FA0009C
:10D35000000DB000001990000031880000618E00BF
:10D3600000C18700018183C0030181F00601807C38
:10D370001801803020018000000100000000000042
:10D380000000000000000000000000000000000895
:10D390000C0DFFFC0C0C06000C0C04000CCC040063
:10D3A0000CCC08100CCCFFF80CCCC0180CCCC0185E
:10D3B0000CCCC4180CCCC7180CCCC6180CCCC61896
:10D3C0000CCCC6180CCCC6180CCCC6180CCCC61885
:10D3D0000CCCC61808CCC61808CCC61008CC050062
:10D3E000180C0CC0100C0C70100C1838200C301CD1
:10D3F0002008600C4001800C0006000000000000C6
:10D400000000000000000000000000000404000014
:10D410000307FFF80386081801860C100186081020
:10D42000000609100006FF9000060810010608100B
:10D430003F860810030608900307FFF0030600105C
:10D440000306411003067F90030663100306631072
:10D4500003066310031463100324631003647F1036
:10D4600003CC631003886210030800100110001041
:10D47000001003F0002000700040002000000000B9
:10D480000000000000000000000000000800000094
:10D49000060400C00707FFC0030600C0030600C063
:10D4A000000600C00007FFC0000600C0000600C064
:10D4B000010600C03F8600C00307FFC0030600A0AE
:10D4C00003060030030640E00306318003060E0029
:10D4D00003060700030609C0030670E00307C070D7
:10D4E000038700301C42001038220000301C000668
:10D4F000000FFFF80000FFF0000000000000000037
:10D5000000000000000000000040080000700E0055
:10D5100000600C0000E00C0000C00C0000C00C001B
:10D5200001810C0001FF8C0001818C0003038C0041
:10D5300003030C0006030E0007060DC004C60C70A2
:10D5400008E60C38186C0C1C102C0C0C20180C0065
:10D5500000180C0000300C0000200C0000600C00D3
:10D5600000C00C0001800C0003000C0006000C0041
:10D5700008000C0030000C00000008000000000053
:10D580000000000000000000000100000001C000D9
:10D590000001800000018000000180000001818006
:10D5A00003FFFFC000018000000180000001800037
:10D5B0000001800000018000000180301FFFFFF8A3
:10D5C0000007C0000007A000000DB000001D900083
:10D5D0000019880000318C000061860000C1838042
:10D5E000018181C0060180F00C01807C1001803037
:10D5F0000001800000018000000100000000000028
:10D60000000000000000000000000000000000100A
:10D61000000000383FFFFFF8000300000003000097
:10D6200000030000000300000003000000030000EE
:10D63000000380000003700000031C0000030F00C3
:10D6400000030380000301C0000300C0000300C00A
:10D6500000030000000300000003000000030000BE
:10D6600000030000000300000003000000030000AE
:10D6700000030000000300000002000000000000A2
:10D6800000000000000000000000200001803000C9
:10D6900001C02300018021C0030020C003002040FE
:10D6A00006182060041820700C302FF8083FF00096
:10D6B000106030003FC0300010803038018033FCF3
:10D6C0000303FC00021C3040060030600C3830F0D0
:10D6D0003FC011C01E001B8008001F0000001E007C
:10D6E000000C1C0801F03E083F00E7083801839851
:10D6F000000601F8003800F80000003C00000000BF
:10D700000000000000000000000100000001E00037
:10D710000001800000018000000180000001800005
:10D720000001800000018000004180000071840041
:10D730000061820000E1810000C18180018180C020
:10D740000181806003018070020180380601803809
:10D750000C01801808018018100180082001800049
:10D760000001800000018000000180000031800085
:10D77000000F800000070000000200000000000011
:10D7800000000000000000000200200001803000C6
:10D790000100180001000C0001000C000100081835
:10D7A000011FFFFC3FF80000010040000300F18072
:10D7B0000380C0E0036180700733003807320198AE
:10D7C000051501C80D08818009008180090043000A
:10D7D00011004300110066002100260041003C00BA
:10D7E0000100180001003C00010067000100C3C0F7
:10D7F000010301FE010C007801F0000800000000A8
:10D8000000000000000000000040400000E0300088
:10D8100000C0180000C018000180181001BFFFF8F8
:10D820000100000003000000020000600787FFF015
:10D83000070000000F0000000B0000001300006054
:10D84000230FFFF02300000003000000030400206A
:10D850000307FFF003060060030600600306006094
:10D860000306006003060060030600600307FFE094
:10D8700003060060030600600200000000000000D4
:10D880000000000000000000000200000003000093
:10D890000004010000FFFFC000C0018000C0018043
:10D8A00000C0018000FFFF8000C0018000C0018037
:10D8B00000C0018000FFFF8000C0018000C0018027
:10D8C00000C0018000C0018000FFFF8000C0018017
:10D8D000000300000021C0000038C0000230426098
:10D8E00006300238063002180C30021C1C300308C7
:10D8F000003FFF00001FFE000000000000000000CD
:10D900000000000000000000000100000000C00056
:10D91000000060000400603007FFFFF80600000010
:10D9200006000040063FFFC0060001E006000300BD
:10D93000060104000600D800060060000600700022
:10D940000600301007FFFFF80600303804003020D2
:10D95000040030400C0030400C0030000800300063
:10D9600008003000080030001000300010002000D7
:10D970002007E0002000E000400040000000000020
:10D9800000000000000000000000200003007800FC
:10D990000180600001C060000080C0300088FFF896
:10D9A0003FFE80000301800003010000030200101D
:10D9B0000311FFF803F80438031004200311044096
:10D9C0000311C4000211840002118430021187F88F
:10D9D000021184000611040006138400041384005D
:10D9E000043344000832240009F61C0010640F00C0
:10D9F000100807FC201000F00020001000000000BC
:10DA00000000000000000000000000200000007086
:10DA100003FFFFF803000000030080000300E000A4
:10DA20000300E0000300C0000300C0000300C000CA
:10DA30000300C0000300C0000300C0C0037FFFE07C
:10DA40000300C0000200C0000200C0000200C600C7
:10DA50000600C3000600C1800600C1C00600C0C0A9
:10DA60000400C0C00C00C0C00800C0001800C018EE
:10DA700017FFFFFC20000000400000000000000035
:10DA800000000000000000000100000000C00008CD
:10DA90000060FFFC004203003FFF0200021802008A
:10DAA0000218440801107FFC019060080122600800
:10DAB0001FFF62081800E38818086308181C630831
:10DAC0001830630818406308198463081A0663084D
:10DAD000180C6308183063081060620811834780CF
:10DAE00010078660100E0C30101808182070101CDB
:10DAF00020C0600C470080044003000400000000C8
:10DB00000000000000000000000000000000008095
:10DB100007FFFFC0000001800000018000000180BD
:10DB200000000180000001800000018004000180ED
:10DB3000030001800200018003FFFF8002000180DA
:10DB400002000100020000000200000002000000CC
:10DB5000020000100200001002000010020000107D
:10DB600002000010020000180200001803FFFFFC72
:10DB700003FFFFF0000000000000000000000000B4
:10DB80000000000000000000000200000003800010
:10DB900000018000000180C007FFFFE000200800B6
:10DBA00000300C0000180C00001C0800001C1800BD
:10DBB000000C1010000820383FFFFFFC00000000A0
:10DBC000000000000080010000FFFF8000C0030093
:10DBD00000C0030000C0030000C0030000FFFF00FE
:10DBE00000C0030000C0030000C0030000FFFF00EE
:10DBF00000C0030000C0030000800200000000001D
:10DC000000000000000000000400002003FFFFF0FF
:10DC10000201806002018060020180600201806078
:10DC200002018060020180600201806003FFFFE06A
:10DC30000201806002018060020180600201806058
:10DC4000060180600601806007FFFFE0060180603A
:10DC5000060180600601806004018060040180602C
:10DC60000C018060080180600801806010018EE076
:10DC7000100183E0200000C0400000800000000090
:10DC8000000000000000000000602000006038007C
:10DC900000603100006330C00FFFB0E00060306012
:10DCA00000603000006030183FFFFFFC00001000F3
:10DCB00000C0100000C01020018318703FFF986062
:10DCC000034018E0033018C00630098004310D808D
:10DCD0000FFF8F00003007000030060000318E0477
:10DCE000007E1B041FF01184183021C4003040EC6A
:10DCF0000031807C0033001C0004000C0000000098
:10DD00000000000000000000000000000000001003
:10DD1000000000380FFFFFF80000C0000000C00046
:10DD20000000C0000000C0000000C0000000C000F3
:10DD30000080C00000E0C00000C0C06000C0FFF074
:10DD400000C0C00000C0C00000C0C00000C0C000D3
:10DD500000C0C00000C0C00000C0C00000C0C000C3
:10DD600000C0C00000C0C00000C0C01000C0C0386B
:10DD70003FFFFFFC0000000000000000000000006A
:10DD800000000000000000000400006007FFFFF03A
:10DD9000060C3060060C3060060C3060060C3060FB
:10DDA00007FFFFE0060200600001C0000001006004
:10DDB0000FFFFFF0000300000103030000FFFF80DE
:10DDC00000C0030000C0030000FFFF0000C003000C
:10DDD00000C0030000C0030000FFFF0000C00300FC
:10DDE00000C0030000FFFF0000C0030000C00300EC
:10DDF00000C003187FFFFFFC0000000000000000CF
:10DE00000000000000000000000100000001800090
:10DE100000018000000180000001800000018000FE
:10DE2000080180200FFFFFF00C0180200C018020F2
:10DE30000C0180200C0180200C0180200C0180202E
:10DE40000C0180200C0180200FFFFFE00C018020DE
:10DE50000C01803000018000000180000001800082
:10DE600000018000000180000001800000018000AE
:10DE7000000180000001800000010000000000009F
:10DE800000000000000000000000800004006000AE
:10DE90000700300003003800038018000100101054
:10DEA00001000038003FFFF8402010002040100023
:10DEB000384010001C4010000C8010000C80100036
:10DEC0000080100001001060010FFFF0030010003F
:10DED0000300100002001000060010003E001000B9
:10DEE0000C0010000C0010000C0010000C001018AA
:10DEF0000C7FFFFC0C0000000C0000000000000084
:10DF00000000000000000000010004000180070084
:10DF1000030006000300040003180C003FFC0C3053
:10DF20000601FFF8060008000480180004E018004D
:10DF30000CC018000CC0101818CBFFFC1FFC3000E0
:10DF400000C0300000C0600000C0600000C0FFE002
:10DF500000CC407000F000C01FC000803CC0010039
:10DF600030C0C30000C0320000C01E0000C00780E7
:10DF700000C003C000C001C000800080000000009D
:10DF800000000000000000000000100000038C00F2
:10DF900010030600182306000C2606000E2604189F
:10DFA000044FFFFC044E0C00008E0C00009E0C0081
:10DFB00000960C0001260C300167FFF803460C00A8
:10DFC00002860C0006060C000E060C003C060C3007
:10DFD0000C07FFF80C060C000C060C000C060C00DD
:10DFE0000C060C001C060C001C060C180C07FFFC91
:10DFF0000006000000060000000400000000000011
:10E0000000000000000000000000080000200C00DC
:10E0100000181800001C1800000C30000008200038
:10E020000100410001FFFFC00180018001800180EB
:10E0300001800180018001800180018001800180D8
:10E04000018001800180018001FFFF800184018047
:10E0500001030000006180000070C0800460C260A5
:10E06000046002380C600218386002183860020040
:10E07000003FFF00003FFE00000000000000000025
:10E080000000000000000000000000001020004020
:10E090001FF9FFE0183180E0186180C0184180C08E
:10E0A000184180C018C180C0188180C0188180C00C
:10E0B0001901FFC0188180C0184180C0182180C09C
:10E0C000182180C0183180C0183180C0183180C03C
:10E0D0001831FFC0183180C019F180C018E180C02C
:10E0E000180180C0180180C0180180C0180180CCC0
:10E0F000183FFFFC180000001000000000000000A6
:10E10000000000000000000000000000000000000F
:10E1100000000000000000000000000000000000FF
:10E1200000000000000000000000000000000000EF
:10E1300000000000000000000000000000000000DF
:10E1400000000000070000000F0000000F000000AA
:10E1500007000000000000000000000000000000B8
:10E1600000000000070000000F0000000F0000008A
:10E170000600000000000000000000000000000099
:10E18000000000000000000000000000000000008F
:10E19000000000000F80FC000883C300088600E038
:10E1A000088C0060071800200018002000300020B4
:10E1B000003000200030002000300000003000005F
:10E1C000003000000030000000300000003000008F
:10E1D000003000000038000000180000001C002083
:10E1E000000C0040000701800003FF000000F80061
:10E1F000000000000000000000000000000000001F
:10E20000000000000000000000000000000FF0000F
:10E21000003FFC00007C3E0000F00F0001E00780A2
:10E2200001C0038003800380038001C0038001C01C
:10E23000038001C0038001C0038001C0038001C0CE
:10E240000380038001C0038001E0070000F01E008E
:10E25000007C7C00001C7000001C7000001C700022
:10E26000001C700001FC7F8001FC7F8001FC7F802E
:10E27000000000000000000000000000000000009E
:10E28000000000000000000000000000000000008E
:10E29000000000000000000000000000000000007E
:10E2A000000000000000000000040200000C060056
:10E2B000001C0600001C0E00003C0E0000381E0072
:10E2C00000381E0000781C0000781C0000701C0044
:10E2D00000703800007038000070300000603000BE
:10E2E0000070700000F0FA0000FFDE0000CF1E009A
:10E2F00001C00000018000000180000003800000D8
:10E300000100020004003FF820082008200820082F
:10E310003FF8200820082008200820083FF820089F
:10E3200000407C404440548054FE55085688548830
:10E330005488545054501020285024884504820298
:10E3400008000BF80A081208120833F83040504051
:10E3500097FC10E01150124814441842104010402D
:10E36000040004000FF01820644003801C70E00ECD
:10E370001FF0111011101FF0111011101FF01010CC
:10E380000080208020802084208820903EA020C013
:10E39000208020802080208226823882207E0000FB
:10E3A00000007FFC00800080010001000340052088
:10E3B000091011082104410481000100010001003D
:10E3C00008200820FFFE0820001000F83F00111070
:10E3D000082001007FFC054009203118C10601001A
:10E3E000000427C41444145485544554455415540A
:10E3F00015542554E5542104228422442414080889
:10E4000000001E7812481248124812481248FFFEB7
:10E4100012481248124812481248128826A8411081
:10E420000100111009207FFE40029FF410101FF020
:10E4300001003FF8210821082128211001000100D6
:10E4400000003FFE200020002000200020002000CF
:10E45000200020002000200020004000400080001C
:10E460000050004800403FFE2040204020443E44F1
:10E4700022442228222822122A32444A408681023B
:10E48000080009FC08447E4408440894FF0808FC7E
:10E49000288428842E8428FC280058004FFE800001
:10E4A0000100010021082108210821083FF8010886
:10E4B0000100010041044104410441047FFC0004C7
:10E4C00004000400FFFE0800080013F810103020BC
:10E4D000504097FE104010401040104011401080F6
:10E4E00008400840104023FC4840084017FE301008
:10E4F000501097FE10101210111011101050102013
:10E5000020403F7E4890850801003FF8010001004F
:10E51000FFFE000000207FFC0820042004A0004033
:10E520000100010001003FF82108210821083FF8FF
:10E530002108210821083FF8210A0102010200FEFA
:10E54000010000803FFE222022203FFC22202220CA
:10E5500023E020002FF02410422041C08630380EE6
:10E56000200021FE3C00500090FC10841084FE84AA
:10E5700010FC1000108428442448440041FE800010
:10E580000010001000107E1002FE021024101490E3
:10E590000850085014101210221040100050002093
:10E5A0000000000000003FF8000000000000000034
:10E5B0000000000000000000FFFE0000000000005E
:10E5C000001000F83F00200020003FF8240824102D
:10E5D0002210222021402080414042208C18300609
:10E5E00000007FFC00800100030005600918310471
:10E5F000C10200001FF01010101010101FF01010BA
:10E60000100010001FFC20005FF090101FF0101091
:10E610001FF004000FF01820644003801C70E00E0F
:10E62000040004000FE0102020405FF010101110D3
:10E63000111011101110121002C0042018106008DF
:10E64000002800243FFE20202FA420242FA8289853
:10E6500028924FAA4046808201004884481287F2DF
:10E66000004000400040FE4011FC104410441044A3
:10E670001044108410841E84F10441040228041004
:10E6800010100810082000003FF8010001000100F0
:10E69000FFFE010002800280044008203018C006FE
:10E6A00020403F7E4890850801007FFE40029FE4A5
:10E6B00010201FE010001FF0101010101FF010109D
:10E6C0001000100021FC24204420F82010202020DD
:10E6D0004020FC20402000201C20E02043FE0000C1
:10E6E00010401040104013FE18805490509051126A
:10E6F00091521154129012281428104410841102BF
:10E70000100011F011101110FD10111031103910FE
:10E71000551055109110111211121212120E1400F0
:10E72000100013FC10841088FC881090309C3884F2
:10E73000554455449128112812101228144411826E
:10E74000200013FC1004400447C44444444444449F
:10E7500047C444444444444447C44004401440082B
:10E7600010201020202027FE4420F82011FC20003B
:10E770004000FDFC410401041D04E10441FC0104CE
:10E78000100010FC3C2424244854BE882A102A502F
:10E790003E7C2A902A103EFE2A104A104210861013
:10E7A00000007FFC08200820082008200820FFFE29
:10E7B00008200820082008201020102020204020B9
:10E7C00002000100FFFE00001450139014501FF0CF
:10E7D00001007FFC420444444FE4442440144008B8
:10E7E000060078FC4044484444445A9461080000C0
:10E7F0003FF8210821083FF8210821083FF82008A8
:10E800000080204017FE10808110420847FC100451
:10E8100010002248E24822482248224A244A084658
:10E8200000407C404478448845507C20105010883B
:10E8300011065CF85088508850885C88E0F80088A1
:10E84000000001F8FC081008108820883C8864FE4D
:10E850006402A402240225FA3C02240220140008C7
:10E8600004407FFC04401FF010101FF010101FF038
:10E870000400FFFE11103FF8D116115011200100C5
:10E88000100011FE50205C4051FC5104FF24012473
:10E890001124552455245544845008883104C2025B
:10E8A00000003FF8200820083FF8241022202FF80D
:10E8B000222022203FFC22204220442084200820C5
:10E8C000020001007FFE40028824111022880440CB
:10E8D00008203018DFF61010101010101FF0101064
:10E8E0000400020001000100010002800280028099
:10E8F0000440044008200820101020104008800622
:10E90000080008001FE020204040BFF8210821082F
:10E9100021083FF820002002200220021FFE0000F4
:10E92000080810083E0822083EFE22083E08220879
:10E930002248FE2806280A08120822084A2804103D
:10E94000000021F0111011100110020EF40013F854
:10E9500011081110109014A0184010A003180C06F4
:10E9600001000100FFFE01007FFC00003FF82108CC
:10E9700021083FF8200020002000400040008000D7
:10E980001FF0101010101FF0101010101FF00000DA
:10E99000FFFE0100110011F811002900450083FE5F
:10E9A000002820241024102007FE0020F02017E06B
:10E9B000112011101110151019CA170A02060002B1
:10E9C000000800087C08440845FE440844087C0808
:10E9D00044884448444844087C08440800280010FF
:10E9E00001001100110011003FF821004100010059
:10E9F000FFFE028004400440082010102008C006DA
:10EA0000204020A02110FA0825F6400053C492545B
:10EA1000FA5413D41A54F25453D41244125412C850
:10EA200001000100FFFE010001003FF8210821085C
:10EA300021083FF82388054009203118C10601004C
:10EA4000040045FE5420544055FC550455245524DB
:10EA500055245524552455445450548885040602A1
:10EA6000000047FC2444244405F40444E44427FC07
:10EA7000240425F425142D1435F424040414080862
:10EA800003F82208120813F802080208F3F81244E7
:10EA900012281210128813041204280047FE0000E6
:10EAA00010401040104010403E402260425042480A
:10EAB000A444144408400840104020404040804096
:10EAC0000100010001003FF8010001000100FFFE0C
:10EAD00003800540092011102108C1060100010032
:10EAE0000000FFFE020002000200020002400220BD
:10EAF00002100208020802000200020002000200E6
:10EB0000105010482040245C45E0F840105E23E09F
:10EB10004044FC48403000221C52E08A4306000278
:10EB20000100010001000100010011101108110491
:10EB300021042102410281020100010005000200BE
:10EB400010401020102011FEFC00108831043A0201
:10EB50005488508890501050102010501088130680
:10EB6000084008200BFE1000100031FC300050005F
:10EB700091FC1000100011FC1104110411FC11048F
:10EB8000010002001FF010101FF010101FF01010F5
:10EB90001FF01010010008844892481287F000000E
:10EBA000010000803FFE200023F8201020A020401C
:10EBB0002FFE2042204420404040404081400080C1
:10EBC0002080108010FE0100FE0021FC20243C2447
:10EBD00024A024A024BC24A024A04560553E8A0083
:10EBE00000003FFE200020802080208020802FFC1D
:10EBF0002080208020902088208840805FFE800038
:10EC0000100008FE7F102220147C7F444454485496
:10EC10005254445448545154422844248842308227
:10EC200000003FF0001000100010201020103FF0F6
:10EC30002000200020002004200420041FFC0000ED
:10EC4000020001003FF8000008200440FFFE000021
:10EC50001FF0101010101FF0101010101FF01010E7
:10EC600000003FF82108210821083FF82108210869
:10EC700021083FF821082108210841084128801077
:10EC8000082008287F240820FFFE10201024FF24DD
:10EC9000202448287F2808100F12F82A08460882E6
:10ECA00000007FFC0100010001000100110011F8CB
:10ECB000110011001100110011001100FFFE0000F1
:10ECC0007FFC44447FFC01007FFC01001FF010101A
:10ECD0001FF010101FF010101FF01010FFFE0000AA
:10ECE00001000100010001003FF82108210821086E
:10ECF000210821083FF8210801000100010001005E
:10ED000000802040100017FC8040404040401040F0
:10ED100013FC2040E0402040204020402FFE000017
:10ED2000202020202020FDFC4020504093FEFC406D
:10ED3000108011FC1C04F08850501020101010108E
:10ED400001404120212023FE022016201BFC12201E
:10ED5000222023FCE2202220222023FE2200020087
:10ED600010100820044000001FF0101010101010A8
:10ED70001FF01010010008844892481287F000002C
:10ED800000007DF845084908490851F84908490834
:10ED9000450845F8450869085108410847FE400004
:10EDA0000000000000000000000000000000000063
:10EDB0000000300030000000300030000000000093
:10EDC000600091F4960C6C040804180018001800F8
:10EDD00018001800180008000C04060801F00000D4
:10EDE000000003800C60101010102008200820087C
:10EDF000101010100C60044004403C78000000002B
:10EE0000000000000000084008400840084008409A
:10EE1000084008400CD00B20080008000800000043
:10EE200000000000000000000000000000000000E2
:10EE30000010101010101010101000001818000012
:10EE40003624480000000000000000000000000020
:10EE50000024242424FE48484848FC4848484800E8
:10EE60001038549292503018141292925438100064
:10EE70000062929494680810202C5252928C0000E8
:10EE800000304848484830205494888894620000F4
:10EE900030301020000000000000000000000000E2
:10EEA000040810102020202020202010100804002A
:10EEB000402010100808080808080810102040001A
:10EEC00000000010925438103854921000000000D6
:10EED00000000000101010FE1010100000000000D4
:10EEE0000000000000000000000000303010200092
:10EEF000000000000000007C000000000000000096
:10EF000000000000000000000000000030300000A1
:10EF10000002020404080810202040408080000005
:10EF2000003048848484848484848484483000004D
:10EF300000107010101010101010101010100000A1
:10EF400000304884840408081020204080FC000021
:10EF50000030488484040830080484844830000069
:10EF600000080818182828484888FC0808080000E5
:10EF700000FC808080B0C884040404844830000011
:10EF8000003048848480B0C8848484844830000081
:10EF900000FC0404080808101010202020200000A5
:10EFA0000030488484844830488484844830000099
:10EFB000003048848484844C3404848448300000C5
:10EFC0000000000000303000000000303000000081
:10EFD0000000000000303000000000303010200041
:10EFE00000000408102040804020100804000000A9
:10EFF00000000000007C0000007C00000000000019
:10F00000000080402010080408102040800000000C
:10F0100000304884840408102020000030300000B4
:10F02000003844829AAAAAAAAAAA9C80423C00005C
:10F03000001010282828284444447C828282000042
:10F0400000F88482828284F88482828284F80000BC
:10F050000038448282808080808082824438000030
:10F0600000F88482828282828282828284F8000016
:10F0700000FE8080808080FC8080808080FE000098
:10F0800000FE8080808080FC808080808080000006
:10F0900000384482828080808E828282463A0000DC
:10F0A00000828282828282FE82828282828200004A
:10F0B0000038101010101010101010101038000030
:10F0C000000404040404040404048484483000009C
:10F0D00000828484889090A0D088888482820000F6
:10F0E00000808080808080808080808080FE000022
:10F0F000008282C6C6C6C6AAAAAAAA929292000096
:10F10000008282C2C2A2A292928A8A86868200006D
:10F110000038448282828282828282824438000065
:10F1200000F88482828284F8808080808080000061
:10F1300000384482828282828282928A443A00002B
:10F1400000F88482828284F8888884848282000025
:10F1500000384482828060180402828244380000B1
:10F1600000FE1010101010101010101010100000E1
:10F17000008282828282828282828282443800007D
:10F180000082828244444444282828101010000041
:10F190000092929292AAAAAAAA444444444400002B
:10F1A0000082824444282810282844448282000097
:10F1B0000082824444282810101010101010000003
:10F1C00000FE0204040808102020404080FE0000D9
:10F1D0007C404040404040404040404040407C00F7
:10F1E000008282444428287C10107C1010100000FB
:10F1F0007C040404040404040404040404047C00E3
:10F200001028440000000000000000000000000082
:10F21000000000000000000000000000000000FFEF
:10F2200020100800000000000000000000000000A6
:10F230000000000000007884043C44848C760000C8
:10F24000008080808080B8C482828282C4B800003E
:10F250000000000000003C4280808080423C0000B2
:10F260000002020202023A4682828282463A00008C
:10F27000000000000000384482FE8080423C000014
:10F28000001820202020F82020202020202000000E
:10F290000000000000003A444438407C82827C0038
:10F2A000008080808080B8C4828282828282000056
:10F2B00000001010000010101010101010100000AE
:10F2C000000010100000101010101010101060003E
:10F2D000008080808080848890A0D0888482000014
:10F2E000001010101010101010101010101000004E
:10F2F000000000000000ACD2929292929292000024
:10F30000000000000000B8C4828282828282000075
:10F3100000000000000038448282828244380000ED
:10F32000000000000000B8C4828282C4B88080005F
:10F330000000000000003A46828282463A02020043
:10F340000000000000002E3020202020202000009F
:10F350000000000000007C8280601C02827C0000B3
:10F36000000020202020F82020202020201800004D
:10F37000000000000000828282828282463A000001
:10F380000000000000008282444428281010000081
:10F39000000000000000929292AAAA444444000097
:10F3A0000000000000008244281010284482000061
:10F3B0000000000000008282444428281020C00081
:10F3C000000000000000FE040810204080FE000045
:10F3D0001C101010101010201010101010101C0015
:10F3E000101010101010101010101010101010101D
:10F3F0007010101010101008101010101010700065
:10F400006498000000000000000000000000000000
:10F4100000000000000000000000000000000000EC
:10F4200000000000000000000000000000000000DC
:10F4300000000000000000000000000000000000CC
:10F44000000000000000060006000600060006009E
:10F45000060006000600060006000600060006007C
:10F46000060000000000000006000600000000008A
:10F47000000000001CC01980318023000000000043
:10F48000000000000000000000000000000000007C
:10F49000000000000000000000000000000000006C
:10F4A00000000000000000001F003B8060C04040E2
:10F4B000C060802080208020C060C06060C03B8031
:10F4C0001B001B001B007BC07BC000000000000075
:10F4D0000000020002000F001F8032C032C032C0A4
:10F4E00032003A001E000F00078003C002C062C055
:10F4F00062C072C032C03F800F00020002000000F4
:10F5000000000000004078804880488049004900A1
:10F5100049004A004A007A0035C0056005200920EC
:10F52000092009201120112011E020C00000000056
:10F530000000000000001F001B00318031803100FE
:10F540001B001E001C003C003C606660676063405E
:10F5500061C061C061E03FE01F20000000000000CA
:10F5600000000000300030001000100020000000FB
:10F57000000000000000000000000000000000008B
:10F58000000000000000000000000000000000007B
:10F59000000000000060004000C001800100030086
:10F5A000020002000200020002000200020002004B
:10F5B000030003000100018000C000600020000083
:10F5C00000000000600020003000180008000C005F
:10F5D0000C00040004000400040004000400040003
:10F5E0000C00080018001800300060004000000007
:10F5F0000000000000000000000000000000060005
:10F600000600666076E01F800F003FC076E046206F
:10F6100006000600000000000000000000000000DE
:10F6200000000000000000000000000000000600D4
:10F6300006000600060006007FE07FE006000600E8
:10F6400006000600000000000000000000000000AE
:10F6500000000000000000000000000000000000AA
:10F66000000000000000000000000000000000009A
:10F6700000000000000030003000100020000000FA
:10F68000000000000000000000000000000000007A
:10F6900000000000000000007FE07FE000000000AC
:10F6A000000000000000000000000000000000005A
:10F6B000000000000000000000000000000000004A
:10F6C000000000000000000000000000000000003A
:10F6D00000000000000030003000000000000000CA
:10F6E0000000002000200060004000C0008000807A
:10F6F0000100010002000200040004000C000800E8
:10F700001800100010002000200040004000000001
:10F710000000000000001F00398030C070C060E0B1
:10F7200060606060606060606060606060606060D9
:10F7300070C030C039C01F800F0000000000000002
:10F74000000000000000020006003E000600060067
:10F750000600060006000600060006000600060079
:10F76000060006000600060006000000000000007B
:10F770000000000000001F8039C030C030C030C021
:10F7800030C000C001C00180030006000E001C0054
:10F790001800300030007FE07FE000000000000033
:10F7A0000000000000001F8039C030C030C060C0C1
:10F7B00000C000C003800700018000C000C060E0FE
:10F7C00060E060C031C03F800F000000000000001A
:10F7D00000000000000001800380038007800F808C
:10F7E0000D801D80198039803180618061807FE0CB
:10F7F0007FE00180018001800180000000000000A6
:10F800000000000000003FC03FC03000300030006A
:10F81000300037003F8030C070C000E000E000E002
:10F8200060C060C031C03F801F00000000000000C9
:10F830000000000000000F801DC018C030C0300064
:10F84000300077007FC078C070C070E070603060BA
:10F8500030E030C018C01F800F0000000000000022
:10F860000000000000007FC07FC000C000C000C0DA
:10F870000180018001800380030003000300060073
:10F880000600060006000C000C000000000000004E
:10F890000000000000001F8039C030C030C070C0C0
:10F8A00030C030C019800F00398030C060606060A7
:10F8B000606070E030C03F800F000000000000007A
:10F8C0000000000000001F00398030C070C060C020
:10F8D00060C060E070E030E031E01FE00EC000C0CA
:10F8E00000C031C031801F000E0000000000000089
:10F8F00000000000000000000000000006000600FC
:10F9000000000000000000000000000000000000F7
:10F9100006000600000000000000000000000000DB
:10F9200000000000000000000000000006000600CB
:10F9300000000000000000000000000000000000C7
:10F9400006000600020004000400000000000000A1
:10F95000000000000000006000C0018003000600FD
:10F960000C00180030006000300018000C00060089
:10F970000300018000C000600020000000000000C3
:10F980000000000000000000000000000000000077
:10F9900000007FE07FE00000000000007FE07FE0EB
:10F9A0000000000000000000000000000000000057
:10F9B0000000000000006000300018000C0006008D
:10F9C0000300018000C0006000C001800300060049
:10F9D0000C00180030006000400000000000000033
:10F9E0000000000006001F8039C030C070C060C039
:10F9F00060C000C001C001800300060006000600D0
:10FA000006000000000000000600060000000000E4
:10FA100000000000070008801040202026204FA092
:10FA200049A059A051A051205120512051205320CC
:10FA30005F404D804000200030001980060000002B
:10FA4000000000000000060006000F000F000F007D
:10FA50000F00198019801980198030C03FC03FC045
:10FA600030C06060606060606060000000000000A6
:10FA70000000000000007F807FC060C060606060A8
:10FA800060C061C07F807F8060C0606060606060D7
:10FA9000606060E061C07F807F00000000000000C7
:10FAA0000000000000000F801DC038E03060706072
:10FAB0006060600060006000600060006060606026
:10FAC000306030E039C01F800F00000000000000EF
:10FAD0000000000000007F007F8061C060C060E027
:10FAE00060E060606060606060606060606060E016
:10FAF00060C060C063807F807E0000000000000066
:10FB00000000000000003FE03FE030003000300027
:10FB1000300030003FC03FC03000300030003000C7
:10FB20003000300030003FE03FE000000000000007
:10FB30000000000000007FE07FE0600060006000E7
:10FB4000600060007F807F80600060006000600077
:10FB500060006000600060006000000000000000C5
:10FB60000000000000000F801DC038C030607060D1
:10FB700060006000600063E063E06060606060609F
:10FB8000706030E039E01FE00F600000000000000E
:10FB900000000000000060606060606060606060A5
:10FBA000606060607FE07FE0606060606060606017
:10FBB0006060606060606060606000000000000085
:10FBC0000000000000000F000F0006000600060005
:10FBD00006000600060006000600060006000600F5
:10FBE0000600060006000F000F00000000000000E5
:10FBF0000000000000000060006000600060006025
:10FC000000600060006000600060606060606060D4
:10FC100030C030C039C01F800F000000000000005D
:10FC200000000000000060C061C0618063006700E8
:10FC30006E006C007E007E007600630063006180D1
:10FC4000618061C060C060E0606000000000000092
:10FC500000000000000060006000600060006000C4
:10FC60006000600060006000600060006000600094
:10FC70006000600060007FE07FE0000000000000A6
:10FC800000000000000070E070E070E079E079E0D2
:10FC900079E079E0696069606F606F606F606F60E4
:10FCA0006660666066606660666000000000000076
:10FCB000000000000000706070607860786078601C
:10FCC0006C606C606C6066606660636063606360FB
:10FCD00061E061E061E060E060E0000000000000E1
:10FCE0000000000000001F8039C030C060E060608C
:10FCF0006060606060606060606060606060606004
:10FD0000606030C031C01F800F00000000000000A4
:10FD10000000000000007F807FC060E060606060E5
:10FD20006060606060E07FC07F80600060006000B5
:10FD300060006000600060006000000000000000E3
:10FD40000000000000001F8039C030C060E060602B
:10FD500060606060606060606060606060606360A0
:10FD6000636031C031C01FC00FC000000000000040
:10FD70000000000000007F807FC060E06060606085
:10FD8000606060E061C07F807F006380618061802F
:10FD900061C060C060C06060606000000000000082
:10FDA0000000000000001F8039C030C030C030E0CB
:10FDB000300038001C000F00038001C000E06060CC
:10FDC000606060E030C03FC00F0000000000000035
:10FDD0000000000000007FE07FE006000600060053
:10FDE00006000600060006000600060006000600E3
:10FDF00006000600060006000600000000000000E5
:10FE00000000000000006060606060606060606032
:10FE100060606060606060606060606060606060E2
:10FE2000606070E039C03FC01F00000000000000AB
:10FE300000000000000060606060606070C030C062
:10FE400030C030C031801980198019801B000F002C
:10FE50000F000F000F000600060000000000000069
:10FE6000000000000000C630C62046604E606F6093
:10FE70006F606F606B6069606960694039C039C0EC
:10FE800039C039C031C030C030C0000000000000AF
:10FE900000000000000060C030C031C0198019802F
:10FEA0000F000F000E0006000F000F001B801980CE
:10FEB000398030C030C06060606000000000000029
:10FEC000000000000000606060E030C030C01980B9
:10FED00019800F000F00060006000600060006004D
:10FEE00006000600060006000600000000000000F4
:10FEF0000000000000007FE07FE000C001C0018042
:10FF000003800300060006000C000C001800180017
:10FF10003000300060007FE07FE000000000000063
:10FF2000000000000FE00FE00C000C000C000C00C3
:10FF30000C000C000C000C000C000C000C000C0061
:10FF40000C000C000C000C000C000C000FE00FE08B
:10FF5000000000000000606060E030C030C0398008
:10FF600019801B000F000E007FE07FE07FE07FE044
:10FF70000600060006000600060000000000000063
:10FF8000000000007E007E0006000600060006005D
:10FF90000600060006000600060006000600060031
:10FFA0000600060006000600060006007E007E0031
:10FFB00000000E001F00198030C00000000000008B
:10FFC0000000000000000000000000000000000031
:10FFD0000000000000000000000000000000000021
:10FFE0000000000000000000000000000000000011
:10FFF0000000000000000000000000000000000001
:020000040801F1
:10000000000000000000000000000000FFF0000001
:1000100000000C00060003000300000000000000C8
:1000200000000000000000000000000000000000D0
:1000300000000000000000000000000000000000C0
:1000400000000000000000000000000000000000B0
:100050000F801FC030C030C001C007C01EC030C0FC
:1000600060C060C071C03FC01EE000000000000022
:1000700000000000000060006000600060006000A0
:1000800067006FC070C060C060606060606060608A
:10009000606060C070C07F806F00000000000000E2
:1000A0000000000000000000000000000000000050
:1000B0000F001FC030C030C0600060006000606092
:1000C000606070E030C01F800F0000000000000082
:1000D0000000000000000060006000600060006040
:1000E0000E601FE030E060E060E0606060606060D3
:1000F00060E060E031E01F600E6000000000000082
:1001000000000000000000000000000000000000EF
:100110000F001F8030C030C060607FE07FE0600073
:10012000606030E038C01F800F0000000000000059
:1001300000000000000007E00E200C000C000C0086
:100140007FC07FC00C000C000C000C000C000C00E9
:100150000C000C000C000C000C0000000000000063
:10016000000000000000000000000000000000008F
:100170000F601FE031803180318031801B803F0073
:10018000200030003F803FC06060606070C01F8012
:10019000000000000000600060006000600060007F
:1001A00067806DC078C070E06060606060606060B3
:1001B000606060606060606060600000000000007F
:1001C0000000000000000600060000000000000023
:1001D00006000600060006000600060006000600EF
:1001E00006000600060006000600000000000000F1
:1001F00000000000000001800180000000000000FD
:1002000001800180018001800180018001800180E6
:100210000180018001800180018001803F003E005B
:1002200000000000000060006000600060006000EE
:1002300060C06180630067006E006E007B00730029
:100240006180618060C060C06060000000000000EC
:100250000000000000000600060006000600060080
:10026000060006000600060006000600060006005E
:100270000600060006000600060000000000000060
:10028000000000000000000000000000000000006E
:10029000DCE0FFE0E660C660C660C660C660C660BF
:1002A000C660C660C660C660C66000000000000090
:1002B000000000000000000000000000000000003E
:1002C00067806FC078E070607060606060606060E0
:1002D000606060606060606060600000000000005E
:1002E000000000000000000000000000000000000E
:1002F0000F003F8030C060E0606060606060606000
:10030000606070E030C01F800F000000000000003F
:1003100000000000000000000000000000000000DD
:1003200067007FC070C070E06060606060606060A7
:10033000606070C078C07F806F0060006000600007
:1003400000000000000000000000000000000000AD
:100350000E603F6030E060E060E0606060606060C0
:1003600060E060E031E03F601E60006000600060BF
:10037000000000000000000000000000000000007D
:100380003180378036003C003800380030003000C3
:10039000300030003000300030000000000000006D
:1003A000000000000000000000000000000000004D
:1003B0001F003F8030C030C030001E00078001C0E9
:1003C00020C030C030C03F800F000000000000009F
:1003D00000000000000000000C000C000C000C00ED
:1003E0007FC07FC00C000C000C000C000C000C0047
:1003F0000C000C000C200FE007C000000000000003
:1004000000000000000000000000000000000000EC
:1004100060C060C060C060C060C060C060C060C0DC
:1004200060C060C061C03FC01EC00000000000008E
:1004300000000000000000000000000000000000BC
:10044000606060C030C030C030C019801980198031
:100450000B000F000F000E0006000000000000005F
:10046000000000000000000000000000000000008C
:10047000C630C6606E606F606F606F606B4029C091
:1004800039C039C039C03980118000000000000037
:10049000000000000000000000000000000000005C
:1004A00030C030C0198019800F000E0006000F0008
:1004B0000F001980398030C060E0000000000000AB
:1004C000000000000000000000000000000000002C
:1004D000606060C030C030C018C0198019800D80C5
:1004E0000F000F0007000600060006003C00380061
:1004F00000000000000000000000000000000000FC
:100500003FC03FC0018001000300060004000C0052
:100510001800300030007FC07FC0000000000000E5
:10052000000001C001800180018001800180018004
:1005300001800180010003000700030001800180A9
:1005400001800180018001800180018001C00000E4
:10055000060006000600060006000600060006006B
:10056000060006000600060006000600060006005B
:10057000060006000600060006000600060006004B
:100580000000780018001800180018001800180063
:100590001800180018000C000C00180018001800B3
:1005A0001800180018001800180018007800000043
:1005B00000001C203E6023C00180000000000000FD
:1005C000000000000000000000000000000000002B
:1005D000000000000000000000000000000000001B
:1005E000000000000000000000000000000000000B
:1005F00000000000000000000000000000000000FB
:1006000000000000000000000000000000000000EA
:1006100000000000000000000000000000000000DA
:10062000000000000000000003C003C003C003C0BE
:1006300003C003C00180018001800180018001802E
:1006400001800180018001800180018000000000A4
:100650000000000000000180018001800000000017
:1006600000000000071C0E380E381C70186030C0E7
:10067000000000000000000000000000000000007A
:10068000000000000000000000000000000000006A
:10069000000000000000000000000000000000005A
:1006A00000000000000006180618061806180618B4
:1006B000061806187FFE7FFE7FFE0C300C300C30D3
:1006C0000C300C300C3008307FFE7FFE7FFE18604F
:1006D000186018601860186018601860000000004A
:1006E000000001800180018007E00FF01DF819B8BB
:1006F00039983998398019801D800F800F8007C084
:1007000003E001F001B801B8399C399C399C399C4F
:1007100039B81DF81FF007E001800180018000005A
:1007200000000000000018083C107E1066106620D3
:1007300066206620664066406640668066803C8033
:10074000193C017C01660266026602660666046662
:1007500004660C660866087C183C10000000000067
:10076000000000000000018007C00FE01C601C605A
:100770001C601C601C600CE00DC00F800F001F008F
:100780003B003B8C71CC71CC70EC70FC707C703891
:10079000703C387E1FE60FC0000000000000000023
:1007A0000000000000001C001C001C0008001800D5
:1007B0001000000000000000000000000000000029
:1007C0000000000000000000000000000000000029
:1007D0000000000000000000000000000000000019
:1007E000000000000004000E001C00180030003063
:1007F0000060006000C000C000C000800180018077
:10080000018001800180008000C000C000C0006045
:100810000060003000300018001C000E00040000D2
:100820000000000020007000300018000C000C00D8
:10083000060006000300030003000300010001009E
:100840000180010001000300030003000300060013
:1008500006000C000C0018003000700020000000A2
:100860000000000000000000000000000000000088
:1008700000000180018001806186799E3FFC0FF0BD
:1008800003C00FF03FFC799E6186018001800180EA
:1008900001800000000000000000000000000000D7
:1008A0000000000000000000000000000000000048
:1008B00000000180018001800180018001807FFEB5
:1008C0007FFE018001800180018001800180018024
:1008D0000000000000000000000000000000000018
:1008E0000000000000000000000000000000000008
:1008F00000000000000000000000000000000000F8
:1009000000000000000000000000000000000000E7
:1009100000001C001C001C00080018001000000053
:1009200000000000000000000000000000000000C7
:1009300000000000000000000000000000007FFE3A
:100940007FFE00000000000000000000000000002A
:100950000000000000000000000000000000000097
:100960000000000000000000000000000000000087
:100970000000000000000000000000000000000077
:100980000000000000000000000000000000000067
:1009900000001C001C001C00000000000000000003
:1009A00000000000000600060004000C000800180B
:1009B0000010003000200060006000C000C0008017
:1009C0000180010003000200060004000C000C007E
:1009D00018001800100030002000600040000000E7
:1009E000000000000000018007E00FF01C7838389C
:1009F000381C381C701C700C700E700E700E700E4F
:100A0000700E700E700E700C701C381C381C38384C
:100A10001C380FF00FE007C00000000000000000CD
:100A200000000000000000C000C001C003C01FC0E3
:100A30001FC001C001C001C001C001C001C001C090
:100A400001C001C001C001C001C001C001C001C09E
:100A500001C001C001C001C0000000000000000092
:100A6000000000000000018007F00FF81C38181C7F
:100A7000381C381C381C001C003800380078007006
:100A800000E001C003C0078007000E001C001C002E
:100A900038003FFC7FFC7FFC0000000000000000ED
:100AA00000000000000001800FE01FF01C38383803
:100AB000381C381C001C00180038007001E001E0F0
:100AC00000700038001C001C701C701C301C381C8E
:100AD00038381FF80FF007E00000000000000000A9
:100AE0000000000000000070007000F000F001F055
:100AF00001F003F00370077006700E700C701C702C
:100B000018703870307070707FFE7FFE7FFE00704E
:100B10000070007000700070000000000000000015
:100B20000000000000003FFC3FFC3FFC38003800A4
:100B3000380038003800380039E03FF03E383838A7
:100B4000381C001C001C001C001C701C301C383899
:100B500038381FF00FE007C0000000000000000060
:100B600000000000000000C003F007F80E381C1C55
:100B70001C1C1C003800380039E03BF03E783C1C5F
:100B8000381C381C381C381C381C381C181C1C1C01
:100B90001C380FF807F003E0000000000000000020
:100BA0000000000000003FFC3FFC3FFC001C001860
:100BB000001800380038003000300070007000600D
:100BC00000E000E000E000C001C001C001C00380FF
:100BD0000380038003000700000000000000000005
:100BE00000000000000001800FE01FF01C383818E2
:100BF000381C381C381C381C18181C380FF007E03B
:100C00001E701838381C301C701C701C301C381CAE
:100C10003C3C1FF80FF007E000000000000000005F
:100C200000000000000003800FE01FF01C70383847
:100C30003818381C381C381C381C381C381C383CF8
:100C40001C7C1FFC0FDC031C001C003838383838B3
:100C50003C701FE00FE007C0000000000000000033
:100C60000000000000000000000000000000000084
:100C700003800380038000000000000000000000EB
:100C8000000000000000000000000000038003805E
:100C900003800000000000000000000000000000D1
:100CA0000000000000000000000000000000000044
:100CB00003800380038000000000000000000000AB
:100CC000000000000000000000000000038003801E
:100CD000038001800100010000000000000000000E
:100CE0000000000000000004000E001C003800702E
:100CF00000E001C0038007000E001C0038007000F7
:100D000038001C000E000700038001C000E00070E6
:100D10000038001C000E000400000000000000006D
:100D200000000000000000000000000000000000C3
:100D300000000000000000007FFE7FFE00000000B9
:100D40000000000000007FFE7FFE000000000000A9
:100D50000000000000000000000000000000000093
:100D60000000000000002000700038001C000E0091
:100D70000700038001C000E000700038001C000E76
:100D8000001C0038007000E001C0038007000E0066
:100D90001C0038007000200000000000000000006F
:100DA00000000000000003C00FF01FF81C383818C6
:100DB000381C381C381C381C00380038007800708B
:100DC00000E001C0018001800180038003800000F9
:100DD000000000000380038003800000000000008A
:100DE00000000000000003E006300C08180C10049E
:100DF000300623F2277266324C324C324C224C625F
:100E00004C624C624C624C664C644CC44FF8673088
:100E100020003000100018180E3003C00000000041
:100E2000000000000000018003C003C003C003C035
:100E300007E007E007E007E00E700E700E700E701E
:100E40001C381C381FF81FF83FFC381C381C381C95
:100E5000700E700E700E700E00000000000000009A
:100E60000000000000007FC07FF07FF8703C701C25
:100E7000700C700C701C701C70387FF07FE07FF875
:100E8000703C701C700E700E700E700E700E701C28
:100E9000703C7FF87FF07FE0000000000000000061
:100EA00000000000000001C007F00FF80E1C1C1C21
:100EB000380E380E380E300E700070007000700062
:100EC00070007000700E700E380E380E381C1C1C2E
:100ED0001E3C0FF807F003E00000000000000000D7
:100EE0000000000000007E007FC07FF071F87038C5
:100EF000703C701C701C701C701E700E700E700E9A
:100F0000700E700E700E701E701C701C701C70388D
:100F100070787FF07FE07F8000000000000000001C
:100F20000000000000003FFC3FFC3FFC38003800A0
:100F30003800380038003800380038003FF83FF8F3
:100F40003FF83800380038003800380038003800E2
:100F500038003FFE3FFE3FFE0000000000000000A2
:100F60000000000000003FFE3FFE3FFE380038005A
:100F70003800380038003800380038003FF03FF0C3
:100F80003FF03800380038003800380038003800AA
:100F90003800380038003800000000000000000071
:100FA00000000000000001C007F00FF81E381C1CF4
:100FB000381C380C380C38007000700070FC70FC65
:100FC00070FC701C701C701C301C381C381C3C1CC5
:100FD0001C3C1FFC0FEC07CC0000000000000000D0
:100FE000000000000000701C701C701C701C701C45
:100FF000701C701C701C701C701C7FFC7FFC7FFCC4
:10100000701C701C701C701C701C701C701C701C80
:10101000701C701C701C701C0000000000000000A0
:1010200000000000000007E007E007E00380038005
:101030000380038003800380038003800380038098
:101040000380038003800380038003800380038088
:10105000038007E007E007E0000000000000000058
:10106000000000000000001C001C001C001C001CF4
:10107000001C001C001C001C001C001C001C001C90
:10108000001C001C381C381C381C381C381C381C30
:101090001C381FF80FF007E00000000000000000FF
:1010A000000000000000701E701C703870787070B6
:1010B00070E071E071C0738077807F007F807F80F7
:1010C0007DC079C070E070E07070707070387038FA
:1010D000703C701C701E700E0000000000000000CC
:1010E00000000000000038003800380038003800E8
:1010F0003800380038003800380038003800380030
:10110000380038003800380038003800380038001F
:1011100038003FFE3FFE3FFE0000000000000000E0
:10112000000000000000781E781E7C3E7C3E7C3E65
:101130007C3E7C3E7C3E7E7E7E7E766E766E766EDD
:10114000766E77EE77EE73CE73CE73CE73CE73CEAC
:1011500073CE718E718E718E000000000000000051
:10116000000000000000781C781C7C1C7C1C7C1C8F
:101170007E1C7E1C761C771C771C731C739C739CD6
:1011800071DC71DC71DC70FC70FC707C707C707CDC
:10119000703C703C703C701C0000000000000000BF
:1011A00000000000000001800FF01FF81C38381C00
:1011B000381C300C700E700E700E700E700E700EAB
:1011C000700E700E700E700E700E300C381C381CC5
:1011D0001C381FF80FF007E00000000000000000BE
:1011E0000000000000003FC03FF03FF8387C381C92
:1011F000380E380E380E380E380E381C383C3FF892
:101200003FF03FE038003800380038003800380040
:1012100038003800380038000000000000000000EE
:1012200000000000000001800FF01FF81C38381C7F
:10123000381C300C700C700E700E700E700E700E2C
:10124000700E700E700E704E70EE30EC387C387C84
:101250001C381FF80FFC07DC00080000000000002D
:101260000000000000007F807FF07FF8707C701C21
:10127000701C700C700C701C701C703C7FF87FF040
:101280007FE070E070E070707070703870387038A7
:10129000701C701C701C700E00000000000000002C
:1012A000000000000000018007F00FF81C38381C17
:1012B000381C381C38003C001E001F00078003E06B
:1012C00001F00078003C001C700E700E700E381C8F
:1012D000383C1FF80FF007E000000000000000009D
:1012E0000000000000007FFC7FFC7FFC0380038087
:1012F00003800380038003800380038003800380D6
:1013000003800380038003800380038003800380C5
:1013100003800380038003800000000000000000C1
:10132000000000000000701C701C701C701C701C01
:10133000701C701C701C701C701C701C701C701C4D
:10134000701C701C701C701C701C701C701C381C75
:101350003C3C1FF81FF007E0000000000000000008
:10136000000000000000700E700E700E700C301C3B
:10137000381C381C381818381C381C381C381C709D
:101380000E700E700E700E6006E007E007E007C0FA
:1013900003C003C003C00380000000000000000081
:1013A000000000000000E386E386E3C663C663C670
:1013B00063CE63CE63CE73CE76CC76CC766C366C51
:1013C000366C366C367C3E7C3C7C3C7C3C383C3815
:1013D0001C381C381C381C380000000000000000BD
:1013E000000000000000700C381C381C18381C3835
:1013F0001C700E700E6007E007E003C003C003C05E
:1014000003C007E007E00E600E700C701C381C383B
:10141000381C381C701C700E00000000000000001A
:10142000000000000000700E700E301C381C3818D0
:101430001C381C380E700E7007E007E007C003C0B0
:101440000380038003800380038003800380038084
:101450000380038003800380000000000000000080
:101460000000000000003FFC3FFC3FFC001C001897
:10147000003800300070006000E000C001C0018052
:101480000380070007000E000E001C001C0038003F
:1014900038007FFE7FFE7FFE00000000000000009D
:1014A0000000000001FC01FC01800180018001803E
:1014B0000180018001800180018001800180018024
:1014C0000180018001800180018001800180018014
:1014D0000180018001800180018001FC01FC00008D
:1014E000000000000000E00E700E701E381C381C5A
:1014F00018381C380C700E700E6007E007C07FFCB7
:101500007FFC038003807FFC7FFC038003800380DB
:1015100003800380038003800000000000000000BF
:10152000000000003FC03FC000C000C000C000C0BD
:1015300000C000C000C000C000C000C000C000C0AB
:1015400000C000C000C000C000C000C000C000C09B
:1015500000C000C000C000C000C03FC03FC00000CD
:101560000000038007C007E00E701838300C000040
:10157000000000000000000000000000000000006B
:10158000000000000000000000000000000000005B
:10159000000000000000000000000000000000004B
:1015A000000000000000000000000000000000003B
:1015B000000000000000000000000000000000002B
:1015C000000000000000000000000000000000001B
:1015D000000000000000000000000000FFFFFFFF0F
:1015E00000000F000780038001C000E000600000E1
:1015F00000000000000000000000000000000000EB
:1016000000000000000000000000000000000000DA
:1016100000000000000000000000000000000000CA
:1016200000000000000000000000000000000000BA
:1016300000000000000007F00FF81C383818381CB4
:10164000003C00FC07DC1F1C3C1C381C381C383CD0
:10165000387C3FFC1FDC0F9C0000000000000000F5
:10166000000000000000700070007000700070004A
:1016700070007000700073F077F87C38781C781C6C
:10168000700C700C700C700C700C700C701C781C52
:1016900078387E7877F073E00000000000000000EA
:1016A000000000000000000000000000000000003A
:1016B00000000000000007E00FF81C38381C381C40
:1016C000381C300070007000701C300C381C381C46
:1016D0001C3C1FF80FF007E00000000000000000B5
:1016E000000000000000001C001C001C001C001C6E
:1016F000001C001C001C07DC0FFC1C3C383C381C88
:10170000701C701C701C701C701C701C301C381CF1
:10171000383C1FFC0FDC079C0000000000000000AC
:1017200000000000000000000000000000000000B9
:1017300000000000000007E00FF81C38381C381CBF
:10174000301C3FFC3FFC300030003800381C381C97
:101750001C1C1FF80FF007E0000000000000000054
:10176000000000000000007803FC03FC07000700F5
:101770000700070007007FF87FF807000700070051
:101780000700070007000700070007000700070021
:10179000070007000700070000000000000000002D
:1017A0000000000000000000000000000000000039
:1017B00000000000000007DE0FFE1C70183018301B
:1017C000183018301C700FF01FE03900300038005E
:1017D0001FF01FFC381C300C700C381C3FF80FF049
:1017E00000000000000070007000700070007000C9
:1017F00070007000700073F077F87E1C7C1C781C01
:10180000781C701C701C701C701C701C701C701C70
:10181000701C701C701C701C000000000000000098
:1018200000000000000003800380038003800000AC
:101830000000000000000380038003800380038019
:101840000380038003800380038003800380038080
:10185000038003800380038000000000000000007C
:1018600000000000000000700070007000700000B8
:101870000000000000000070007000700070007038
:1018800000700070007000700070007000700070D8
:101890000070007000700070007010E01FE01FC04A
:1018A0000000000000003800380038003800380020
:1018B0003800380038003838387038F038E039C02F
:1018C0003B803F803FC03CC03CE0386038703830DF
:1018D00038383818381C381C0000000000000000A0
:1018E0000000000000000380038003800380038069
:1018F00003800380038003800380038003800380D0
:1019000003800380038003800380038003800380BF
:1019100003800380038003800000000000000000BB
:1019200000000000000000000000000000000000B7
:10193000000000000000EF3CFFFEF3CEE38EE38EDC
:10194000E38EE38EE38EE38EE38EE38EE38EE38E0F
:10195000E38EE38EE38EE38E0000000000000000C3
:101960000000000000000000000000000000000077
:1019700000000000000071F073F8761C7C1C781CDD
:10198000781C701C701C701C701C701C701C701CEF
:10199000701C701C701C701C000000000000000017
:1019A0000000000000000000000000000000000037
:1019B00000000000000007E01FF01C38381C301C3D
:1019C000700C700E700E700E700E700C300C381C97
:1019D0003C3C1FF80FF007E0000000000000000092
:1019E00000000000000000000000000000000000F7
:1019F00000000000000073F077F87C38781C781C39
:101A0000700C700C700C700C700C700C781C781CC6
:101A10007C387FF877F073E0700070007000700021
:101A200000000000000000000000000000000000B6
:101A300000000000000007DC1FFC1C3C381C381CA8
:101A4000701C701C701C701C701C701C701C383C4E
:101A5000387C1FFC1FDC0F9C001C001C001C001CA1
:101A60000000000000000000000000000000000076
:101A70000000000000001CF81DF81FF81F801E0069
:101A80001E001C001C001C001C001C001C001C0074
:101A90001C001C001C001C000000000000000000D6
:101AA0000000000000000000000000000000000036
:101AB0000000000000000FE01FF01C383818381834
:101AC0001C001E0007C001F00078381C381C381CB0
:101AD00038181FF80FF007E00000000000000000B9
:101AE00000000000000000000000070007000700E1
:101AF0000700070007007FF87FF8070007000700CE
:101B0000070007000700070007000700070007009D
:101B1000070007FC07FC03F80000000000000000BD
:101B200000000000000000000000000000000000B5
:101B3000000000000000701C701C701C701C701CE9
:101B4000701C701C701C701C701C701C701C703C15
:101B5000783C3CFC1FDC0F9C0000000000000000F3
:101B60000000000000000000000000000000000075
:101B7000000000000000300C301C381C38181838E9
:101B80001C381C300C300E700E700E6006E007E042
:101B900007C003C003C003C0000000000000000035
:101BA0000000000000000000000000000000000035
:101BB000000000000000E38663C663CE73CE73CEE0
:101BC00073CC37CC36EC367C3E7C3E7C3E781E783F
:101BD0001C781C781C381C3000000000000000003D
:101BE00000000000000000000000000000000000F5
:101BF000000000000000381C1C381C300E700E6005
:101C000007E003C003C003C003C007E006600E7016
:101C10001C301C383818381C000000000000000080
:101C200000000000000000000000000000000000B4
:101C3000000000000000700C381C381C18181C38FC
:101C40001C380C300E700E700660076003E003E075
:101C500003C001C001C00180038007801F001E0077
:101C60000000000000000000000000000000000074
:101C70000000000000003FF83FF80038007000E06E
:101C800000E001C00380038007000E000E001C006E
:101C9000380038003FFC3FFC00000000000000005E
:101CA0000000003C007C007000E000E000E000E08C
:101CB00000E000E000E000E000E000E000E001E023
:101CC00001C000E000E000E000E000E000E000E033
:101CD00000E000E000E000E000E00070007C003C7C
:101CE00003800380038003800380038003800380DC
:101CF00003800380038003800380038003800380CC
:101D000003800380038003800380038003800380BB
:101D100003800380038003800380038003800380AB
:101D2000000038003E000E000E000E000E000E00F7
:101D30000E000E000E000E000E000E000E000780BA
:101D400007800F000E000E000E000E000E000E00A9
:101D50000E000E000E000E000E000E003E003C00B5
:101D600000000E041F041F8C31FC30F8003000000E
:101D70000000000000000000000000000000000063
:101D80000000000000000000000000000000000053
:101D90000000000000000000000000000000000043
:101DA0000000000000000000000000000000000033
:101DB0000000000000000000000000000000000023
:101DC0000000000000000000000000000000000013
:101DD0000000000000000000000000000000000003
:101DE00000000000000000000000000000000000F3
:101DF00000000000000000000000000000000000E3
:101E000000000000000000000000000000000000D2
:101E100000000000000000000000000000000000C2
:101E200000000000000000000000000000000000B2
:101E300000000000000000000000000000000000A2
:101E40000000000000000000000000000000000092
:101E50000000000000000000000000000000000082
:101E60000000000000000000000000000000000072
:101E70000000000000FFFFF8FFFFF8FFFFF8000080
:101E80000000000000000000000000000000000052
:101E90000000000000000000000000000000000042
:101EA0000000000000000000000000000000000032
:101EB0000000000000000000000000000000000022
:101EC0000000000000000000000000000000000012
:101ED0000000000000000000000000000000000002
:101EE00000000000000000000000000000000000F2
:101EF00000000000000000000000000000000000E2
:101F000000000000000000000000000000000000D1
:101F100000000000000000000000000000000000C1
:101F200000000000000000000000000000000000B1
:101F300000003E00003E00003E00003E00003E006B
:101F40000000000000000000000000000000000091
:101F50000000000000180000180000180000380001
:101F600000300000700000600000E00000C00001D0
:101F7000C000018000018000038000030000070012
:101F8000000600000E00000C00001C0000180000FD
:101F9000180000380000300000700000600000E011
:101FA0000000C00001C0000180000180000380002B
:101FB0000300000700000600000E00000C00001CDB
:101FC00000001800003800003800003000007000E9
:101FD00000600000E00000C00000C00000800000C1
:101FE00000000000000000000000000001FC0007ED
:101FF000FE000FFF001FFF801F07C03E03C03C0311
:10200000E07C01E07C01F07801F0F800F0F800F0ED
:10201000F800F8F000F8F000F8F000F8F00078F0C0
:102020000078F00078F00078F00078F00078F000A8
:10203000F8F000F8F000F8F000F8F800F0F800F020
:102040007800F07801F07C01E03C03E03E03E03FE3
:1020500007C01F8F800FFF8007FF0003FC0000F008
:102060000000000000000000000000000000000070
:102070000000000000000000000000000018000048
:10208000380000380000780001F8001FF8001FF841
:10209000001FF80000F80000F80000F80000F80049
:1020A00000F80000F80000F80000F80000F8000058
:1020B000F80000F80000F80000F80000F80000F850
:1020C0000000F80000F80000F80000F80000F80038
:1020D00000F80000F80000F80000F80000F8000028
:1020E000F80000F80000F80000F80000F80000F820
:1020F00000000000000000000000000000000000E0
:1021000000000000000000000000000001FC0007CB
:10211000FF000FFF801FFFC01F07E03E03E03C01F0
:10212000E03C01E03C01F07C01F07801F07801F046
:102130007801E00001E00003E00003E00007C000D8
:1021400007C0000F80001F00003F00007E00007CE1
:102150000000F80001F00003F00003E00007C000F9
:102160000F80000F80001F00001E00003C00007C5C
:102170000000780000FFFFF0FFFFF0FFFFF0FFFF1F
:10218000F00000000000000000000000000000005F
:1021900000000000000000000000000001FC00073B
:1021A000FF000FFF801F8FC03E07C03E03E03C03CF
:1021B000E07C01E07801E07801E07801E00001E0F6
:1021C0000001E00003E00003C0000780001F800062
:1021D0007E00007800007F00001F800007C0000321
:1021E000E00001E00001F00001F00000F0F800F074
:1021F000F800F0F801F0F801F07801F07C03E07CE1
:1022000007E03F0FC01FFF800FFF0007FE0001F82F
:1022100000000000000000000000000000000000BE
:10222000000000000000000000000000000F80001F
:102230000F80001F80001F80003F80003F80007FD4
:1022400080007F8000FF8000FF8001EF8001EF8031
:1022500003CF8003CF80078F80078F800F0F800F01
:102260000F801E0F801E0F803C0F803C0F80780F68
:1022700080780F80F00F80F00F80FFFFF8FFFFF8ED
:10228000FFFFF8FFFFF8000F80000F80000F8000B5
:102290000F80000F80000F80000F80000F80000F64
:1022A00080000000000000000000000000000000AE
:1022B0000000000000000000000000003FFFE03FC1
:1022C000FFE03FFFE03FFFE03C00003C00003C003F
:1022D000003C00003C00003C00003C00003C0000D2
:1022E0003C00003C00003CFE003BFF803FFFC03F45
:1022F00007C07E03E07C01E07C01F00001F00001FA
:10230000F00000F00000F00000F00000F00001F02C
:10231000F801F0F801F0F801E07803E07C03E07CDC
:1023200007C03F1F801FFF800FFF0007FC0001F068
:10233000000000000000000000000000000000009D
:10234000000000000000000000000000007F00010D
:10235000FF8003FFC007FFC00FC3E00F81E01F0134
:10236000F01F01F03E01F03E00003C00003C000088
:102370007C00007C00007CFE0079FF807BFFC07B3E
:1023800087C07F03E07E01E07E01F07C01F07C00ED
:10239000F07C00F07C00F07C00F07C00F07C00F031
:1023A0007C00F03C00F03C01F03E01F01E01E01F1B
:1023B00003E00F87C007FFC003FF8001FE00007825
:1023C000000000000000000000000000000000000D
:1023D0000000000000000000000000007FFFF07F10
:1023E000FFF07FFFF07FFFF00001F00001E000014F
:1023F000E00001E00003C00003C00003C00007C00C
:10240000000780000780000780000F80000F000099
:102410000F00000F00001F00001E00001E00003E05
:1024200000003E00003C00003C00007C0000780002
:1024300000780000780000F80000F00000F00001D3
:10244000F00001F00001E00001E00003E00003E023
:10245000000000000000000000000000000000007C
:1024600000000000000000000000000001FC000768
:10247000FF000FFF801F8FC03E07C03C03E03C0100
:10248000E07C01E07C01E07801E07801E07801E0A7
:102490007C01E03C01E03C03E01E03C01F07800F0D
:1024A000FF0003FE0007FF001FDF801E07C03C0384
:1024B000E07C01E07800F0F800F0F800F0F800F0BF
:1024C000F800F0F800F0F800F07801F07C01F07E00
:1024D00003E03F07E01FFFC00FFF8007FF0000F889
:1024E00000000000000000000000000000000000EC
:1024F00000000000000000000000000001F80007DC
:10250000FE000FFF001F9F803E07803E07C03C0378
:10251000C07C03E07801E07801E07801E07801F028
:102520007801F07801F07801F07801F07801F07826
:1025300001F07C03F07C03F03E07F03F0EF01FFF3C
:10254000F00FFDF007F9F001E1F00001E00001E01B
:102550000003E00003E07803C07C07C07C07803EF6
:102560000F803F1F001FFE000FFE0007F80001E074
:10257000000000000000000000000000000000005B
:10258000000000000000000000000000000000004B
:10259000000000000000000000000000000000003B
:1025A000000000000000000000000000000000002B
:1025B000000000000000000000000000000000001B
:1025C000000000000000000000000000000000000B
:1025D00000000000000000000000000000000000FB
:1025E00000000000000000000000000000000000EB
:1025F00000000000000000000000000000000000DB
:1026000000000000000000000000000000000000CA
:1026100000000000000000000000000000000000BA
:1026200000000000000000000000000000000000AA
:10263000000000000000000000000000000000009A
:10264000000000000000000000000000000000008A
:10265000000000000000000000000000000000007A
:10266000000000000000000000000000000000006A
:10267000000000000000000000000000000000005A
:10268000000000000000000000000000000000004A
:10269000000000000000000000000000000000003A
:1026A000000000000000000000000000000000002A
:1026B000000000000000000000000000000000001A
:1026C000000000000000000000000000000000000A
:1026D00000000000000000000000000000000000FA
:1026E00000000000000000000000000000000000EA
:1026F00000000000000000000000000000000000DA
:1027000000000000000000000000000000000000C9
:1027100000000000000000000000000000000000B9
:1027200000000000000000000000000000000000A9
:102730000000000000000000000000000000000099
:102740000000000000000000000000000000000089
:102750000000000000000000000000000000000079
:102760000000000000000000000000000000000069
:102770000000000000000000000000000000000059
:102780000000000000000000000000000000000049
:102790000000000000000000000000000000000039
:1027A0000000000000000000000000000000000029
:1027B0000000000000000000000000000000000019
:1027C0000000000000000000000000000000000009
:1027D0000000000000000000FFFFFFFFF0FFFFFF10
:1027E000FFF0FFFFFFFFF0FFFFFFFFF0FFFFFFFF26
:1027F000F0FFFFFFFFF000000000000000000000FD
:1028000000000000000000000000000000000000C8
:1028100000000000000000000000000000000000B8
:1028200000000000000000000000000000000000A8
:102830000000000000000000000000000000000098
:102840000000000000000000000000000000000088
:102850000000000000000000000000000000000078
:102860000000000000000000000000000000000068
:102870000000000000000000000000000000000058
:102880000000000000000000000000000000000048
:102890000000000000000000000000000000000038
:1028A0000000000000000000000000000000000028
:1028B0000000000000000000000000000000000018
:1028C0000000000000000000000000000000000008
:1028D00000000000000000000000000000000000F8
:1028E00000000000000000000000000000000000E8
:1028F00000000000000000000000000000000000D8
:1029000000000000000000000000000000000000C7
:1029100000000000000000000000000000000000B7
:1029200000000000000000000000000000000000A7
:102930000000000000000000000000000000000097
:102940000000000000000000000000000000000087
:102950000000000000000000000000000000000077
:102960000000000000000000000000000000000067
:102970000000000000000000000000000000000057
:102980000000000000000000000000000000000047
:102990000000000000000000000000000000000037
:1029A0000000000000000000000000000000000027
:1029B0000000000000000000000000000000000017
:1029C0000000000000000000000000000000000007
:1029D00000000000000000000000000000000000F7
:1029E00000000000000FE00000000FE00000000FFA
:1029F000E00000000FE00000000FE00000000FE02A
:102A00000000000FE00000000FE0000000000000E8
:102A100000000000000000000000000000000000B6
:102A200000000000000000000000000000000000A6
:102A30000000000000000000000000000000000096
:102A400000000040000000007000000000F00000E6
:102A50000000F000000001F000000001E0000000B4
:102A600003E000000003C000000003C000000007F6
:102A70008000000007800000000F000000000F0031
:102A80000000001F000000001E000000003E0000CB
:102A900000003C000000003C000000007800000046
:102AA000007800000000F000000000F000000001CD
:102AB000E000000001E000000003E000000003C0AF
:102AC00000000007C0000000078000000007800031
:102AD00000000F000000000F000000001E000000BA
:102AE000001E000000003E000000003C000000004E
:102AF0007C0000000078000000007800000000F07A
:102B000000000000F000000001E000000001E00013
:102B1000000003C000000003C000000007C0000068
:102B20000007800000000F800000000F0000000080
:102B30000F000000001E000000001E000000003C0E
:102B4000000000003C000000007C00000000780055
:102B5000000000F800000000F000000000F000009D
:102B60000001E000000001E000000003C0000000E0
:102B700003C0000000078000000007800000000F75
:102B8000800000000F000000001F000000001E0079
:102B90000000001E000000003C000000003C00009F
:102BA000000078000000007800000000F80000003D
:102BB00000F000000000F000000000E00000000055
:102BC0000000000000000000000000000000000005
:102BD00000000000000000000000000000000000F5
:102BE00000000000000000000007FC0000001FFFC4
:102BF0000000007FFFC00000FFFFE00001FFFFF0CA
:102C00000003FFFFF80003FE0FFC0007FC03FC00BD
:102C10000FF803FE000FF001FF001FE000FF001F90
:102C2000E0007F803FC0007F803FC0007F803FC0CA
:102C3000003FC07F80003FC07F80003FC07F80009A
:102C40001FC07F00001FE07F00001FE0FF00001F8B
:102C5000E0FF00000FE0FF00000FE0FF00000FE0CA
:102C6000FE00000FE0FE00000FE0FE00000FF0FE8F
:102C700000000FF0FE00000FF0FE00000FF0FE005D
:102C8000000FF0FE00000FF0FE00000FF0FE00004D
:102C90000FF0FE00000FF0FE00000FF0FE00000F2E
:102CA000F0FE00000FF0FE00000FE0FE00000FE05D
:102CB000FF00000FE0FF00000FE0FF00001FE0FF3B
:102CC00000001FE07F00001FE07F00001FE07F800A
:102CD000001FC07F80003FC03F80003FC03FC0005A
:102CE0003FC03FC0007F803FC0007F801FE000FFEB
:102CF000001FE000FF000FF001FF000FF803FE00CF
:102D000007FC07FC0003FE0FFC0003FFFFF80001B7
:102D1000FFFFF00000FFFFE000007FFFC000003F6A
:102D2000FF8000000FFE00000003F800000000001C
:102D30000000000000000000000000000000000093
:102D40000000000000000000000000000000000083
:102D50000000000000000000000000000000000073
:102D60000000000000000000000000000000000063
:102D7000000000000000000000003E000000003ED7
:102D8000000000003E000000007E00000000FE0089
:102D9000000000FE00000003FE00000007FE00002F
:102DA000003FFE000007FFFE000007FFFE000007D7
:102DB000FFFE000007FFFE00000001FE0000000112
:102DC000FE00000001FE00000001FE00000001FE08
:102DD00000000001FE00000001FE00000001FE00F6
:102DE000000001FE00000001FE00000001FE0000E6
:102DF0000001FE00000001FE00000001FE000000D6
:102E000001FE00000001FE00000001FE00000001C4
:102E1000FE00000001FE00000001FE00000001FEB7
:102E200000000001FE00000001FE00000001FE00A5
:102E3000000001FE00000001FE00000001FE000095
:102E40000001FE00000001FE00000001FE00000085
:102E500001FE00000001FE00000001FE0000000174
:102E6000FE00000001FE00000001FE00000001FE67
:102E700000000001FE00000001FE00000001FE0055
:102E8000000001FE00000001FE00000001FE000045
:102E90000001FE00000001FE00000001FE00000035
:102EA00001FE00000001FE00000001FE0000000124
:102EB000FE00000001FE00000001FE000000000016
:102EC0000000000000000000000000000000000002
:102ED00000000000000000000000000000000000F2
:102EE00000000000000000000000000000000000E2
:102EF00000000000000000000000000000000000D2
:102F000000000000000000000007FF0000001FFF9D
:102F1000C000007FFFE00000FFFFF00001FFFFF8AE
:102F20000003FFFFFC0003FE07FE0007FC01FE009C
:102F300007F001FF000FF000FF000FE0007F800F9F
:102F4000E0007F801FC0007F801FC0003F801FC047
:102F5000003F801FC0003F801FC0003F803FC00077
:102F60003F803FC0003F803F80003F803F80007F28
:102F7000800000007F800000007F800000007F0054
:102F8000000000FF00000000FF00000001FE000044
:102F90000001FE00000003FC00000007FC00000030
:102FA00007F80000000FF80000001FF00000003FCD
:102FB000E00000007FC00000007FC0000000FF8034
:102FC000000001FF00000003FE00000007FC0000FD
:102FD0000007F80000000FF80000001FF0000000DC
:102FE0001FE00000003FC00000007F80000000FFE5
:102FF00080000000FF00000001FE00000003FC0054
:10300000000003FC00000007F800000007F00000CB
:10301000000FF00000001FE00000001FC0000000D3
:103020003FC00000003F800000007FFFFFFFC07F27
:10303000FFFFFFC07FFFFFFFC07FFFFFFFC07FFFDD
:10304000FFFFC07FFFFFFFC07FFFFFFFC00000004A
:103050000000000000000000000000000000000070
:103060000000000000000000000000000000000060
:103070000000000000000000000000000000000050
:103080000000000000000000000000000000000040
:103090000000000000000000000FFE0000003FFFE5
:1030A0008000007FFFE00000FFFFF00001FFFFF85D
:1030B0000003FFFFFC0007FC07FC0007F801FE000F
:1030C0000FF001FE000FE000FF001FE000FF001FF7
:1030D000C0007F001FC0007F803FC0007F803F8016
:1030E000007F803F80007F803F80003F803F8000E6
:1030F0003F800000003F800000007F000000007F54
:10310000000000007F000000007F00000000FE00C3
:10311000000001FE00000001FC00000007F80000B4
:10312000001FF0000001FFE0000001FFC0000001EF
:10313000FF00000001FF80000001FFE0000001FF30
:10314000F00000000FFC00000003FC00000001FE86
:1031500000000000FF000000007F000000007F80F2
:103160000000003F800000003FC00000003FC000A2
:1031700000003FC00000001FC07F00001FC07F0094
:10318000003FC07F00003FC07F00003FC07F0000C5
:103190003FC07F80003FC07F80003F807F80007FF6
:1031A000803FC0007F803FC000FF003FE001FF0084
:1031B0001FF003FE000FFC0FFE000FFFFFFC0007D7
:1031C000FFFFF80003FFFFF00001FFFFE00000FF3A
:1031D000FFC000003FFF00000007F80000000000F3
:1031E00000000000000000000000000000000000DF
:1031F00000000000000000000000000000000000CF
:1032000000000000000000000000000000000000BE
:1032100000000000000000000000000000000000AE
:103220000000000000000000000007F80000000798
:10323000F80000000FF80000000FF80000001FF871
:103240000000001FF80000003FF80000003FF800F9
:1032500000007FF80000007FF8000000FFF8000089
:1032600000FFF8000001FFF8000001FFF800000374
:10327000FFF8000003F7F8000007F7F800000FE779
:10328000F800000FE7F800001FC7F800001FC7F89C
:1032900000003F87F800003F87F800007F07F80034
:1032A000007F07F80000FE07F80000FE07F80001A5
:1032B000FC07F80001FC07F80003F807F80003F822
:1032C00007F80007F007F80007F007F8000FE0071D
:1032D000F8000FE007F8001FC007F8001FC007F84C
:1032E000003F8007F8003F8007F8007F0007F800E4
:1032F0007F0007F800FE0007F800FE0007F800FF57
:10330000FFFFFFF0FFFFFFFFF0FFFFFFFFF0FFFFFA
:10331000FFFFF0FFFFFFFFF0FFFFFFFFF0FFFFFFEA
:10332000FFF0000007F800000007F800000007F8B1
:1033300000000007F800000007F800000007F80090
:10334000000007F800000007F800000007F8000080
:103350000007F800000007F800000007F800000070
:1033600007F800000007F800000007F80000000060
:10337000000000000000000000000000000000004D
:10338000000000000000000000000000000000003D
:10339000000000000000000000000000000000002D
:1033A000000000000000000000000000000000001D
:1033B00000000000000000000FFFFFFF800FFFFF74
:1033C000FF800FFFFFFF800FFFFFFF800FFFFFFF5A
:1033D000800FFFFFFF800FFFFFFF800FE000000066
:1033E0000FE00000000FE00000000FE00000000F01
:1033F000C00000001FC00000001FC00000001FC070
:103400000000001FC00000001FC00000001FC0001F
:1034100000001FC00000001FC00000001FC000000F
:10342000001FC00000001FC00000001FC1FF80007F
:103430001FC7FFE0001FDFFFF0001FFFFFF8001FA6
:10344000FFFFFC001FFF07FE001FFC01FE003FF80E
:1034500000FF003FF000FF003FE0007F803FC00022
:103460007F803F80003F800000003F800000003FE1
:10347000C00000003FC00000003FC00000003FC08F
:103480000000001FC00000001FC00000001FC0009F
:1034900000001FC00000003FC00000003FC07F00D0
:1034A000003FC07F00003FC07F00003FC07F0000A2
:1034B0003F807F80007F807F80007F803F80007F13
:1034C000003FC000FF003FC001FF001FE003FE00FF
:1034D0001FF007FC000FFC0FFC000FFFFFF80007B8
:1034E000FFFFF00003FFFFE00001FFFFC00000FF4F
:1034F000FF8000003FFE0000000FF8000000000009
:1035000000000000000000000000000000000000BB
:1035100000000000000000000000000000000000AB
:10352000000000000000000000000000000000009B
:10353000000000000000000000000000000000008B
:1035400000000000000000000000FFC0000003FFBA
:10355000F000000FFFF800001FFFFC00003FFFFC21
:1035600000007FFFFE00007FC1FF0000FF00FF00A2
:1035700001FE007F8001FE007F8003FC003F80038E
:10358000F8003F8007F8003FC007F8003FC00FF089
:10359000003FC00FF00000000FE00000001FE0003F
:1035A00000001FE00000001FE00000001FC000003E
:1035B000001FC00000003FC00000003FC0FF8000AF
:1035C0003FC3FFE0003FC7FFF0003F8FFFF8003F21
:1035D0009FFFFC003FBFCFFE003FBE03FE003FFC4D
:1035E00000FF003FF800FF003FF0007F803FF00049
:1035F0007F803FE0003F803FE0003FC03FC0003F92
:10360000C03FC0001FC03FC0001FC03FC0001FC060
:103610003FC0001FC03FC0001FC03FC0001FC03FD1
:10362000C0001FC03FC0001FC03FC0001FC01FC060
:10363000001FC01FC0001FC01FC0001FC01FE00030
:103640003FC00FE0003FC00FE0003F800FF0003FA1
:103650008007F0007F8007F8007F8003FC00FF00F8
:1036600003FE01FF0001FF03FE0001FFFFFC00005D
:10367000FFFFFC00007FFFF800003FFFF000001F8D
:10368000FFE0000007FF80000001FC0000000000D8
:10369000000000000000000000000000000000002A
:1036A000000000000000000000000000000000001A
:1036B000000000000000000000000000000000000A
:1036C00000000000000000000000000000000000FA
:1036D00000000000000000003FFFFFFF803FFFFFF1
:1036E000FF803FFFFFFF803FFFFFFF803FFFFFFFA7
:1036F000803FFFFFFF803FFFFFFF800000003F8013
:103700000000003F800000003F800000007F0000BC
:1037100000007F000000007F000000007F0000002C
:1037200000FE00000000FE00000000FE000000009F
:10373000FE00000001FC00000001FC00000001FC94
:1037400000000003F800000003F800000003F80088
:10375000000003F800000007F000000007F0000080
:103760000007F00000000FF00000000FE000000074
:103770000FE00000000FE00000001FE00000001F4D
:10378000C00000001FC00000001FC00000003FC0BC
:103790000000003F800000003F800000007F8000AC
:1037A00000007F000000007F000000007F0000009C
:1037B00000FF00000000FE00000000FE000000000E
:1037C000FE00000001FE00000001FC00000001FC02
:1037D00000000003FC00000003FC00000003F800F0
:1037E000000003F800000007F800000007F80000E0
:1037F0000007F000000007F00000000FF0000000DC
:103800000FE00000000FE00000001FE00000001FBC
:10381000E00000001FC00000001FC000000000000A
:103820000000000000000000000000000000000098
:103830000000000000000000000000000000000088
:103840000000000000000000000000000000000078
:103850000000000000000000000000000000000068
:103860000000000000000000000FFE0000003FFF0D
:103870008000007FFFE00000FFFFF00001FFFFF885
:103880000003FFFFFC0007FC07FC000FF801FE002F
:103890000FF000FE000FE000FF001FC0007F001FC0
:1038A000C0007F001FC0007F801FC0003F803FC05E
:1038B000003F803FC0003F803F80003F803F80004E
:1038C0003F803F80003F803FC0003F801FC0003FDF
:1038D000801FC0003F801FC0007F001FC0007F000E
:1038E0000FE000FE000FF000FE0007F001FC0003F7
:1038F000FC03F80001FFFFF00000FFFFE000003FC5
:10390000FFC000003FFF800000FFFFE00001FFFF5D
:10391000F00003FE0FFC0007F803FC000FF000FEB0
:10392000001FE0007F001FC0007F803F80003F80BD
:103930003F80003FC07F80001FC07F00001FC07F0E
:1039400000001FE07F00001FE07F00001FE07F00FD
:10395000001FE07F00001FE07F00001FE07F0000ED
:103960001FC07F80001FC07F80003FC07F80003F5E
:10397000C03FC0003FC03FC0007F801FE000FF800D
:103980001FF001FF000FFC07FF0007FFFFFE00070D
:10399000FFFFFC0003FFFFF80001FFFFF000007FC6
:1039A000FFE000003FFF80000007FC000000000077
:1039B0000000000000000000000000000000000007
:1039C00000000000000000000000000000000000F7
:1039D00000000000000000000000000000000000E7
:1039E00000000000000000000000000000000000D7
:1039F0000000000000000000000FFC0000003FFF7E
:103A00000000007FFF800000FFFFC00001FFFFE01B
:103A10000003FFFFF00007FC0FF8000FF803F800A9
:103A20000FF003FC001FE001FE001FE000FE001F7E
:103A3000C000FE003FC0007F003FC0007F003F800D
:103A4000007F003F80007F803F80007F807F80007C
:103A50003F807F80003F807F80003F807F80003FED
:103A6000807F80003FC07F80003FC07F80003FC0DC
:103A70007F80003FC07F80003FC03F80003FC03F4D
:103A800080007FC03F80007FC03FC0007FC03FC03C
:103A9000007FC01FC000FFC01FE001FFC01FE0018A
:103AA000FFC00FF003FFC00FF807FFC007FE1FFFA6
:103AB000C007FFFFBFC003FFFF3FC001FFFF3FC0C4
:103AC000007FFC3FC0003FF83F800007C03F800000
:103AD00000007F800000007F800000007F800000E9
:103AE000007F000000007F00000000FF003F80001A
:103AF000FF003FC000FE003FC001FE003FC001FCD0
:103B0000001FC003FC001FE003F8001FE007F800DF
:103B10000FF00FF0000FFC3FF00007FFFFE0000385
:103B2000FFFFC00001FFFF800000FFFF0000007FDB
:103B3000FE0000003FF80000000FE0000000000061
:103B40000000000000000000000000000000000075
:103B50000000000000000000000000000000000065
:103B60000003E0000003E0000003E0000003E000C9
:103B70000003E0000003E0000003E0000003E000B9
:103B80000003E0000003E0000003E0000003E000A9
:103B90000003E0000003E0000003E0000003E00099
:103BA0000003E0000003E0000003E0000003E00089
:103BB000FFFFFFFFFFFFFFFFFFFFFFFFFFFFFFFF15
:103BC000FFFFFFFFFFFFFFFFFC00003F7E00007EC6
:103BD0007E00007E3F0000FC3F0000FC1F0000F85C
:103BE0001F8001F80FC003F00FC003F00FE007F0D3
:103BF00007E007E003E007C003F00FC003F81FC0B1
:103C000001F81F8001F81F8000FC3F00007C3E008F
:103C1000007E7E00003FFC00003FFC00001FF8001B
:103C2000001FF800000FF000000FF000FFFFFFFF83
:103C3000FFFFFFFFFFFFFFFFFFFFFFFFFFFFFFFF94
:103C40000003E0000003E0000003E0000003E000E8
:103C50000003E0000003E0000003E0000003E000D8
:103C60000003E0000003E0000003E0000003E000C8
:103C70000003E0000003E0000003E0000003E000B8
:103C80000003E0000003E0000003E0000003E000A8
:103C90000003E0000003E0000003E0000003E00098
:103CA0000003E0000003E0000003E0000003E00088
:103CB0000003E0000003E0000003E0000003E00078
:103CC0000003E0000003E0000003E0000003E00068
:103CD0000003E0000003E0000003E0000003E00058
:103CE0000003E0000003E0000003E0000003E00048
:103CF0000003E0000003E0000003E0000003E00038
:103D0000FFFFFFFFFFFFFFFFFFFFFFFFFFFFFFFFC3
:103D1000FFFFFFFF000FF000000FF000001FF80092
:103D2000001FF800003FFC00003FFC00007E7E000A
:103D3000007C3E0000FC3F0001F81F8001F81F805E
:103D400003F81FC003F00FC003E007C007E007E05F
:103D50000FE007F00FC003F00FC003F01F8001F861
:103D60001F0000F83F0000FC3F0000FC7E00007ECA
:103D70007E00007EFC00003FFFFFFFFFFFFFFFFF14
:103D8000FFFFFFFFFFFFFFFFFFFFFFFFFFFFFFFF43
:103D90000003E0000003E0000003E0000003E00097
:103DA0000003E0000003E0000003E0000003E00087
:103DB0000003E0000003E0000003E0000003E00077
:103DC0000003E0000003E0000003E0000003E00067
:103DD0000003E0000003E0000003E0000003E00057
:103DE000120100020000004083044057000201025B
:103DF00003010A0600020000004001000403090458
:103E000009024300020100C032090400000102025D
:103E10000100052400100105240100010424020210
:103E20000524060001070582030800FF09040100BC
:103E3000020A000000070503024000000705810296
:103E40004000000080000000543E01085442010878
:103E5000D00000000000803F000000000FB17F3F55
:103E60002FFB483D6DC47E3F36BDC83DAC3A7D3F1B
:103E70008340163EBE147B3FC2C5473EF853783F91
:103E8000CCCF783E0BFA743F31A0943E0809713FC5
:103E9000D47CAC3E5E836C3F15EFC33ED86B673F6E
:103EA00080E8DA3E98C5613FEA5AF13E1A945B3FDA
:103EB0003D9C033F31DB543FDA390E3F029F4D3FBB
:103EC000C07F183F03E4453F9967223FF9AE3D3F6D
:103ED0004AEB2B3FF304353FF304353F4AEB2B3FCE
:103EE000F9AE3D3F9967223F03E4453FC07F183F4D
:103EF000029F4D3FDA390E3F31DB543F3D9C033F7B
:103F00001A945B3FEA5AF13E98C5613F80E8DA3E79
:103F1000D86B673F15EFC33E5E836C3FD47CAC3EED
:103F20000809713F31A0943E0BFA743FCCCF783E24
:103F3000F853783FC2C5473EBE147B3F8340163ED0
:103F4000AC3A7D3F36BDC83D6DC47E3F2FFB483D3A
:103F50000FB17F3F000000000000803F2FFB48BDF5
:103F60000FB17F3F36BDC8BD6DC47E3F834016BED6
:103F7000AC3A7D3FC2C547BEBE147B3FCCCF78BEB6
:103F8000F853783F31A094BE0BFA743FD47CACBE9A
:103F90000809713F15EFC3BE5E836C3F80E8DABE4F
:103FA000D86B673FEA5AF1BE98C5613F3D9C03BF9D
:103FB0001A945B3FDA390EBF31DB543FC07F18BF24
:103FC000029F4D3F996722BF03E4453F4AEB2BBF59
:103FD000F9AE3D3FF30435BFF304353FF9AE3DBFC5
:103FE0004AEB2B3F03E445BF9967223F029F4DBF39
:103FF000C07F183F31DB54BFDA390E3F1A945BBFE4
:104000003D9C033F98C561BFEA5AF13ED86B67BF3C
:1040100080E8DA3E5E836CBF15EFC33E080971BFCE
:10402000D47CAC3E0BFA74BF31A0943EF85378BFF9
:10403000CCCF783EBE147BBFC2C5473EAC3A7DBFF5
:104040008340163E6DC47EBF36BDC83D0FB17FBFF5
:104050002FFB483D000080BF000000000FB17FBF74
:104060002FFB48BD6DC47EBF36BDC8BDAC3A7DBF19
:10407000834016BEBE147BBFC2C547BEF85378BF8F
:10408000CCCF78BE0BFA74BF31A094BE080971BFC3
:10409000D47CACBE5E836CBF15EFC3BED86B67BF6C
:1040A00080E8DABE98C561BFEA5AF1BE1A945BBFD8
:1040B0003D9C03BF31DB54BFDA390EBF029F4DBFB9
:1040C000C07F18BF03E445BF996722BFF9AE3DBF6B
:1040D0004AEB2BBFF30435BFF30435BF4AEB2BBFCC
:1040E000F9AE3DBF996722BF03E445BFC07F18BF4B
:1040F000029F4DBFDA390EBF31DB54BF3D9C03BF79
:104100001A945BBFEA5AF1BE98C561BF80E8DABE77
:10411000D86B67BF15EFC3BE5E836CBFD47CACBEEB
:10412000080971BF31A094BE0BFA74BFCCCF78BE22
:10413000F85378BFC2C547BEBE147BBF834016BECE
:10414000AC3A7DBF36BDC8BD6DC47EBF2FFB48BD38
:104150000FB17FBF00000080000080BF2FFB483DF3
:104160000FB17FBF36BDC83D6DC47EBF8340163ED4
:10417000AC3A7DBFC2C5473EBE147BBFCCCF783EB4
:10418000F85378BF31A0943E0BFA74BFD47CAC3E98
:10419000080971BF15EFC33E5E836CBF80E8DA3E4D
:1041A000D86B67BFEA5AF13E98C561BF3D9C033F9B
:1041B0001A945BBFDA390E3F31DB54BFC07F183F22
:1041C000029F4DBF9967223F03E445BF4AEB2B3F57
:1041D000F9AE3DBFF304353FF30435BFF9AE3D3FC3
:1041E0004AEB2BBF03E4453F996722BF029F4D3F37
:1041F000C07F18BF31DB543FDA390EBF1A945B3FE2
:104200003D9C03BF98C5613FEA5AF1BED86B673F3A
:1042100080E8DABE5E836C3F15EFC3BE0809713FCC
:10422000D47CACBE0BFA743F31A094BEF853783FF7
:10423000CCCF78BEBE147B3FC2C547BEAC3A7D3FF3
:10424000834016BE6DC47E3F36BDC8BD0FB17F3FF3
:104250002FFB48BD0800000210004000180040027B
:1042600020008000280080023000C0003800C0021A
:104270004000000148000003500040015800400386
:1042800060008001680080037000C0017800C003F6
:104290008000000288000802900000039800480295
:1042A000A0000802A8008802B000C800B800C80238
:1042B000C0000801C8000803D0004801D800480326
:1042C000E0008801E8008803F000C801F800C80396
:1042D00008011002100140011801500220010003E2
:1042E00028019002300148013801D0024801100332
:1042F0005801500360019001680190037001D001E2
:104300007801D00380014002880118029001400327
:1043100098015802A0014802A8019802B001480380
:10432000B801D802C0015002C8011803D0015003DF
:10433000D8015803E0015802E8019803F00158033E
:10434000F801D8030802200210024002180260029D
:104350002802A002300260023802E002400200039C
:104360004802200350024003580260036002200309
:104370006802A003700260037802E0038802A002D2
:10438000900280039802A003B0028803B802E802FA
:10439000C0028003C8022803D0029003D802680339
:1043A000E002A003E802A803F0029803F802E80381
:1043B0000803200310034003180360032803880345
:1043C0003003600338039803480360035803700305
:1043D0006803B0037803F0038803A0039003C003CD
:1043E0009803E003B003C803B803E803C803E0037D
:1043F000D803F003000000004C5555555555A53F16
:104400007751C1166CC156BF9015CB19A001FA3E69
:10441000AD529C804F7E92BEC4B1B4BD9EEE213E93
:10442000D43888BEE9FAA8BD00004054FB21F93F0A
:104430003163621A61B4D03D0000601A61B4D03DAE
:104440007370032E8A19A33B0000002E8A19A33B28
:10445000C14920259A837B3900000000000000003C
:104460006E83F9A22915444ED15727FCC0DD34F5DF
:10447000999562DB4190433CAB6351FE61C5BBDE65
:104480003A6E24B7E0D24D42EA2E49061C92D10979
:104490001CEB1DFE3EA729B1F53582E88444BB2EF6
:1044A00026709CE9417E5FB439D69139F439538343
:1044B0008B5F849C3B28F9BDFF97F81F0F9805DEA2
:1044C0008B112FEF1F6D0A5ACF7E366DB709CB27A0
:1044D000663F464F2DEA5F9EC7BA27757BF1E5EB35
:1044E000F739073DEA92528AB15FFB6B085D8D1F79
:1044F000A6F810111111813FD561C119A0012ABF81
:104500007DFEB157E31DC73EEB9C2B8AE6E55ABE04
:104510007CD5CF5A3AD9E53D384501080000002046
:1045200038010000081F0008C445010838010020B8
:1045300078240000E6A20008013533C201120813F6
:10454000F59A1B08F10413ED991B08B1081A9D0494
:1045500013E195140821961B0831041A5D041A9979
:10456000041AB9141AF90403221A031AF7281AF1C3
:10457000041ADD041AF5041AF304412D01020304A0
:10458000041706070809318E1408658D14082D9349
:104590001408AF911B0851041A9F281A990822B4D5
:1045A00002282072FF1375B31B0811044B0DB46C65
:1045B0001A3D0C1325B21B08D9041AE50C1AA9C41C
:0445C00001100000E6
:0400000508000111DD
:00000001FF
