:020000040001F9
:100000003868022099020100E9CE0100258801002C
:1000100027CD010031380100D94F02000000000057
:10002000000000000000000000000000E12E0200BF
:10003000B9560100000000004D0E0200B137020069
:100040001598010025980100359801004598010098
:100050005598010065980100759801008598010088
:1000600095980100A5980100B5980100C598010078
:10007000D5980100E5980100F59801000599010067
:100080001599010025990100359901004599010054
:100090005599010065990100759901008599010044
:1000A00095990100A5990100B5990100C599010034
:1000B000D5990100E5990100F5990100059A010023
:1000C000159A0100299A01003D9A0100519A0100F8
:1000D000659A0100799A01008D9A0100A19A0100A8
:1000E000B59A0100C99A0100DD9A0100F19A010058
:1000F000059B0100199B01002D9B0100419B010004
:10010000559B0100699B01007D9B0100919B0100B3
:10011000A59B0100B99B0100CD9B0100E19B010063
:10012000F59B0100099C01001D9C0100319C010010
:10013000459C0100599C01006D9C0100819C0100BF
:10014000959C0100A99C0100BD9C0100D19C01006F
:10015000E59C0100F99C01000D9D0100219D01001D
:10016000359D0100499D01005D9D0100719D0100CB
:10017000859D0100999D0100AD9D0100C19D01007B
:10018000D59D0100E99D0100FD9D0100119E01002A
:10019000259E0100399E01004D9E0100619E0100D7
:1001A000759E0100899E01009D9E0100B19E010087
:1001B000C59E0100D99E0100ED9E0100019F010036
:1001C000159F0100299F01003D9F0100519F0100E3
:1001D000659F0100799F01008D9F0100A19F010093
:1001E000B59F0100C99F0100DD9F0100F19F010043
:1001F00005A0010019A001002DA0010041A00100EF
:1002000055A0010069A001007DA0010091A001009E
:10021000A5A00100B9A00100CDA00100E1A001004E
:10022000F5A0010009A101001DA1010031A10100FB
:1002300045A1010059A101006DA1010081A10100AA
:10024000DB020100DB020100DB020100DB02010036
:10025000DB020100DB020100DB020100DB02010026
:10026000DB020100DB020100DB020100DB02010016
:10027000DB020100DB020100DB020100DB02010006
:10028000DFF810D000F004FC0048004765A1020030
:10029000AFF300803868022010484FF0770101600A
:1002A0000F484FF0770101600E484FF4885101600C
:1002B0000A484FF07601016009484FF0760101606D
:1002C0000948804709480047FEE7FEE7FEE7FEE7EA
:1002D000FEE7FEE7FEE7FEE7FEE7FEE7040805406F
:1002E0000C08054000080540713802008102010039
:1002F0002DE9F05F0546002092469B46884606465B
:10030000814640241BE0284641464746224600F0ED
:1003100089FA53465A46C01A914110D311461846DD
:10032000224600F016F82D1A67EB01084F462246C8
:100330000120002100F00DF817EB00094E41201EAE
:10034000A4F10104DFDC484631462A464346BDE8B5
:10035000F09F202A04DB203A00FA02F100207047C7
:100360009140C2F1200320FA03F3194390407047F3
:10037000202A06DBCB17203A41FA02F043EAE07369
:1003800006E041FA02F3D040C2F120029140084356
:100390001946704740EA01039B0703D009E008C9EA
:1003A000121F08C0042AFAD203E011F8013B00F83A
:1003B000013B521EF9D27047D2B201E000F8012B86
:1003C000491EFBD270470022F6E710B513460A46D5
:1003D00004461946FFF7F0FF204610BD2DE9FE4FF9
:1003E000804681EA0300C00F0C46009021F00041D6
:1003F00023F00045B8EB0200A94105D24046214652
:1004000090461C460B46024623F00040104347D05E
:10041000270DC7F30A00C3F30A510290401A019056
:1004200040286BDAC3F3130040F4801B0098924617
:1004300020B10023D2EB030A63EB0B0B0198594662
:10044000C0F140025046FFF784FF06460D46504675
:100450005946019AFFF78CFF10EB08006141002418
:1004600087EA115284EAE7731A4340D0009A62B3D4
:10047000019A012A4FEA075215DC001B61EB0201C9
:100480004FF0004202EA0752CDE90042001C41F55C
:10049000801132462B4600F01BFA03B0BDE8F08F06
:1004A00040462146F9E7001B61EB0201001C41F5C3
:1004B000801300185B412018A2F5001747EB0301D9
:1004C00040EAD570B6196D4111E06D084FEA360665
:1004D00045EAC0754FEA0752001B61EB0201001CA0
:1004E00041F5801149084FEA300000195141324668
:1004F0002B4603B0BDE8F04F00F0DBB900980122B5
:1005000040000023D0EB020263EBE0730098214629
:100510004FEAE074B8EB000061EB0401E9E783F017
:1005200000435BE781F0004158E72DE9FE4F81EA87
:10053000030404F0004421F0004100944FF0000B4C
:1005400023F0004350EA01045ED052EA03045BD07A
:10055000C3F30A54C1F30A552C44A4F2F3340194B2
:10056000A0FB0254C1F3130141F48011C3F3130340
:1005700043F4801301FB024400FB034E840A970AF4
:1005800044EA815447EA8357A4FB076802958D0A21
:1005900005FB07854FEA932C04FB0C542705029DAD
:1005A0004FEA065847EA1637B5EB08056EEB070C1D
:1005B000870E920E47EA811742EA8312A7FB0201D7
:1005C000B6EB0B0164EB00042B0D43EA0C335E1811
:1005D00044EB1C50DA465146E7FB0201C5F3130415
:1005E0004FEA0B3343EA14534FEA0432019C43EAC7
:1005F0000603A4F10C040294009CCDE900B400F0C1
:1006000067F903B0BDE8F08F00200146F9E72DE956
:10061000F04D81EA030404F0004B21F0004514463C
:100620004FF0000A23F0004150EA050220D054EABE
:1006300001021DD0C5F30A570246C5F31303C1F3E7
:100640001300C1F30A5640F4801543F48013A7EB5E
:100650000608101BD64608F2FD3873EB050002D3DE
:1006600008F1010801E092185B41B8F1000F03DACC
:1006700000200146BDE8F08D00204FF480110646B1
:1006800084460EE0171B73EB050705D3121B63EBC3
:10069000050306434CEA010C49084FEA3000921862
:1006A0005B4150EA0107EDD152EA030012D082EA21
:1006B000040083EA0501084305D0101BAB4106D2B4
:1006C0000122002306E000224FF0004302E06FF019
:1006D000010253101AEB06004CEB085110EB0A0014
:1006E00041EB0B01BDE8F04D00F0E3B80EB540F270
:1006F000334102910021CDE900110A460B4600F07A
:10070000E7F803B000BDC1F30A5210B5C1F31301FD
:1007100040F2FF3341F480119A4201DA002010BD0B
:1007200040F233439A42A2F2334203DC524200F0D9
:1007300079F810BD904010BD00F0004230F000404C
:100740000AD0C10D01F56071C0F3160042EA0151F3
:10075000C20840071143704700200146704700005F
:1007600030B5041E71F1000404DB4FF00044404238
:1007700064EB0101141E73F1000405DB1C464FF00D
:100780000043524263EB04038B4208BF824230BDF8
:1007900030B5041E71F1000404DB4FF00044404208
:1007A00064EB0101141E73F1000405DB1C464FF0DD
:1007B0000043524263EB0403994208BF904230BDAC
:1007C00001F0004330B421F0004150EA010206D0AC
:1007D0000A0DA2F56072C1F31301002A02DC30BCDD
:1007E00000207047440F44EAC104C100E01830BC47
:1007F00000EBC25000F026B830B50B460146002091
:100800002022012409E021FA02F59D4205D303FAD2
:1008100002F5491B04FA02F52844151EA2F1010253
:10082000F1DC30BD202A04DB203A21FA02F000215D
:10083000704721FA02F3D040C2F1200291400843F0
:10084000194670470029A8BF7047401C490008BFDF
:1008500020F00100704710B4B0FA80FC00FA0CF0F0
:1008600050EA010404BF10BC704749B1CCF1200428
:1008700021FA04F411FA0CF118BF012121430843B5
:10088000A3EB0C01CB1D4FEA00614FEA102042BFE1
:10089000002010BC704700EBC35010440029A4BFD7
:1008A00010BC7047401C490008BF20F0010010BC7C
:1008B000704710B5141E73F1000408DA401C41F1B2
:1008C000000192185B411A4301D120F0010010BDD4
:1008D0002DE9F04D92469B4611B1B1FA81F202E04A
:1008E000B0FA80F220329046FFF733FD04460F46FF
:1008F00040EA0A0041EA0B0153465A46084313D026
:10090000114653EA010019D0C8F140025046FFF7E2
:1009100089FF05460E46504659464246FFF719FDE7
:10092000084305D0012004E020463946BDE8F08D9B
:100930000020054346EAE0762C4337430A986305D6
:10094000E40AA0EB08000022FD0A44EA47540A30FA
:1009500002D500200146E9E7010510196941DDE9EA
:10096000084500196941BDE8F04DA2E770B521F0D6
:10097000004303430CD0C1F30A550024D5EB040512
:1009800064EB0403D617AD1AB34102DB0020014625
:1009900070BD201841EB025170BD2DE9F04D0023D0
:1009A0001A461B1A8A4103DB00200146BDE8F08D80
:1009B000C1F30A52C1F3130141F480154FF0000B4B
:1009C000D10702D100186D41521E0027044640F2A3
:1009D000FF11384601EB620A3E468046024600207F
:1009E0004FF48011FFF71EFFC2197141BB1846EB8F
:1009F0000100B4EB030C75EB000C04D3E41A65EBB7
:100A0000000517460E46241908F101006D41804685
:100A10003428E3DDF91946EB0600091BA84103D28F
:100A20004FF0FF32134601E0002213461BEB070094
:100A300046EB0A51BDE8F04DFFF73BBF0EB5C10FC5
:100A400080EAE0700844CA07002140F233438DE891
:100A50000E000A460B46FFF73BFF03B000BDC1F393
:100A60000A52C1F3130140F2FF3341F480119A425C
:100A700002DA00200146704740F233439A42A2F264
:100A8000334202DC5242FFF7CDBEFFF762BC0000EA
:100A9000064C074D06E0E06840F0010394E80700CB
:100AA00098471034AC42F6D3FFF7EEFBE0A5030005
:100AB00010A6030070B58C1810F8015B15F0070341
:100AC00001D110F8013B2A1106D110F8012B03E0E7
:100AD00010F8016B01F8016B5B1EF9D12B0705D4EF
:100AE0000023521E0DD401F8013BFAE710F8013B38
:100AF000CB1A921C03E013F8015B01F8015B521E54
:100B0000F9D5A142D8D3002070BD48F25B0CC1F6E4
:100B1000FF7C604748F2390CC1F6FF7C604748F221
:100B2000010CC1F6FF7C604748F2A51CC1F6FF7CB2
:100B30006047000070B504460D460420002C43D0E9
:100B4000002D41D0297901293ED8204EB44207D04A
:100B50001F48844204D040F25A211EA004F05EFDDA
:100B6000B44214D12868C0F31000297939B1218A20
:100B700001432182618A41EA104161820FE0A1892B
:100B80000143A181E18941EA1041E18107E0288820
:100B9000C0F30800297931B1218A01432182002163
:100BA000002220340EE0A1890143A181F7E7C307A9
:100BB00005D01346AE68521CD2B2F35C63544008B1
:100BC000491CC9B20028F2D170BD000000000440E9
:100BD000000404402E2E5C2E2E5C2E2E5C2E2E5CED
:100BE0002E2E5C6472697665725C7372635C6863F6
:100BF0003332663436305F6164632E630000000078
:100C000070B504460D460420002C1ED00F4EB44291
:100C100007D00F48844204D040F221310DA004F0E7
:100C2000FDFCB44202D1C5F3100001E0C5F3080099
:100C30004FEA1041A28A42EA0002A28203D1E08A6E
:100C400040EA0100E0824FF0000070BD0000044067
:100C5000000404402E2E5C2E2E5C2E2E5C2E2E5C6C
:100C60002E2E5C6472697665725C7372635C686375
:100C70003332663436305F6164632E6300000000F7
:100C800070B504460D46002C10D00948844207D0A8
:100C90000848844204D040F2F24107A004F0BEFCB0
:100CA00014F8460F0121A9408843207070BD000050
:100CB00000000440000404402E2E5C2E2E5C2E2EDC
:100CC0005C2E2E5C2E2E5C6472697665725C73728B
:100CD000635C68633332663436305F6164632E630D
:100CE0000000000010B500F0D3FB00F07FFB00F027
:100CF00053FCBDE8104004F0E3BC000070B50446AE
:100D00000D460420002C18D00C48844207D00C4813
:100D1000844204D040F2FE210AA004F07FFC3DB1E1
:100D2000681E062804D940F2FF2106A004F076FCD4
:100D3000608865F30A206080002070BD00000440D8
:100D4000000404402E2E5C2E2E5C2E2E5C2E2E5C7B
:100D50002E2E5C6472697665725C7372635C686384
:100D60003332663436305F6164632E630000000006
:100D700070B504460D46002C07D0601E0D2804D91E
:100D800040F22A410AA004F049FC012D05D025B10A
:100D900040F22B4106A004F041FC1048018864F3A6
:100DA00003010180818965F30001818170BD00002C
:100DB0002E2E5C2E2E5C2E2E5C2E2E5C2E2E5C6437
:100DC00072697665725C7372635C68633332663431
:100DD00036305F6164632E6300000000C20004408F
:100DE00010B502220021064804F046F9054C2046C1
:100DF00000F07CFA2046BDE810400021FFF740BF1C
:100E0000003005400000044070B504460D46042043
:100E1000002C1AD00D4EB44207D00D48844204D0A5
:100E200040F2A7210BA004F0F9FB280CA189A943EB
:100E3000A181218AA9432182B44205D1E18981435C
:100E4000E181618A81436182002070BD000004401D
:100E5000000404402E2E5C2E2E5C2E2E5C2E2E5C6A
:100E60002E2E5C6472697665725C7372635C686373
:100E70003332663436305F6164632E6300000000F5
:100E80002DE9F0470546884617461C46042005F123
:100E90005006002D2AD0002F28D0002C26D0DFF8B5
:100EA00050904D4507D01348854204D040F2AB51D5
:100EB00011A004F0B3FB4D4502D1C8F3100001E0CE
:100EC000C8F30800002100230CE0C20707D036F861
:100ED000112027F813205B1CDBB2641EE4B240082B
:100EE000491CC9B208B1002CEFD10020BDE8F08741
:100EF00000000440000404402E2E5C2E2E5C2E2E9A
:100F00005C2E2E5C2E2E5C6472697665725C737248
:100F1000635C68633332663436305F6164632E63CA
:100F20000000000070B504460E46002509488442C2
:100F300007D00948844204D040F2D64107A004F00B
:100F40006DFB94F846000121B140084200D0012514
:100F5000284670BD00000440000404402E2E5C2E84
:100F60002E5C2E2E5C2E2E5C2E2E5C6472697665B5
:100F7000725C7372635C68633332663436305F610F
:100F800064632E630000000070B504460D46042023
:100F9000002C56D0002D54D02A48844206D02A482E
:100FA000844203D0F82129A004F038FB28780228D5
:100FB00006D0012804D018B1F92124A004F02EFB9A
:100FC000687828B1012803D0FA2120A004F026FB7C
:100FD000A878012804D018B1FB211CA004F01EFB46
:100FE000E87848B1012807D0022805D0032803D0AB
:100FF000FC2116A004F012FB287928B1012803D0A7
:10100000FD2112A004F00AFB002020702A786188DC
:1010100062F3051161806A78618862F3C7116180AB
:10102000AA78618862F386116180EA78618862F348
:10103000010161802A79A18862F38201A18084F88C
:10104000470070BD00000440000404402E2E5C2EBA
:101050002E5C2E2E5C2E2E5C2E2E5C6472697665C4
:10106000725C7372635C68633332663436305F611E
:1010700064632E630000000010B50446002C06D007
:10108000012C04D040F23C4109A004F0C7FA1348F7
:10109000012C05D030F8C01F21F00F01018010BDD8
:1010A00030F8C01F21F00F010E31018010BD00008B
:1010B0002E2E5C2E2E5C2E2E5C2E2E5C2E2E5C6434
:1010C00072697665725C7372635C6863333266342E
:1010D00036305F6164632E6300000000000004404E
:1010E00010B50446002C17D0012C15D0022C13D0BB
:1010F000042C11D0082C0FD0102C0DD0202C0BD08C
:10110000402C09D0802C07D0B4F5807F04D040F269
:10111000574103A004F082FA0C48048010BD00007F
:101120002E2E5C2E2E5C2E2E5C2E2E5C2E2E5C64C3
:1011300072697665725C7372635C686333326634BD
:1011400036305F6164632E6300000000CC00044011
:101150003EB5434C204600F09BF800212046FFF7A7
:10116000E1FE0028F9D006236A4640F23B112046F2
:10117000FFF786FE00212046FFF782FDBDF80A003A
:101180009FED381A00EE100A384CF8EE400A81EE56
:10119000200ADFED350A20EE200A84ED000ABDF8B2
:1011A000060001EE100AF8EE411A81EEA01A21EEB7
:1011B000001A84ED031ABDF8080001EE100AF8EEDB
:1011C000411A81EEA01A21EE000A84ED020ABDF850
:1011D000000000EE100AB8EE400A84ED040ABDF8E3
:1011E000020000EE100AB8EE400A84ED050ABDF8D0
:1011F000040000EE100AB8EE400A70EEC00A00EEDD
:10120000100AB8EE401A80EE810A10EE100AFFF7BD
:1012100093FA41EC100B14F077F99FED151B51EC8C
:10122000100B53EC112BFFF780F99FED131B53ECC0
:10123000112BFFF7D3F841EC100B53EC102B9FED63
:10124000100B51EC100BFFF7E2F99FED0F1B53EC65
:10125000112BFFF764F9FFF7B3FA60603EBD0000A1
:1012600000040440BE9F8A3F00F07F458083FF1F3B
:101270000000006066A272400000000000F4AA4076
:101280000000000013642F410000006066127140EE
:1012900010B504460420002C0DD00748844207D026
:1012A0000648844204D040F2944105A004F0B6F907
:1012B00001202070002010BD000004400004044004
:1012C0002E2E5C2E2E5C2E2E5C2E2E5C2E2E5C6422
:1012D00072697665725C7372635C6863333266341C
:1012E00036305F6164632E630000000038B5044649
:1012F000042100250095002C19D00E48844207D007
:101300000D48844204D040F2B1410CA004F086F9AB
:10131000002142F2107207E025700098401C0090F6
:10132000904201D9092102E020780128F4D0084632
:1013300038BD000000000440000404402E2E5C2E46
:101340002E5C2E2E5C2E2E5C2E2E5C6472697665D1
:10135000725C7372635C68633332663436305F612B
:1013600064632E630000000070B504460E46154607
:101370000420002C1AD0012E18D80F48844207D020
:101380000E48844204D04FF4F3710DA004F046F9E6
:1013900035B1012D04D040F2E71109A004F03EF967
:1013A0002EB1608965F3CF306081002070BD608907
:1013B00065F3C7106081F8E70000044000040440B2
:1013C0002E2E5C2E2E5C2E2E5C2E2E5C2E2E5C6421
:1013D00072697665725C7372635C6863333266341B
:1013E00036305F6164632E630000000030B587B063
:1013F00022A00068039022A003C8CDE901010020CB
:101400000590042104918DF8140003A806901E4C49
:101410000222204600F05EF804A92046FFF78AFB6E
:1014200001210020FFF7A4FC0420FFF759FE012052
:10143000FFF722FE40F23B14049401A80690134DDE
:1014400002222146284600F045F804A92846FFF765
:1014500071FB01212846FFF751FC21462846FFF782
:10146000CFFB012108020FF075FC102002F05CFE9A
:1014700001200FF0A9FC07B030BD000011000000F2
:10148000FFFFFF64646400000000044000040440A7
:101490001CB50024009401948DF800408DF80140A3
:1014A00001208DF80300012108460FF053FC694626
:1014B0000648FFF769FD0094012102200FF04AFC65
:1014C00069460348FFF760FD1CBD000000000440B2
:1014D000000404402DE9F0411746002500260B4A80
:1014E000904201D18CB20CE0CCB2042609E0E007B6
:1014F00004D0A819C0B2394600F00AF864086D1C7F
:10150000EDB2002CF3D1BDE8F081000000000440F2
:101510007CB504460D4600200121012200230093E2
:1015200001938DF800508DF80430102C2DD2DFE897
:1015300004F02D080A0C0E10121416181B1D20237F
:101540002629022122E0042120E008211EE01021AA
:101550001CE020211AE0402118E0802116E0012043
:1015600014E00120022111E002200FE002200221FC
:101570000CE00220042109E00220082106E00220FC
:10158000102103E00220202100E00022002A02D0E6
:101590006A460EF013FF7CBD70B5012148040FF0C0
:1015A00025FB0C4C002211462046FFF7DDFE0A4DBC
:1015B000002211462846FFF7D7FE002201212046CF
:1015C000FFF7D2FE2846BDE8704000220121FFF758
:1015D000CBBE000000000440000404402DE9F04FA1
:1015E0002DED048B83B0FE490A780020FD4EDFF814
:1015F000F893FE4FDFF8F883062A06D00A78042A0B
:101600000ED00A78052A0DD00DE03880A8F8000029
:1016100001223280F74A108089F80000087002E049
:10162000087000E00870502548F610440A2246234E
:1016300000211046CDE9004500F05CFD1422462350
:1016400000211046CDE9004500F054FD1E2246233E
:1016500000211046CDE9004500F04CFD282246232C
:1016600000211046CDE9004500F044FD322246231A
:1016700000211046CDE9004500F03CFD3C22462308
:1016800000211046CDE9004500F034FD46231A46FE
:1016900000211846CDE9004500F02CFD50224623DC
:1016A00000211046CDE9004500F024FD5A224623D2
:1016B00000211046CDE9004500F01CFD64224623C0
:1016C00000211046CDE9004500F014FD6E224623AE
:1016D00000211046CDE9004500F00CFD782246239C
:1016E00000211046CDE9004500F004FD822246238A
:1016F00000211046CDE9004500F0FCFC8C22462379
:1017000000211046CDE9004500F0F4FC9622462366
:1017100000211046CDE9004500F0ECFC0A239F2291
:1017200019460020CDE9004500F0E4FC14239F2277
:1017300019460020CDE9004500F0DCFC1E239F2265
:1017400019460020CDE9004500F0D4FC28239F2253
:1017500019460020CDE9004500F0CCFC32239F2241
:1017600019460020CDE9004500F0C4FC3C239F222F
:1017700019460020CDE9004500F0BCFC4FF0FF0AFF
:10178000CDE9004A002146230122084600F0B2FCC0
:10179000CDE9004A002101239F22084600F0AAFC5F
:1017A000CDE9004A46239F2200219E2000F0A2FCA2
:1017B000CDE9004A46239F224521002000F09AFCF3
:1017C0000C2001F0F1FC8C48008801F0F3FC46216C
:1017D000002001F0E3FC8949894C91ED000A10EEEC
:1017E000100AA04205DA022091ED000A01F01EFC69
:1017F00004E0012091ED000A01F018FC81A001F045
:1018000065F94621242001F0C9FC7F4991ED000AC9
:1018100010EE100AA04205DA022091ED000A01F054
:1018200005FC04E0012091ED000A01F0FFFB77A028
:1018300001F04CF94621482001F0B0FC744991EDCB
:10184000000A10EE100AA04205DA022091ED000A0B
:1018500001F0ECFB11E091ED000A6E4A10EE100A67
:10186000904205DA012091ED000A01F0DFFB04E06F
:10187000002091ED000A01F0D9FB67A001F026F9E4
:101880004621762001F08AFC30880321400001F0D7
:101890003FFC62A001F01AF90024DFF884B1DFED0B
:1018A000618A9FED618A614D9FED619A614ED9E039
:1018B000401E844238D13BF81400FF2300EE100A8A
:1018C00038882A88B8EE400A60EE280A00EE100A2E
:1018D000B8EE401A80EE810A38EE400ABCEEC00A2B
:1018E00010EE100AC1B2204600F0E4FB5248FF237C
:1018F000328830F8140000EE100AB8F80000B8EE94
:10190000400A60EE090A00EE100AB8EE401A80EEB6
:10191000810A38EE400ABCEEC00A10EE100AC1B2CD
:10192000204600F0C7FB9BE004F1010922463BF88A
:10193000190000EE100A3888B8EE400A60EE280A56
:1019400000EE100AB8EE401A80EE810A38EE400A26
:10195000BCEEC00A10EE101A8BB23BF8141000EE69
:10196000101AB8EE400A60EE280A00EE100AB8EE2F
:10197000401A80EE810A38EE400ABCEEC00A10EE32
:10198000100AC1B22888CDE9000A204600F0B2FB57
:101990002949DFED2A0A31F8190031F8141000EE58
:1019A000100AB8F80000B8EE400A60EE200A00EE17
:1019B000100AB8EE401A80EE810A38EE400ABCEEFA
:1019C000C00A10EE102A00EE101A93B2B8EE400AC8
:1019D00060EE090A00EE100AB8EE401A30E000008E
:1019E0006083FF1F048DFF1FFB8CFF1FFE8CFF1FFA
:1019F000008DFF1F028DFF1FAE83FF1F3483FF1F6B
:101A000000002041560000003C83FF1F4100000001
:101A10004083FF1F0000C84257000000532F64009E
:101A2000F45E02200000704200008C42A883FF1F79
:101A300000000C42AA83FF1F3460022000002042F5
:101A400080EE810A224638EE400ABCEEC00A10EE53
:101A5000100AC1B23088CDE9000A204600F04AFBE6
:101A6000641CE4B2244800788442FFF421AF288843
:101A700001F0A0FB388842F21074A04204D2002189
:101A80007F2001F08BFB03E00021782001F086FB32
:101A900038889FED1A8A00EE100A0220F8EE400AFC
:101AA00080EE880A01F0C2FAAFF2A80001F00EF849
:101AB000308801F07FFBB8F80000A04204D2142166
:101AC0007F2001F06BFB03E01421782001F066FB1E
:101AD000B8F8000000EE100A0220F8EE400A80EE8E
:101AE000880A01F0A3FAAFF2DC0003B0BDEC048B6E
:101AF000BDE8F04F00F0EABFFB8CFF1F00007A4406
:101B00001CB50021009101918DF8001001228DF883
:101B100001208DF802108DF803208DF804000221B9
:101B20008DF805108DF80600684602F043F91CBDDB
:101B30002DE9F04107468846164600240021384624
:101B400012F0DEFA05460121384612F0D9FA012ECC
:101B500006D04146384612F0D3FA012806D006E0F6
:101B6000012D01D0012802D1012400E00124012C23
:101B70000BD10020064942F21072096801E000BF53
:101B8000401CB1FBF2F38342F9D8BDE8F0810000BC
:101B9000B482FF1F2DE9FC4100F0FCF8102001F099
:101BA00003FB6748008801F005FB0021084601F0AF
:101BB000F5FA64A000F0D8FB0024DFF89881644EA9
:101BC0001927A8F56575308801F0F4FA07EB0410C1
:101BD000C1B2002001F0E2FA687B844212D10221F6
:101BE000002000F06FF90C2001F0DEFA5A4800885E
:101BF00001F0E0FA59A000F069FF6FF00101002048
:101C000000F060F9102001F0CFFA08EB84100068B2
:101C100000F0AAFB24B1012C63D0022C70D168E043
:101C2000A87B08286CD2DFE800F00F1A25303B466D
:101C300051044BA000F098FB0021022000F042F973
:101C400048A000F091FB5BE049A000F08DFB002173
:101C5000022000F037F947A000F086FB50E046A0D4
:101C600000F082FB0021022000F02CF941A000F0DE
:101C70007BFB45E041A000F077FB0021022000F053
:101C800021F93FA000F070FB3AE03FA000F06CFBB0
:101C90000021022000F016F939A000F065FB2FE0CA
:101CA0003AA000F061FB0021022000F00BF934A003
:101CB00000F05AFB24E036A000F056FB0021022081
:101CC00000F000F92EA000F04FFB19E02AA000F070
:101CD0004BFB0021022000F0F5F829A000F044FBA6
:101CE0000EE01FA000F040FB0021E87B01F010FA9D
:101CF00006E01BA000F038FB0021287C01F008FA68
:101D0000641CE4B2032CFFF45EAFFF243088CDE9FD
:101D100000049E224F230021104600F0EBF930888A
:101D2000CDE90004687B9F22C0EBC00101EB4013AA
:101D30005B1C00219D2000F0DDF9BDE8FC81000066
:101D4000AC83FF1FB1B3B9E2C9E8D6C300000000FD
:101D5000AA83FF1F4487FF1FA883FF1F3E000000C8
:101D60003A000000B1A3B3D6BFAAC6F40000000039
:101D70003A313500C3EB00003A3330003A3100000D
:101D8000B7D6D6D3000000003A3200003A35000042
:101D90003A3130002DE9F041464D2F78464C00266F
:101DA000042FA17B227C637BE07B12D02F780A2F4B
:101DB0000FD02F78052F27D02F780B2F24D095F810
:101DC00000C03E4FBCF1060F37D0287809285BD001
:101DD00064E023B1012B07D0022B5FD10CE007296F
:101DE0005CD2491CA17359E0642801D2401CE07305
:101DF000E07B09F001F851E0824201D2521C2274CA
:101E0000207C08F0F9FF49E023B1012B06D0022B1A
:101E100044D10BE0B9B3491EA1733FE0012801D9B9
:101E2000401EE073E07B08F0E7FF37E00AB1521E86
:101E30002274207C08F0E0FF30E094F800C0BCF190
:101E4000000F01D15B1C6373637B032B26D1BCF1B4
:101E5000000F23D102236373F9703871824200D9D5
:101E60002074207C787105F0C7FF387908F0C4FF32
:101E700013480168226B891AB1F5487F0ED90121F8
:101E800021700068206309E013B15B1E637304E0F6
:101E9000387908F0B1FF112060702E70287806287C
:101EA00005D02878052802D02878042800D12E7083
:101EB000BDE8F0816083FF1FB083FF1F74610220C3
:101EC0007C83FF1F034A937818449070D0780844AD
:101ED000D07070479C83FF1F024A9070D0780844EE
:101EE000D07070479C83FF1F2DE9FF4F85B0DDE95F
:101EF00012783844C6B2C81900F0FF09784202EBE4
:101F0000400101F0FF0CCDF81CC003EB4001CAB248
:101F100000243D46032101EB4001DDF81CC009EB24
:101F2000020A06EB0C0B48E0A9EB0502394B02EB69
:101F300082024FEA082003EB8212A6EB040E00EBAC
:101F40001820049222F81E00A9EB040202EB820280
:101F500003EB821C721BCDE9022C2CF812000AF054
:101F6000FF0202EB050C0CEB8C0C03EB8C1C2CF829
:101F70001E00224402EB820203EB821E029A2EF81C
:101F800012000BF0FF0213192CF813002A442EF84C
:101F90001200DDF810C02CF81300DDF80CC02CF88E
:101FA0001200641C002903DA01EB8401891D04E09E
:101FB000601B01EB80010A316D1EAC42B4DDFF24D1
:101FC000F01BCDE9008482B25346C0B2494600F00E
:101FD00091F80798F119CDE900840A185346D0B258
:101FE000494600F087F8A9EB0700CDE9008483B2E9
:101FF000C1B25A46304600F07DF8CDE900840AEBC4
:1020000007035A46D9B2304600F074F809B0BDE86B
:10201000F08F00004CD501202DE9FE4F0025002651
:10202000171AA3EB010881468A46681E002F03DDBC
:102030004FF00101019107E003D14FF00001019140
:1020400002E00190C7F10007B8F1000F03DD4FF087
:102050000100009007E003D14FF00000009002E083
:102060000090C8F10008474501DD3C4600E04446C9
:102070004FF0000B601C029017E00AF0FF0109F01E
:10208000FF00FF230C9A00F015F83D444644A5429A
:1020900002DD2D1B01988144A64202DD361B00980B
:1020A00082440BF1010B1FFA8BFB02988345E4DDA0
:1020B000BDE8FE8F30B504461046A02C16D8502936
:1020C00014D801EB81020A4901EB821535F814207E
:1020D0001AB1110A01EB02218AB20146184614F026
:1020E00057FF010201EB102025F8140030BD00005D
:1020F0004CD501202DE9F04F8046DDF824B016467E
:102100001F46B8F1A00F32D2502930D2A02E2ED2C5
:10211000502F2CD2B04503D9404606F0FF080646A2
:10212000B94202D90846F9B207460D46DFF844A085
:102130001BE0444615E005EB85000AEB801939F8F1
:1021400014201AB1100A00EB022082B259460A98F4
:1021500014F01EFF010201EB102029F81400641C8A
:10216000E4B2B442E7D96D1CEDB2BD42E1D9BDE89D
:10217000F08F00004CD501202DE9FF4F8CB0DDE938
:102180001986404400F0FF0901EB0800C0B20D9031
:10219000C8F1000002EB4001CAB20E9203EB40010D
:1021A000C9B200244546032202EB40070E9A09EB10
:1021B000020003900D98084402907DE030020D99D2
:1021C0005B4A491B0B9101EB810102EB8111A9EBE9
:1021D000040A00EB16200A9121F81A000D99A9EBC8
:1021E000050B091B099101EB810102EB811108919B
:1021F00021F81B000299CBB25919079101EB81011B
:1022000002EB811E2EF81A001919069101EB8101CB
:1022100002EB811121F81B00039AD2B202EB040CED
:10222000CDF814C02EF81C002A4421F812000A9997
:1022300021F81C000899049221F81200FF20CDE932
:1022400000600B991FFA8CF28BB2C9B20AF0FF0042
:10225000FFF750FFFF20CDE900600999049A8BB287
:1022600092B2C9B20BF0FF00FFF744FFFF20CDE9A7
:1022700000600799DDF814C08BB21FFA8CF2C9B266
:102280000AF0FF00FFF736FFFF20CDE90060069956
:10229000049A8BB292B2C9B20BF0FF00FFF72AFF8B
:1022A000641C002F03DA07EB8407BF1D04E0601BEA
:1022B00007EB80070A376D1EAC427FF77FAFFF2424
:1022C000CDE90064A9EB0805AAB2E8B2029B0D991A
:1022D000FFF710FF0E9809EB0801CDE900640A181A
:1022E000D0B2029B0D99FFF705FF0D98CDE9006470
:1022F000A0EB080083B2C1B24846039AFFF7FAFE8A
:102300000298CDE9006400EB0803D9B24846039A6D
:10231000FFF7F0FEDDE90230CDE9006400EB0802D2
:102320006D1CE8B20D99FFF7E5FE10B0BDE8F08F27
:102330004CD5012010B50021020A02EB0020094C07
:1023400082B2002001EB810304EB831323F81020F9
:10235000401C80B2A028F9D3491C89B25029F0D37F
:1023600010BD00004CD501202DE9F84F0746002490
:10237000DFF808841DE27E297ED99B23787800EB64
:10238000012081B20020FE4A13E032F830608E4214
:102390000DD802EBC00676888E4208D332F8303072
:1023A00002EBC000C91A8088084485B203E0401CD3
:1023B00080B29842E9D3BF1CF248F34A30F83500A6
:1023C0009178C0F1A0038B4202DA4FF0A00A02E03C
:1023D000084400F0FF0A92F80390B9F1400F02D9C7
:1023E000502000903BE009F11000C0B2009036E0B0
:1023F000E54886781EE009EB890008EB801B3BF876
:1024000016201AB1100A00EB022082B2DD48DF4923
:1024100000EBC50021444068405CDB49C98814F0EA
:10242000B7FD010201EB10202BF81600641CA4B2CA
:10243000761CF6B25645DED3BAF1A00F0BD1D148C7
:1024400030F83500B4FBF0F100FB1141C9B211B115
:102450002044401A84B209F1010909F0FF090098EB
:102460008145C5D30024C748C74910F835008A788C
:10247000104488709DE1FFE7C34A5078102807D0C8
:102480001C287DD00C287CD10A260020C04B14E1EA
:1024900012260020BF4B14E033F830C061450ED344
:1024A00003EBC00CBCF802C0614508D833F83050CB
:1024B00003EBC000491B8088084485B203E0401C40
:1024C00080B2B042E8D37F1CB248903030F835106B
:1024D0009078C1F1A003834202DA4FF0A00A02E033
:1024E000084400F0FF0A92F80390B9F1420F02D9B4
:1024F000502000903DE009F10E00C0B2009038E09D
:10250000A14886781FE009EB890008EB801B3BF8A7
:1025100016201AB1100A00EB022082B29D489E4993
:10252000903000EBC50021444068405C9649C98862
:1025300014F02EFD010201EB10202BF81600641C94
:10254000A4B2761CF6B25645DDD3BAF1A00F0CD179
:102550009048903030F83500B4FBF0F100FB1141A9
:10256000C9B211B12044401A84B209F1010909F03D
:10257000FF0900988145C3D300248648903001E0CC
:1025800007E01AE110F835107F4882781144817015
:102590000FE104260020814B14E033F830C0614580
:1025A0000ED303EBC00CBCF802C0614508D833F869
:1025B000305003EBC000491B8088084485B203E01B
:1025C000401C80B2B042E8D37F1C74489178203020
:1025D00030F83500C0F1A0038B4202DA4FF0A00AB8
:1025E00002E0084400F0FF0A92F80390B9F1370FB7
:1025F00002D9502000903EE009F11900C0B20090CD
:1026000039E06148867820E009EB890008EB801BFF
:102610003BF816201AB1100A00EB022082B25F4884
:102620005E49203000EBC500903140682144405C99
:102630005549C98814F0ACFC010201EB10202BF8BD
:102640001600641CA4B2761CF6B25645DCD3BAF16F
:10265000A00F0CD15148203030F83500B4FBF0F118
:1026600000FB1141C9B211B12044401A84B209F1F2
:10267000010909F0FF0900988145C2D300244748A9
:10268000203010F83510404882781144817090E075
:1026900033F830C061450ED303EBC00CBCF802C068
:1026A000614508D833F8305003EBC000491B8088DF
:1026B000084485B203E0401C80B2B042E8D37F1CDE
:1026C00033489178503030F83500C0F1A0038B4288
:1026D00002DA4FF0A00A02E0084400F0FF0A92F884
:1026E0000390B9F1450F02D9502000903DE009F167
:1026F0000B00C0B2009038E0234886781FE009EB59
:10270000890008EB801B3BF816201AB1100A00EB79
:10271000022082B21E482249503000EBC5002144FD
:102720004068405C1849C98814F032FC010201EB92
:1027300010202BF81600641CA4B2761CF6B2564585
:10274000DDD3BAF1A00F0CD11148503030F835006C
:10275000B4FBF0F100FB1141C9B211B12044401AA1
:1027600084B209F1010909F0FF0900988145C3D33A
:1027700000240748503010F8350013E04CD50120F4
:1027800034E402000CE902009C83FF1F04EE020007
:10279000545B030028BE0200E0C002002CA9020026
:1027A000EC5D030006498A781044C0B288709F2807
:1027B00003D8397800297FF4DEADBDE8F88F00003A
:1027C0009C83FF1F0EB509293BD2DFE801F0050B02
:1027D00011171D23292F350002461CA1684612F04F
:1027E000DDFD2EE002461AA1684612F0D7FD28E072
:1027F000024619A1684612F0D1FD22E0024618A156
:10280000684612F0CBFD1CE0024617A1684612F0A4
:10281000C5FD16E0024616A1684612F0BFFD10E0A5
:10282000024615A1684612F0B9FD0AE0024614A15D
:10283000684612F0B3FD04E0024613A1684612F0A8
:10284000ADFD684600F042F90EBD000025580000BD
:1028500025303158000000002530325800000000BB
:1028600025303358000000002530345800000000A7
:102870002530355800000000253036580000000093
:10288000253037580000000025303858000000007F
:102890002DE9FF4F07468846002403E138787E285B
:1028A0007ED99B2317F8011C01EB002080B2002287
:1028B0007F4913E031F8326086420DD801EBC20641
:1028C0007688864208D331F8323001EBC201C01A53
:1028D0008988084485B203E0521C92B29A42E9D337
:1028E000BF1E7448744A30F835109078C1F1A003C7
:1028F000834202DA4FF0A00A02E0084400F0FF0A27
:1029000092F80390B9F1400F02D94FF0500B3AE022
:1029100009F1100000F0FF0B35E0674A9678654832
:10292000664900EBC500039009EB890001EB8010BC
:10293000029013E00398416861482044085C5E49B6
:102940000A89C98814F024FB010201EB10200299C6
:1029500021F81600641CA4B2761CF6B25645E9D3E1
:10296000BAF1A00F0BD1534830F83500B4FBF0F1A9
:1029700000FB1141C9B211B12044401A84B209F1DF
:10298000010909F0FF09D945C7D3002449484A493C
:1029900010F835008A7810448870A8F1020800E029
:1029A00002E008F0FF087DE012230022454913E011
:1029B00031F83260B0420DD301EBC2067688B042E6
:1029C00008D831F8323001EBC201C01A89880844B6
:1029D00085B203E0521C92B29A42E9D37F1E394875
:1029E000354A903030F835009178C0F1A0038B4221
:1029F00002DA4FF0A00A02E0084400F0FF0A92F861
:102A00000390B9F1420F02D94FF0500B3BE009F1AE
:102A10000E0000F0FF0B36E0274A9678274909EBB5
:102A2000890001EB801001902648903000EBC50032
:102A3000009013E00098416823482044085C1E4938
:102A40000A89C98814F0A4FA010201EB1021019847
:102A500020F81610641CA4B2761CF6B25645E9D3D1
:102A6000BAF1A00F0BD1134830F83500B4FBF0F1E8
:102A700000FB1141C9B211B12044401A84B209F1DE
:102A8000010909F0FF09D945C6D300240D4890304B
:102A900010F835100848827811448170A8F10108B7
:102AA00008F0FF08B8F1000F7FF4F8AEBDE8FF8F23
:102AB00034E402000CE902009C83FF1F4CD5012086
:102AC00004EE020028BE0200E0C002002DE9F84F2B
:102AD00006460024FE4A9078D178A02872D8502962
:102AE00070D8DFF8F08392E2F94A507810280FD0BE
:102AF0001C2868D00C2867D0422863D19B237E29EC
:102B00007ED9707800EB012081B20020F24F04E200
:102B100012237E291FD9707800EB012081B200209A
:102B2000EE4F14E037F830C08C450ED807EBC00CE0
:102B3000BCF802C08C4508D337F8303007EBC00032
:102B4000C91A8088084485B203E0401C80B29842CC
:102B5000E8D3B61C1AE00020E04F14E037F830C08C
:102B600061450ED307EBC00CBCF802C0614508D824
:102B700037F8303007EBC000C91A8088084485B2A6
:102B800003E0401C80B29842E8D3761CD348917889
:102B9000903030F83500C0F1A0038B4202DA4FF0DC
:102BA000A00A02E0084400F0FF0A92F80390B9F18D
:102BB000420F02D95020009040E009F10E00C0B24F
:102BC00000903BE027E246E0E4E0C148877820E05F
:102BD00009EB890008EB801B3BF817201AB1100A9B
:102BE00000EB022082B2BD48BD49903000EBC50029
:102BF00021444068405CB649C98814F0C9F900E036
:102C00008FE1010201EB10202BF81700641C7F1CE0
:102C1000FFB25745DCD3BAF1A00F0BD1AF489030CB
:102C200030F8350094FBF0F100FB1141C9B209B155
:102C30002044441A09F1010909F0FF09009881456F
:102C4000C3D30024A548A249903010F835008A78F3
:102C500010448870DBE104237E291FD9707800EBD3
:102C6000012081B200209F4F14E037F830C08C451E
:102C70000ED807EBC00CBCF802C08C4508D337F85F
:102C8000303007EBC000C91A8088084485B203E0E1
:102C9000401C80B29842E8D3B61C1AE00020914F45
:102CA00014E037F830C061450ED307EBC00CBCF818
:102CB00002C0614508D837F8303007EBC000C91AA8
:102CC0008088084485B203E0401C80B29842E8D373
:102CD000761C84489178203030F83500C0F1A0038C
:102CE0008B4202DA4FF0A00A02E0084400F0FF0A2B
:102CF00092F80390B9F1370F02D9502000903CE0D0
:102D000009F11900C0B2009037E0714887781FE0E0
:102D100009EB890008EB801B3BF817201AB1100A59
:102D200000EB022082B26F486E49203000EBC500F4
:102D3000903140682144405C6549C98814F028F905
:102D4000010201EB10202BF81700641C7F1CFFB25E
:102D50005745DDD3BAF1A00F0BD16248203030F8CF
:102D6000350094FBF0F100FB1141C9B209B12044D8
:102D7000441A09F1010909F0FF0900988145C4D3FB
:102D8000002458485249203010F835008A78104401
:102D900088703CE10A237E291FD9707800EB01205E
:102DA00081B20020504F14E037F830C08C450ED867
:102DB00007EBC00CBCF802C08C4508D337F83030A4
:102DC00007EBC000C91A8088084485B203E0401CA4
:102DD00080B29842E8D3B61C1AE00020424F14E0BB
:102DE00037F830C061450ED307EBC00CBCF802C009
:102DF000614508D837F8303007EBC000C91A808821
:102E0000084485B203E0401C80B29842E8D3761CA7
:102E100035489178503030F83500C0F1A0038B422E
:102E200002DA4FF0A00A02E0084400F0FF0A92F82C
:102E30000390B9F1450F02D9502000903BE009F111
:102E40000B00C0B2009036E0214887781EE009EB05
:102E5000890008EB801B3BF817201AB1100A00EB21
:102E6000022082B220482149503000EBC5002144A5
:102E70004068405C1649C98814F08AF8010201EBE9
:102E800010202BF81700641C7F1CFFB25745DED3BF
:102E9000BAF1A00F0BD11448503030F8350094FB34
:102EA000F0F100FB1141C9B209B12044441A09F103
:102EB000010909F0FF0900988145C5D300240A489B
:102EC000503010F8351002488278114481709EE02D
:102ED0009C83FF1F4CD5012034E4020028BE020071
:102EE000E0C002002CA90200545B0300EC5D03006B
:102EF00037F830C08C450ED807EBC00CBCF802C0C8
:102F00008C4508D337F8303007EBC000C91A8088E9
:102F1000084485B203E0401C80B29842E8D3B61C56
:102F20001AE000203D4F14E037F830C061450ED361
:102F300007EBC00CBCF802C0614508D837F8303048
:102F400007EBC000C91A8088084485B203E0401C22
:102F500080B29842E8D3761C3148917830F8350039
:102F6000C0F1A0038B4202DA4FF0A00A02E008444D
:102F700000F0FF0A92F80390B9F1400F02D95020F7
:102F8000009039E009F11000C0B2009034E025480B
:102F900087781DE009EB890008EB801B3BF81720C0
:102FA0001AB1100A00EB022082B21D481E4900EB44
:102FB000C50021444068405C1A49C98813F0E8FF05
:102FC000010201EB10202BF81700641C7F1CFFB2DC
:102FD0005745DFD3BAF1A00F0AD1114830F83500B8
:102FE00094FBF0F100FB1141C9B209B12044441A2D
:102FF00009F1010909F0FF0900988145C7D30024B0
:10300000074810F8351007488278114481703178EC
:1030100000297FF469ADBDE8F88F000034E40200B8
:103020000CE902009C83FF1F04EE02000EB5062887
:1030300051D2DFE800F003101D2A374410EE100AC9
:10304000FDF77AFB41EC100B25A153EC102B6846E1
:1030500012F0A4F93FE010EE100AFDF76DFB41EC11
:10306000100B21A153EC102B684612F097F932E0B7
:1030700010EE100AFDF760FB41EC100B1CA153ECA5
:10308000102B684612F08AF925E010EE100AFDF7C1
:1030900053FB41EC100B18A153EC102B684612F0B7
:1030A0007DF918E010EE100AFDF746FB41EC100B1D
:1030B00013A153EC102B684612F070F90BE010EEE0
:1030C000100AFDF739FB41EC100B0FA153EC102B4C
:1030D000684612F063F96846FFF7F8FC0EBD000081
:1030E000252E306600000000252E3166000000000D
:1030F000252E326600000000252E336600000000F9
:10310000252E346600000000252E356600000000E4
:103110000EB5062927D2DFE801F003090F151B21A0
:10312000024613A1684612F039F91CE0024611A1CB
:10313000684612F033F916E0024610A1684612F014
:103140002DF910E002460FA1684612F027F90AE0B7
:1031500002460EA1684612F021F904E002460DA1D4
:10316000684612F01BF96846FFF7B0FC0EBD000080
:1031700025640000253031640000000025303264F1
:103180000000000025303364000000002530346466
:10319000000000002530356400000000014A9070F6
:1031A000D17070479C83FF1F014948707047000031
:1031B0009C83FF1F0149C880704700009C83FF1F4C
:1031C0002DE9FF4F89B0064688461746002453E292
:1031D0001798102812D017981C2874D017980C280C
:1031E00072D01798422870D19B227E2B6ED97878A6
:1031F00000EB032081B20020F84BC6E112227E2BA7
:103200001FD9787800EB032081B20020F44B14E042
:1032100033F830C08C450ED803EBC00CBCF802C0AC
:103220008C4508D333F8302003EBC000891A80881E
:10323000084485B203E0401C80B29042E8D3BF1C32
:103240001AE00020E64914E031F830C063450ED39F
:1032500001EBC00CBCF802C0634508D831F830203F
:1032600001EBC0009A1A8088104485B203E0401C2C
:1032700080B29042E8D37F1CD948903030F83500B6
:10328000C0F1A001B14202DA4FF0A00B02E03044DD
:1032900000F0FF0BB8F1420F02D95020009003E07C
:1032A00008F10E00C0B20090C2462AE0B146CC48F8
:1032B000CC49903000EBC50008900AEB8A0001EB86
:1032C0008010079017E027E0B1E0D9E161E10898AC
:1032D0000C9A4168C4482044085C169913F058FEC3
:1032E000010201EB1020079921F81900641C09F173
:1032F000010909F0FF09D945E9D30AF1010A0AF0E9
:10330000FF0A00988245D1D30024B548903010F8C8
:1033100035003044C6B2AFE104227E2B1FD9787845
:1033200000EB032081B20020B04B14E033F830C032
:103330008C450ED803EBC00CBCF802C08C4508D3FA
:1033400033F8302003EBC000891A8088084485B226
:1033500003E0401C80B29042E8D3BF1C1AE000207A
:10336000A24914E031F830C063450ED301EBC00C24
:10337000BCF802C0634508D831F8302001EBC0002A
:103380009A1A8088104485B203E0401C80B29042B3
:10339000E8D37F1C9548203030F83500C0F1A001FB
:1033A000B14202DA4FF0A00B02E0304400F0FF0B14
:1033B000B8F1370F02D95020009003E008F119004E
:1033C000C0B20090C24627E0B14688488549203007
:1033D00000EBC50006900AEB8A0001EB8010059017
:1033E00014E006980C9A4168804890302044085CAC
:1033F000169913F0CDFD010201EB1020059921F87B
:103400001900641C09F1010909F0FF09D945E8D345
:103410000AF1010A0AF0FF0A00988245D4D3002479
:103420007248203010F835003044C6B224E10A2238
:103430007E2B1FD9787800EB032081B200206C4BE3
:1034400014E033F830C08C450ED803EBC00CBCF848
:1034500002C08C4508D333F8302003EBC000891A32
:103460008088084485B203E0401C80B29042E8D3D3
:10347000BF1C1AE000205E4914E031F830C06345FB
:103480000ED301EBC00CBCF802C0634508D831F87C
:10349000302001EBC0009A1A8088104485B203E006
:1034A000401C80B29042E8D37F1C5148503030F825
:1034B0003500C0F1A001B14202DA4FF0A00B02E0EA
:1034C000304400F0FF0BB8F1450F02D950200090B6
:1034D00003E008F10B00C0B20090C24635E0B146EF
:1034E00043484049503000EBC50004900AEB8A0085
:1034F00001EB8010039013E004980C9A41683D485A
:103500002044085C169913F043FD010201EB1020E2
:10351000039921F81900641C09F1010909F0FF0958
:10352000D945E9D3BBF1A00F0BD13148503030F869
:10353000350094FBF0F100FB1141C9B209B1204400
:10354000441A0AF1010A0AF0FF0A00988245C6D31C
:1035500000242748503010F835003044C6B28BE0C4
:1035600033F830C08C450ED803EBC00CBCF802C059
:103570008C4508D333F8302003EBC000891A8088CB
:10358000084485B203E0401C80B29042E8D3BF1CDF
:103590001AE00020114914E031F830C063450ED321
:1035A00001EBC00CBCF802C0634508D831F83020EC
:1035B00001EBC0009A1A8088104485B203E0401CD9
:1035C00080B29042E8D37F1C0B4830F83500C0F140
:1035D000A001B14212DA4FF0A00B12E034E4020075
:1035E00028BE02004CD50120E0C002002CA9020038
:1035F000545B0300EC5D03000CE90200304400F072
:10360000FF0BB8F1400F02D95020009003E008F101
:103610001000C0B20090C24625E0B1461A490AEB3C
:103620008A0001EB80100290184800EBC500019061
:1036300013E001980C9A416815482044085C1699DB
:1036400013F0A6FC010201EB1020029921F81900E9
:10365000641C09F1010909F0FF09D945E9D30AF110
:10366000010A0AF0FF0A00988245D6D300240748D1
:1036700010F835003044C6B23B78002B7FF4A8AD7B
:103680000DB0BDE8F08F00004CD501200CE9020020
:1036900004EE02002DE9F04186B00646DDE90C4556
:1036A0000F469846062A51D2DFE802F003101D2A81
:1036B000374410EE100AFDF73FF841EC100B29A13A
:1036C00053EC102B03A811F069FE3FE010EE100A36
:1036D000FDF732F841EC100B24A153EC102B03A89A
:1036E00011F05CFE32E010EE100AFDF725F841EC17
:1036F000100B20A153EC102B03A811F04FFE25E076
:1037000010EE100AFDF718F841EC100B1BA153EC5A
:10371000102B03A811F042FE18E010EE100AFDF77E
:103720000BF841EC100B17A153EC102B03A811F070
:1037300035FE0BE010EE100AFCF7FEFF41EC100B1B
:1037400012A153EC102B03A811F028FE434603AA44
:1037500039463046CDE90045FFF732FD06B0BDE8F9
:10376000F0810000252E306600000000252E316615
:1037700000000000252E326600000000252E336672
:1037800000000000252E346600000000252E35665E
:10379000000000002DE9F04186B00646DDE90C8509
:1037A0000E9C0F46062B21D2DFE803F003080D1212
:1037B000171C14A103A811F0F1FD17E012A103A832
:1037C00011F0ECFD12E012A103A811F0E7FD0DE0ED
:1037D00011A103A811F0E2FD08E011A103A811F066
:1037E000DDFD03E010A103A811F0D8FDCDE90054E0
:1037F000434603AA39463046FFF7E2FC06B0BDE86F
:10380000F0810000256400002530316400000000D4
:1038100025303264000000002530336400000000D1
:1038200025303464000000002530356400000000BD
:1038300010B5AFF3008010BD10B50446002C0CD0BD
:10384000012C0AD0022C08D0032C06D0042C04D062
:103850004FF4C86111A001F0E1FE1B4854B1012CE6
:103860000DD0022C10D0032C13D090F84100C0F3DF
:10387000000010BD90F83C00C0F3000010BD90F8AF
:103880003C00C0F3C00010BD90F83C00C0F34010F5
:1038900010BD90F83C00C0F3801010BD2E2E5C2EA1
:1038A0002E5C2E2E5C2E2E5C2E2E5C64726976654C
:1038B000725C7372635C68633332663436305F63A4
:1038C0006C6B2E630000000000400540F8B5054613
:1038D000002000900024284EB6F8FE034AF2015161
:1038E0000843A6F8FE03002D06D0012D04D040F2B7
:1038F000252122A001F092FE4DB196F8360020F06D
:10390000010086F8360009244FF4805525E096F82A
:10391000260040070ED0D6F8000100060ED596F816
:103920002A00C00708D096F8360040F0010086F85B
:10393000360015E0012413E0012411E096F836006A
:1039400040F0010086F836000AE00020FFF774FF1F
:1039500001280FD00098401C00900098A842F4D392
:10396000B6F8FE0320F0010040F42540A6F8FE035F
:103970002046F8BD0024F3E7004005402E2E5C2EC3
:103980002E5C2E2E5C2E2E5C2E2E5C64726976656B
:10399000725C7372635C68633332663436305F63C3
:1039A0006C6B2E6300000000F8B505460020009007
:1039B0000024002D06D0012D04D040F236311EA087
:1039C00001F02CFE274EB6F8FE034AF201510843DF
:1039D000A6F8FE034DB196F82A0020F0010086F803
:1039E0002A0009244FF4805516E096F8260000F0CE
:1039F0000700052806D096F82A0040F0010086F856
:103A00002A000CE001240AE00220FFF715FF01283C
:103A10000FD00098401C00900098A842F4D3B6F84C
:103A2000FE0320F0010040F42540A6F8FE032046E6
:103A3000F8BD0024F3E700002E2E5C2E2E5C2E2E07
:103A40005C2E2E5C2E2E5C6472697665725C7372DD
:103A5000635C68633332663436305F636C6B2E634D
:103A6000000000000040054010B50446002C5BD06B
:103A70002068801E0E2804D940F205312BA001F0E9
:103A8000CDFD6068401E0F2804D940F2063127A002
:103A900001F0C4FDA068801E0E2804D940F2073151
:103AA00022A001F0BBFDE0681438B0F5E67F04D930
:103AB0004FF442711DA001F0B1FD2069401E17288E
:103AC00004D940F2093119A001F0A8FD2248B0F84C
:103AD000FE124AF201521143A0F8FE122178026848
:103AE000491E61F31F72026021790268491E61F369
:103AF0001B620260217A0268491E61F3175202605C
:103B0000A1890268491E61F310220260217C0268CB
:103B1000491E61F304020260B0F8FE1221F00101B7
:103B200041F42541A0F8FE1210BD00002E2E5C2E9F
:103B30002E5C2E2E5C2E2E5C2E2E5C6472697665B9
:103B4000725C7372635C68633332663436305F6311
:103B50006C6B2E63000000000041054010B5044668
:103B6000002C08D0A4F10800052804D940F24351E4
:103B70000BA001F053FD1549B1F8FE034AF20252C1
:103B80001043A1F8FE03088A64F303000882B1F829
:103B9000FE0320F0020040F42540A1F8FE0310BD12
:103BA0002E2E5C2E2E5C2E2E5C2E2E5C2E2E5C6419
:103BB00072697665725C7372635C68633332663413
:103BC00036305F636C6B2E630000000000400540E0
:103BD00010B50446002C06D0012C04D040F2E5219B
:103BE0000BA001F01BFD1549B1F8FE024AF201528B
:103BF0001043A1F8FE02086864F3C7100860B1F82A
:103C0000FE0220F0010040F42540A1F8FE0210BDA4
:103C10002E2E5C2E2E5C2E2E5C2E2E5C2E2E5C64A8
:103C200072697665725C7372635C686333326634A2
:103C300036305F636C6B2E6300000000004105406E
:103C400070B586B00446002605962E4D286804906F
:103C500068680390A8680290E8680190002C07D07B
:103C6000601E042804D940F2DD3127A001F0D6FC03
:103C700030482861304991F826004A1500F00700C5
:103C8000052801D0052C0BD12C482860C012686093
:103C9000A860E8600598401C059005989042F9D30B
:103CA0002631B1F8D8034AF201531843A1F8D803DA
:103CB000087864F302000870B1F8D80320F001001E
:103CC00040F42540A1F8D80305960598401C0590BE
:103CD00005989042F9D30498286003986860029888
:103CE000A8600198E8601348401E28610596059871
:103CF000401C059005989042F9D306B0BDE870408D
:103D00000FF060BD008004402E2E5C2E2E5C2E2E07
:103D10005C2E2E5C2E2E5C6472697665725C73720A
:103D2000635C68633332663436305F636C6B2E637A
:103D3000000000000100A5A500400540EEFAFFFFCD
:103D400010B50446A01E022807D9801F052804D9F3
:103D500040F227510BA001F061FC1549B1F8DA03DC
:103D60004AF201521043A1F8DA03087864F307100D
:103D70000870B1F8DA0320F0010040F42540A1F802
:103D8000DA0310BD2E2E5C2E2E5C2E2E5C2E2E5CA9
:103D90002E2E5C6472697665725C7372635C686314
:103DA0003332663436305F636C6B2E630000000084
:103DB00024400540F0B585B0044600260496434DE6
:103DC0002868039068680290A8680190E8680090ED
:103DD0003F482861002C76D02178E27891421BD8A8
:103DE0006379994218D8A079814215D8A178914277
:103DF00012D8994210D821790A1A032A11D0022A1E
:103E00000FD0012A0DD081420BD0401A012808D0D2
:103E1000022806D0032804D040F23C412DA001F036
:103E2000FDFB374991F826004A1500F007000528E8
:103E30000BD134482860C0126860A860E86004981C
:103E4000401C049004989042F9D3B1F8FE034AF262
:103E500001531843A1F8FE03A078E378677940EA9C
:103E6000031023791B0243EA07331843A37940EA7E
:103E70000340637840EA0353207843EA006343EA4F
:103E800000700862B1F8FE0320F0010040F4254004
:103E9000A1F8FE0304960498401C049004989042F4
:103EA000F9D303982860029868600198A860009888
:103EB000E8600748401E286104960498401C04905E
:103EC00004989042F9D305B0F0BD00000080044092
:103ED0000100A5A52E2E5C2E2E5C2E2E5C2E2E5CB7
:103EE0002E2E5C6472697665725C7372635C6863C3
:103EF0003332663436305F636C6B2E630000000033
:103F000000400540EEFAFFFF38B50446002C06D00D
:103F1000012C04D040F29F3122A001F07FFB2C49FC
:103F2000B1F8FE034AF201521043A1F8FE03012C3E
:103F300004D091F82E0040F0010003E091F82E002B
:103F400020F0010081F82E00B1F8FE0320F00100FE
:103F500040F42540A1F8FE0300204FF480550CB139
:103F6000009017E0009007E00098401C0090009837
:103F7000A84201D9092038BD0320FFF75DFC0028C5
:103F8000F2D10CE00098401C00900098A84201D9A2
:103F9000092038BD0320FFF74FFC0128F2D1002093
:103FA00038BD00002E2E5C2E2E5C2E2E5C2E2E5C3C
:103FB0002E2E5C6472697665725C7372635C6863F2
:103FC0003332663436305F636C6B2E630000000062
:103FD0000040054070B50446002C7CD02068801E4F
:103FE0000E2804D940F26F313EA001F017FB606843
:103FF000801E0E2804D94FF45C713AA001F00EFB2C
:10400000A068801E0E2804D940F2713135A001F05D
:1040100005FBE0681438B0F5E67F04D940F2723150
:1040200030A001F0FBFA2069801E162804D940F266
:1040300073312CA001F0F2FA354DD5F800010006DD
:1040400001D4344801E0344800682169B0FBF1F044
:10405000E6684643314908443149884204D940F270
:104060007A3120A001F0DAFA2E482E493044494234
:10407000884204D940F27B311AA001F0CFFA05F54D
:104080008275B5F8FA024AF201510843A5F8FA021E
:1040900020782968401E60F31F7129602079296803
:1040A000401E60F31B612960207A2968401E60F37E
:1040B00017512960A0892968401E60F310212960EA
:1040C000207C2968401E60F304012960B5F8FA02DB
:1040D00020F0010000E003E040F42540A5F8FA02DA
:1040E00070BD00002E2E5C2E2E5C2E2E5C2E2E5CC3
:1040F0002E2E5C6472697665725C7372635C6863B1
:104100003332663436305F636C6B2E630000000020
:104110000040054000127A00B082FF1FC0BDF0FFD2
:10412000C0F35E0100E4B1F10421012803D00228AC
:1041300001D0102805D104494FF4AA420A80088012
:1041400000210846704700000CA10440F8B526483D
:104150000090002003F0DCFE00F0070120FA01F2DD
:10416000884010442149884203D921490844440821
:1041700003E01F494942084444001E4F01261E4DDA
:104180003868A04202D1EE760120F8BD287F48B100
:104190006E772E2003F02AFE3860A04202D1EE7620
:1041A0000120F8BD1549009808441449009A0939BE
:1041B000114411E0027872B10278082302E052083B
:1041C0005B1EDBB2D407FAD00099401AC01C03EB87
:1041D000C000A87602E0401E8842EBD2A87E08B15B
:1041E0000120F8BD0020F8BD53AE004333DDD353AA
:1041F00034DDD3D35491FF1FB083FF1FC65DFFBFD3
:1042000070B5002500F0D2F81020FEF7CDFF4D4824
:104210000088FEF7CFFF00210846FEF7BFFF4AA047
:10422000FEF754FC00210420FDF74CFE49A0FEF7E8
:104230004DFC494C2088FEF7BDFF10210020FEF701
:10424000ADFF46A0FEF742FC46A0FEF73FFC002073
:1042500003F05EFE0821FEF7B5FA20210020FEF7EC
:104260009DFF41A0FEF780F840210020FEF796FF59
:104270002088FEF79FFF404CA07E38B13FA0FEF79C
:1042800073F80021A07EFEF743FF05E03EA0FEF795
:104290006BF83FA0FEF71AFC40480088FEF78AFF43
:1042A000A07F3F4C082835D2DFE800F034040B1221
:1042B0001920272E20680121000F03F049FE054632
:1042C00028E020680221000E03F042FE054621E0AE
:1042D00020680321000D03F03BFE05461AE020682C
:1042E0000421000C03F034FE054613E0206805218C
:1042F000000B03F02DFE05460CE020680621000AA5
:1043000003F026FE054605E020680721000903F0BA
:104310001FFE054623A003F081FE2844C0B23221CF
:10432000FEF73CFF20A0FEF7D1FB30210020FEF776
:1043300035FF1CA0FEF7CAFB2068BDE870400821CD
:10434000FEF740BAAC83FF1F69444B4D657465723C
:104350000000000030324300AA83FF1F532F4E3A63
:104360000000000030780000C7EBCAE4C8EBD7A219
:10437000B2E1C2EB3A000000B083FF1F52656D61ED
:10438000696E5573653A00005151C8BA3A00000091
:10439000373838303133313230000000A883FF1F06
:1043A0005491FF1F3E3078005F000000F8B571485F
:1043B0000090714F3A78714C714D00262068A97FAA
:1043C000042A14D03A780A2A11D03A78052A53D010
:1043D0003A780B2A50D03878062870D03A78284698
:1043E000092A807E6CD039780C296AD0B6E0634AFD
:1043F0001268D24308290AD2DFE801F0040A121A2F
:10440000222A3239110F02D000F180502060A5E03D
:104410006FEA1061090702D000F1807020609DE012
:104420006FEA1051090702D000F58010206095E076
:104430006FEA1041090702D000F5803020608DE05E
:104440006FEA1031090702D000F58050206085E046
:104450006FEA1021090702D000F5807020607DE02E
:104460006FEA1011090779D01030206076E011074B
:1044700074D0401C206071E008296FD2DFE801F0A1
:10448000040A111822293036010F67D0A0F180509C
:10449000206063E0010E090760D0A0F18070206009
:1044A0005CE0010D090759D0A0F58010206055E0AF
:1044B000010C090752D0A0F5803020604EE01AE0D0
:1044C00041E049E0010B090748D0A0F58050206089
:1044D00044E0010A090741D0A0F5807020603DE06A
:1044E000010909073AD01038206037E0010735D0BC
:1044F000401E206032E0287808B9491CA977A87FBF
:1045000008282BD1AE77FFF721FEE87E78B16E70D8
:104510002E766E762E20216803F0C2FC03F06CFC30
:10452000184A00982168104403F0C0FC16E01648B1
:1045300001682A6B891AB1F5487F0FD902212970C9
:10454000006828630AE011B1491EA97702E008B1AA
:10455000112068703E7001E000B16E703878062856
:1045600005D03878052802D03878042800D13E706C
:10457000F8BD000053AE00436083FF1F5491FF1F3E
:10458000B083FF1FB55DFFBF7C83FF1F2DE9FC419A
:1045900000F086F81020FEF707FE3B4EF08DFEF788
:1045A00009FE00210846FEF7F9FD38A0FDF7DCFE04
:1045B000B08DFEF7FFFD10210020FEF7EFFD002477
:1045C00006F27457B08DFEF7F5FD601C0546000736
:1045D000010E0020FEF7E2FDF07D844211D10221A0
:1045E0000020FDF76FFC0C20FEF7DEFD708DFEF75E
:1045F000E1FD2AA0FEF76AFA6FF001010020FDF745
:1046000061FC1020FEF7D0FD04EB041057F82000E9
:10461000FDF7AAFEECB2042CD4D3FF24708DCDE9B3
:1046200000042023842210216420FDF763FDB08D57
:10463000CDE900043523842225216420FDF75AFDAD
:10464000F08DCDE900044A2384223A216420FDF74D
:1046500051FDB08DCDE900049E224F23002110466C
:10466000FDF748FDB08DCDE90004F07D9F2200EB01
:10467000800101EBC000012101EB400300219D20DE
:10468000FDF738FDBDE8FC81B083FF1FD6F7CCE213
:10469000D1D5C9ABC9E8D6C3000000003E00000078
:1046A00070B53D4E31783D4C00250429E07D03D0A6
:1046B0003178052908D00EE0032802D2401CE075AD
:1046C00000E0E575357006E010B1401EE07501E0D0
:1046D0000320E0753570E07D50B14FF6DC514FF6A8
:1046E000F37201280ED0022812D003281FD117E040
:1046F0004FF64D30608540F27960A0854DF69A30D6
:10470000E08514E06185A2854AF67D70E0850EE0C3
:104710004FF638706085A1854EF27350E08506E053
:10472000628546F2F370A0854AF6DC60E085307859
:10473000062807D03078092803D1657511206070EC
:10474000357070BD2078D0B9618D282003F094FBBE
:10475000A18D2A2003F090FBE18D2C2003F08CFB2F
:104760000F49E07D81F8320003F046FB0D49608D72
:1047700008800D48A18D01800C49E08D08800C480F
:104780000168226B891AB1F5487F03D90121217094
:1047900000682063357070BD6083FF1FB083FF1F0A
:1047A00074610220A883FF1FAA83FF1FAC83FF1F31
:1047B0007C83FF1F70B500F0ABF81020FEF7F4FC0F
:1047C0003D480088FEF7F6FC00210846FEF7E6FCAF
:1047D0003AA0FDF7C9FD3C4D2888FEF7EBFC1021FF
:1047E0000020FEF7DBFC39A0FDF7BEFD3A4C0520AA
:1047F00094ED150AFEF71AFC20210020FEF7CEFCEE
:1048000036A0FDF7B1FD3849052091ED000AFEF70D
:104810000DFCA07D354C6FF0020628B301284AD16B
:1048200030210020FEF7BAFC31A0FDF79DFD208865
:10483000FEF7C0FC0C20FEF7B7FC40210020FEF77D
:10484000ADFC03210020FDF73DFB2CA0FEF73EF957
:1048500031460020FDF736FB1020FEF7A5FCBDE831
:10486000704027A0FDF780BD2088FEF7A3FC302113
:104870000020FEF793FC0C20FEF796FC032100209D
:10488000FDF720FB1DA0FEF721F931460020FDF7C2
:1048900019FB1020FEF788FC15A0FDF765FD2888A0
:1048A000FEF788FC40210020FEF778FCBDE8704050
:1048B00013A0FDF759BD70BDAC83FF1FB5E7C1F76D
:1048C000D0A3D7BC00000000AA83FF1FD0C2D0A392
:1048D000D7BCB2CECAFD3A00B083FF1FBEC9D0A379
:1048E000D7BCB2CECAFD3A004C83FF1FA883FF1F7E
:1048F000B1A3B4E6D0C2B2CECAFD00003E000000B3
:10490000BBD6B8B4C4ACC8CFB2CECAFD000000005C
:104910002DE9F041204E3178204C00250127A07D63
:1049200004290ED0317805290FD03178062911D00D
:104930003078092803D16575192060703570BDE89D
:10494000F08100B9A7753570F9E708B1401EA07570
:104950003570F4E7217841B998B1192003F036FA9F
:104960001D2003F093FA03F047FA0D480168226B0B
:10497000891AB1F5487F02D9277000682063357025
:10498000DDE7084894ED150A80ED000A90ED000A75
:104990001D2003F07BFAE6E76083FF1FB083FF1F53
:1049A0007C83FF1F4C83FF1F7CB500F0DBF81020D9
:1049B000FEF7FAFB4F480088FEF7FCFB0021084693
:1049C000FEF7ECFB4CA0FDF7CFFC4E4D2888FEF720
:1049D000F1FB4D48007830B14FF4007100200BF02E
:1049E0008BFC002833D018210020FEF7D7FB288845
:1049F000FEF7E0FB45A0FDF7B7FC28210020FEF7FD
:104A0000CDFB47A0FDF7B0FC484E042096ED140AFC
:104A1000FEF70CFB46A0FEF759F838210020FEF700
:104A2000BDFB44A0FDF7A0FC4549042091ED000A20
:104A3000FEF7FCFA3EA0FEF749F8717D4148FF24DD
:104A400005293ED2DFE801F00C16202A3400282187
:104A50000020FEF7A3FBBDE87C403BA0FDF784BC33
:104A60000088CDE900043723392236213120FDF7B3
:104A700041FB26E00088CDE9000437234722362198
:104A80003F20FDF737FB1CE00088CDE90004372309
:104A9000502236214820FDF72DFB12E00088CDE999
:104AA00000043723592236215120FDF723FB08E06B
:104AB0000088CDE900043723622236215A20FDF711
:104AC00019FB2888CDE900049E224F2300211046BF
:104AD000FDF710FB2888CDE90004707D9F2200EBD4
:104AE000400101EB0013DB1C00219D20FDF702FBC0
:104AF0007CBD0000AC83FF1FB5E7C1F7D0A3D7BCD6
:104B000000000000AA83FF1F3083FF1FC7EBC9E826
:104B1000D6C3B1EAD7BCB5E7C1F7D6B53A000000B5
:104B2000B1EAD7BCB5E7C1F73A000000B083FF1F78
:104B300041000000B5B1C7B0B5E7C1F73A000000C9
:104B40003883FF1FA883FF1FC7EBCAB9D3C3B9AB14
:104B5000CDB7CAE4C8EBBBF2CDE2BDD3484944D0DF
:104B6000A3D7BC0070B52DED028B5C4D2978B7EE54
:104B7000008A9FED5B2ADFED5B0ADFED5B1A9FED9C
:104B80005B1A5B4C0026042994ED140A607D0CD05E
:104B900029780A2909D0297805292ED029780B29C6
:104BA0002BD02878062850D059E005281CD2DFE801
:104BB00000F003080D12170030EE080A84ED140A05
:104BC00012E030EE020A84ED140A0DE030EE200A05
:104BD00084ED140A08E030EE210A84ED140A03E0A3
:104BE00030EE010A84ED140A4249206D884268DDE6
:104BF000B1EE040A84ED140A63E005281CD2DFE854
:104C000000F003080D12170030EE480A84ED140A74
:104C100012E030EE420A84ED140A0DE030EE600A34
:104C200084ED140A08E030EE610A84ED140A03E012
:104C300030EE410A84ED140A206DB0F17C5F40DA59
:104C4000B6EE000A84ED140A3BE02B48007850B120
:104C50004FF4007100200BF04FFB012803D028789F
:104C6000092826D02DE0607D401CC0B26075052863
:104C700027D166752148224A90ED000A10EE101ADD
:104C8000914211DDD4ED140A90ED001A80EE810AF4
:104C900084ED150A10EE100A514208441949884261
:104CA00004D384ED158A01E084ED158A1A20607022
:104CB00007E0607D10B1401E607501E0112060705A
:104CC0002E702878062805D02878052802D0287864
:104CD000042800D12E70BDEC028B70BD6083FF1FD5
:104CE000CDCCCC3D0AD7233C6F12833A17B7D138CD
:104CF000B083FF1F0000A0403083FF1F3883FF1FD9
:104D00009A99993E6766A60170B506460D46144607
:104D10005F48864207D05F48864204D040F2D17196
:104D20005DA000F07BFC55B1012D08D0022D06D00E
:104D3000032D04D040F2D27157A000F06FFC207810
:104D400040B1012806D0022804D040F2D37152A00D
:104D500000F064FC607840B1012806D0022804D03D
:104D600040F2D4714CA000F059FCA07830B1012879
:104D700004D040F2D57148A000F050FCE07830B18A
:104D8000012804D040F2D67143A000F047FC2079FE
:104D900030B1012804D040F2D7713FA000F03EFCB2
:104DA000607930B1012804D04FF4FB613AA000F0E3
:104DB00035FCA07940B1012806D0022804D040F289
:104DC000D97135A000F02AFCE07930B1012804D077
:104DD00040F2DA7130A000F021FC207A30B10128D5
:104DE00004D040F2DB712CA000F018FC607A30B1E6
:104DF000012804D040F2DC7127A000F00FFC06EB84
:104E00008510C16D227821F003011143C165C16D88
:104E1000627821F00C0141EA8201C165C16DA2787E
:104E200021F0100141EA0211C165C16DE27821F063
:104E3000200141EA4211C165C16D227921F0400192
:104E400041EA8211C165C16D627921F0800141EAB8
:104E5000C211C165C16DA27921F4407141EA0221FC
:104E6000C165C16DE27921F4806141EA8221C165A9
:104E7000C16D227A21F4006141EAC221C165C16D90
:104E8000627A21F4805141EA0231C16570BD0000AF
:104E900000300540003405402E2E5C2E2E5C2E2E58
:104EA0005C2E2E5C2E2E5C6472697665725C737269
:104EB000635C68633332663436305F646D61632EE1
:104EC000630000002DE9F04704460D461746002612
:104ED0005B48844207D05B48844204D040F287217B
:104EE00059A000F09BFB55B1012D08D0022D06D032
:104EF000032D04D04FF4227153A000F08FFB37B183
:104F0000012F04D040F289214FA000F087FB5949BE
:104F1000087810B10120BDE8F08701230B70E0692B
:104F2000AB409843002290B3E0694FF00A0CC007F1
:104F30004FF4A04817D0B5B1A06C000CD4F868901D
:104F4000BCEB194F0FD3D4F86890B0EB194F07D8CA
:104F500009E0761CB6B2464502D90A700920DAE7A4
:104F6000E069C007F5D1E06980071BD5012D19D094
:104F7000D4F88800000CD4F8A860BCEB164F11D30D
:104F8000D4F8A860B0EB164F0CD9002007E03AE047
:104F9000401C80B2404502D90A700920BBE7E6698F
:104FA000B607F5D4E06940071AD5022D18D00020C5
:104FB000D4F8C860360CD4F8E890BCEB194F0FD386
:104FC000D4F8E890B6EB194F07D809E0401C80B23E
:104FD000404502D90A7009209DE7E6697607F5D4B5
:104FE000E06900071AD5032D18D00020D4F8085125
:104FF0002D0CD4F82861BCEB164F0FD3D4F82861E0
:10500000B5EB164F07D809E0401C80B2404502D9E5
:105010000A7009207FE7E5692D07F5D43FB1012F1C
:105020000AD1E06903F00F031843E06104E0E0698E
:105030000F259D432840E0610A7000206BE70000C7
:1050400000300540003405402E2E5C2E2E5C2E2EA6
:105050005C2E2E5C2E2E5C6472697665725C7372B7
:10506000635C68633332663436305F646D61632E2F
:10507000630000006C91FF1F2DE9F04105460C46CE
:10508000164600272548854207D02548854204D08A
:1050900040F24E2123A000F0C1FA54B1012C08D0F7
:1050A000022C06D0032C04D040F24F211DA000F0AA
:1050B000B5FA56B1012E08D0022E06D0032E04D028
:1050C0004FF4147117A000F0A9FA3CB1012C05D0DF
:1050D000022C03D0032C01D004270CE00120A040B7
:1050E00066B110340121A140012E0BD0022E0DD04B
:1050F000032E0FD004273846BDE8F08169690143CB
:105100006961F8E7686908436861F4E7A9690143E0
:10511000A961F0E7A8690843A861ECE70030054001
:10512000003405402E2E5C2E2E5C2E2E5C2E2E5C26
:105130002E2E5C6472697665725C7372635C686360
:105140003332663436305F646D61632E6300000075
:1051500070B504460D460C48844207D00B48844283
:1051600004D04FF4C1710AA000F058FA35B1012DF6
:1051700004D040F2831106A000F050FA206865F3D5
:105180000000206070BD0000003005400034054084
:105190002E2E5C2E2E5C2E2E5C2E2E5C2E2E5C6413
:1051A00072697665725C7372635C6863333266340D
:1051B00036305F646D61632E6300000070B5064693
:1051C0000D4614463A48864207D03A48864204D0F3
:1051D00040F6120138A000F021FA55B1012D08D097
:1051E000022D06D0032D04D040F6130132A000F0AA
:1051F00015FA2088800A04D040F614012EA000F091
:105200000DFAA089800A04D040F616012AA000F009
:1052100005FAE089800A04D040F6170126A000F0C4
:10522000FDF901213046FFF793FF06EB8513D86D9A
:1052300020F48050D86560681864A0685864986C41
:1052400021886FF30900084398646188986C61F3C2
:105250001F409864D86CA1896FF309000843D86493
:10526000D86C20490840E18940EA0140D864186DB3
:1052700061696FF3130008431865218B186D61F3A2
:105280001F501865586DE1696FF3130008435865A6
:10529000218C586D61F31F5058652069986504F1A1
:1052A000240229463046BDE87040FFF72DBD0000BE
:1052B00000300540003405402E2E5C2E2E5C2E2E34
:1052C0005C2E2E5C2E2E5C6472697665725C737245
:1052D000635C68633332663436305F646D61632EBD
:1052E00063000000FFFF00FC2DE9F04180460D4601
:1052F0001646002400271548804507D014488045ED
:1053000004D040F2354113A000F088F955B1012DC9
:1053100008D0022D06D0032D04D040F236410DA056
:1053200000F07CF908EB85114E644FF4805006E0E4
:10533000641CA4B2844201D9092700E04E644A6E7D
:10534000B242F5D13846BDE8F0810000003005409A
:10535000003405402E2E5C2E2E5C2E2E5C2E2E5CF4
:105360002E2E5C6472697665725C7372635C68632E
:105370003332663436305F646D61632E6300000043
:105380002DE9F04180460D461646002400271548B9
:10539000804507D01448804504D040F2F33113A073
:1053A00000F03CF955B1012D08D0022D06D0032D97
:1053B00004D04FF47D710DA000F030F908EB851199
:1053C0000E644FF4805006E0641CA4B2844201D9FC
:1053D000092700E00E640A6EB242F5D13846BDE8F6
:1053E000F081000000300540003405402E2E5C2E78
:1053F0002E5C2E2E5C2E2E5C2E2E5C6472697665E1
:10540000725C7372635C68633332663436305F6437
:105410006D61632E630000002DE9F04180460D466A
:105420001646002400271848804507D017488045B5
:1054300004D040F2BB4116A000F0F0F855B1012DA8
:1054400008D0022D06D0032D04D040F2BC4110A09C
:1054500000F0E4F808EB8511886C66F31F4088645F
:105460004FF4805009E0641CA4B2844201D909279A
:1054700003E08A6C66F31F428A648A6EB6EB124FB1
:10548000F1D13846BDE8F0810030054000340540D8
:105490002E2E5C2E2E5C2E2E5C2E2E5C2E2E5C6410
:1054A00072697665725C7372635C6863333266340A
:1054B00036305F646D61632E630000002DE9F041BA
:1054C0000446884615460C4E0C4FB44206D0BC42EA
:1054D00004D040F247710AA000F0A0F81349B4428A
:1054E00001EB880003D1C0F81458BDE8F081BC423C
:1054F000FBD1C0F82458F8E70030054000340540DF
:105500002E2E5C2E2E5C2E2E5C2E2E5C2E2E5C649F
:1055100072697665725C7372635C68633332663499
:1055200036305F646D61632E63000000000001404F
:1055300010B54FF4007101200BF018F81021BDE8F0
:10554000104001200BF012B810B54FF4007101208B
:105550000BF040F81021BDE8104001200BF006B818
:1055600010B54FF4007101200BF034F81021BDE8A4
:10557000104001200BF02EB810B54FF480710120BF
:105580000AF0F4FF0821BDE8104001200AF0EEBF48
:1055900010B54FF4807101200BF01CF80821BDE814
:1055A000104001200AF0E2BF10B54FF480710120D5
:1055B0000BF010F80821BDE8104001200BF00AB8EC
:1055C0001CB50020009001908DF800006A464FF451
:1055D000807101200AF0F2FE6A46082101200AF0DB
:1055E000EDFE4FF400746A46214601200AF0E6FE03
:1055F0006A46102101200AF0E1FE6A462146002099
:105600000AF0DCFE6A46210100200AF0D7FE6A4655
:10561000610100200AF0D2FE1CBD000010B50A4650
:10562000014602A00FF0AAFEFEE7000057726F6E5F
:105630006720706172616D65746572732076616C4C
:1056400075653A2066696C65202573206F6E206C45
:10565000696E652025640D0A0000000008B5084940
:1056600042F210720968B1FBF2F304E00093009972
:105670004A1E0092FBD2401E411CF7D108BD00001B
:10568000B482FF1F08B50A490A4A096891420BD93A
:10569000B1FBF2F304E0009300994A1E0092FBD2A2
:1056A000401E411CF7D108BD401E411CFCD108BD65
:1056B000B482FF1F8096980010B5AFF3008010BD34
:1056C00030B58FB0302103A8FAF77DFE0024019495
:1056D0000294012188030BF089FA012148040BF0A0
:1056E00085FA0125ADF80C50A802ADF80E0033483C
:1056F0000490334805900794ADF824400894ADF821
:105700002C400A948DF830408DF831508DF834409B
:105710008DF835408DF836508DF837408DF839507A
:10572000284C03AA00212046FFF748FD4FF4E07201
:1057300000212046FFF7C2FE01212046FFF708FDA9
:10574000012200212046FFF7BDFB0520ADF8060031
:105750001D4802902020ADF8040001A812F0A0FC22
:10576000BDF90600F021002804DB00F1E02080F8FC
:10577000001405E000F00F0000F1E02080F8141D97
:10578000BDF90600002809DB00F01F0105FA01F150
:105790004009800000F1E020C0F88012BDF9060049
:1057A000002808DB00F01F018D404009800000F157
:1057B000E020C0F800510FB030BD0000540004409C
:1057C0004CCD012000300540E10D010010B504462C
:1057D000002C05D0012C03D0BB2107A0FFF71EFF32
:1057E0001049012C03D0086840F0010002E008686D
:1057F00020F00100086010BD2E2E5C2E2E5C2E2E97
:105800005C2E2E5C2E2E5C6472697665725C7372FF
:10581000635C68633332663436305F65666D2E6371
:10582000000000000404014010B50446012C11D012
:10583000022C0FD0042C0DD0082C0BD0102C09D02A
:10584000202C07D0B4F5807F04D040F2951105A03C
:10585000FFF7E4FE0E480068204201D0012010BD91
:10586000002010BD2E2E5C2E2E5C2E2E5C2E2E5C6B
:105870002E2E5C6472697665725C7372635C686319
:105880003332663436305F65666D2E63000000008B
:105890001004014004480168012903D143F210219A
:1058A0000160016070470000000401400FB5064927
:1058B000009106490A6801924A6802928968039138
:1058C00001A90EC90EC00FBD3FCA024050040140DD
:1058D00010B50446002C21D0012C1FD0022C1DD065
:1058E000032C1BD0042C19D0052C17D0062C15D056
:1058F000072C13D0082C11D0092C0FD00A2C0DD056
:105900000B2C0BD00C2C09D00D2C07D00E2C05D055
:105910000F2C03D0DC2104A0FFF780FE0D480168A6
:1059200064F30711016010BD2E2E5C2E2E5C2E2E0E
:105930005C2E2E5C2E2E5C6472697665725C7372CE
:10594000635C68633332663436305F65666D2E6340
:1059500000000000080401402DE9F04705460F460D
:1059600000260024244885420BD223483830854243
:1059700007D92248854204D940F21B2120A0FFF715
:105980004DFE3F20FBF7C1F8DFF8A090D9F80000EA
:10599000C0F30048D9F8000020F48030C9F80000B6
:1059A0000120FBF7B7F809F10402106820F070003D
:1059B000103010602F609114101D04E0641CA4B21C
:1059C0008C4200D909260368DB05F7D5BF4200D019
:1059D00001261020FBF799F8106820F07000106085
:1059E0000020FBF797F8D9F8000068F31040C9F8D9
:1059F00000003046BDE8F087C00F0003DFFF07005E
:105A00002E2E5C2E2E5C2E2E5C2E2E5C2E2E5C649A
:105A100072697665725C7372635C68633332663494
:105A200036305F65666D2E6300000000080401409B
:105A3000034840F22311016043F2102101607047D6
:105A40000004014010B504462178002921D0012925
:105A50001FD002291DD003291BD0042919D00529E4
:105A600017D0062915D0072913D0082911D00929E4
:105A70000FD00A290DD00B290BD00C2909D00D29E4
:105A800007D00E2905D00F2903D06D210BA0FFF7F9
:105A9000C5FD2078164901EB80016278086862F341
:105AA000C7100860A278086862F305100860E27801
:105AB000086862F301000860002010BD2E2E5C2EE5
:105AC0002E5C2E2E5C2E2E5C2E2E5C64726976650A
:105AD000725C7372635C68633332663436305F6560
:105AE00078696E745F6E6D695F7377692E6300000D
:105AF0001010054003498A6D012383401A438A65CB
:105B0000002070470010054070B50F210B2002F0F7
:105B1000A3F80421022002F09FF84FF40051022064
:105B20000AF0EAFB0125164C01280BD00220FFF7F2
:105B300095FD402000F091F9C0F3401100F0030002
:105B400019B106E02570012070BD10B1257001204B
:105B500070BD0821022002F07FF80220FFF77EFDD1
:105B6000402000F07AF9C0F3401100F0030000B1CA
:105B700009B1002070BD02202070012070BD00001E
:105B80002083FF1F70B50F210B2002F065F807215D
:105B9000022002F061F84FF4005102200AF0ACFB41
:105BA0000125164C01280BD00220FFF757FD40209D
:105BB00000F053F9C0F3401100F0030019B106E002
:105BC0002570012070BD10B12570012070BD0B2122
:105BD000022002F041F80220FFF740FD402000F0D3
:105BE0003CF9C0F3401100F0030000B109B10020FE
:105BF00070BD02202070012070BD00002083FF1FB7
:105C000010B503210C2002F027F80421022002F035
:105C100023F80D49002008704870C87008712821C9
:105C20000A48FAF7D0FB38210948FAF7CCFB4FF4C1
:105C300086710848FAF7C7FB07480178092901D19E
:105C40000821017010BD00002083FF1F24CD01201A
:105C500044B7FF1FE4B8FF1FB183FF1F10B500F06A
:105C600089F84FF4804102200AF046FB18B1BDE8E4
:105C7000104000F00BB800F03BF802480068024901
:105C8000C86110BD7C83FF1F44B7FF1F10B5FFF72D
:105C90003BFF002826D0FF210E2001F0DDFF01216F
:105CA0000F2001F0D9FFE7210A2001F0D5FF0021E4
:105CB000062001F0D1FF0C480078012802D002280C
:105CC00005D008E00421022001F0C6FF03E008210E
:105CD000022001F0C1FF0121072001F0BDFF0349AF
:105CE0000220887310BD00002083FF1F44B7FF1FF0
:105CF00010B5FFF747FF00282DD0FF210E2001F03F
:105D0000ABFFE7210A2001F0A7FF0021062001F0E8
:105D1000A3FF11480078012802D0022809D010E022
:105D20000521022001F098FF2121032001F094FFBA
:105D300007E00A21022001F08FFF2221032001F059
:105D40008BFF0121072001F087FF0449032088739E
:105D500003491420087010BD2083FF1F44B7FF1FA4
:105D6000B183FF1F10B500F08DF8BDE810400C2086
:105D7000FFF7C0BE70B586B0002405940394049468
:105D8000019402940C268DF8146001258DF81550AD
:105D90008DF816508DF8174005A8FFF753FE0194B3
:105DA00002948DF804408DF806508DF8085001AA31
:105DB000290301200AF002FBADF80C600420ADF8C5
:105DC0000E001948049003A812F06AF9BDF90E00FC
:105DD000002809DB00F01F0105FA01F140098000ED
:105DE00000F1E020C0F88012BDF90E00F02100287B
:105DF00004DB00F1E02080F8001405E000F00F0063
:105E000000F1E02080F8141DBDF90E00002808DB29
:105E100000F01F018D404009800000F1E020C0F833
:105E2000005106B070BD0000655D010038B5054643
:105E30000C46002C10D043200090222003F088F95B
:105E400018B90121684603F0F9F803F09FF92246DA
:105E50002946222003F06AF838BD01B582B022201D
:105E600003F076F918B9012102A803F0E7F803F06E
:105E70008DF9012201A9222003F058F89DF80400B1
:105E80000EBD00002DE9FC47944D6889944E00EB4F
:105E9000C00006EB80000121FFF7C8FFA6F138091A
:105EA0004FF002080127FAE06889022100EBC000E8
:105EB00006EB8000801CFFF7B9FF688900EBC0008B
:105EC00016F82000DF2838D84FF4005102200AF0DD
:105ED00013FA012872D16878012818D0688900EB7C
:105EE000C00006EB80004088C0F38110A8702878BD
:105EF000012802D0022805D008E00121032001F08A
:105F0000ABFE03E00221032001F0A6FE6F7068895A
:105F100000EBC00006EB8000408800F01F00012865
:105F20004CD0688900EBC00006EB80004088C0F3CD
:105F30004220288100F072F940E0687802283DD0C4
:105F4000688900EBC00006EB80004088C0F3811038
:105F5000A87099F80E00012802D002282CD02DE05C
:105F6000688900EBC00006EB80004088C0F3422047
:105F7000288100F01BF9688900EBC00006EB800067
:105F800080F820702878012802D0022809D010E07B
:105F9000A878052101EB4010C1B2032001F05CFE9E
:105FA00007E0A878062101EB4010C1B2032001F000
:105FB00053FE85F8018001E085F80180688900EBD7
:105FC000C00006EB80004088C0F30230698901EB15
:105FD000C10106EB81014988C90B3BD0012839D9A1
:105FE000401E84B26889022100EBC00006EB8000ED
:105FF00000EB8400001DFFF719FF688900EBC0006B
:1060000006EB800000EB8400406810F4F04F12D0E3
:1060100002216846FFF70AFFA006010E688900EB1F
:10602000C00006EB8000001DFFF700FF042168465A
:10603000FFF7FCFE1CE0A006010E688900EBC00023
:1060400006EB8000001DFFF7F1FE06216846FFF712
:10605000EDFE0DE08006010E688900EBC00006EB46
:106060008000001DFFF7E2FE04216846FFF7DEFE18
:10607000688900EBC00006EB800080F82170688919
:10608000401C688168890A2801D1002068816889DC
:10609000012100EBC00006EB8000FFF7C7FE688916
:1060A00000EBC00016F82000C028BFF4FDAE3F2072
:1060B000FFF7D3FEC0070CD0688940B16889401E45
:1060C00000EBC00006EB800080F8207001E086F84D
:1060D0006471BDE8FC474220FFF7BFBE2083FF1F6D
:1060E0007CB7FF1F3EB5044600212B4A6B46505C2F
:1060F0005854491C0A29FADB9DF8060000F0F1000B
:106100008DF806002549A4B11B208DF802008DF8FA
:1061100003009DF8050040F0400001220B7942EA9F
:1061200043028DF80620897840EA81108DF8050039
:106130000BE0CA7840EA42008DF806009DF80500A1
:10614000897840EA81108DF805000A21684601F03F
:106150006DFDECB109F0C6FF114B124AE02418881E
:1061600000EB400102F821409DF805409DF80650E3
:1061700002EB810104EB05244C8042F20F7188424E
:1061800001D2401C188008480168491C01603EBDCE
:1061900009F09CFFE0E70000CAA802002083FF1F6F
:1061A0007083FF1FF0B9FF1F7883FF1F0EB500201B
:1061B00015496A460B5C1354401CC0B20A28F9D337
:1061C0009DF8070000F0F10010499DF806208B783B
:1061D00042EA83128DF80620098940EA41008DF8D1
:1061E00007000A21684601F021FD0948094A0121FA
:1061F000008800EB400002EB80000172064908684D
:10620000401C08600EBD0000C0A502002083FF1FD7
:106210007083FF1FF0B9FF1F7883FF1F0EB50020AA
:1062200011496A460B5C1354401CC0B20A28F9D3CA
:106230009DF8070000F0F1000C49098940EA41008F
:106240008DF807000A21684601F0F0FC0848094A69
:106250000121008800EB400002EB8000017206483B
:106260000168491C01600EBDB6A502002083FF1F16
:106270007083FF1FF0B9FF1F7883FF1F3EB500201A
:1062800021496A460B5C1354401C0A28FADB9DF82E
:10629000060000F0F1001D49CA7840EA42008DF87E
:1062A00006009DF80500897840EA8110C0B28DF89B
:1062B00005001749C97D012903D140F020008DF860
:1062C00005000A21684601F0B1FC09F0FFFE114A01
:1062D000114BE024108800EB400103F821409DF8A9
:1062E00005409DF8065003EB810104EB05244C802A
:1062F00042F20F71884201D2401C108007480168A9
:10630000491C01603EBD00005EA702002083FF1F04
:1063100024CD01207083FF1FF0B9FF1F7883FF1F7A
:106320007FB50020244A6946135C0B54401C0E289C
:10633000FADB9DF8060000F0F1002049CA7840EA37
:1063400042008DF806009DF80500897840EA81102A
:106350008DF805001A4800681A4948620E216846FF
:1063600001F064FC09F0B2FE174A184BE0241088D3
:1063700000EB400103F821409DF805409DF80650D0
:1063800003EB810104EB05244C809DF807309DF858
:106390000A409DF8085003EB04639DF8094024046B
:1063A00004EB052423444B6042F20F71884201D272
:1063B000401C10807FBD000002A902002083FF1F47
:1063C0007C83FF1F44B7FF1F7083FF1FF0B9FF1FBF
:1063D0007FB50020244A6946135C0B54401C0E28EC
:1063E000FADB9DF8060000F0F1002049CA7840EA87
:1063F00042008DF806009DF80500897840EA81107A
:106400008DF805000E21684601F010FC09F05EFED3
:10641000174B184AE024188800EB400102F821408D
:106420009DF805409DF8065002EB810104EB052420
:106430004C809DF807209DF80A409DF8085002EB1B
:1064400004629DF80940240404EB052422444A60B8
:1064500042F20F71884201D2401C18800648016840
:10646000491C01607FBD0000D4A802002083FF1FEB
:106470007083FF1FF0B9FF1F7883FF1F2DE9F041E4
:1064800088B0FE4C694694F821200B2A5ED2DFE8E2
:1064900002F05D060E172029323B444C55000020C7
:1064A000F74B1D5C0D54401C0E28FADB4EE000201B
:1064B000F34B8C331D5C0D54401C0E28FADB45E079
:1064C0000020EF4B9A331D5C0D54401C0E28FADB64
:1064D0003CE00020EA4BA8331D5C0D54401C0E2804
:1064E000FADB33E00020E64BB6331D5C0D54401C54
:1064F0001E28FADB2AE00020E14BD4331D5C0D544A
:10650000401C1E28FADB21E00020DD4BF2331D5C2D
:106510000D54401C1228FADB18E00020D94B1D5CFA
:106520000D54401C1228FADB10E00020D54B12332A
:106530001D5C0D54401C1E28FADB07E00020D14BE7
:1065400030331D5C0D54401C1228FADB9DF8060008
:1065500000F0F100CC49CB7840EA43008DF806000A
:106560009DF80500897840EA81108DF805000B2A16
:1065700038D2DFE802F037060B10151A1F24292E37
:1065800033000E21684601F051FB2BE00E216846D6
:1065900001F04CFB26E00E21684601F047FB21E0AC
:1065A0000E21684601F042FB1CE01E21684601F006
:1065B0003DFB17E01E21684601F038FB12E0122176
:1065C000684601F033FB0DE01221684601F02EFB16
:1065D00008E01E21684601F029FB03E0122168460D
:1065E00001F024FB09F072FDA84FA94AE023388886
:1065F00000EB400102F821309DF805309DF806506F
:1066000002EB810103EB05234B8094F821C0A14BE1
:10661000A14A4FF4FA75BCF10B0F16D2DFE80CF06B
:106620001506162636469AF3F1F0EF009DF807207E
:106630009DF80A309DF8085002EB03629DF809307E
:106640001B0403EB05231A444A60B5E19DF80720BB
:106650009DF80A309DF8085002EB03629DF809305E
:106660001B0403EB05231A444A60A5E19DF80720AB
:106670009DF80A309DF8085002EB03629DF809303E
:106680001B0403EB05231A444A6095E19DF807209B
:106690009DF80A309DF8085002EB03629DF809301E
:1066A0001B0403EB05231A444A6085E11688AE42B9
:1066B000CBD29DF807109DF80A509DF8088001EB99
:1066C00005619DF809502D0405EB08250D4403EBE9
:1066D00046114D609DF80B309DF80E509DF80C80D2
:1066E00003EB05639DF80D502D0405EB08252B44A5
:1066F0008B609DF80F309DF812509DF8108003EBD1
:1067000005659DF811301B0403EB08232B44CB6077
:106710009DF813309DF816509DF8148003EB056327
:106720009DF815502D0405EB08252B440B619DF8B1
:1067300017309DF81A509DF8188003EB05639DF8FB
:1067400019502D0405EB08252B444B610880761C5D
:10675000168031E11688AE4287D29DF807109DF869
:106760000A509DF8088001EB05619DF809502D0441
:1067700005EB08250D4403EB46114D609DF80B30E9
:106780009DF80E509DF80C8003EB05639DF80D50AD
:106790002D0405EB08252B448B609DF80F309DF8E8
:1067A00012509DF8108003EB05639DF811502D04E5
:1067B00005EB08252B44CB609DF813309DF816504F
:1067C0009DF8148003EB05639DF815502D0405EB2F
:1067D00008252B440B619DF817309DF81A5003EBE8
:1067E00005659DF819304FEA03489DF8183008EB0D
:1067F00003232B444B610880761C1680DCE0B5E057
:1068000060E027E0FFE71188A94222D29DF80750F7
:106810009DF80A609DF8088005EB06659DF8096003
:1068200003EB4113360406EB082635445D609DF802
:106830000B509DF80E609DF80C8005EB06659DF8E9
:106840000D60360406EB082635449D601880491C0F
:106850001180B1E01188A94233D29DF807509DF80C
:106860000A609DF8088005EB06659DF8096003EB5A
:106870004113360406EB082635440FE024CD0120F1
:1068800068A702006CA802002083FF1F7083FF1F0F
:10689000F0B9FF1FA48E01207283FF1F5D609DF879
:1068A0000B509DF80E609DF80C8005EB06659DF879
:1068B0000D60360406EB082635449D601880491C9F
:1068C000118079E01688AE4276D29DF807109DF8C7
:1068D0000A509DF8088001EB05619DF809502D04D0
:1068E00005EB08250D4403EB46114D609DF80B3078
:1068F0009DF80E509DF80C8003EB05639DF80D503C
:106900002D0405EB08252B448B609DF80F309DF876
:1069100012509DF8108003EB05639DF811502D0473
:1069200005EB08252B44CB609DF813309DF81650DD
:106930009DF8148003EB05639DF815502D0405EBBD
:1069400008252B440B619DF817309DF81A509DF8CF
:10695000188003EB05639DF819502D0405EB0825FD
:106960002B444B610880761C168025E01188A942D3
:1069700022D29DF807509DF80A609DF8088005EB2B
:1069800006659DF8096003EB4113360406EB082603
:1069900035445D609DF80B509DF80E609DF80C80AD
:1069A00005EB06659DF80D60360406EB08263544B8
:1069B0009D601880491C118042F20F71884201D2FB
:1069C000401C388005480168491C01600CF1010C2D
:1069D00084F821C008B0BDE8F08100007883FF1F73
:1069E0002DE9F04188B0FE4C694694F82120072A31
:1069F00039D2DFE802F038040C151E2730000020E1
:106A0000F84B1D5C0D54401C0E28FADB2BE00020D7
:106A1000F44B0E331D5C0D54401C1E28FADB22E0A3
:106A20000020F04B2C331D5C0D54401C1E28FADB5B
:106A300019E00020EB4B4A331D5C0D54401C12281A
:106A4000FADB10E00020E74B5C331D5C0D54401C6A
:106A50001E28FADB07E00020E24B7A331D5C0D5460
:106A6000401C1228FADB9DF8060000F0F100DE4918
:106A7000CB7840EA43008DF806009DF80500897840
:106A800040EA81108DF80500072A26D2DFE802F0DF
:106A90002504090E131821000E21684601F0C6F8DE
:106AA0001BE01E21684601F0C1F816E01E21684671
:106AB00001F0BCF811E01221684601F0B7F80CE0D3
:106AC0001E21684601F0B2F8C8480068C849C8628B
:106AD00003E01221684601F0A9F809F0F7FAC54D64
:106AE000C54AE023288800EB400102F821309DF8D8
:106AF00005309DF8066003EB062602EB81035E80FD
:106B000094F82160BD49BE4A4FF4FA77072E14D29B
:106B1000DFE806F01304146CC5F0EE009DF80710D2
:106B20009DF80A209DF8087001EB02619DF809208C
:106B3000120402EB07221144596070E11388BB4232
:106B4000FBD29DF807709DF80AC09DF8088007EBFE
:106B50000C679DF809C001EB43114FEA0C4C0CEB9C
:106B6000082C67444F609DF80B709DF80EC09DF88F
:106B70000C8007EB0C679DF80DC04FEA0C4C0CEB3A
:106B8000082C67448F609DF80F709DF812C09DF827
:106B9000108007EB0C679DF811C04FEA0C4C0CEB12
:106BA000082C6744CF609DF813709DF816C09DF8BF
:106BB000148007EB0C679DF815C04FEA0C4C0CEBEA
:106BC000082C67440F619DF817709DF81AC007EBF9
:106BD0000C689DF819709DF818C03F0407EB0C274E
:106BE00047444F6108805B1C138018E11388BB4247
:106BF00054D29DF807709DF80AC09DF8088007EBF5
:106C00000C679DF809C001EB43114FEA0C4C0CEBEB
:106C1000082C67444F609DF80B709DF80EC09DF8DE
:106C20000C8007EB0C679DF80DC04FEA0C4C0CEB89
:106C3000082C67448F609DF80F709DF812C09DF876
:106C4000108007EB0C679DF811C04FEA0C4C0CEB61
:106C5000082C6744CF609DF813709DF816C09DF80E
:106C6000148007EB0C679DF815C04FEA0C4C0CEB39
:106C7000082C67440F619DF817709DF81AC09DF8A5
:106C8000188007EB0C679DF819C04FEA0C4C0CEB11
:106C9000082C67444F6108805B1C1380BFE0138899
:106CA000BB4224D29DF807709DF80AC09DF8088069
:106CB00007EB0C679DF809C001EB43114FEA0C4C40
:106CC0000CEB082C67444F609DF80B709DF80EC0CC
:106CD0009DF80C8007EB0C679DF80DC04FEA0C4C3B
:106CE0000CEB082C67448F6008805B1C138096E0D7
:106CF00059E0FFE71388BB4254D29DF807709DF816
:106D00000AC09DF8088007EB0C679DF809C001EBED
:106D100043114FEA0C4C0CEB082C67444F609DF874
:106D20000B709DF80EC09DF80C8007EB0C679DF86A
:106D30000DC04FEA0C4C0CEB082C67448F609DF89B
:106D40000F709DF812C09DF8108007EB0C679DF83E
:106D500011C04FEA0C4C0CEB082C6744CF609DF837
:106D600013709DF816C09DF8148007EB0C679DF812
:106D700015C04FEA0C4C0CEB082C67440F619DF8D2
:106D800017709DF81AC09DF8188007EB0C679DF8E6
:106D900019C04FEA0C4C0CEB082C67444F6108807B
:106DA0005B1C13803BE01388BB4238D29DF8077010
:106DB0009DF80AC09DF8088007EB0C679DF809C094
:106DC00001EB43114FEA0C4C0CEB082C67444F606D
:106DD0009DF80B709DF80EC007EB0C6712E00000E9
:106DE00024CD012068A702002083FF1F7C83FF1FA2
:106DF00044B7FF1F7083FF1FF0B9FF1FA48E01204F
:106E00007283FF1F9DF80DC09DF80C804FEA0C4C5B
:106E10000CEB082C67448F6008805B1C138042F2E7
:106E20000F71884201D2401C288005480168491C26
:106E30000160761C84F8216008B0BDE8F081000094
:106E40007883FF1F70B586B00020344A01A9135C17
:106E50000B54401CC0B21228F9D39DF80A0000F070
:106E6000F1002F49CA7840EA42008DF80A009DF8E7
:106E70000900897840EA81108DF80900122101A8E3
:106E800000F0D4FE09F022F9264D274AE023288895
:106E900000EB400102F821309DF809309DF80A40CE
:106EA00002EB810103EB04234B809DF80B209DF83E
:106EB0000E109DF80C3002EB01619DF80D201204BC
:106EC00002EB03228C1819490C609DF80F209DF8E5
:106ED00012309DF8106002EB03629DF811301B0424
:106EE00003EB062313444B60114E3188B1F5FA7F52
:106EF00007D2104A02EB4112546093601080491C83
:106F0000318042F20F71884201D2401C28800A4928
:106F10000868401C086006B070BD00001AA9020095
:106F20002083FF1F7083FF1FF0B9FF1F24CD0120B6
:106F30007283FF1FA48E01207883FF1F7FB500207E
:106F4000244A6946135C0B54401C0E28FADB9DF85A
:106F5000060000F0F1002049CA7840EA42008DF8AE
:106F600006009DF80500897840EA81108DF805003B
:106F70000E21684600F05AFE09F0A8F8174B184A8F
:106F8000E024188800EB400102F821409DF80540FC
:106F90009DF8065002EB810104EB05244C809DF81E
:106FA00007209DF80A409DF8085002EB04629DF806
:106FB0000940240404EB052422444A6042F20F7184
:106FC000884201D2401C188006480168491C0160B3
:106FD0007FBD0000E2A802002083FF1F7083FF1F17
:106FE000F0B9FF1F7883FF1F2DE9F04F85B0DFF860
:106FF000C89399F8287099F829103944491E81429C
:107000003EDBEE4CEE4D216A2A68511A502937D3E7
:10701000A17C0126012932D0DFF8A8C3411CCAB2E5
:107020008CF80520E8496B4691F81AA0BAF1010FD7
:1070300029D00021DFF8948318F801B003F801B0DB
:10704000491CC9B20E29F7D39DF8061001F0F101D1
:107050009CF8033041EA43018DF806109DF80510B5
:107060009CF8023041EA83118DF80510974216D33F
:107070009DF80A1041EA02118DF80A1018E0E67432
:1070800005B0BDE8F08F0021DFF8448318F801B0A7
:1070900003F801B0491CC9B21229F7D3D4E79DF80F
:1070A0000A10C7F107031A4441EA02118DF80A10C9
:1070B00009EB0001002291F8F830DFEDC60A9FEDE0
:1070C000C60A012B0DD0022B37D0BC4A4FF0090E57
:1070D000032B92F83470117B52895BD0042B78D04B
:1070E000F1E059F820108DF80710C1F3012343EAAD
:1070F00081038DF808309DF80930C1F383173B43B5
:107100008DF8093084F834202672C1F3892201EE0B
:10711000102AB8EE411A61EE200AFCEEE00A10EEE9
:10712000902A2270C1F3090100EE901AF8EE600A6D
:1071300020EE800A84ED010AC5E059F820108DF890
:107140000710C1F3012343EA81038DF808309DF84D
:107150000930C1F383173B438DF8093084F834209C
:1071600003222272C1F3892201EE102AB8EE411ADD
:1071700061EE200AFCEEE00A10EE902A2270C1F3C4
:10718000090100EE901AF8EE600A20EE800A84ED04
:10719000010A98E059F82080C8F3484303EB8303C1
:1071A000A382C8F3072C0CEB8C0CA4F816C008F0D3
:1071B000FF0884F80D804FF0020B84F808B027B95F
:1071C00084F83460854F87F800E09A4202D96381E1
:1071D00003E01CE00AB9FA2262816289624501D2A9
:1071E000A4F80AC0414500D809B984F80C80217B75
:1071F0008DF8071061894A008DF808209DF8092054
:1072000042EAD1118DF80910296821625BE059F832
:107210002030C3F3484C4FEA8C0CA4F814C0C3F3DD
:1072200007284FEA8808A4F81680637304232372A2
:1072300027B984F83460694B83F800E0624501D9CE
:10724000A4F80AC06289424501D2A4F80A80628982
:1072500002F00303D21A92B2628101EE102A99ED74
:107260003D0AF8EE411A9FED5E1A5E4F21EE812A2B
:10727000C0EE021A11EE903ABB4202DD6423637342
:107280000EE001EE902AF8EE611A61EE811A80EEAE
:10729000211A81EE200ABCEEC00A10EE103A637388
:1072A000637B994200D801B92373217B8DF80710C5
:1072B00051008DF808109DF8091041EAD2118DF89F
:1072C0000910296821625146DFF81C81DFF81CA1F2
:1072D000474F42F20F7B012930D00E21684600F063
:1072E000A5FC08F0F3FE3888E02200EB400108F826
:1072F00021209DF805209DF8063008EB810102EB66
:1073000003224A809DF807209DF80A309DF808C0A6
:1073100002EB03629DF809301B0403EB0C231A44B3
:107320004A60584501D2401C3880DAF80000401C01
:10733000CAF80000A67428682063A1E659F8200066
:10734000010E8DF80E10010C8DF80D10010A8DF84C
:107350000C108DF80B00286860621221684600F05E
:1073600065FC08F0B3FE3888E02200EB400108F825
:1073700021209DF805209DF8063008EB810102EBE5
:1073800003224A809DF807209DF80A309DF808C026
:1073900002EB03629DF809301B0403EB0C231A4433
:1073A0004A60584501D2401C3880DAF80000401C81
:1073B000CAF80000BEE70000E4B8FF1F44B7FF1F93
:1073C0007C83FF1F2083FF1F24CD0120A8A502007E
:1073D000F0A80200CDCC4C3D0AD7233CB183FF1F5F
:1073E000CDCCCC3C0000A040F0B9FF1F7883FF1F3C
:1073F0007083FF1F2DE9F04188B000205349544BA2
:107400006A4691F83910491EC1EB011103EB4101A5
:107410000B5C1354401CC0B21E28F9D39DF8060023
:1074200000F0F1004B490A7940EA42008DF806006D
:107430009DF80500897840EA81108DF805001E212D
:10744000684600F0F3FB08F04DFEDFF80CC1434A3C
:10745000C023BCF8001001EB410002F820309DF879
:1074600005309DF8064002EB800003EB04234380C7
:107470009DF807009DF80A209DF8083000EB026097
:107480009DF80920120402EB03228418344804609A
:107490009DF80B209DF80E309DF80C5002EB036216
:1074A0009DF80D301B0403EB0523D61846609DF8AC
:1074B0000F209DF812309DF8105002EB03629DF8EA
:1074C00011301B0403EB0523D71887609DF81320A8
:1074D0009DF816309DF8145002EB03629DF81530AC
:1074E0001B0403EB05231344C3609DF817209DF88C
:1074F0001A509DF8188002EB05629DF819502D0472
:1075000005EB082515440561DFF85880B8F8002020
:10751000B2F5FA7F0BD2144800EB4210446086604B
:10752000C760036145610180521CA8F8002042F247
:107530000F70814202D2491CACF800100B49086858
:10754000401C086008B0BDE8F081000074610220B2
:10755000CAA502002083FF1F7083FF1FF0B9FF1F21
:1075600024CD01207283FF1FA48E01207883FF1F8A
:1075700070B586B0002027496A460B5C1354401C46
:10758000C0B21628F9D39DF8060000F0F100224998
:107590000A7940EA42008DF806009DF805008978D6
:1075A00040EA81108DF805001621684600F03EFB88
:1075B00008F098FD194D1A4AC023288800EB4001B5
:1075C00002F821309DF805309DF8064002EB81015C
:1075D00003EB04234B80134C2288B2F5FA7F0CD2C4
:1075E000114B124901EB42111E684E605E688E60BD
:1075F0009B68CB600880521C228042F20F71884247
:1076000001D2401C28800A480168491C016006B06C
:1076100070BD0000D8A602002083FF1F7083FF1FEB
:10762000F0B9FF1F7283FF1F24CD0120A48E01201B
:107630007883FF1F70B586B00020304901AA0B5C2B
:107640001354401CC0B21228F9D39DF80A0000F070
:10765000F1002B490A7940EA42008DF80A009DF8B2
:107660000900897840EA81108DF80900254890F8D2
:107670002700012802D0022807D00CE09DF8110055
:1076800040F003008DF8110005E09DF8110040F076
:107690000B008DF81100122101A800F0C7FA08F0C4
:1076A00021FD194B194AC024188800EB400102F84B
:1076B00021409DF809409DF80A5002EB810104EB3E
:1076C00005244C80124C2188B1F5FA7F0AD2114D65
:1076D000114A02EB41122E6856606D689560108069
:1076E000491C218042F20F71884201D2401C18804F
:1076F0000A480168491C016006B070BDEEA6020090
:107700002083FF1F746102207083FF1FF0B9FF1FE9
:107710007283FF1F24CD0120A48E01207883FF1FD8
:1077200070B588B0002029496A460B5C1354401C90
:10773000C0B21E28F9D39DF8060000F0F1002449DC
:107740000A7940EA42008DF806009DF80500897824
:1077500040EA81108DF805001E21684600F066FAA7
:1077600008F0C0FC1B4D1C4AC023298801EB4100D6
:1077700002F820309DF805309DF8064002EB8000AD
:1077800003EB04234380154C2388B3F5FA7F10D212
:10779000134A144800EB431016684660566886602A
:1077A0009668C660D66806611269426101805B1CFA
:1077B000238042F20F70814201D2491C29800A487D
:1077C0000168491C016008B070BD000000A70200FC
:1077D0002083FF1F7083FF1FF0B9FF1F7283FF1FFD
:1077E00024CD0120A48E01207883FF1F70B588B0BE
:1077F000002029496A460B5C1354401CC0B21E2865
:10780000F9D39DF8060000F0F10024490A7940EA16
:1078100042008DF806009DF80500897840EA811045
:107820008DF805001E21684600F000FA08F05AFCA9
:107830001B4D1C4AC023298801EB410002F820306F
:107840009DF805309DF8064002EB800003EB042311
:107850004380154C2388B3F5FA7F10D2134A14489D
:1078600000EB431016684660566886609668C660EE
:10787000D66806611269426101805B1C238042F276
:107880000F70814201D2491C29800A480168491CB5
:10789000016008B070BD00001EA702002083FF1F1A
:1078A0007083FF1FF0B9FF1F7283FF1F24CD0120DB
:1078B000A48E01207883FF1F3EB500201C496A4634
:1078C0000B5C1354401C0A28FADB9DF8060000F0FC
:1078D000F1001849CA7840EA42008DF806009DF888
:1078E0000500897840EA81108DF805000A21684674
:1078F00000F09CF908F0EAFB0F4A104BE0241088D6
:1079000000EB400103F821409DF805409DF806502A
:1079100003EB810104EB05244C8042F20F71884295
:1079200001D2401C108006480168491C01603EBD20
:10793000AEA802002083FF1F7083FF1FF0B9FF1F56
:107940007883FF1F3EB500201C496A460B5C135428
:10795000401C0A28FADB9DF8060000F0F1001849E7
:10796000CA7840EA42008DF806009DF80500897843
:1079700040EA81108DF805000A21684600F056F9AA
:1079800008F0A4FB0F4A104BE024108800EB4001E4
:1079900003F821409DF805409DF8065003EB810156
:1079A00004EB05244C8042F20F71884201D2401C46
:1079B000108006480168491C01603EBD3CA70200DA
:1079C0002083FF1F7083FF1FF0B9FF1F7883FF1F05
:1079D0007FB50021324A6B46545C5C54491C0E2929
:1079E000FADB9DF8061001F0F1012E4AD37841EA46
:1079F00043018DF806109DF80510927841EA821136
:107A00008DF805108021012802D002280CD015E045
:107A100002208DF807008DF8081000208DF809006D
:107A2000FF208DF80A0009E003208DF807008DF88B
:107A3000081087208DF809008DF80A100E2168467D
:107A400000F0F4F808F042FB174A184BC0241088E5
:107A500000EB400103F821409DF805409DF80650D9
:107A600003EB810104EB05244C809DF807309DF861
:107A70000A409DF8085003EB04639DF80940240474
:107A800004EB052423444B6042F20F71884201D27B
:107A9000401C108006480168491C01607FBD000041
:107AA00050A702002083FF1F7083FF1FF0B9FF1F44
:107AB0007883FF1FF0B585B0002032496A460B5C21
:107AC0001354401C1228FADB9DF8060000F0F10068
:107AD0002D49CA7840EA42008DF806009DF805005D
:107AE000897840EA81108DF805001221684600F07F
:107AF0009DF808F0EBFA254B254AE024188800EBA6
:107B0000400102F821409DF805409DF8065002EB27
:107B1000810104EB05244C801E4C2188B1F5FA7FCD
:107B200023D29DF807209DF80A509DF8086002EBCB
:107B300005629DF809502D0405EB06251544164AEB
:107B400002EB411255609DF80B509DF80E609DF8B8
:107B50000C7005EB06659DF80D60360406EB0726F4
:107B6000354495601080491C218042F20F71884293
:107B700001D2401C188009480168491C016005B009
:107B8000F0BD0000B8A802002083FF1F7083FF1F14
:107B9000F0B9FF1F7283FF1FA48E01207883FF1F9F
:107BA0003EB500201C496A460B5C1354401C0A2851
:107BB000FADB9DF8060000F0F1001849CA7840EAA7
:107BC00042008DF806009DF80500897840EA811092
:107BD0008DF805000A21684600F028F808F076FACA
:107BE0000F4A104BE024108800EB400103F82140BD
:107BF0009DF805409DF8065003EB810104EB052438
:107C00004C8042F20F71884201D2401C108006481D
:107C10000168491C01603EBD46A702002083FF1F8A
:107C20007083FF1FF0B9FF1F7883FF1F38B504462C
:107C30000D464320009072B6222001F089FA38B92F
:107C40000121684601F0FAF92946204601F0F6F9CB
:107C500001F09CFA62B638BD08B58DF800008DF8C9
:107C60000110222001F074FA18B105490020887132
:107C700008BD0221684601F0E1F901F087FA08BD6C
:107C80002083FF1F38B53E4800903E483E490068BB
:107C90000860401C37D03D490120087000203C4C52
:107CA000810101F5FC210978A0292FD0401CC0B228
:107CB0007F28F5D31E2020710720E070042084F86F
:107CC00039004FF64D31282000F0D6F840F27961A6
:107CD0002A2000F0D1F84DF69A312C2000F0CCF893
:107CE000B1EE040A092000F0D1F8B1EE040A0D202B
:107CF00000F0CCF8B7EE000A1D2000F0C7F8BDE890
:107D0000384000F079B800200860C7E74FF4FC2144
:107D100001EB801140221E48F8F73CFB607800B16F
:107D200001201C490870112000F050F81A4880ED1D
:107D3000000A152000F04AF8184880ED000A1D20BE
:107D400000F044F8164880ED000A342000F03EF8B8
:107D5000144880ED000A282000F02CF800280ED0EE
:107D6000282000F027F8104908802A2000F022F887
:107D70000E4908802C2000F01DF80D49088038BD00
:107D800053AE0043080C00035491FF1FCC83FF1F28
:107D900074610220A683FF1F1C8DFF1F208DFF1F13
:107DA0004C83FF1F4483FF1FA883FF1FAA83FF1F6D
:107DB000AC83FF1F08B500210091034908440088E7
:107DC0000090BDF8000008BD7461022008B59FED69
:107DD000050A8DED000A04490844006800909DEDF5
:107DE000000A08BD00000000746102200149084437
:107DF00000687047746102202DE9F04100241D4F96
:107E0000A0264FF4FC25A10101F5FC210878FF28EC
:107E10000ED0641CE4B27F2CF5D3284600F048F85D
:107E20003E702846BDE8F04140221249F8F777BE7F
:107E30003E7005EB841040220E49F8F770FE002CCE
:107E400015D0601E810101F5FC210978A02907D019
:107E5000A41E05EB8410BDE8F041002100F03FB8FE
:107E600005EB8010BDE8F041002100F038B8BDE816
:107E7000F08100007461022003B503490844BDF895
:107E8000041001800CBD00007461022001B52DEDCD
:107E9000020B02490844009901600EBD7461022082
:107EA000014A1044016070477461022000F017B865
:107EB00070B50546FDF7BCFD0120FDF787FC4FF4CA
:107EC00080742046FDF7B0FC0128FAD172B628462E
:107ED000F8F72AFE62B6BDE87040FDF7DBBC70B56E
:107EE00005460E46FDF7A4FD0120FDF76FFC4FF49B
:107EF00080742046FDF798FC0128FAD172B631460D
:107F00002846FDF729FD62B6BDE87040FDF7C2BC0A
:107F100010B586B004466846FDF7C8FC9DE807002A
:107F200003AB07C3012C0DD0022C0DD0032C0DD0B8
:107F30000398049980B289B20844059900EB014086
:107F400006B010BD0398FBE70498F9E70598F7E73A
:107F50000EB509293BD2DFE801F0050B11171D23EF
:107F6000292F350002461CA168460DF017FA2EE0B5
:107F700002461AA168460DF011FA28E0024619A13E
:107F800068460DF00BFA22E0024618A168460DF093
:107F900005FA1CE0024617A168460DF0FFF916E04D
:107FA000024616A168460DF0F9F910E0024615A147
:107FB00068460DF0F3F90AE0024614A168460DF098
:107FC000EDF904E0024613A168460DF0E7F96846B2
:107FD00000F024F80EBD000025580000253031586F
:107FE00000000000253032580000000025303358D2
:107FF00000000000253034580000000025303558BE
:1080000000000000253036580000000025303758A9
:108010000000000025303858000000002DE9F0472E
:108020000023544D544E554FDFF85481DFF854C1AE
:108030009AE07E2925D94FF09B09427802EB012175
:108040008AB2002114E035F831A092450ED805EB34
:10805000C10ABAF802A0924508D335F8314005EBC1
:10806000C101121B898811448CB203E0491C89B2FA
:108070004945E8D3801C444931F8341019448BB287
:1080800072E098F80120102A06D01C2A27D00C2A6A
:1080900048D00020BDE8F0874FF01209002214E01C
:1080A00036F832A051450ED306EBC20ABAF802A048
:1080B000514508D836F8324006EBC202091B9288B7
:1080C00011448CB203E0521C92B24A45E8D3401CE2
:1080D0002949903131F8341019448BB244E04FF003
:1080E0000409002214E037F832A051450ED307EB03
:1080F000C20ABAF802A0514508D837F8324007EB57
:10810000C202091B928811448CB203E0521C92B245
:108110004A45E8D3401C1949203131F8341019443C
:108120008BB221E04FF00A09002214E03CF832A0A3
:1081300051450ED30CEBC20ABAF802A0514508D83B
:108140003CF832400CEBC202091B928811448CB2FD
:1081500003E0521C92B24A45E8D3401C0949503111
:1081600031F8341019448BB2017800297FF461AFE3
:1081700018468FE734E4020028BE02002CA9020052
:108180009C83FF1F545B03000CE902002DE9F843B8
:108190006B4800906B4C6C4800996C4E084483E02F
:1081A000217800297FD022781346082502E05B0859
:1081B0006D1EEDB2DF07FAD0F82A22D008DC802A43
:1081C00027D0C02A23D0E02A1FD0F02A06D11AE0F7
:1081D000FC2A14D0FE2A10D0FF2A0CD000225A4BC1
:1081E000009F08333B449C421DD31846231A12D0EB
:1081F000012B4FD112E0FE22F1E7FC22EFE7F8223B
:10820000EDE7F022EBE7E022E9E7C022E7E7802292
:10821000E5E70022E3E74E4911433BE06FF47F417D
:1082200041EA022136E0484B009F1B1D3B444FF0C2
:10823000FF0C4FF6FF776FF07F489C4214D318462F
:10824000231A06D0012B06D0022B07D0032B21D1F5
:1082500007E011461EE04CEA02211BE007EB024159
:1082600018E048EA026115E0844213D3231A06D0CD
:10827000012B06D0022B08D0032B0BD108E01146AE
:1082800008E04CEA022105E00DE007EB024101E0C5
:1082900048EA0261FFF70AFE0098201A133005EB46
:1082A000C000B07003E0641E8442BFF479AFB078C0
:1082B0000324B8B327480179427901EB022182797E
:1082C000C079120402EB0060084430610020FFF71F
:1082D0001FFE00F0070120FA01F2884010441E49F9
:1082E000884203D91D490844400803E01B4949421C
:1082F0000844400031690125814216D1124A009894
:10830000383A1044FFF7D2FD154900980844316906
:10831000D0F8B50D884206D11248057012490020E8
:10832000087006E003E0F47003E0F57001E002205D
:10833000F07020467471BDE8F84300F015B90000F4
:1083400053AE0043490C0003ED5DFFBFB882FF1F31
:108350000000FFFFB463022033DDD35334DDD3D3F9
:108360000050FFBFCB83FF1FB183FF1F04490522CD
:108370000A7011224A7009228A70C8707047000082
:10838000F463022010B5094CE079032809D860791C
:1083900000F0EAF8E079401CE0710548006860618F
:1083A00010BD0020A071E07110BD0000B882FF1F59
:1083B0007C83FF1F00200321044A535C1844C0B291
:1083C000491CC9B23F29F8D370470000B4630220AA
:1083D00006480178052905D14178112902D1817813
:1083E000092901D000207047C0787047B46302208B
:1083F0002DE9F041594C0027A771A07A0125584E6C
:10840000002802D0FFF7E4FF98B1FFF7D3FF96F8FA
:108410003F1088427ED1FFF7DBFF69287FD02BDC3D
:10842000652848D023DC78B3012875D0642830D182
:108430003BE0E089217A884203D9F420607100F0A2
:1084400093F80020474BE289315CA7890F44A7814C
:1084500000EB8217D955401CC0B24028F4D3521CFF
:10846000E28128466571BDE8F04100F07DB86728DB
:108470003BD068280DD12BE0F1285ED005DC6A28BE
:1084800053D0F02805D154E009E0F22859D0FF2854
:1084900061D0F1206071BDE8F04100F065B8F020D6
:1084A0006071BDE8F04100F05FB838466771BDE823
:1084B000F04100F059B8A781E781307920727079D6
:1084C00060722846A5726071BDE8F04100F04CB8BA
:1084D000A781E78130792072707960722846A57291
:1084E0006071BDE8F04100F03FB8A772A089317912
:1084F000C2B2914209D17179B1EB102F05D102209E
:108500006071BDE8F04100F02FB8F3206071BDE864
:10851000F04102E019E002E01DE000F025B8284635
:108520006571BDE8F04100F01FB8BDE8F041FFF70C
:108530002DBEBDE8F041FFF725BFBDE8F041FFF7D4
:1085400021BFBDE8F041FFF71DBFF2206071BDE81B
:10855000F04100F009B8BDE8F0810000B882FF1FCB
:10856000B46302204092FF1F10B504464021254805
:10857000F7F729FFF12C27D00BDC022C1CD003DCF1
:1085800084B1012C33D110E0032C12D0F02C2ED169
:1085900016E0F22C1CD0F32C1ED0F42C20D0FF2C93
:1085A00025D121E000F034F821E0012000F064F84A
:1085B0001DE000F083F81AE0022000F05DF816E0FC
:1085C000F02000F059F812E0F12000F055F80EE02C
:1085D000F22000F051F80AE0F32000F04DF806E038
:1085E000F42000F049F802E0FF2000F045F8012CEB
:1085F00007D0FF2C05D004480168044841610121DF
:10860000817110BDF46302207C83FF1FB882FF1FBD
:1086100070B5154D2878002825D0144890F8DC0056
:10862000032820D10020FFF773FC03460020FFF74A
:108630009DFE0F4C012020716371180AA071180C67
:10864000E071180E20720B4800786072CC20A07286
:1086500000F062F884F83F0040222146034811F000
:1086600005FF0020287070BDB882FF1F40B2FF1FB9
:10867000F4630220CB83FF1F70B504460C4D2978AC
:10868000002914D00B4991F8DC1003290FD10020E8
:10869000FFF73EFC2046FFF769FE074880F83F40A1
:1086A00001464022034811F0E1FE0020287070BD11
:1086B000B882FF1F40B2FF1FF463022070B5124C56
:1086C000207800281FD0114890F8DC0003281AD128
:1086D0000020FFF71DFC0320FFF748FE0C4803783D
:1086E0000C480371A1784171E2788271C578114418
:1086F0002B44194480F83F1001464022034811F0F2
:10870000B5FE0020207070BDB882FF1F40B2FF1F71
:10871000CB83FF1FF463022000200321044A535C33
:108720001844C0B2491CC9B23F29F8D370470000B1
:10873000F463022010B5134C2078002820D0124892
:1087400090F8DC0003281BD10020FFF7E1FB034673
:108750000020FFF70BFE0D49012008714B71180A2C
:108760008871180CC871180E087209480078487290
:10877000C92088724022044811F078FE0020207041
:1087800010BD0000B882FF1F40B2FF1FF46302203B
:10879000CB83FF1F70B51C481C4D1D4C90F8330057
:1087A000002824D02868B0F57A7F20D94FF40071D2
:1087B000002007F0A1FD012819D1607838B9154BC8
:1087C000154A164916480FF015FF012060702079F0
:1087D00001280CD1124890F8DC00032807D10020B2
:1087E000207100231A4681210D4810F085F8A079E8
:1087F000002808D028686169401A642803D9BDE8B8
:108800007040FFF7BFBD70BD746102207C83FF1F05
:10881000B882FF1F0483FF1F0C92FF1FD082FF1F2F
:1088200040B2FF1F10B5AFF3008010BD70B5044615
:108830000D460D4884420AD00C48844207D00C48AB
:10884000844204D04FF457710AA0FCF7E7FE35B11B
:10885000012D04D040F25D3106A0FCF7DFFE206858
:1088600065F38A20206070BD00E0044000E404400D
:1088700000E804402E2E5C2E2E5C2E2E5C2E2E5CEC
:108880002E2E5C6472697665725C7372635C6863D9
:108890003332663436305F6932632E630000000085
:1088A0002DE9F04704462DED028B0D46904600263B
:1088B00000274FF002099FED648A002D45D0B8F1E2
:1088C000000F42D0614884420AD06148844207D0F8
:1088D0006048844204D04FF496715FA0FCF79EFE7E
:1088E00068496868884204D940F22D115AA0FCF703
:1088F00095FE286890B1012810D002280ED00328D8
:108900000CD004280AD0052808D0062806D007284D
:1089100004D04FF4977150A0FCF780FE5A48006ACB
:10892000C0F3023159480068C8402A6801219140CB
:10893000D5ED020A95ED011A236BDB0603D5236BF7
:1089400003F003077F1C12B103E0042670E04FF030
:10895000030900EE100AB8EE412AB8EE400AC0EE54
:10896000021A00EE101AB8EE402A81EE820A01EED9
:10897000909AF8EE600AB8EE612AF0EE001A62EE04
:10898000212A02EE107AB8EE422A42EE212A32EE75
:10899000A02A70EE421AFCEEC00AF8EE602A30EE11
:1089A000620A10EE103AB3F17C5F06DBB8EE600AA3
:1089B000F7EE000A30EE200A01E0B8EE600AB4EEED
:1089C000C20AF1EE10FA01D8042631E011EE903A15
:1089D0002F4DAB4201DD04262AE0BCEEC00A10EEAA
:1089E000103AB0FBF3F0B0FBF1F000EE100AF8EE35
:1089F000410AB8EE400A70EEC00A00EE100AB8EE66
:108A0000400A80EE808AE06A62F31240E062BCEEC7
:108A1000E10A10EE100A4108E06A61F30400E06226
:108A200010EE100AA0EB5001E06A61F30C20E06246
:108A3000B8F1000F02D00EB988ED008A3046BDECC7
:108A4000028BBDE8F08700000000000000E0044059
:108A500000E4044000E804402E2E5C2E2E5C2E2EF6
:108A60005C2E2E5C2E2E5C6472697665725C73726D
:108A7000635C68633332663436305F6932632E6319
:108A800000000000801A060000400540B482FF1F6D
:108A90000000784270B504460D460A4884420AD068
:108AA0000948844207D00948844204D040F2F521A5
:108AB00007A0FCF7B3FD206A10490D40284320624F
:108AC00070BD000000E0044000E4044000E8044001
:108AD0002E2E5C2E2E5C2E2E5C2E2E5C2E2E5C649A
:108AE00072697665725C7372635C68633332663494
:108AF00036305F6932632E6300000000DF56F000FD
:108B000070B504460D460D4884420AD00C48844294
:108B100007D00C48844204D040F2FF110AA0FCF7B1
:108B20007DFD35B1012D04D04FF4007106A0FCF796
:108B300075FD206865F30000206070BD00E0044012
:108B400000E4044000E804402E2E5C2E2E5C2E2E05
:108B50005C2E2E5C2E2E5C6472697665725C73727C
:108B6000635C68633332663436305F6932632E6328
:108B7000000000001FB5002331224FF40041012006
:108B800007F05CFD002330224FF48041012007F004
:108B900055FD0121402008F069F80A4C204600F0FC
:108BA00015F8002101910391074902916A4601A934
:108BB000204600F019F901212046FFF7A1FF04B07B
:108BC000284610BD00E80440801A060010B504468F
:108BD0000B4884420AD00B48844207D00A4884429A
:108BE00004D04FF4BD7109A0FCF718FD206820F0F7
:108BF00001002060206840F400402060002010BD8B
:108C000000E0044000E4044000E804402E2E5C2E06
:108C10002E5C2E2E5C2E2E5C2E2E5C647269766588
:108C2000725C7372635C68633332663436305F69DA
:108C300032632E630000000070B504460D460C48F8
:108C4000844209D00B48844206D00B48844203D0AA
:108C5000D5210AA0FCF7E2FC2DB1012D03D0D621CD
:108C600006A0FCF7DBFC206865F30820206070BDDF
:108C700000E0044000E4044000E804402E2E5C2E96
:108C80002E5C2E2E5C2E2E5C2E2E5C647269766518
:108C9000725C7372635C68633332663436305F696A
:108CA00032632E630000000070B504460D460C4888
:108CB000844209D00B48844206D00B48844203D03A
:108CC000F8210AA0FCF7AAFC2DB1012D03D0F9214F
:108CD00006A0FCF7A3FC206865F34920206070BD66
:108CE00000E0044000E4044000E804402E2E5C2E26
:108CF0002E5C2E2E5C2E2E5C2E2E5C6472697665A8
:108D0000725C7372635C68633332663436305F69F9
:108D100032632E630000000070B505460C46002645
:108D2000234885420AD02348854207D022488542FD
:108D300004D040F2CD2121A0FCF770FC012C31D0F1
:108D4000022C2FD0042C2DD0082C2BD0102C29D065
:108D5000402C27D0802C25D0B4F5007F22D0B4F54C
:108D6000806F1FD0B4F5805F1CD0B4F5804F19D050
:108D7000B4F5803F16D0B4F5003F13D0B4F5802F82
:108D800010D0B4F5801F0DD0B4F5001F0AD0B4F593
:108D9000800F07D0B4F5000F04D040F2CE2107A019
:108DA000FCF73CFCE869204200D00126304670BD4B
:108DB00000E0044000E4044000E804402E2E5C2E55
:108DC0002E5C2E2E5C2E2E5C2E2E5C6472697665D7
:108DD000725C7372635C68633332663436305F6929
:108DE00032632E630000000070B504460D4616463F
:108DF000002D4BD0002C49D0254884420AD025486C
:108E0000844207D02448844204D040F2A31123A016
:108E1000FCF704FC2C496868884204D94FF4D271ED
:108E20001EA0FCF7FBFB286890B1012810D0022897
:108E30000ED003280CD004280AD0052808D0062814
:108E400006D0072804D040F2A51114A0FCF7E6FBD9
:108E5000206820F001002060206840F4004020607D
:108E6000206840F001002060324629462046FFF786
:108E700017FD216821F040012160216821F40041A3
:108E80002160216821F00101216070BD042070BDC6
:108E900000E0044000E4044000E804402E2E5C2E74
:108EA0002E5C2E2E5C2E2E5C2E2E5C6472697665F6
:108EB000725C7372635C68633332663436305F6948
:108EC00032632E6300000000801A060010B50446CD
:108ED000084884420AD00848844207D007488442A0
:108EE00004D040F24B3106A0FCF798FB94F8280020
:108EF00010BD000000E0044000E4044000E804402D
:108F00002E2E5C2E2E5C2E2E5C2E2E5C2E2E5C6465
:108F100072697665725C7372635C6863333266345F
:108F200036305F6932632E63000000002DE9F05F88
:108F300007460E4691464FF47A7AD0463E4D0121BF
:108F4000284600F085F80021284600F081F84FF40B
:108F5000003B07E0B8F1010804D200F017F9002047
:108F6000BDE8F09F59462846FFF7D6FE0128F1D00C
:108F700001212846FFF760FE5446D8464146284660
:108F8000FFF7CAFE834601212846FFF7C5FEBBF165
:108F9000000F05D020B1012000EB4700C7B206E06A
:108FA000641E601CEAD1DBE7641E601C0ED08021C9
:108FB0002846FFF7B1FE0028F6D02C463946204659
:108FC00000F0F2F957464FF4806504E00020C7E74F
:108FD0007F1E781C0AD029462046FFF79DFE0128F7
:108FE000F6D00025A9F1010827461AE000F0CEF8D6
:108FF0000020B5E7454503D101213846FFF716FCAF
:10900000544602E0641E601C11D040213846FFF730
:1090100083FE0028F6D03846FFF758FF06F8010B0C
:109020006D1C4D45E6D300F0B1F8012098E700F043
:10903000ADF8002094E7000000E804400A4601462D
:109040004FF47A73014800F037B9000000E804409B
:1090500070B504460D460D4884420AD00C4884423F
:1090600007D00C48844204D040F205310AA0FCF736
:10907000D5FA35B1012D04D040F2063106A0FCF737
:10908000CDFA206865F3CF30206070BD00E0044069
:1090900000E4044000E804402E2E5C2E2E5C2E2EB0
:1090A0005C2E2E5C2E2E5C6472697665725C737227
:1090B000635C68633332663436305F6932632E63D3
:1090C0000000000070B504460D46124884420AD0E4
:1090D0001148844207D01148844204D040F28F31B5
:1090E0000FA0FCF79BFA2B4600224FF400312046DC
:1090F00000F046F900280BD101212046FFF79CFD26
:109100002B462046BDE870400122104900F038B9D6
:1091100070BD000000E0044000E4044000E80440AA
:109120002E2E5C2E2E5C2E2E5C2E2E5C2E2E5C6443
:1091300072697665725C7372635C6863333266343D
:1091400036305F6932632E630000000001000200C8
:1091500070B506460C4C01212046FFF779FF00212F
:109160002046FFF775FF4FF47A7529462046FFF732
:10917000A9FF002807D12B4631462046BDE87040A4
:10918000002200F02DB870BD00E804402DE9F04148
:109190004FF47A752C464FF40037104E02E0641EEF
:1091A000601C0BD039463046FFF7B6FD0028F6D0DC
:1091B000344601212046FFF777FD05E00020BDE899
:1091C000F0816D1E681C07D010212046FFF7A4FD1A
:1091D0000028F6D00120F2E70020F0E700E8044084
:1091E0002DE9F04106460F4615469846244886422A
:1091F0000AD02448864207D02348864204D040F251
:10920000C93122A0FCF70AFA7F2F04D940F2CA31F3
:109210001EA0FCF703FA012D05D025B140F2CB3199
:109220001AA0FCF7FBF9434601228021304600F0EA
:10923000A7F8044604BB45EA4700C1B2304600F037
:10924000B3F84DB1434600224FF48021304600F080
:1092500097F8044644B10FE0434601220821304606
:1092600000F08EF80446F5E74FF480613046FFF7D2
:1092700053FD012800D101242046BDE8F081000003
:1092800000E0044000E4044000E804402E2E5C2E80
:109290002E5C2E2E5C2E2E5C2E2E5C647269766502
:1092A000725C7372635C68633332663436305F6954
:1092B00032632E63000000002DE9F84305460E4698
:1092C00017469946204885420AD02048854207D053
:1092D0001F48854204D040F24B411EA0FCF79EF986
:1092E00000240020009056B34FF480581CE04B46F9
:1092F00001228021284600F043F80446A4B90098D2
:10930000315C284600F050F84B46012208212846DF
:1093100000F036F8044641462846FFF7FDFC0128D8
:1093200008D00098401C00900098B84208D0002C4B
:10933000DDD005E041462846FFF7ACFB00E0042401
:109340002046BDE8F883000000E0044000E404404B
:1093500000E804402E2E5C2E2E5C2E2E5C2E2E5C01
:109360002E2E5C6472697665725C7372635C6863EE
:109370003332663436305F6932632E63000000009A
:1093800030B505460920EC690C40012A01D1A14203
:1093900001D0144300D10020002803D0002B01D0BD
:1093A0005B1EF0E730BD000070B504460D4608486E
:1093B00084420AD00748844207D00748844204D038
:1093C00040F23D3105A0FCF729F984F8245070BD26
:1093D00000E0044000E4044000E804402E2E5C2E2F
:1093E0002E5C2E2E5C2E2E5C2E2E5C6472697665B1
:1093F000725C7372635C68633332663436305F6903
:1094000032632E630000000010B5042000F0CFF995
:1094100001040FD5401EC04380B2F7F767F99FEDF6
:109420000C1B53EC112BF7F780F8F7F7C9F900EE96
:10943000100A10BDF7F75AF99FED071B53EC112BDB
:10944000F7F773F8F7F7BCF900EE100A10BD00004B
:10945000FCA9F1D24D6240BFFCA9F1D24D62403F60
:1094600010B5022000F0A3F9F7F740F99FED051BB6
:1094700053EC112BF7F759F8F7F7A2F900EE100AA1
:1094800010BD00007B14AE47E17A543F10B540EAAE
:109490000102072A1DD844F2070242EA402080B2A6
:1094A00040EA811040EAC101002000F099F94FF430
:1094B0008061062000F094F94FF40061052000F06F
:1094C0008FF90448006804498861BDE8104000F045
:1094D0000DB810BD7C83FF1F3083FF1F10B500F057
:1094E00061F8BDE810400820FCF704BB70B586B0F9
:1094F00000240594039404940194029408268DF8A2
:10950000146001258DF815508DF816508DF8174010
:1095100005A8FCF797FA019402948DF804408DF8A1
:1095200006508DF8085001AA2902002006F046FFD7
:10953000ADF80C600320ADF80E001948049003A8A4
:109540000EF0AEFDBDF90E00002809DB00F01F0192
:1095500005FA01F14009800000F1E020C0F8801216
:10956000BDF90E00F021002804DB00F1E02080F8B6
:10957000001405E000F00F0000F1E02080F8141D59
:10958000BDF90E00002808DB00F01F018D404009E6
:10959000800000F1E020C0F8005106B070BD00006E
:1095A000DD94010070B5FFF75BFF754C84ED010A97
:1095B000FFF72AFF84ED020A00F0F6F894ED020AA4
:1095C000704910EE100A884202D80120207001E094
:1095D0000020207094ED020A10EE100AF7F7ACF8A4
:1095E00041EC100B0BF084FF51EC100BF7F7E8F88F
:1095F00000EE100A84ED020A94ED020AD4ED050A89
:10960000B4EEE00AF1EE10FA04DD94ED020A84ED06
:10961000030A03E09FED5C0A84ED030A94ED070A58
:10962000B5EEC00AF1EE10FA0ED094ED070A10EE76
:10963000100AB0F17E5F07D094ED030AD4ED070A5B
:1096400020EE200A84ED030A94ED010AD4ED030A0A
:1096500020EE200A84ED040A4C4D2868A169D4ED5F
:10966000040A401A00EE100AB8EE400A60EE200A22
:109670009FED471A80EE810A10EE100AF7F75CF8AA
:1096800094ED081B53EC112BF6F7A8FE41EC100BE0
:1096900084ED080B94ED010A3E4A10EE100A904248
:1096A0001DDC2868A169D4ED030A401A00EE100AF7
:1096B0009FED391AB8EE400A60EE200A80EE810A6A
:1096C00010EE100AF7F738F894ED0A1B53EC112B43
:1096D000F6F784FE41EC100B84ED0A0B4DE094ED9F
:1096E000010A2E4810EE101A914223DD94ED010A72
:1096F00010EE101A81421DDC2868A169D4ED030A1E
:10970000401A00EE100A9FED261AB8EE400A60EEED
:10971000200A80EE810A10EE100AF7F70DF894ED9A
:109720000A1B53EC112BF6F759FE41EC100B84ED9C
:109730000A0B22E094ED010A10EE101A81421CDDA2
:109740002868A169D4ED030A401A00EE100A9FEDC3
:10975000151AB8EE400A60EE200A80EE810A10EE7B
:10976000100AF6F7E9FF94ED0A1B53EC112BF6F7FC
:1097700035FE41EC100B84ED0A0B2868A06170BD2A
:109780003083FF1F6F1203BB000000007C83FF1FAC
:1097900000BA5B4A0000C040000061450000404143
:1097A0000000E144000061440620AFF3008001B5F1
:1097B00082B04020FFF7CCFC18B9012102A8FFF7C6
:1097C0003DFCFFF7E3FC022201A94020FFF7AEFBBE
:1097D0009DF805009DF8041000EB012080B20EBD3D
:1097E00008B58DF80000080A8DF801008DF8021008
:1097F0004020FFF7ADFC18B105490020487008BDB6
:1098000003216846FFF71AFCFFF7C0FC08BD000003
:109810003083FF1F02480068002800D000477047CF
:10982000B461022002484068002800D00047704719
:10983000B461022002488068002800D000477047C9
:10984000B46102200248C068002800D00047704779
:10985000B461022002480069002800D00047704728
:10986000B461022002484069002800D000477047D8
:10987000B461022002488069002800D00047704788
:10988000B46102200248C069002800D00047704738
:10989000B46102200248006A002800D000477047E7
:1098A000B46102200248406A002800D00047704797
:1098B000B46102200248806A002800D00047704747
:1098C000B46102200248C06A002800D000477047F7
:1098D000B46102200248006B002800D000477047A6
:1098E000B46102200248406B002800D00047704756
:1098F000B46102200248806B002800D00047704706
:10990000B46102200248C06B002800D000477047B5
:10991000B46102200248006C002800D00047704764
:10992000B46102200248406C002800D00047704714
:10993000B46102200248806C002800D000477047C4
:10994000B46102200248C06C002800D00047704774
:10995000B46102200248006D002800D00047704723
:10996000B46102200248406D002800D000477047D3
:10997000B46102200248806D002800D00047704783
:10998000B46102200248C06D002800D00047704733
:10999000B46102200248006E002800D000477047E2
:1099A000B46102200248406E002800D00047704792
:1099B000B46102200248806E002800D00047704742
:1099C000B46102200248C06E002800D000477047F2
:1099D000B46102200248006F002800D000477047A1
:1099E000B46102200248406F002800D00047704751
:1099F000B46102200248806F002800D00047704701
:109A0000B46102200248C06F002800D000477047B0
:109A1000B46102200348D0F88000002800D000473D
:109A200070470000B46102200348D0F88400002889
:109A300000D0004770470000B46102200348D0F80E
:109A40008800002800D0004770470000B461022061
:109A50000348D0F88C00002800D000477047000071
:109A6000B46102200348D0F89000002800D00047DD
:109A700070470000B46102200348D0F89400002829
:109A800000D0004770470000B46102200348D0F8BE
:109A90009800002800D0004770470000B461022001
:109AA0000348D0F89C00002800D000477047000011
:109AB000B46102200348D0F8A000002800D000477D
:109AC00070470000B46102200348D0F8A4000028C9
:109AD00000D0004770470000B46102200348D0F86E
:109AE000A800002800D0004770470000B4610220A1
:109AF0000348D0F8AC00002800D0004770470000B1
:109B0000B46102200348D0F8B000002800D000471C
:109B100070470000B46102200348D0F8B400002868
:109B200000D0004770470000B46102200348D0F81D
:109B3000B800002800D0004770470000B461022040
:109B40000348D0F8BC00002800D000477047000050
:109B5000B46102200348D0F8C000002800D00047BC
:109B600070470000B46102200348D0F8C400002808
:109B700000D0004770470000B46102200348D0F8CD
:109B8000C800002800D0004770470000B4610220E0
:109B90000348D0F8CC00002800D0004770470000F0
:109BA000B46102200348D0F8D000002800D000475C
:109BB00070470000B46102200348D0F8D4000028A8
:109BC00000D0004770470000B46102200348D0F87D
:109BD000D800002800D0004770470000B461022080
:109BE0000348D0F8DC00002800D000477047000090
:109BF000B46102200348D0F8E000002800D00047FC
:109C000070470000B46102200348D0F8E400002847
:109C100000D0004770470000B46102200348D0F82C
:109C2000E800002800D0004770470000B46102201F
:109C30000348D0F8EC00002800D00047704700002F
:109C4000B46102200348D0F8F000002800D000479B
:109C500070470000B46102200348D0F8F4000028E7
:109C600000D0004770470000B46102200348D0F8DC
:109C7000F800002800D0004770470000B4610220BF
:109C80000348D0F8FC00002800D0004770470000CF
:109C9000B46102200348D0F80001002800D000473A
:109CA00070470000B46102200348D0F80401002886
:109CB00000D0004770470000B46102200348D0F88C
:109CC0000801002800D0004770470000B46102205E
:109CD0000348D0F80C01002800D00047704700006E
:109CE000B46102200348D0F81001002800D00047DA
:109CF00070470000B46102200348D0F81401002826
:109D000000D0004770470000B46102200348D0F83B
:109D10001801002800D0004770470000B4610220FD
:109D20000348D0F81C01002800D00047704700000D
:109D3000B46102200348D0F82001002800D0004779
:109D400070470000B46102200348D0F824010028C5
:109D500000D0004770470000B46102200348D0F8EB
:109D60002801002800D0004770470000B46102209D
:109D70000348D0F82C01002800D0004770470000AD
:109D8000B46102200348D0F83001002800D0004719
:109D900070470000B46102200348D0F83401002865
:109DA00000D0004770470000B46102200348D0F89B
:109DB0003801002800D0004770470000B46102203D
:109DC0000348D0F83C01002800D00047704700004D
:109DD000B46102200348D0F84001002800D00047B9
:109DE00070470000B46102200348D0F84401002805
:109DF00000D0004770470000B46102200348D0F84B
:109E00004801002800D0004770470000B4610220DC
:109E10000348D0F84C01002800D0004770470000EC
:109E2000B46102200348D0F85001002800D0004758
:109E300070470000B46102200348D0F854010028A4
:109E400000D0004770470000B46102200348D0F8FA
:109E50005801002800D0004770470000B46102207C
:109E60000348D0F85C01002800D00047704700008C
:109E7000B46102200348D0F86001002800D00047F8
:109E800070470000B46102200348D0F86401002844
:109E900000D0004770470000B46102200348D0F8AA
:109EA0006801002800D0004770470000B46102201C
:109EB0000348D0F86C01002800D00047704700002C
:109EC000B46102200348D0F87001002800D0004798
:109ED00070470000B46102200348D0F874010028E4
:109EE00000D0004770470000B46102200348D0F85A
:109EF0007801002800D0004770470000B4610220BC
:109F00000348D0F87C01002800D0004770470000CB
:109F1000B46102200348D0F88001002800D0004737
:109F200070470000B46102200348D0F88401002883
:109F300000D0004770470000B46102200348D0F809
:109F40008801002800D0004770470000B46102205B
:109F50000348D0F88C01002800D00047704700006B
:109F6000B46102200348D0F89001002800D00047D7
:109F700070470000B46102200348D0F89401002823
:109F800000D0004770470000B46102200348D0F8B9
:109F90009801002800D0004770470000B4610220FB
:109FA0000348D0F89C01002800D00047704700000B
:109FB000B46102200348D0F8A001002800D0004777
:109FC00070470000B46102200348D0F8A4010028C3
:109FD00000D0004770470000B46102200348D0F869
:109FE000A801002800D0004770470000B46102209B
:109FF0000348D0F8AC01002800D0004770470000AB
:10A00000B46102200348D0F8B001002800D0004716
:10A0100070470000B46102200348D0F8B401002862
:10A0200000D0004770470000B46102200348D0F818
:10A03000B801002800D0004770470000B46102203A
:10A040000348D0F8BC01002800D00047704700004A
:10A05000B46102200348D0F8C001002800D00047B6
:10A0600070470000B46102200348D0F8C401002802
:10A0700000D0004770470000B46102200348D0F8C8
:10A08000C801002800D0004770470000B4610220DA
:10A090000348D0F8CC01002800D0004770470000EA
:10A0A000B46102200348D0F8D001002800D0004756
:10A0B00070470000B46102200348D0F8D4010028A2
:10A0C00000D0004770470000B46102200348D0F878
:10A0D000D801002800D0004770470000B46102207A
:10A0E0000348D0F8DC01002800D00047704700008A
:10A0F000B46102200348D0F8E001002800D00047F6
:10A1000070470000B46102200348D0F8E401002841
:10A1100000D0004770470000B46102200348D0F827
:10A12000E801002800D0004770470000B461022019
:10A130000348D0F8EC01002800D000477047000029
:10A14000B46102200348D0F8F001002800D0004795
:10A1500070470000B46102200348D0F8F4010028E1
:10A1600000D0004770470000B46102200348D0F8D7
:10A17000F801002800D0004770470000B4610220B9
:10A180000348D0F8FC01002800D0004770470000C9
:10A19000B46102202DE9FC5F00260327DFF88C83E1
:10A1A000DFF88CA3DFF88CB3E34DE44C47F6EF31D6
:10A1B0004FF44879092828D2DFE800F02705294C18
:10A1C000A1D6FEFDFC000022DC200CF0E1FECDE972
:10A1D000007030237F2210210F20F7F7CDFF2021C0
:10A1E0003520F8F7DBFF1020F8F7DEFFB8F80000A5
:10A1F000F8F7E0FFD2A0F8F7B7F82868216B401A0B
:10A20000484502D9112060702670BDE8FC9F0022ED
:10A21000DC200CF0BDFECDE900703023822210213D
:10A220000F20F7F7A9FF20213220F8F7B7FF102001
:10A23000F8F7BAFFB8F80000F8F7BCFFC3A0F8F7CA
:10A2400093F82968206B081A4845DED91E206070F3
:10A250002670DAE70022DC200CF09AFECDE90070CF
:10A260003023822210210F20F7F786FF1020F8F705
:10A270009BFFB9480088F8F79DFF10210F20F8F7E1
:10A280008DFFB648007868B9B5A0F8F71FFC00212B
:10A290000420F7F717FEB4A0F8F718FC10210F20E0
:10A2A000F7F71AFEB248007868B9B2A0F8F70EFCCA
:10A2B00000210420F7F706FEABA0F8F707FC1021F9
:10A2C0000F20F7F709FEE07E80B9AC48006868B15E
:10A2D000ABA0F8F7FBFB00210420F7F7F3FDA2A0E9
:10A2E000F8F7F4FB10210F20F7F7F6FD2868216B33
:10A2F000401A41F28831884287D9267085E70022CA
:10A30000DC200CF045FECDE90070302382221021C4
:10A310000F20F7F731FF20211F20F8F73FFF102013
:10A32000F8F742FFB8F80000F8F744FF95A0F8F7F7
:10A330001BF8DAF800004FF07C51884209DADBF8AC
:10A340000000884205DD26700B2060700120A0709F
:10A350005BE72868216B401AB0F5FA6FCED906206A
:10A3600020702868206350E70022DC200CF010FEEB
:10A37000CDE900703023822210210F20F7F7FCFE78
:10A3800020211F20F8F70AFF1020F8F70DFFB8F87A
:10A390000000F8F70FFF7BA0F7F7E6FFDAF8000000
:10A3A0004FF07C51884210DADBF8000088420CDD67
:10A3B000267002E07BE035E013E006F0E3FE0C20BF
:10A3C00060700120A07020711FE72868216B401A7F
:10A3D00040F6C411884291D9062020702868206375
:10A3E00013E70022DC200CF0D3FDCDE90070302310
:10A3F000822210210F20F7F7BFFE20213A20F8F724
:10A40000CDFE1020F8F7D0FEB8F80000F8F7D2FE25
:10A4100061A0F7F7A9FF2868216B401A484597D932
:10A420002670F2E60022DC200CF0B2FDCDE90070CF
:10A430003222142311463720F7F79EFE1020F8F73A
:10A44000B3FEB8F80000F8F7B5FE5548807830B193
:10A4500001280CD0022812D003281FD117E0352183
:10A460003E20F8F79BFE4FA0F8F730FB16E03521B1
:10A470003920F8F793FE4DA0F8F728FB0EE03521C0
:10A480003920F8F78BFE4BA0F8F720FB06E03521CA
:10A490003E20F8F783FE49A0F8F718FB2868216BE7
:10A4A000401A40F2DC5188428ED92670ADE6002277
:10A4B000DC200CF06DFDCDE90070302382221021EC
:10A4C0000F20F7F759FE20212F20F8F767FE102004
:10A4D000F8F76AFEB8F80000F8F76CFE3948807BA0
:10A4E000022804D003280AD0012810D016E0202129
:10A4F0003120F8F753FE34A0F7F736FF0EE02021A5
:10A500002620F8F74BFE33A0F7F72EFF06E02021B8
:10A510002620F8F743FE33A0F7F726FF2868216BC3
:10A52000401A4845C2D926706FE60000AA83FF1F73
:10A530008C83FF1F8883FF1F7C83FF1FB083FF1F57
:10A54000C9E8D6C3B3C9B9A621000000D7A2B2E1B9
:10A55000C2EBB4EDCEF32100AE83FF1F3183FF1FAA
:10A56000494E4132323600004552524F52210000CE
:10A570002683FF1F46555342333032005491FF1F4C
:10A580004F545000D5FDD4DABDF8C8EB5143D3D5B4
:10A59000C6AD2E2E2E000000B2BBD6A7B3D621002A
:10A5A0007461022037535053000000003230535082
:10A5B00053000000353053505300000033535053C4
:10A5C0000000000044B7FF1FD3D5C6ADD2D1BDFBFC
:10A5D000D3C321005044D3D5C6ADD2D1BDFBD3C324
:10A5E000210000005143D3D5C6ADD2D1BDFBD3C3AA
:10A5F0002100000010B50121052005F07DFE38B1D5
:10A6000015480178022909D001780B2906D01EE0EF
:10A6100001221146114809F0FDFC18E010490A68B2
:10A620008368D21AFA2A02D2052101700FE00A6863
:10A630008368D21AFA2A08D309688268891AB1F5A0
:10A640007A7F02D20821017001E000210170BDE88B
:10A6500010400020FBF74EBA6083FF1F0044024009
:10A660007C83FF1F10B54FF48041022005F044FEAB
:10A6700038B116480178032909D001780C2906D091
:10A680001EE001221146124809F0C4FC18E01149ED
:10A690000A68C368D21AFA2A02D2062101700FE0B2
:10A6A0000A68C368D21AFA2A08D30968C268891AE4
:10A6B000B1F57A7F02D20921017001E00021017019
:10A6C000BDE810400E20FBF715BA00006083FF1FA5
:10A6D000004402407C83FF1F10B54FF480610020CE
:10A6E00005F00AFE38B116480178012909D0017831
:10A6F0000A2906D01EE001221146124809F08AFC00
:10A7000018E011490A684368D21AFA2A02D20421D1
:10A7100001700FE00A684368D21AFA2A08D3096860
:10A720004268891AB1F57A7F02D20721017001E0EF
:10A7300000210170BDE810400A20FBF7DBB90000E2
:10A740006083FF1F004402407C83FF1FF0B585B08B
:10A750000024049402940394009401940A268DF832
:10A7600010608DF8004001258DF802508DF80450DE
:10A770006A460121052005F021FE6A46A902002053
:10A7800005F01CFE6A46A903022005F017FE01230E
:10A7900000225F023946104605F050FF8DF8024056
:10A7A0006A463946002005F009FE8DF811508DF8F3
:10A7B000125002208DF8130004A8FBF743F90E2570
:10A7C0008DF8105004A8FBF73DF98DF8104004A84F
:10A7D000FBF738F9ADF808600620ADF80A0021480B
:10A7E000039002A80DF05CFCBDF90A000AF002FE1D
:10A7F000BDF90A000F210AF04BFEBDF90A000AF06C
:10A8000020FEADF808500720ADF80A001648039066
:10A8100002A80DF045FCBDF90A000AF0EBFDBDF9F8
:10A820000A000F210AF034FEBDF90A000AF009FE01
:10A83000ADF808400820ADF80A000C48039002A8C3
:10A840000DF02EFCBDF90A000AF0D4FDBDF90A0096
:10A850000F210AF01DFEBDF90A000AF0F2FD05B055
:10A86000F0BD0000D9A6010065A60100F5A5010014
:10A8700010B51248037812494FF47A72032B07D1AE
:10A880000B68C4681B1B934202D90C21017010BDD8
:10A890000378012B07D10B6844681B1B934202D934
:10A8A0000A21017010BD0378022BFBD1096883686F
:10A8B000C91A9142F6D90B21017010BD6083FF1FA8
:10A8C0007C83FF1F10B500F0BFF94FF40044214610
:10A8D000002005F04BFE0A20FAF7D4FE21460020A6
:10A8E00005F078FE0AF0A2FA00F008FA00F05EF92E
:10A8F000112000F055FAAC48807901287ED0B120B3
:10A9000000F04EFA012000F061FA2C2000F05EFA0F
:10A910002D2000F05BFAB22000F042FA012000F096
:10A9200055FA2C2000F052FA2D2000F04FFAB320F7
:10A9300000F036FA012000F049FA2C2000F046FA27
:10A940002D2000F043FA012000F040FA2C2000F006
:10A950003DFA2D2000F03AFAB42000F021FA072049
:10A9600000F034FAC02000F01BFAA22000F02EFA0A
:10A97000022000F02BFA842000F028FAC12000F019
:10A980000FFAC52000F022FAC22000F009FA0A20CE
:10A9900000F01CFA002000F019FAC32000F000FAC1
:10A9A0008A2000F013FA2A2000F010FAC42000F0E8
:10A9B000F7F98A2000F00AFAEE2000F007FAC52025
:10A9C00000F0EEF90E2000F001FA212000F0E8F985
:10A9D0003A2000F0E5F9052000F0F8F9E02000F059
:10A9E000DFF9022000F0F2F91C2000F0EFF9072057
:10A9F00000F0ECF9122000F0E9F900E064E0372003
:10AA000000F0E4F9322000F0E1F9292000F0DEF94D
:10AA10002D2000F0DBF9292000F0D8F9252000F0E6
:10AA2000D5F92B2000F0D2F9392000F0CFF9002021
:10AA300000F0CCF9012000F0C9F9032000F0C6F9BC
:10AA4000102000F0C3F9E12000F0AAF9032000F083
:10AA5000BDF91D2000F0BAF9072000F0B7F9062073
:10AA600000F0B4F92E2000F0B1F92C2000F0AEF97E
:10AA7000292000F0ABF92D2000F0A8F92E2000F0DD
:10AA8000A5F92E2000F0A2F9372000F09FF93F2011
:10AA900000F09CF9002000F099F9002000F096F9F0
:10AAA000022000F093F9102000F090F9F02000F05F
:10AAB00077F9012000F08AF9132000F071F9BDE860
:10AAC0001040292000F06CB9B12000F069F9052090
:10AAD00000F07CF93C2000F079F93C2000F076F998
:10AAE000B22000F05DF9052000F070F93C2000F084
:10AAF0006DF93C2000F06AF9B32000F051F905200F
:10AB000000F064F93C2000F061F93C2000F05EF9AF
:10AB1000052000F05BF93C2000F058F93C2000F0E3
:10AB200055F9B42000F03CF9032000F04FF9C020A3
:10AB300000F036F90E2000F049F90E2000F046F939
:10AB4000042000F043F9C12000F02AF9C52000F0EC
:10AB50003DF9C22000F024F90D2000F037F9002063
:10AB600000F034F9C32000F01BF98D2000F02EF91D
:10AB70002A2000F02BF9C42000F012F98D2000F0FB
:10AB800025F9EE2000F022F9C52000F009F9062091
:10AB900000F01CF9202000F003F93A2000F000F941
:10ABA000552000F013F919E77461022010B58EB03A
:10ABB000302102A8F5F707FC0121C80306F016F8BA
:10ABC0000121480406F012F80120ADF80800ADF8A4
:10ABD0000A0000210391194A04928DF82C008DF887
:10ABE0002D108DF832108DF83500154C02AA204634
:10ABF000FAF7E4FA4FF49B7200212046FAF75EFC64
:10AC000001212046FAF7A4FA0220ADF802000D480F
:10AC100001902420ADF8000068460DF041FABDF91E
:10AC200002000F210AF054FCBDF902000AF0FCFBFF
:10AC3000BDF902000AF01FFC0EB010BD000002407A
:10AC400000340540E1AC01001CB5002000900190EB
:10AC500001248DF8004002208DF805006A4680210D
:10AC6000012005F0ABFB6A46E103002005F0A6FBDE
:10AC70008DF802406A460421052005F09FFB04215F
:10AC8000052005F073FC1CBD10B50B4CA079012804
:10AC900004D10A480021017118214171FFF712FE09
:10ACA000607800B1012000F0DBF8207900F0A4F812
:10ACB000BDE8104000F004B8746102209C83FF1FBF
:10ACC00010B500214F239F22084600F0D9F8034811
:10ACD000BDE810404FF4C84100F01EB94CD501202A
:10ACE00010B5022200210348FAF7C6F902490120F3
:10ACF000087010BD003405409C83FF1F10B588B05C
:10AD00001C2101A8F5F75FFB0121880405F0AEFFC7
:10AD100000232B224021012005F090FC0023282253
:10AD20002021012005F08AFC00208DF812008DF80A
:10AD3000150004218DF813108DF814008DF8100003
:10AD40008DF811008DF80F0001218DF816108DF887
:10AD500017108DF819008DF81A008DF81B008DF86A
:10AD60001C008DF81D008DF818108DF804108DF85A
:10AD700005008DF806108DF807008DF808100520E5
:10AD80008DF80900054C01A9204607F063FE01215A
:10AD9000204607F0BDFD08B010BD000000000240D5
:10ADA00070B50546084C0521204607F0EDFD00284A
:10ADB000F9D08021012005F0D9FB29462046BDE8C5
:10ADC000704008F073B800000000024070B50546FE
:10ADD000084C0521204607F0D7FD0028F9D0802136
:10ADE000012005F0F7FB29462046BDE8704008F039
:10ADF0005DB800000000024010B504462046F5F79B
:10AE000075FC9FED101B53EC112BF5F700FC41EC8A
:10AE1000100B9FED0E1B0AF05BFD5CB19FED0D1B4F
:10AE200051EC100B53EC112BF5F77FFBF5F76BFC96
:10AE300082B200E00122BDE810400621074809F077
:10AE400077BD00000000000000005940175D74D17C
:10AE50004517DD3F0000000000489D40005C0140B8
:10AE600010B504463620FFF79BFF24B1BDE8104023
:10AE7000A820FFF7ABBFBDE810406820FFF7A6BFD2
:10AE80002DE9F0410746884615461E462A20FFF761
:10AE900087FF1F4C20793844000AFFF797FF20797D
:10AEA0003844C0B2FFF792FF20792844C0F307204E
:10AEB000FFF78CFF20792844C0B2FFF787FF2B20D3
:10AEC000FFF76EFF60794044000AFFF77FFF60796B
:10AED0004044C0B2FFF77AFF60793044C0F30720E6
:10AEE000FFF774FF60793044C0B2FFF76FFF2C208A
:10AEF000FFF756FF074C0521204607F045FD0028C7
:10AF0000F9D02046BDE8F041002107F001BD000066
:10AF10009C83FF1F0000024070B50D460C4C02469A
:10AF200000212046FAF72CFA2A4600212046FAF79B
:10AF300073FA8021012005F04DFB012200212046FB
:10AF4000F9F7C0FFBDE870400121024807F0E0BCFE
:10AF500000340540000002402DE9F0412DED028B48
:10AF600082B01020F8F720F900210846F8F716F90A
:10AF7000C04C2088F8F71EF9BFA0F7F7F5F90021BB
:10AF80005820F8F70BF9BF49012091ED000AF8F7B6
:10AF90004DF8BDA0F7F79AFDBC4F3878BC4E4FF086
:10AFA00010053178084208D02088CDE9000500233B
:10AFB000B8A219469020F8F703F938783178884319
:10AFC00008D02088CDE900050023B3A219469020BF
:10AFD000F8F7F6F830783978884308D02088CDE93A
:10AFE00000050023ACA219469020F8F7E9F838785C
:10AFF00050B9307840B92088CDE900050023A5A2DA
:10B0000019469020F8F7DCF8A449FF20122309889C
:10B01000CDE900109F2219460020F7F76BF8A048F1
:10B020000088F8F7C7F814210020F8F7B7F89DA0BA
:10B03000F7F74CFD0C20F8F7B7F803210020F6F7DE
:10B0400041FF99A0F7F742FD6FF00208414600204A
:10B05000F6F738FF1020F8F7A7F8944F944D97EDC6
:10B06000000AD5ED000A9FED938A934CB4EEE00AF6
:10B07000F1EE10FA0BDD30EE600A0520C0EE080A92
:10B0800094ED000A20EE800AF7F7D0FF0AE070EE98
:10B09000C00A052080EE880AD4ED000A20EE200ABE
:10B0A000F7F7C4FF85A0F7F711FD00210520F6F79B
:10B0B00009FF83A0F7F70AFD0C20F8F775F80321C4
:10B0C0000020F6F7FFFE7FA0F7F700FD41460020C5
:10B0D000F6F7F8FE1020F8F767F897ED000A02205F
:10B0E000C0EE080A94ED000A20EE800AF7F79EFFF2
:10B0F00072A0F7F7EBFC24210120F8F74FF872A0BB
:10B10000F7F7E4FC0C20F8F74FF803210020F6F7DE
:10B11000D9FE6EA0F7F7DAFC41460020F6F7D2FE22
:10B120001020F8F741F86B4E042096ED000AF7F76F
:10B130007DFF69A0F7F7CAFC00210520F6F7C2FEE3
:10B140005FA0F7F7C3FC0C20F8F72EF803210020CE
:10B15000F6F7B8FE61A0F7F7B9FC41460020F6F714
:10B16000B1FE1020F8F720F895ED000A0220C0EE9D
:10B17000080A94ED000A20EE800AF7F757FF4FA067
:10B18000F7F7A4FC36210020F8F708F896ED000A3E
:10B19000534910EE100A884258DD38684FF08A4152
:10B1A000884202DB2868884250DA1C20F7F7FCFF4F
:10B1B0004C4D4D494D4C95ED000A10EE100A884259
:10B1C00003DA0320F7F732FF26E010EE100A4849B1
:10B1D000884203DA0220F7F729FF1DE010EE100A7B
:10B1E000A04203DA0120F7F721FF15E010EE100A64
:10B1F00040499FED411A884207DAC0EE010A032058
:10B20000B0EE600AF7F712FF06E0C0EE010A022076
:10B21000B0EE600AF7F70AFF1020F7F7C5FF042128
:10B220000320F6F74FFE2868A04207DA02B033A0E9
:10B23000BDEC028BBDE8F041F7F748BC02B030A08E
:10B24000BDEC028BBDE8F041F7F740BC392100208E
:10B25000F7F7A4FF4220F7F7A7FF2A480088F7F77F
:10B26000A9FF02B028A0BDEC028BBDE8F041F7F7C2
:10B270002DBC0000AC83FF1FBFAAB6FBCEC4B2E258
:10B28000CFDF00008483FF1FA1E600003083FF1F93
:10B29000A683FF1F3E0000003C000000A883FF1FA4
:10B2A000AA83FF1F44000000753A00009083FF1F2F
:10B2B0009483FF1F00F07F458083FF1F560000002E
:10B2C00055000000313A0000490000006275733AF1
:10B2D000000000003C83FF1F41000000323A0000E4
:10B2E000CDCCCC3E588DFF1F0000204100007A4499
:10B2F0000000C84200401C4600007A446DA6B80019
:10B30000A6B80000AE83FF1FC7EBD5FDC8B7BDD3FD
:10B31000C8EBBFAAB6FBCEC4B2E2CAD4D2C7000003
:10B320002DE9F04F2DED028B83B0FD48017800250B
:10B33000FC4EFD4CDFF8F49304290CD0017805296C
:10B340000DD0017806290ED001780A290FD0017896
:10B350000B2918D021E00570012060701DE00570F8
:10B360000220607019E005700A20607015E0057019
:10B37000307880F001003070ED494870FFF770FDC3
:10B38000FCF73AFD09E0057099F80E00012813D08A
:10B39000A07810B106F0EFF8A5701020F7F704FFC1
:10B3A000E44F3888F7F706FFE3490A78307802421D
:10B3B0004DD1097839B107E072B600210220FCF7BF
:10B3C0004BFC62B6E9E7E8B394ED0D0A4121BCEE0F
:10B3D000C00A10EE100AC0B2F7F7E0FED7A0F7F7E8
:10B3E00075FB94ED0E0A4121BCEEC00A10EE100A66
:10B3F000C0B2F7F7D3FED1A0F7F768FB4FF0FF0A12
:10B40000CDE9005A4F23682241215820F6F772FEF9
:10B41000CDE9005A4F238F2241217F20F6F76AFEA3
:10B42000DFF81CB39BED000A9FEDC61AB5EEC00A0B
:10B43000F1EE10FA71DD94ED0D0AC34910EE100A19
:10B44000884200E003E023DC84ED0D1A6BE094ED0C
:10B450000D0ADFEDBE0A30EEC00ABDEEC00A10EEE6
:10B46000100A94ED0E0A30EEC00ABDEEC00A10EECE
:10B47000106AC0B24121F7F791FEB5A0F7F726FB9D
:10B48000F0B24121F7F78AFEB1A0F7F71FFBB5E74D
:10B49000D4ED0E0A10EE900A884202DC84ED0E1AFA
:10B4A00041E09BED001AAB4911EE100A88420ADA1E
:10B4B0009FEDA91A30EE410A84ED0D0A30EEC10A63
:10B4C00084ED0E0A2FE09BED001AA44911EE100A3C
:10B4D000B0EE041A884216DADBED001A61EE812A1A
:10B4E000DFED9F1A82EEA12A30EE420A84ED0D0AAA
:10B4F0009BED000A20EE011A81EE210A30EEC00A0F
:10B5000084ED0E0A0FE030EE410A84ED0D0A30EEB4
:10B51000C10A84ED0E0A06E0FFE79FED920A84ED72
:10B520000D0A84ED0E1A9048DFF840821C2490ED3D
:10B53000000A8F4E10EE101A41450BDA3188CDE922
:10B540000014002390ED000A042219461846F8F76B
:10B55000A1F80AE03188CDE90014002390ED000A3B
:10B56000032219461846F8F795F83088CDE900040B
:10B57000002380A219465320F7F722FE7E487F4D14
:10B5800090ED000A10EE101A41450BDA2988CDE93A
:10B590000014002390ED000A04221B211846F8F73E
:10B5A00079F80AE02988CDE90014002390ED000A1B
:10B5B00003221B211846F8F76DF82888CDE900040E
:10B5C00000236FA21B215320F7F7FAFD9BED000A21
:10B5D00010EE100A40450BDA3888CDE9000400234C
:10B5E00004229BED000A37211846F8F753F823E0B0
:10B5F0009BED000A10EE100A404512DB9BED000A9D
:10B60000604910EE100A88420BDA3888CDE9000450
:10B61000002303229BED000A37211846F8F73AF879
:10B620000AE03888CDE90004002302229BED000ADD
:10B6300037211846F8F72EF83888CDE900040023A2
:10B6400051A237215320F7F7BBFD2888CDE9000A26
:10B650004F23682200216720F6F74CFD99F8080077
:10B66000DFED4A8A1024022838D0042857D03088C9
:10B67000CDE90004002346A219466C20F7F7A0FD8F
:10B680003088CDE9000443480023022290ED000AEF
:10B6900019468020F7F7FEFF3088CDE9000400232B
:10B6A0003DA211216C20F7F78BFD3088CDE9000415
:10B6B0003A480023022290ED000A11218020F7F77A
:10B6C000E9FF0CF051FB801E0C286DD2DFE800F082
:10B6D000FCFBFAF9F8F7F6F5F4F3F2F1B9F80A0021
:10B6E0009FED2F8A00EE100AB8EE400A20EE080AFD
:10B6F00010EE101A41456BDA3088CDE900040023C2
:10B7000028A201216B20F7F75BFD3088CDE900040A
:10B71000B9F80A0000EE100AB8EE400A45E096E0DB
:10B720006083FF1FA683FF1FB083FF1F44B7FF1F67
:10B7300074610220AC83FF1F3083FF1F3C000000B8
:10B740004083FF1F0000FE420000B042000058434B
:10B750003E00000000004041CDCC4C3E00001643AE
:10B76000000016430000D8423483FF1F0000204130
:10B77000A883FF1F560000003C83FF1FAA83FF1F02
:10B78000410000000000C84257000000CDCC4C3DF5
:10B79000442B00008883FF1F442D00008C83FF1F73
:10B7A0000AD7A33C3000000087E120EE080A0023FE
:10B7B000022201217420F7F76DFF30880023AFF2D9
:10B7C0004C02CDE9000401219420F7F7F9FC18E0C0
:10B7D00000EE100A3188CDE90014B8EE400A0023CB
:10B7E0000222012120EE080A6B20F7F753FF308870
:10B7F0000023AFF28002CDE9000401219420F7F785
:10B80000DFFC30880023AFF26402CDE9000411218F
:10B810006B20F7F7D5FC3088CDE9000499F80C00CF
:10B82000002300EE100A02221121B8EE400A742013
:10B8300020EE280AF7F72EFF30880023AFF2C0026F
:10B84000CDE9000411219420F7F7BAFC39E7B9F8E3
:10B850000A0000EE100AB8EE400A9FEDBB8A20EE07
:10B86000080A10EE101A414532DA30880023AFF290
:10B87000CC02CDE9000401216B20F7F7A1FC308850
:10B88000CDE90004B9F80A00002300EE100A0222F4
:10B890000121B8EE400A742020EE080AF7F7FAFEFC
:10B8A00030880023AFF23412CDE900040121942046
:10B8B0000BE0F8E0EDE0E2E0D7E08EE083E078E056
:10B8C0006DE062E057E04CE041E0F7F779FC18E00A
:10B8D00000EE100A3188CDE90014B8EE400A0023CA
:10B8E0000222012120EE080A6B20F7F7D3FE3088F0
:10B8F0000023AFF28012CDE9000401219420F7F774
:10B900005FFC30880023AFF26412CDE900041121FE
:10B910006B20F7F755FC3088CDE9000499F80C004E
:10B92000002300EE100A02221121B8EE400A742012
:10B9300020EE280AF7F7AEFE30880023AFF2C012DF
:10B94000CDE9000411219420F7F73AFCB9E62888E4
:10B95000CDE9000400237DA221217020F7F730FCFF
:10B96000B4E02888CDE9000400237AA221217020C8
:10B97000F7F726FCAAE02888CDE90004002377A287
:10B9800021216C20F7F71CFCA0E02888CDE90004F9
:10B99000002374A221216C20F7F712FC96E028887E
:10B9A000CDE90004002371A221216F20F7F708FCE4
:10B9B0008CE02888CDE9000400236EA221217520A7
:10B9C000F7F7FEFB82E02888CDE9000400236AA295
:10B9D00021217320F7F7F4FB78E099F800000A289A
:10B9E00021D22888CDE90004002364A221217120FE
:10B9F000F7F7E6FB2888CDE9000499F8000000235A
:10BA000000EE100A1A462121B8EE400A8620F7F708
:10BA100041FE2888CDE90004002351A221218F2076
:10BA2000F7F7CEFB52E02888CDE90004002353A2AB
:10BA300021216C20F7F7C4FB2888CDE9000499F890
:10BA40000000002300EE100A1A462121B8EE400A39
:10BA50008120F7F71FFE2888CDE90004002340A2CB
:10BA600021219320F7F7ACFB30E02888CDE90004D2
:10BA7000002343A221217520F7F7A2FB26E02888A6
:10BA8000CDE9000400233FA221217420F7F798FBA1
:10BA90001CE02888CDE9000400233BA22121752069
:10BAA000F7F78EFB12E02888CDE90004002337A2C7
:10BAB00021217520F7F784FB08E02888CDE90004F0
:10BAC000002333A221216C20F7F77AFB3888CDE9D7
:10BAD000000431480023012290ED000A31216D203D
:10BAE000F7F7D8FD3888CDE9000400232BA23121D7
:10BAF0008E20F7F765FB2A48007888B1012819D015
:10BB0000022808D13888CDE90004002325A241216C
:10BB10007F20F7F755FB03B0BDEC028BBDE8F08F3B
:10BB20003888CDE9000400231AA240218220F7F7CB
:10BB300047FBF0E73888CDE9000400231AA2412131
:10BB40007F20F7F73DFBE6E7CDCCCC3C51433556A3
:10BB500000000000514339560000000051433132CB
:10BB60005600000051433230560000005143332E3E
:10BB70003000000053435000464350005044000042
:10BB80005050530044435000564152004156530018
:10BB90002D2D2D2D2D2D2D008483FF1FA1E60000BE
:10BBA0002083FF1F434332004343310002490020FA
:10BBB00008700249487070476083FF1FB083FF1F01
:10BBC0002DE9F04F2DED108B83B0F6480178F64D3E
:10BBD000F64C4FF0000A04290CD0017805290ED04C
:10BBE0000178062910D001780A2912D001780B2992
:10BBF0001CD027E080F800A00220607022E080F8CE
:10BC000000A084F801A01DE080F800A00A20607068
:10BC100018E080F800A0287880F001002870E4493E
:10BC20004870FFF71DF9FCF7E7F80BE080F800A07B
:10BC3000E048807B012814D0A07818B105F09BFC67
:10BC400084F802A01020F7F7AFFADB4E3088F7F740
:10BC5000B1FADA490A78287802424AD1097839B12A
:10BC600007E000210220FBF7F7FFF9F7C9FFE9E73A
:10BC7000F0B394ED0D0AB0EE008A422130EE480A8E
:10BC8000BCEEC00A10EE100AC0B2F7F787FACCA0DB
:10BC9000F6F71CFF94ED0E0A422130EE480ABCEE86
:10BCA000C00A10EE100AC0B2F7F778FAC4A0F6F78F
:10BCB0000DFF4FF0FF0B4F23682242215820CDE9A2
:10BCC00000ABF6F717FADFF8FC8298ED000A9FED5B
:10BCD000BE1AB5EEC00AF1EE10FA72DD94ED0D0A4F
:10BCE000BA4810EE101A814226DC84ED0D1A6EE07F
:10BCF000FFE7D4ED0D0A9FEDB60A70EE600AFDEE87
:10BD0000E00A10EE900AD4ED0E0A30EE600ABDEEA5
:10BD1000C00A10EE105A801EC0B24221F7F73EFA58
:10BD2000ACA0F6F7D3FEAD1EE8B24221F7F736FA23
:10BD3000A8A0F6F7CBFEBCE7D4ED0E0A10EE901AE1
:10BD4000814202DC84ED0E1A41E098ED001AA2490E
:10BD500011EE100A88420ADA9FEDA01A30EE410A6D
:10BD600084ED0D0A30EEC10A84ED0E0A2FE098ED45
:10BD7000001A9B4911EE100AB0EE041A884216DA36
:10BD8000D8ED001A61EE812ADFED961A82EEA12A23
:10BD900030EE420A84ED0D0A98ED000A20EE011AF9
:10BDA00081EE210A30EEC00A84ED0E0A0FE030EE7B
:10BDB000410A84ED0D0A30EEC10A84ED0E0A06E058
:10BDC000FFE79FED890A84ED0D0A84ED0E1A87487E
:10BDD000874C1C2790ED000A864D10EE101AA142E8
:10BDE0000BDA2988CDE90017002390ED000A042220
:10BDF00019461846F7F74EFC0AE02988CDE90017E6
:10BE0000002390ED000A032219461846F7F742FC7A
:10BE10002888CDE90007002377A219465320F7F7B9
:10BE2000CFF97648DFF8D89190ED000A10EE101A9D
:10BE3000A1420CDAB9F80010CDE90017002390ED0B
:10BE4000000A04221B211846F7F724FC0BE0B9F87E
:10BE50000010CDE90017002390ED000A03221B21FA
:10BE60001846F7F717FCB9F80000CDE900070023E2
:10BE700064A21B215320F7F7A3F998ED000A40466E
:10BE800010EE102A21469FED60CB9FED61BB9FED28
:10BE900062DBDFF88C819FED63EB9FED64FB9FED30
:10BEA000659B9FED66AB9FED678B10248A420BDA92
:10BEB0003188CDE90017002390ED000A04223721D4
:10BEC0001846F7F7E7FB23E090ED000A10EE102A82
:10BED0008A4212DB90ED000A5C4A10EE101A914281
:10BEE0000BDA3188CDE90017002390ED000A032218
:10BEF00037211846F7F7CEFB0AE03188CDE9001765
:10BF0000002390ED000A022237211846F7F7C2FB02
:10BF10003088CDE9000700234DA237215320F7F7E1
:10BF20004FF9B9F80000CDE9000B4F23682200213A
:10BF30006720F6F7DFF898ED000B53EC1B2B51EC64
:10BF4000100BF4F70DFC09D22888CDE9000400237A
:10BF500040A219467220F7F733F908E02888CDE9A6
:10BF6000000400233DA219467820F7F729F998ED3F
:10BF7000000B53EC192B51EC100BF4F7F1FB70D2C2
:10BF800098ED000B51EC100BF4F71AFC00EE100AC0
:10BF90002888CDE90004002304220E216B20F7F746
:10BFA00079FB61E16083FF1FA683FF1FB083FF1F42
:10BFB0007461022044B7FF1FAC83FF1F3083FF1F53
:10BFC0003C0000004083FF1F0000FE420000B04222
:10BFD000000058433E00000000004041CDCC4C3EE4
:10BFE00000001643000016430000D8423483FF1FB0
:10BFF00000002041A883FF1F560000003C83FF1F64
:10C00000AA83FF1F41000000000000000088C34019
:10C0100000000000006AF8400000000080842E410B
:10C020005883FF1F9A9999999999B93F0000000088
:10C030000000F03F0000000000002440000000006D
:10C04000000059400000000000408F400000C8423E
:10C05000570000006D41683A0000000041683A0056
:10C06000FFE798ED000B53EC192B51EC100BF4F794
:10C070008FFB1AD898ED000B53EC1A2B51EC100BD8
:10C08000F4F76EFB11D298ED000B51EC100BF4F7A6
:10C0900097FB00EE100A2888CDE900040023032254
:10C0A0000E216B20F7F7F6FADEE098ED000B53EC6B
:10C0B0001A2B51EC100BF4F76BFB1AD898ED000B10
:10C0C00053EC182B51EC100BF4F74AFB11D298EDFE
:10C0D000000B51EC100BF4F773FB00EE100A2888EC
:10C0E000CDE90004002302220E216B20F7F7D2FADB
:10C0F000BAE098ED000B53EC182B51EC100BF4F751
:10C1000047FB1AD898ED000B53EC1C2B51EC100B8D
:10C11000F4F726FB11D298ED000B51EC100BF4F75D
:10C120004FFB00EE100A2888CDE90004002301220D
:10C130000E216B20F7F7AEFA96E098ED000B53EC6A
:10C140001C2B51EC100BF4F723FB1AD898ED000BC5
:10C1500053EC1B2B51EC100BF4F702FB11D298EDB2
:10C16000000B51EC100BF4F72BFB00EE100A2888A3
:10C17000CDE9000400231A460E216B20F7F78AFA56
:10C1800072E098ED000B53EC1B2B51EC100BF4F705
:10C19000FFFA22D898ED000B53EC1D2B51EC100B3D
:10C1A000F4F7DEFA19D2B0EE480AF0EE680A53EC62
:10C1B000102B98ED000B51EC100BF4F728FAF4F764
:10C1C000FFFA00EE100A2888CDE9000400230222BD
:10C1D0000E216B20F7F75EFA46E098ED000B53EC6A
:10C1E0001D2B51EC100BF4F7D3FA24D89FEDE20B82
:10C1F00053EC102B98ED000B51EC100BF4F7B0FA48
:10C2000019D2B0EE480AF0EE680A53EC102B98ED04
:10C21000000B51EC100BF4F7FAF9F4F7D1FA00EE39
:10C22000100A2888CDE90004002301220E216B208A
:10C23000F7F730FA18E0B0EE480AF0EE680A53EC6F
:10C24000102B98ED000B51EC100BF4F7E0F9F4F71C
:10C25000B7FA00EE100A2888CDE9000400231A4638
:10C260000E216B20F7F716FAC54D53EC1F2B95EDF9
:10C27000000B51EC100BF4F773FA0AD2B9F8000076
:10C28000CDE900040023BFA21B217220F6F798FF1E
:10C2900009E0B9F80000CDE900040023BBA21B218E
:10C2A0007820F6F78DFF9FEDBABB95ED000B53ECB0
:10C2B0001B2B51EC100BF4F753FA16D295ED000B33
:10C2C00053EC182B51EC100BF4F72FF9F4F778FA24
:10C2D00000EE100AB9F80000CDE9000400230422A2
:10C2E00029216B20F7F7D6F9F7E095ED000B53EC19
:10C2F0001B2B51EC100BF4F74BFA1FD895ED000BEC
:10C3000053EC1E2B51EC100BF4F72AFA16D295EDD4
:10C31000000B53EC182B51EC100BF4F706F9F4F763
:10C320004FFA00EE100AB9F80000CDE9000400232E
:10C33000032229216B20F7F7ADF9CEE095ED000B34
:10C3400053EC1E2B51EC100BF4F722FA1FD895ED8D
:10C35000000B53EC1F2B51EC100BF4F701FA16D223
:10C3600095ED000B53EC182B51EC100BF4F7DDF8A6
:10C37000F4F726FA00EE100AB9F80000CDE900043F
:10C380000023022229216B20F7F784F9A5E095ED1F
:10C39000000B53EC1F2B51EC100BF4F7F9F91BD8E1
:10C3A00095ED000B53EC192B51EC100BF4F7D8F969
:10C3B00012D295ED000B51EC100BF4F701FA00EEE0
:10C3C000100AB9F80000CDE9000400230422292155
:10C3D0006B20F7F75FF980E095ED000B53EC192B1C
:10C3E00051EC100BF4F7D4F91BD895ED000B53EC7E
:10C3F0001A2B51EC100BF4F7B3F912D295ED000B98
:10C4000051EC100BF4F7DCF900EE100AB9F800005B
:10C41000CDE900040023032229216B20F7F73AF924
:10C420005BE095ED000B53EC1A2B51EC100BF4F77D
:10C43000AFF91BD895ED000B53EC182B51EC100BFA
:10C44000F4F78EF912D295ED000B51EC100BF4F7C6
:10C45000B7F900EE100AB9F80000CDE90004002396
:10C46000022229216B20F7F715F936E095ED000B34
:10C4700053EC182B51EC100BF4F78AF91BD895EDFF
:10C48000000B53EC1C2B51EC100BF4F769F912D292
:10C4900095ED000B51EC100BF4F792F900EE100A39
:10C4A000B9F80000CDE900040023012229216B2006
:10C4B000F7F7F0F811E095ED000B51EC100BF4F7E5
:10C4C0007FF900EE100AB9F80000CDE9000400235E
:10C4D0001A4629216B20F7F7DDF830880C25CDE9C5
:10C4E00000A02D4802950223027837216920F7F732
:10C4F00051F93088CDE90005002328A238217720A2
:10C50000F6F75EFE30880295CDE900A024480223AC
:10C51000372102787D20F7F73DF93088CDE9000515
:10C5200000231EA238218B20F6F74AFE30880295A0
:10C53000CDE900A01B480223372102789120F7F7AC
:10C5400029F93088CDE90004174800231A4690EDF8
:10C55000000A42217C20F7F79DF83088CDE90004DD
:10C56000002312A242218E20F6F72AFE03B0BDEC72
:10C57000108BBDE8F08F000000000000D012634176
:10C580005083FF1F6D57683A0000000057683A005B
:10C590007B14AE47E17A843FF58CFF1F3A00000020
:10C5A000F68CFF1FF78CFF1F8483FF1FA1E600009E
:10C5B0002DE9F04F2DED028B83B0FE480178002568
:10C5C000FD4EFE4C04290CD0017805290CD00178D1
:10C5D00006290DD001780A290ED001780B2917D031
:10C5E00020E0057065701DE005700120607019E0A5
:10C5F00005700A20607015E00570307880F0010049
:10C600003070EF494870FEF72BFCFBF7F5FB09E0B3
:10C610000570EC48807B012813D0A07810B104F09D
:10C62000AAFFA5701020F6F7BFFDE74D2888F6F7A2
:10C63000C1FDE6490A783078024238D1097839B12B
:10C6400007E000210220FBF707FBF9F7D9FAE9E739
:10C6500068B394ED0F0A0021BCEEC00A10EE100A78
:10C66000C0B2F6F79BFDDAA0F6F730FA94ED100AA7
:10C670000021BCEEC00A10EE100AC0B2F6F78EFD23
:10C68000D3A0F6F723FAD34890ED000AB5EEC00A1E
:10C69000F1EE10FA71DD94ED0F0ACF4910EE102A79
:10C6A0009FEDCE1A8A4223DC84ED0F1A6DE094EDE3
:10C6B0000F0ADFEDCB0A30EEC00ABDEEC00A10EE65
:10C6C000100A94ED100A30EEC00ABDEEC00A10EE5A
:10C6D000106AC0B20021F6F761FDC2A0F6F7F6F9C4
:10C6E000F0B20021F6F75AFDBEA0F6F7EFF9CAE75F
:10C6F000D4ED100A10EE902A8A4202DC84ED101A62
:10C7000043E090ED001AB84A11EE101A91420ADA8D
:10C710009FEDB61A30EE410A84ED0F0A30EEC10AE1
:10C7200084ED100A31E090ED001AB14A11EE101AB2
:10C73000B0EE041A914216DAD0ED001A61EE812AA9
:10C74000DFEDAC1A82EEA12A30EE420A84ED0F0A28
:10C7500090ED000A20EE011A81EE210A30EEC00AA7
:10C7600084ED100A11E030EE410A84ED0F0A30EE3C
:10C77000C10A84ED100A08E0FFE79FED9F0A84EDEF
:10C780000F0A9FED9E0A84ED100A10242888CDE937
:10C7900000049B4800231A4690ED000A19466B20BE
:10C7A000F6F778FF2888CDE90004002395A2194602
:10C7B0007D20F6F705FD9448944EDFF854B290EDD5
:10C7C000000A10EE101AB1420CDABBF80010CDE9E5
:10C7D0000014002390ED000A032219461846F6F7CC
:10C7E00059FF0BE0BBF80010CDE90014002390EDD9
:10C7F000000A022219461846F6F74CFFBBF8000063
:10C80000CDE90004002383A219462920F6F7D8FCBD
:10C810008148DFF808A290ED000A10EE101AB1422C
:10C820000CDABAF80010CDE90014002390ED000AEC
:10C83000032219463520F6F72DFF0BE0BAF8001059
:10C84000CDE90014002390ED000A0222194635209C
:10C85000F6F720FFBAF80000CDE90004002370A22B
:10C8600019465E20F6F7ACFCFF20BAF80010CDE9BF
:10C87000001013239F2212210020F5F73BFC4FF0FC
:10C880004209BBF80000CDE90009002365A2172189
:10C890001846F6F795FC654890ED000A10EE100A70
:10C8A000B0420ADABBF80000CDE9000400230222FE
:10C8B00018211920F6F7EEFE09E0BBF80000CDE9DB
:10C8C00000040023012218211920F6F7E3FEBBF82B
:10C8D0000000CDE9000400234EA218213920F6F70C
:10C8E0006FFC534890ED000A10EE100AB0420ADACD
:10C8F000BBF80000CDE900040023022218214520E6
:10C90000F6F7C8FE09E0BBF80000CDE900040023FB
:10C91000012218214520F6F7BDFEBBF80000CDE945
:10C92000000400233EA218216520F6F749FC414887
:10C93000364F4FF0D47890ED000A7F4210EE100A87
:10C94000B0420ADABBF80000CDE90004002302225D
:10C9500018217120F6F79EFE19E010EE100A3844F7
:10C9600040450AD2BBF80000CDE9000400230122B3
:10C9700018217120F6F78EFE09E0BBF80000CDE922
:10C98000000400231A4618217120F6F783FEBBF835
:10C990000000CDE90004002327A218219120F6F71A
:10C9A0000FFCBAF80000CDE90009002323A22B21D7
:10C9B000184647E06083FF1FA683FF1FB083FF1F59
:10C9C0007461022044B7FF1FAC83FF1F3083FF1F39
:10C9D0003C0000004083FF1F0000F44200001F43A2
:10C9E00000808C433E00000000004041CDCC4C3E16
:10C9F000000016430000164300000F4300002243CE
:10CA00008483FF1FA1E600003483FF1F0000204144
:10CA1000A883FF1F560000003C83FF1FAA83FF1F4F
:10CA200041000000D7EEB8DF00000000288DFF1F96
:10CA30002C8DFF1F308DFF1F57000000C6BDBEF9B3
:10CA400000000000F6F7BCFBA04890ED000A10EED5
:10CA5000100AB0420ADABAF80000CDE90004002357
:10CA600002222C211920F6F715FE09E0BAF8000081
:10CA7000CDE90004002301222C211920F6F70AFE3B
:10CA8000BAF800000023AFF27402CDE900042C21B3
:10CA90003920F6F795FB8E4890ED000A10EE100A4B
:10CAA000B0420ADABAF80000CDE9000400230222FD
:10CAB0002C214520F6F7EEFD09E0BAF80000CDE99B
:10CAC0000004002301222C214520F6F7E3FDBAF8EB
:10CAD00000000023AFF2B802CDE900042C2165204C
:10CAE000F6F76EFB7B4890ED000A10EE100AB0429C
:10CAF0000ADABAF80000CDE90004002302222C2152
:10CB00007120F6F7C7FD19E010EE100A38444045D1
:10CB10000AD2BAF80000CDE90004002301222C213A
:10CB20007120F6F7B7FD09E0BAF80000CDE900047E
:10CB300000231A462C217120F6F7ACFDBAF800004C
:10CB40000023AFF20C12CDE900042C219120F6F75E
:10CB500037FB2888CDE9000900235FA23F21184652
:10CB6000F6F72EFB5E48DFF87C9190ED000A10EEA0
:10CB7000100A9FED5D8A48450BD12888CDE9000455
:10CB800000230222B0EE480A40211920F6F782FD68
:10CB900016E010EE100AB04209DA2888CDE9000448
:10CBA0000023022240211920F6F774FD08E02888AE
:10CBB000CDE900040023012240211920F6F76AFD87
:10CBC00028880023AFF2B412CDE9000440213920B7
:10CBD000F6F7F6FA454890ED000A10EE100A4845BF
:10CBE0000BD12888CDE9000400230222B0EE480AC8
:10CBF00040214520F6F74EFD16E010EE100AB04237
:10CC000009DA2888CDE900040023022240214520CA
:10CC1000F6F740FD08E02888CDE900040023012252
:10CC200040214520F6F736FD28880023AFF2102278
:10CC3000CDE9000440216520F6F7C2FA2C4890EDBA
:10CC4000000A10EE100A48450BD12888CDE90004EF
:10CC500000230222B0EE480A40217120F6F71AFDA7
:10CC600025E010EE100AB04209DA2888CDE9000468
:10CC70000023022240217120F6F70CFD17E010EE90
:10CC8000100A3844404509D22888CDE90004002321
:10CC9000012240217120F6F7FDFC08E02888CDE94B
:10CCA000000400231A4640217120F6F7F3FC28887F
:10CCB0000023AFF27C22CDE9000440219120F6F759
:10CCC0007FFA03B0BDEC028BBDE8F08F348DFF1FFF
:10CCD000388DFF1F3C8DFF1FD7EEB5CD0000000043
:10CCE000408DFF1F00007A4400000000448DFF1FAC
:10CCF000488DFF1FF0EE401AB0EE410AF4EEE01A44
:10CD0000F1EE10FA07DDF4EEC01AF1EE10FA01DDD3
:10CD1000B0EE610A7047F4EEC00AF1EE10FAF9DDE8
:10CD2000B0EE600A704710B5AFF3008010BD000090
:10CD30002DE9FC4100F05CF81020F6F735FA0024EC
:10CD4000284D274E05F59A773088F6F733FA2007F5
:10CD5000010E0020F6F722FAE87A844212D102216D
:10CD60000020F5F7AFF80C20F6F71EFA1E480088F1
:10CD7000F6F720FA1DA0F5F7A9FE6FF001010020DB
:10CD8000F5F7A0F81020F6F70FFA287B204400EB07
:10CD9000400101EB001057F82000F5F7E5FA641C9C
:10CDA000E4B2052CD0D3FF243088CDE900049E22C4
:10CDB0004F2300211046F5F79DF93088CDE9000496
:10CDC000E87A297B9F22084400EB400101EBC00375
:10CDD0009B1C00219D20F5F78DF9BDE8FC8100002A
:10CDE000AA83FF1FB083FF1FA883FF1F3E00000020
:10CDF00070B5324C2578324A0023042DD07A117B4D
:10CE00000FD026780325052E19D02678062E12D1AC
:10CE10000844082850D2DFE800F01F21244144478D
:10CE20004A4D042802D2401CD07203E0032903D0EB
:10CE3000491C1173237070BDD3721373FAE710B1DC
:10CE4000401ED07202E019B1491E1173237070BDEB
:10CE50000420D0721573F9E755702DE0162050703C
:10CE60002AE01848807B022815D1907898B9164896
:10CE700090ED000A10EE100AB0F17C5F0BDD134854
:10CE80000168156B491BB1F5487F15D90821117050
:10CE90000068106310E0072050700DE00E20507005
:10CEA0000AE01020507007E00D20507004E00F20C1
:10CEB000507001E011205070237070BD6083FF1F1F
:10CEC000B083FF1F44B7FF1F4083FF1F7C83FF1FFA
:10CED00003490020087003490A2048707047000089
:10CEE0006083FF1FB083FF1F10B500F001F810BD75
:10CEF00010B5064C2068002804D14FF4927104A0AC
:10CF0000F8F78CFB2068BDE8104000476891FF1FD0
:10CF10002E2E5C2E2E5C2E2E5C2E2E5C2E2E5C6415
:10CF200072697665725C7372635C6863333266340F
:10CF300036305F6578696E745F6E6D695F737769AF
:10CF40002E6300002DE9FC41FA480178FA4D0629CC
:10CF500005D1002101700120687703F0CFF810207F
:10CF6000F6F722F900210846F6F718F9F348008889
:10CF7000F6F720F96868F24C00287CD0F1A0F5F7AC
:10CF8000F3F90C20F6F710F92088F6F713F91421BD
:10CF90000020F6F703F9EFA0F5F798FD08212868BF
:10CFA000F5F710FC20210020F6F7F8F8E9A0F5F7D6
:10CFB0008DFD08216868F5F705FC2C210020F6F7A7
:10CFC000EDF8E4A0F5F782FD0821A868F5F7FAFB73
:10CFD00038210020F6F7E2F8DEA0F5F777FD08210A
:10CFE000E868F5F7EFFB44210020F6F7D7F8D9A061
:10CFF000F5F76CFD08212869F5F7E4FBD64F388872
:10D00000F6F7D8F814215220F6F7C8F868680C240F
:10D01000C0F3C2604FF4784603286ED0042871D064
:10D02000CDE900640023CDA214215220F6F7C8F800
:10D0300014218120F6F7B2F895F8200038B1C8A085
:10D04000F5F744FD95F820000021F6F761F820215E
:10D050005220F6F7A3F82869410757D000F00700DF
:10D06000012857D0022859D003285BD00023202163
:10D07000BAA2522000E03CE1CDE90064F6F7A0F846
:10D080002C215220F6F78AF82869410A89074DD0E9
:10D09000C0F3412101294DD002294FD06FEA502021
:10D0A00080074FD0CDE900640023ACA22C21522090
:10D0B000F6F786F800210820F4F704FF287CC0F377
:10D0C0004110012842D0022844D0CDE90064002359
:10D0D000A2A22C217F20F6F773F838215220F6F710
:10D0E0005DF82869C0F34330092857D2DFE800F023
:10D0F00056363A3E42464A4E52009AA0F5F734F967
:10D1000096E7FFE799A0F5F72FF991E799A0F5F7D2
:10D11000DDFCB5E799A0F5F7D9FCB1E79AA0F5F7E2
:10D12000D5FCADE79BA0F5F7D1FCA9E79CA0F5F7EE
:10D13000CDFCBFE79BA0F5F7C9FCBBE79AA0F5F7CC
:10D14000C5FCB7E799A0F5F7C1FCB3E798A0F5F7E0
:10D15000BDFCC2E797A0F5F7B9FCBEE796A0F5F7CE
:10D16000B5FC23E095A0F5F7B1FC1FE094A0F5F71E
:10D17000ADFC1BE093A0F5F7A9FC17E092A0F5F732
:10D18000A5FC13E091A0F5F7A1FC0FE090A0F5F746
:10D190009DFC0BE08EA0F5F799FC07E0CDE900645B
:10D1A00000236EA238215320F6F70AF8286980037D
:10D1B00009D53888CDE90004002386A238217620DD
:10D1C000F5F7FEFF07E0CDE90064002381A23821D6
:10D1D0007620F5F7F5FF44215220F5F7DFFFA88808
:10D1E00042F6013280B2811A90425FD01DDC41F2DA
:10D1F000EF72A0EB020190424ED00BDCB0F57C7FC9
:10D2000045D0A0F5A060AC385FD0A0F550602538BF
:10D210001FD128E0E22935D0A1F52061EA392CD0D0
:10D22000A1F580613E3914D13BE0B1F5667F5BD05A
:10D2300009DC1C2953D0B1F5257F19D0A1F5407127
:10D24000863906D146E0A1F5C0611B3933D04029AB
:10D2500036D061A0F5F73AFCA888BDE8FC4180B261
:10D260000421F5F7AFBABDE8FC415DA0F5F72EBC8F
:10D27000BDE8FC415CA0F5F729BCBDE8FC415CA021
:10D28000F5F724BCBDE8FC415BA0F5F71FBCBDE889
:10D29000FC415BA0F5F71ABCBDE8FC4159A0F5F7CD
:10D2A00015BCBDE8FC4159A0F5F710BCBDE8FC4138
:10D2B00058A0F5F70BBCBDE8FC4157A0F5F706BC3C
:10D2C000BDE8FC4157A0F5F701BCBDE8FC4157A003
:10D2D000F5F7FCBBBDE8FC4156A0F5F7F7BBBDE890
:10D2E000FC4157A0F5F7F2BBBDE8FC4156A0F5F7AD
:10D2F000EDBB14A0F5F738F82088F5F75BFF687FE1
:10D3000078B128210020F5F749FF51A0F5F72CF856
:10D310003A210020F5F742FFBDE8FC4151A0F5F7A6
:10D3200023B832212320F5F739FFBDE8FC4152A094
:10D33000F5F71AB86083FF1F24CD0120AA83FF1FD1
:10D34000A883FF1F452D4D61726B6572B2E2CAD48E
:10D350000000000030780000AC83FF1F45525200EF
:10D360005442540050617373697665004163746977
:10D3700076650000555342322E300000555342333B
:10D380002E3247656E310000555342332E324765C9
:10D390006E3200005553423447656E330000000082
:10D3A0003230560033305600343056003530560097
:10D3B00033410000354100007E316D007E326D004A
:10D3C0007E336D007E346D007E356D007E366D00DF
:10D3D0007E376D0045505200556E6B6E6F770000C2
:10D3E00048756177656900005669766F0000000036
:10D3F0004F50504F00000000476F6F676C65000092
:10D40000485000004C656E6F766F00005869616F80
:10D410004D6900005A4D4900536F7574684368693F
:10D4200070000000596943686F6E67004170706C4E
:10D4300065000000496E6A6F696E69630000000054
:10D440004C696E746573000048796E6574656B0095
:10D45000CEB4B6C1C8A1B5BD456D61726B6572D061
:10D46000C5CFA200C7EBB0B427C8B7C8CF27BCFC54
:10D47000D6D8CAD400000000B0B427C8B7C8CF2798
:10D48000BCFCBDF8D0D0B2E2CAD400002DE9FC410A
:10D4900001F050FF1020F5F787FE42480088F5F7AD
:10D4A00089FE00210846F5F779FE3FA0F4F75CFFFE
:10D4B0000024DFF804813F4FA8F254453888F5F77F
:10D4C00079FE601C06460007010E0020F5F766FE97
:10D4D000687C844212D101210020F4F7F3FC0C2077
:10D4E000F5F762FE35480088F5F764FE34A0F5F7DD
:10D4F000EDFA4FF0FF310020F4F7E4FC1020F5F7CF
:10D5000053FE04EBC40058F83000F4F72DFF34B19B
:10D51000012C0ED0022C14D0032C23D11AE0A87CAD
:10D5200018B128A0F4F720FF1CE028A0F4F71CFF96
:10D5300018E00021E87CF5F7EBFD26A0F5F7C6FA28
:10D5400010E0022095ED120AF5F770FD21A0F5F725
:10D55000BDFA07E0022095ED130AF5F767FD1EA05E
:10D56000F5F7B4FAF4B2042CA8D3FF243888CDE937
:10D5700000049E224F2300211046F4F7BBFD38889B
:10D58000CDE90004687C9F2200EB800101EBC00024
:10D59000012101EB400300219D20F4F7ABFDBDE824
:10D5A000FC810000AC83FF1F5044D3D5C6ADC9E851
:10D5B000D6C30000AA83FF1F0488FF1FA883FF1F94
:10D5C0003E0000005050532F415653004649582FFB
:10D5D0004550520056000000410000002DE9F04780
:10D5E0000024FB4FDFF8EC83F888F978421802EB4F
:10D5F000420208EB82025288C2F30235DFF8D8A358
:10D600009AF800C0F54AA1461288561ED31FBCF1F5
:10D61000040F05D09AF800C0BCF1050F23D03BE001
:10D62000DFF8ACC3072A9CF803C00CF1010C0CF026
:10D63000FF0C07D2B14202DA87F803C010E087F886
:10D6400003900DE0062902D287F803C008E0984253
:10D6500004D187F80390A7F8069001E0401CF880F9
:10D660008AF8009018E0DFF868C3072A9CF803C026
:10D67000ACF1010C0CF0FF0C05D211B187F803C01E
:10D6800008E0FE7006E011B187F803C002E060B365
:10D69000401EF8808AF800900C20F5F785FD0021E7
:10D6A0000846F5F77BFDDFF83893B9F80000F5F789
:10D6B00081FDCCA0F5F70AFAF878F988084404212E
:10D6C000F5F726FD00210A20F4F7FCFBF888F9782D
:10D6D000084400EB400008EB80004088C00508D5F6
:10D6E000C1480088F5F766FD07E00620F870FB806A
:10D6F000D0E7BE480088F5F75DFDF888F978084462
:10D7000000EB400008EB80004088C10B71D000F0B6
:10D710001F001F285DD2DFE800F05C1014181C20E9
:10D7200024282C3034383C4044484C50545C5C5CD9
:10D730005C5C5C5C5C5C5C5C5800ADA0F5F7C6F9B9
:10D7400038E1AEA0F5F7C2F934E1AEA0F5F7BEF9C5
:10D7500030E1AFA0F5F7BAF92CE1ABA0F5F7B6F9D7
:10D7600028E1AEA0F5F7B2F924E1ADA0F5F7AEF9E6
:10D7700020E1AEA0F5F7AAF91CE1B0A0F5F7A6F9F3
:10D7800018E1B2A0F5F7A2F914E1B4A0F5F79EF9FB
:10D7900010E1B6A0F5F79AF90CE1B7A0F5F796F904
:10D7A00008E1B9A0F5F792F904E1BBA0F5F78EF90D
:10D7B00000E1BCA0F5F78AF9FCE0BDA0F5F786F919
:10D7C000F8E0BEA0F5F782F9F4E0C0A0F5F77EF925
:10D7D000F0E0C2A0F5F77AF9F888F978084400EB90
:10D7E000400008EB800004214088F4F7EBFFE1E003
:10D7F000FFE76DB100F01F00102870D2DFE800F0E5
:10D80000C08C9094989CA0A4A8ACB0B4B8C0C0BC84
:10D8100000F01F00192870D2DFE800F06F0D11151D
:10D82000191D2125292D3135393D4145494D515588
:10D83000595D62666A00AAA0F5F748F9AEE0AAA0B1
:10D84000F5F744F9AAE0AAA0F5F740F9A6E0AAA0E6
:10D85000F5F73CF9A2E0AAA0F5F738F99EE0AAA0F6
:10D86000F5F734F99AE0AAA0F5F730F996E0ABA005
:10D87000F5F72CF992E0ADA0F5F728F98EE0ADA010
:10D88000F5F724F98AE0ADA0F5F720F986E0AEA01F
:10D89000F5F71CF982E0AEA0F5F718F97EE0AFA02D
:10D8A000F5F714F97AE0B0A0F5F710F976E0B2A038
:10D8B000F5F70CF972E0B3A0F5F708F96EE0B5A042
:10D8C000F5F704F96AE0B6A0F5F700F966E0B6A04E
:10D8D000F5F7FCF862E0B8A0F5F7F8F85EE04FE085
:10D8E000BAA0F5F7F3F859E0BCA0F5F7EFF855E06A
:10D8F000BEA0F5F7EBF851E0FFE778A0F5F7E6F802
:10D90000F888F978084400EB400008EB8000042117
:10D910004088F4F757FF41E066A0F5F7D7F83DE0FF
:10D92000B6A0F5F7D3F839E0B6A0F5F7CFF835E0B3
:10D9300063A0F5F7CBF831E0B4A0F5F7C7F82DE018
:10D94000B6A0F5F7C3F829E0B6A0F5F7BFF825E0D3
:10D95000B9A0F5F7BBF821E0BAA0F5F7B7F81DE0DC
:10D96000BBA0F5F7B3F819E0BCA0F5F7AFF815E0E8
:10D970009FA0F5F7ABF811E0BBA0F5F7A7F80DE015
:10D9800056A0F5F7A3F8F888F978084400EB4000B2
:10D9900008EB800004214088F4F714FFF888F97838
:10D9A000084400EB400018F82000E02802D2B2A0A2
:10D9B000F5F78CF84DB1012D08D00021B04AFE7862
:10D9C000AE481388FA883244CDE15BE169E100009A
:10D9D0006C8DFF1FF0B9FF1F6083FF1F7083FF1F57
:10D9E000AA83FF1F4E3A0000AC83FF1FA883FF1FCE
:10D9F0005352435F4341505F455800005374617474
:10DA0000757300004765745F4261745F4341500065
:10DA10004765745F4261745F535441004765745FAA
:10DA20004D616E75665F496E666F00005365637584
:10DA3000726974795F526571000000005365637507
:10DA4000726974795F526573700000004669726D87
:10DA50005F5570645F526571000000004669726D29
:10DA60005F5570645F526573700000005050535FE3
:10DA70005374617475730000436F756E7472795FCF
:10DA8000496E666F00000000436F756E7472795FB7
:10DA9000436F64657300000053696E6B5F434150D0
:10DAA0005F45580045585F436F6E74726F6C00009D
:10DAB0004550525F5352435F434150004550525FBF
:10DAC00053696E6B5F4341500000000056656E6401
:10DAD0005F446566696E5F4558000000307800005D
:10DAE000476F6F6443524300476F746F4D696E0018
:10DAF000416363657074000052656A656374000079
:10DB000050696E670000000050535F524459000096
:10DB10004765745F5352435F436170004765745FAC
:10DB200053696E6B5F4361700000000044525F53A5
:10DB30007761700050525F537761700056434F4ECB
:10DB40004E5F5377617000005761697400000000F8
:10DB5000536F66745F5265736574000044415441AD
:10DB60005F52657365740000444154415F526573B0
:10DB700065745F4F4B0000004E6F745F537570709B
:10DB80006F7274004765745F5352435F4361705F07
:10DB9000455800004765745F5374617475730000E5
:10DBA00046525F53776170004765745F5050535F12
:10DBB00053746174757300004765745F436F756ECD
:10DBC0007472795F436F6465000000004765745F9D
:10DBD00053696E6B5F4361705F4558004765745FC2
:10DBE0005352435F494E464F000000004765745F43
:10DBF0005265766973696F6E000000005265717539
:10DC0000657374004249535400000000426174740B
:10DC10006572795F5374617475730000416C65724D
:10DC2000740000004765745F436F756E7472795FAE
:10DC3000496E666F00000000456E7465725F555353
:10DC4000420000004550525F526571756573740063
:10DC50004550525F4D6F6465000000005352435FB2
:10DC6000496E666F0000000056656E646F725F4417
:10DC70006566696E656400002A000000A48E0120BC
:10DC80007283FF1F0E215220F5F788FAA0A0F4F747
:10DC90001DFF00210420F4F715F99EA0F4F716FFEC
:10DCA00063E00A215220F5F779FAAFF2D010F4F7C9
:10DCB0000DFFF888F978084400EB400008EB80007D
:10DCC00008214068F4F77EFDF888F978084400EBF5
:10DCD000400008EB8000808884B246E01CD10A2115
:10DCE0005220F5F75BFAAFF20C20F4F7EFFEF8885C
:10DCF000F978084400EB400008EB800008214068F8
:10DD0000F4F760FDF888F978084400EB400008EB70
:10DD10008000808884B228E000EB4116B6F800C08D
:10DD200062451ED1002414E0601C824600EB800096
:10DD30004006010E5220F5F731FAAFF26020F4F7F9
:10DD4000C5FE06EB840008214068F4F73BFD0AF0AD
:10DD5000FF04AC42E8D36D1E06EB8500808884B2D8
:10DD600003E0491C89B29942B8D9B9F80000F5F727
:10DD700021FA0E210020F5F711FA68A0F4F7A6FEAB
:10DD8000AFF2A820F4F7A2FEF888F978084400EB77
:10DD9000400008EB800004214088F4F713FD1921AE
:10DDA0000020F5F7FBF95EA0F4F790FEF888F9780B
:10DDB000084400EB400008EB800001218078C0F3AC
:10DDC0008110401CF5F7A4F924210020F5F7E6F9AD
:10DDD00056A0F4F77BFEF888F978084400EB400081
:10DDE00008EB800001214088C0F34220F5F790F94C
:10DDF00000210820F4F766F8F888F978084400EB69
:10DE00004000022118F82000F4F7DCFC2F2100204C
:10DE1000F5F7C4F9F888F978084400EB400018F8E1
:10DE20002010E0290DD308EB80004088000AC007CD
:10DE300003D03FA0F4F74AFE10E03EA0F4F746FE00
:10DE40000CE008EB80004088000AC00703D03AA02D
:10DE5000F4F73CFE02E037A0F4F738FE002108207A
:10DE6000F4F730F8F888F978084400EB400008EB44
:10DE7000800080784009C00703D030A0F4F726FE68
:10DE800002E02FA0F4F722FEF888F978084400EBAE
:10DE9000400008EB80004088C00B36D03A210020BB
:10DEA000F5F77CF927A0F4F711FEAFF2D030F4F7C4
:10DEB0000DFE04212046F4F785FC45210020F5F7EE
:10DEC0006DF9E00B03D021A0F4F700FE02E020A0E2
:10DED000F4F7FCFD00210420F3F7F4FFAFF2FC405F
:10DEE000F4F7F4FD0021C4F3C320F5F711F9002184
:10DEF0000420F3F7E7FF17A0F4F7E8FDC4F30800E8
:10DF0000BDE8F0470021F5F703B9BDE8F087000050
:10DF10004E4F00004461746100000000483A000068
:10DF200056657273696F6E3A0000000049443A000A
:10DF300053524300534E4B0043616200444650002D
:10DF4000554650004558483A000000004300000084
:10DF500055430000533A00002DE9FC5FDFF8E493DD
:10DF600099F800B0F848F94D4FF0010C0088EA78B4
:10DF7000431EC41FE988DEB24FF0060AA7B24FF075
:10DF80000008BBF1040F11D099F800B0BBF10A0FE3
:10DF90000CD099F80040052C2FD099F800400B2C9C
:10DFA0002BD099F80010062943D04AE085F802806A
:10DFB00070B1DFF898C307289CF803C00CF1010C7E
:10DFC0000CF0FF0C0AD29A4205DA85F803C038E05B
:10DFD00085F802C035E085F8038032E0062A02D2D7
:10DFE00085F803C02DE0A14204D185F80380A5F88F
:10DFF000068026E0491CE98023E085F8028040B1D4
:10E00000D24CE478641EE4B2072807D222B1EC7047
:10E0100017E085F802C014E0EE7012E00AB1EC706F
:10E020000FE011B1491EE9800BE085F803A0EF80F5
:10E0300007E030B1C64A1221117085F8028089F8D4
:10E04000008099F80010042903D099F800100529E0
:10E0500001D189F80080A97841B1062B01D2EE7078
:10E0600004E0072802D3EF8085F803A00C20F5F721
:10E070009BF800210846F5F791F8DFF8D892B9F837
:10E080000000F5F797F8B4A0F4F720FD0021042074
:10E09000F3F718FFB1A0F4F719FDB24800210068AA
:10E0A000F5F736F8DFF8C0B20C240023BBF8000007
:10E0B000CDE90004ADA219466620F5F781F8DFF836
:10E0C000B0A20023ABA2BAF80000CDE900041946C3
:10E0D0008220F5F775F8FF24B9F80000CDE90004B7
:10E0E0009E224F2300211046F4F704F8964E308804
:10E0F000012820D9401E00EE100AB8EEC00A9FED9C
:10E100009E1AE878E988C1EE000A084400EE100A79
:10E110009F220021B8EE400A20EE800ABCEEC00A21
:10E1200010EE100A83B2B9F80000CDE900049D207A
:10E13000F3F7E0FF09E0B9F80000CDE900044F2350
:10E140009F2200219D20F3F7D5FF3088072802D2B7
:10E1500000F0FF0801E04FF007080024874E66E258
:10E16000B9F80000F5F726F8671C07EB8700FF21D8
:10E1700001EB4000C1B20020F5F710F8E888042157
:10E180002044F4F7C5FFE888204400EB400006EB8C
:10E1900080004088C00504D5BBF80000F5F70AF8F8
:10E1A00003E0BAF80000F5F705F800210220F3F7C4
:10E1B00089FEE878844203D171A0F4F787FC03E07C
:10E1C00000210C20F3F77EFEE888204400EB40009D
:10E1D00006EB8000007A012824D000210720F3F705
:10E1E00071FEE888204400EB400006EB8000408888
:10E1F000C0F30231C20B74D000F01F001F2861D29F
:10E20000DFE800F06014181C2024282C3034383C3F
:10E210004044484C5054586060606060606060608A
:10E2200060605C0057A0F4F751FCDAE756A0F4F701
:10E230004DFCF0E157A0F4F749FCECE157A0F4F7EE
:10E2400045FCE8E158A0F4F741FCE4E154A0F4F700
:10E250003DFCE0E157A0F4F739FCDCE156A0F4F70F
:10E2600035FCD8E157A0F4F731FCD4E159A0F4F71C
:10E270002DFCD0E15BA0F4F729FCCCE15DA0F4F724
:10E2800025FCC8E15FA0F4F721FCC4E160A0F4F72D
:10E290001DFCC0E162A0F4F719FCBCE164A0F4F736
:10E2A00015FCB8E165A0F4F711FCB4E166A0F4F741
:10E2B0000DFCB0E167A0F4F709FCACE169A0F4F74C
:10E2C00005FCA8E16BA0F4F701FCE88804212044D8
:10E2D00000EB400006EB80004088F4F773FA9AE107
:10E2E000FFE769B100F01F00102828D2DFE800F036
:10E2F00027EFEEEDECEBEAE9E8E7E6E5E42727298E
:10E3000000F01F0019281BD2DFE800F01A0D1115CC
:10E31000C2C6CACED2F2F6FAFEEDECEBEAE9E8E7C5
:10E32000E6E5E4E3E20054A0F4F7D0FB73E154A087
:10E33000F4F7CCFB6FE154A0F4F7C8FB6BE15CE1B0
:10E3400016E156E16083FF1F7083FF1F6C8DFF1F76
:10E35000B183FF1FAA83FF1F504400005061636B0D
:10E36000733A00007883FF1FAC83FF1F53524300B2
:10E37000A883FF1F534E4B0000009E42F0B9FF1FC1
:10E380003E000000A1CC00005352435F4341505F68
:10E390004558000053746174757300004765745FDD
:10E3A0004261745F434150004765745F4261745F2E
:10E3B000535441004765745F4D616E75665F496EE9
:10E3C000666F000053656375726974795F52657199
:10E3D0000000000053656375726974795F5265735C
:10E3E000700000004669726D5F5570645F52657120
:10E3F000000000004669726D5F5570645F5265737E
:10E40000700000005050535F5374617475730000C6
:10E41000436F756E7472795F496E666F000000001D
:10E42000436F756E7472795F436F646573000000AB
:10E4300053696E6B5F4341505F45580045585F43D9
:10E440006F6E74726F6C00004550525F5352435FA1
:10E45000434150004550525F53696E6B5F434150DA
:10E460000000000056656E645F446566696E5F4536
:10E470005800000030780000476F6F64435243003B
:10E48000476F746F4D696E0041636365707400007F
:10E4900069A0F4F71BFBBEE069A0F4F717FBBAE034
:10E4A00069A0F4F713FBB6E069A0F4F70FFBB2E044
:10E4B0006AA0F4F70BFBAEE097E092E08DE088E015
:10E4C00083E07EE079E074E06EE069E064E05EE0C5
:10E4D0004AE045E040E03BE036E031E02CE027E078
:10E4E00022E01DE018E013E00EE009E004E0FFE7A1
:10E4F0005EA0F4F7EBFA8EE05EA0F4F7E7FA8AE0AC
:10E500005EA0F4F7E3FA86E05FA0F4F7DFFA82E0BA
:10E510005FA0F4F7DBFA7EE060A0F4F7D7FA7AE0C8
:10E5200061A0F4F7D3FA76E063A0F4F7CFFA72E0D3
:10E5300064A0F4F7CBFA6EE066A0F4F7C7FA6AE0DD
:10E5400067A0F4F7C3FA66E067A0F4F7BFFA62E0E9
:10E5500069A0F4F7BBFA5EE06CA0F4F7B7FA5AE0F2
:10E560006EA0F4F7B3FA56E070A0F4F7AFFA52E0F9
:10E57000AFF20010F4F7AAFAE8880421204400EB77
:10E58000400006EB80004088F4F71CF943E0AFF24E
:10E590004410F4F79BFA3EE068A0F4F797FA3AE0EB
:10E5A00068A0F4F793FA36E0AFF25410F4F78EFA5D
:10E5B00031E066A0F4F78AFA2DE068A0F4F786FA55
:10E5C00029E068A0F4F782FA25E06BA0F4F77EFA60
:10E5D00021E06CA0F4F77AFA1DE06DA0F4F776FA6A
:10E5E00019E06EA0F4F772FA15E051A0F4F76EFA94
:10E5F00011E06DA0F4F76AFA0DE0AFF28810F4F7BD
:10E6000065FAE8880421204400EB400006EB800016
:10E610004088F4F7D7F8E888204400EB400016F86B
:10E620002000E02802D264A0F4F750FAFCB244457E
:10E63000FFF496ADBDE8FC9F52656A656374000007
:10E6400050696E670000000050535F52445900004B
:10E650004765745F5352435F436170004765745F61
:10E6600053696E6B5F4361700000000044525F535A
:10E670007761700050525F537761700056434F4E80
:10E680004E5F5377617000005761697400000000AD
:10E69000536F66745F526573657400004441544162
:10E6A0005F52657365740000444154415F52657365
:10E6B00065745F4F4B0000004E6F745F5375707050
:10E6C0006F7274004765745F5352435F4361705FBC
:10E6D000455800004765745F53746174757300009A
:10E6E00046525F53776170004765745F5050535FC7
:10E6F00053746174757300004765745F436F756E82
:10E700007472795F436F6465000000004765745F51
:10E7100053696E6B5F4361705F4558004765745F76
:10E720005352435F494E464F000000004765745FF7
:10E730005265766973696F6E0000000052657175ED
:10E7400065737400424953540000000042617474C0
:10E750006572795F5374617475730000416C657202
:10E76000740000004765745F436F756E7472795F63
:10E77000496E666F00000000456E7465725F555308
:10E78000420000004550525F526571756573740018
:10E790004550525F4D6F6465000000005352435F67
:10E7A000496E666F0000000056656E646F725F44CC
:10E7B0006566696E656400002A0000000349002058
:10E7C0000870034910200870704700006083FF1F25
:10E7D000B183FF1F2DE9F0472DED028B0C20F4F7DC
:10E7E000E3FCD7480088F4F7E5FC00210846F4F77D
:10E7F000D5FCDFF850A39AF8190001281BD09AF82D
:10E800001A00E0B1D0A0F4F761F9D14E96F82800D3
:10E8100096F8291008440021F4F77AFC00212B20F7
:10E82000F4F7BCFCDFF82C8398F8080001280AD024
:10E8300002282AD06DE0C8A0F4F748F9E5E7C7A0A0
:10E84000F4F744F9E1E7C7A0F4F740F998F80000BD
:10E850000221F4F75DFCC5A0F4F738F9C4A0F4F781
:10E8600035F900210820F3F72DFB98ED010A02216C
:10E87000BDEEC00A10EE100AF4F74AFCBBA0F4F794
:10E8800025F9BCA0F4F722F943E0BBA0F4F71EF988
:10E89000B8F80A009FEDBA8BB0F5FA7F12D2BAA091
:10E8A000F4F714F9B8F80A00F1F720FF53EC182B2D
:10E8B000F1F73BFEF1F784FF00EE100A0220F4F7B7
:10E8C000B5FB0CE0F1F712FF53EC182BF1F72DFE1E
:10E8D000F1F776FF00EE100A0220F4F7A7FBA4A0E0
:10E8E000F4F7F4F800210820F3F7ECFAA6A0F4F707
:10E8F000EDF898F80C0000EE100AB8EE400ADFEDD3
:10E90000A30A022020EE200AF4F790FB99A0F4F766
:10E91000DDF898F80800032820D19DA0F4F7D6F878
:10E9200098F800000221F4F7F3FB90A0F4F7CEF87A
:10E930008FA0F4F7CBF800210820F3F7C3FA98ED85
:10E94000010A0221BDEEC00A10EE100AF4F7E0FB46
:10E9500086A0F4F7BBF887A0F4F7B8F80A210020E6
:10E96000F4F71CFC0025DFF83092DCE006EB8504B0
:10E9700094ED0B0AD4ED150A20EE200AD6ED3D0ADF
:10E98000B4EEE00AF1EE10FA01DD86ED3D0A98F8EA
:10E990001900A84204D181480088F4F70BFC03E079
:10E9A0007F480088F4F706FC6F1C07EB87004006E1
:10E9B000010E0020F4F7F2FB354495F8F800012829
:10E9C00006D0022829D0032827D004287DD0A9E02A
:10E9D00094ED0B0A0220F4F729FB65A0F4F776F812
:10E9E00000210720F3F76EFA94ED150A0220F4F7E0
:10E9F0001DFB60A0F4F76AF800210720F3F762FA24
:10EA000094ED0B0AD4ED150A022020EE200AF4F74B
:10EA10000DFB64A0F4F75AF884E094ED330A022069
:10EA2000F4F704FB60A0F4F751F894ED290A0220F2
:10EA3000F4F7FCFA4EA0F4F749F800210720F3F7A9
:10EA400041FA94ED150A0220F4F7F0FA49A0F4F720
:10EA50003DF800210720F3F735FA95F8020120B3BD
:10EA600094ED290AD4ED150A60EE200A96ED3D0AD0
:10EA7000F4EEC00AF1EE10FA17D39AF81900012843
:10EA800013D010EE100A484502DA0120F4F7CEFA4E
:10EA900096ED3D0A10EE100A484502DB0020F4F71F
:10EAA000C5FA40A0F4F712F83CE094ED290AD4ED41
:10EAB000150A20EE200A10EE100A484502DA01205D
:10EAC000F4F7B4FA94ED290A00E00BE0D4ED150A4E
:10EAD00020EE200A10EE100A4845E2DB0020F4F791
:10EAE000A5FADEE794ED330A0220F4F79FFA2EA090
:10EAF000F3F7ECFF94ED290A0220F4F797FA1CA033
:10EB0000F3F7E4FF00210720F3F7DCF996ED3D0A67
:10EB10000021BDEEC00A10EE100AF4F7F9FA21A0A8
:10EB2000F3F7D4FFFDB296F8280096F829100844B0
:10EB3000A8423FF61BAFBDEC028BBDE8F08700009A
:10EB4000AC83FF1F24CD01204550523A0000000045
:10EB5000E4B8FF1F44B7FF1F4D493A0050444F3AF5
:10EB6000000000004649583A000000002E303000F6
:10EB700056000000410000005050533A00000000D1
:10EB80007B14AE47E17A943F30000000CDCC4C3D81
:10EB90005661723A000000000000C842A883FF1FBF
:10EBA000AA83FF1F570000007E0000002DE9FC5FD4
:10EBB00000F028FA0C20F4F7F7FAF94C2088F4F763
:10EBC000F9FA00210846F4F7E9FADFF8D8A39AF831
:10EBD0001900012820D09AF81A0008B3F2A0F3F720
:10EBE00075FFF34F97F8280097F829100844002183
:10EBF000F4F78EFA00212D20F4F7D0FAED49EE4D0E
:10EC000091ED000A10EE100AA8420DDA032091EDF2
:10EC1000000AF4F70BFA0CE0E8A0F3F757FFE0E77F
:10EC2000E7A0F3F753FFDCE7022091ED000AF4F7C9
:10EC3000FDF9E5A0F3F74AFF00210820F3F742F9B8
:10EC4000E24991ED000A10EE100AA84205DA03200D
:10EC500091ED000AF4F7EAF904E0022091ED000AD0
:10EC6000F4F7E4F9DAA0F3F731FFDFF8688398F8F6
:10EC70000000D94E4FF00C053178084208D02088AA
:10EC8000CDE900050023D5A219468A20F4F798FAA9
:10EC900098F800003178884308D02088CDE9000535
:10ECA0000023CFA219468A20F4F78AFA307898F820
:10ECB0000010884308D02088CDE900050023C8A2B1
:10ECC00019468A20F4F77CFA98F8000050B9307899
:10ECD00040B92088CDE900050023C0A219468A204A
:10ECE000F4F76EFA0A210020F4F758FA97F8280092
:10ECF00097F829100844072801D9072600E0C6B272
:10ED00000024DFF8E0B2DFF8E092DFF8E08211E102
:10ED100098F80100204407EB800090ED0B0AD0ED3D
:10ED2000150A20EE200AD7ED3D0AB4EEE00AF1EE16
:10ED300010FA01DD87ED3D0A651C05EB85004006F4
:10ED4000010E0020F4F72AFAA948007EA04207D15C
:10ED5000A8480088F4F72EFAA0A0F3F7B7FE03E066
:10ED6000BBF80000F4F726FA98F801002044C11916
:10ED700091F8F810012906D0022935D0032933D0A3
:10ED800004297DD0D5E007EB800090ED0B0A02202E
:10ED9000F4F74CF98CA0F3F799FE00210720F3F764
:10EDA00091F898F80100204407EB800090ED150AD7
:10EDB0000220F4F73BF986A0F3F788FE0021072034
:10EDC000F3F780F898F80100204407EB800090EDFD
:10EDD0000B0AD0ED150A022020EE200AF4F726F9DE
:10EDE00085A0F3F773FEA4E007EB800090ED330AF3
:10EDF0000120F4F71BF981A0F3F768FE98F80100F1
:10EE0000204407EB800090ED290A0120F4F70EF969
:10EE10006DA0F3F75BFE00210720F3F753F898F895
:10EE20000100204407EB800090ED150A0220F4F762
:10EE3000FDF867A0F3F74AFE00210720F3F742F838
:10EE400098F801002044C11991F8021141B307EB71
:10EE5000800191ED290AD1ED150A60EE200A97EDA7
:10EE60003D0AF4EEC00AF1EE10FA19D39AF819101F
:10EE7000012915D010EE100A484504DA012000E0FF
:10EE800030E0F4F7D3F897ED3D0A10EE100A48454C
:10EE900002DB0020F4F7CAF857A0F3F717FE48E0AA
:10EEA00007EB800090ED290AD0ED150A20EE200A2C
:10EEB00010EE100A484502DA0120F4F7B7F898F886
:10EEC0000100204407EB800090ED290AD0ED150ADF
:10EED00020EE200A10EE100A4845DDDB0020F4F792
:10EEE000A5F8D9E707EB800090ED330A0220F4F78C
:10EEF0009DF842A0F3F7EAFD98F80100204407EBE3
:10EF0000800090ED290A0220F4F790F82EA0F3F784
:10EF1000DDFD00210720F2F7D5FF97ED3D0A002126
:10EF2000BDEEC00A10EE100AF4F7F2F832A0F3F7C3
:10EF3000CDFDECB2B442FFF4EBAEFF24BBF8000011
:10EF4000CDE900049E224F2300211046F3F7D2F8AA
:10EF500017F8280F9FED2A1A79789F220844401E3F
:10EF600000EE100A224898F80110B8EEC00A007EA0
:10EF70000844C1EE000A00EE100A0021B8EE400A73
:10EF800020EE800ABCEEC00A10EE100A83B2BBF875
:10EF90000000CDE900049D20F3F7ACF8BDE8FC9F2C
:10EFA000AC83FF1F24CD01204550523A00000000E1
:10EFB000E4B8FF1F3483FF1F000020414D493A0091
:10EFC00050444F3A00000000560000003C83FF1FF1
:10EFD000410000003083FF1FA683FF1F3E0000009A
:10EFE0003C000000AA83FF1F0000C8426C8DFF1F79
:10EFF00044B7FF1FA883FF1F570000007E000000DA
:10F0000000009E422DE9F0412A4CA07B032801D14B
:10F010000120A073284E96F800802848DFF8A0C091
:10F0200000274178007845182248EB1F6A1E007EB1
:10F030009CF80110B8F1040F15D096F80080B8F1D3
:10F04000050F24D03278062A0BD10844C0B260766E
:10F05000F7F7CAFF94F8340010B11A490920087074
:10F060003770BDE8F081824204DD062802D2401CE0
:10F0700020760AE08B4201D0824203D127768CF8B9
:10F08000017002E0491C8CF801103770E9E710B1FB
:10F09000401E207603E021B1491E8CF80110377024
:10F0A000DFE7072D04D9062020768CF80130F6E73B
:10F0B0002276F4E744B7FF1F6083FF1F0CB9FF1FE0
:10F0C0006C8DFF1FB183FF1F0349002008700349A7
:10F0D00008200870704700006083FF1FB183FF1F86
:10F0E0002DE9FC477D4D2B787E4C7D4F002694F812
:10F0F00039003A7994F83810042B09D02B78052B75
:10F100001AD0287806282BD028780C282DD039E062
:10F110002E7042B1092803D2401C84F8390031E036
:10F1200084F839602EE0032903D2491C84F8381092
:10F1300028E084F8386025E02E7042B118B1401EF6
:10F1400084F839001EE0092084F839001AE019B16A
:10F15000491E84F8381015E0032084F8380011E0C7
:10F1600082F0010038712E700CE02E70F8F744FE2A
:10F1700000210220F8F770FD46210920F8F76CFD08
:10F18000594806701020F4F70FF800210846F4F7EC
:10F1900005F8564E3088F4F70DF83879DFF85081CD
:10F1A0006FF00109A0B902210020F2F78BFE0C20BC
:10F1B000F3F7FAFFB8F80000F3F7FCFF4DA0F3F700
:10F1C00085FC49460020F2F77DFE1020F3F7ECFFA6
:10F1D00049A0F3F7C9F894F83800414900EB8000E2
:10F1E000083151F83000F3F771FC10210020F3F7DB
:10F1F000D5FF3088F3F7DEFF3879A0B10221002077
:10F20000F2F760FE0C20F3F7CFFFB8F80000F3F739
:10F21000D1FF38A0F3F75AFC49460020F2F752FE1E
:10F220001020F3F7C1FF37A0F3F79EF8012100206B
:10F23000F2F748FE35A0F3F749FC94F83900284965
:10F2400000EB8000A83151F83000F3F73FFC352186
:10F250000E20F3F7A3FF3088F3F7ACFF47F6EF3645
:10F26000002231461E2007F093FE0224CDE9004023
:10F270001523892232210B20F2F77EFF28780328FC
:10F280001ED1234D2868234F3968401AFA2817D910
:10F2900000223146DC2007F07BFE29683A68CDE980
:10F2A00000408A1A02EBC20101EBC2114FF47A72DC
:10F2B000B1FBF2F1CAB2152332210B20F2F75CFF49
:10F2C000CDE900461523892232210B20F2F70CFEEE
:10F2D000BDE8FC4710A0F3F747B800006083FF1FAC
:10F2E0006C8DFF1F74610220B183FF1FAA83FF1F73
:10F2F000A883FF1F3E000000312ED3D5C6ADC4A3A6
:10F30000CABD3A00322EC4A3C4E20000456D3A00E3
:10F310007C83FF1F6C83FF1FB0B4D7A1C8B7C8CFD1
:10F32000BCFCB1A3B4E6B2A2D6D8D0C2D3D5C6AD88
:10F33000000000002DE9F041574D2A780127DFED4C
:10F34000571A9FED571A9FED572A574C0026042A4B
:10F35000E07C94ED120AD4ED130A617C0FD02A7878
:10F360000A2A0CD02A78052A34D02A780B2A31D0E0
:10F370002A78062A59D0287809287AD080E031B135
:10F38000012906D0022909D0032979D118E0A774F0
:10F3900076E0242874D2401CE07471E010EE100A6C
:10F3A000424988426CDA28780A2804D030EE010AF3
:10F3B00084ED120A64E030EE210A84ED120A5FE067
:10F3C00010EE900AB0F1824F5ADA30EE820A84EDE4
:10F3D000130A55E031B1012906D0022909D00329C9
:10F3E0004ED118E0A6744BE0052849D9401EE074C0
:10F3F00046E010EE100A2E49884241DD28780B289D
:10F4000004D030EE410A84ED120A39E030EE610A90
:10F4100084ED120A34E010EE900A264988422FDD6E
:10F4200030EEC20A84ED130A2AE022780AB9491C98
:10F430006174617C042923D112BB032161741E49CC
:10F44000A27CCA7108720920F8F720FD94ED130A16
:10F450000D20F8F71BFDF8F7CFFC18480168226B68
:10F46000891AB1F5487F0BD927700068206307E03F
:10F47000FFE711B1491E617401E0112060702E7028
:10F480002878062805D02878052802D0287804286E
:10F4900000D12E70BDE8F0816083FF1FCDCCCC3D44
:10F4A0000AD7A33CCDCC4C3DB083FF1F00001042D7
:10F4B000333353408FC2753D746102207C83FF1F3C
:10F4C0002DE9F04F2DED048B85B0DFF8F8A3FE4C4D
:10F4D000BAF8040000EBC00C04EB8C0090F821108B
:10F4E00001297DD1DAF80810491CCAF8081090F8F3
:10F4F00020805246F54D1788012607EB470305EBA0
:10F500008302B8F1010F03D11672491CCAF8081022
:10F51000ED4911F82C40ED4901F823404188518014
:10F520004188C1F302334188E64C5FEAD13BDFF802
:10F53000A48361888E4601F1010189B2049121887A
:10F54000E34C01F1010189B204EB4E149FEDE29A04
:10F55000DFEDE28A9FEDE28ADFEDE29A0391E24974
:10F56000E24DDFF88C9391F828100291A97B79D0B5
:10F57000012B04D0BEF5FA7F14D200220CE04468BF
:10F5800054600FE000EB820CDCF804C004EB820B4B
:10F59000CBF804C0521CD2B29A42F3D32780049A0B
:10F5A000AAF8022042F20F72974202D2039AAAF8F6
:10F5B00000205B1E00EB830252681FFA82FB428828
:10F5C00002F01F02102A7DD0112A7CD14088C0058C
:10F5D0007AD51BF4F04F77D0C34880F8293000E08B
:10F5E000F0E3029CFDE0BAF80420201A02EBC2030B
:10F5F000B54A02EB830202EB8000406841F8240028
:10F60000820F03D0C243920F2DD0E8E0081980F892
:10F61000F86051F8240001EB8401C0F3892200EE68
:10F62000102AB8EE400A20EE280A81ED0B0AC0F33A
:10F63000090000EE900AF8EE600A60EE880AC1ED5B
:10F64000150A98F8070000280BD198F8080000EE7A
:10F65000900AF8EE600AB4EEE00AF1EE10FA00D873
:10F66000AC76BCE0EEE0C00052D504200A1902F8E6
:10F67000F80F51F8240001EB8407C0F3484300EE73
:10F68000103AB8EE400A20EE090A87ED290AC0F3C5
:10F69000072100EE101AB8EE400A20EE090A87EDA5
:10F6A000330A907298F80700012830D10920F8F742
:10F6B0008DFBD7ED330AB4EEE00AF1EE10FA26DB4B
:10F6C000092002E0B9E0AAE094E0F8F77FFBD7ED6B
:10F6D000290AB4EEE00AF1EE10FA18D8AC76092047
:10F6E000F8F774FB30EE080ADFED820A80EE201A8C
:10F6F000BCEEC10A10EE100A68810D20F8F766FB17
:10F70000C0EE280ABCEEE00A10EE100A287366E08C
:10F710000322081900F8F82F51F82420C2F3C06220
:10F72000827251F8240001EB8407C0F3474200EED7
:10F73000102AB8EE400A20EE090A87ED290AC0F324
:10F74000072100EE101AB8EE400A20EE090A87EDF4
:10F75000330AC0B200EE100AB8EE400A20EE280AC2
:10F7600087ED150A98F80700012838D10920F8F725
:10F770002DFBD7ED330AB4EEE00AF1EE10FA2EDBE2
:10F780000920F8F723FBD7ED290AB4EEE00AF1EEE1
:10F7900010FA24D8287B58B10D20F8F717FBD7EDC5
:10F7A000150A70EE880AB4EEE00AF1EE10FA16D8E7
:10F7B000AC760920F8F70AFB30EE080AC0EE290AF9
:10F7C000BCEEE00A10EE100A68810D20F8F7FEFA90
:10F7D000C0EE280ABCEEE00A10EE100A2873641C82
:10F7E000E4B2414991F8280091F829200244A2424C
:10F7F0003FF6F9AE99F81A00012810D1A87B01282C
:10F80000FBD199F81F0058B9CBF30801182907D983
:10F81000F7F794FB99F81F00401C89F81F0050E08F
:10F820000128FCD1A87EF7F7DFFBA87E2876687652
:10F830002E7431480068686243E00129EFD100204E
:10F84000A8743EE0DFF8A8B09BF817B0CDF804B07C
:10F8500033B1012B70D0BEF5FA7F6ED2002230E1B9
:10F8600042F20F72974202D2039AAAF8002040880F
:10F870001F4A00F01F0B1C48137D927D04681B4833
:10F88000BBF1110F477C807EC9D2DFE80BF01A096B
:10F890001A37701A801AAC1A1AB11AE41A1AFC0034
:10F8A000BAF800000128BAD9811E01EB41020749CC
:10F8B00001EB82010A7A002AB1D10E72401EAAF829
:10F8C0000000E3E37083FF1F7CB7FF1FF0B9FF1F49
:10F8D000A48E012074610220CDCCCC3DCDCC4C3D1A
:10F8E0000AD7233C0AD7A33CE4B8FF1F44B7FF1F45
:10F8F00024CD0120CDCCCC3C7C83FF1F01298ED1AF
:10F9000099F81500012800D113B1012A05D006E0AD
:10F9100089F81460F8F716F8B8E3019810B1012AD5
:10F920000CD0B3E3002089F8160089F8176089F835
:10F930002160F7F755F8A9E3B6E0C8E0019801287F
:10F94000BFD1002089F8160089F8170099F819002E
:10F95000012806D02002B4D5F6F73AFD89F81E60DA
:10F9600094E3F7F7A9FF0C2089F821008EE3012921
:10F97000A7D1012AA5D1002189F81610002FA0D106
:10F98000F7F732FBA87E287668766E747EE301294D
:10F9900097D11FB199F8180038B116E0F7F724FB9A
:10F9A000A87E287668766E740FE0FD4800780128FE
:10F9B0000BD998F8380002280AD0012805D089F818
:10F9C0001860F6F75BFC89F816600020A8745DE308
:10F9D0002002FAD599F81E000028F6D1F6F7F8FCB7
:10F9E00089F81E60F1E7012996D1F8F763F84DE335
:10F9F0004BB10020F6F776FBEA48007801281DD0CD
:10FA0000022820D023E00020F6F76CFBE5480078C0
:10FA1000012802D0022805D008E025210220F8F7AD
:10FA20001BF903E01A210220F8F716F9F7F78AFF0D
:10FA300089F81460DC480068A86227E305210220E9
:10FA4000F8F70AF903E00A210220F8F705F9002087
:10FA500089F814001AE3D54810F82C00DF2813D8D1
:10FA60004FF40051022000F047FC01288ED1D04C09
:10FA7000207800288AD0CF49002008700120F6F7AE
:10FA800031FB267002E307E00129A0D1CA4900201A
:10FA90000870F6F727FBF9E2012998D1012A96D1DF
:10FAA000002089F81600F1E2446854600FE000EB92
:10FAB000820BDBF804B004EB820ECEF804B0521CCB
:10FAC000D2B29A42F3D32780049AAAF8022042F2D3
:10FAD0000F72974202D2039AAAF80020DFF8CCB244
:10FAE0004288022402F01F02B44F102AA5D2DFE898
:10FAF00002F0FC08FBFCFCFCFCFCFCFAF9FCFCFC46
:10FB0000FCF8AF4F87F82830002106E000EB8102B7
:10FB1000526847F82120491CC9B297F828208A4228
:10FB2000F4D84FF00009CCE057F82900810F29D014
:10FB3000B4EB907F53D107EB090080F8F84057F8F9
:10FB40002900C0F3095100EE101A07EB8901B8EE45
:10FB5000400A20EE280A81ED290AC0F3892200EE2E
:10FB6000102AB8EE400A20EE280A81ED330AC0F3CD
:10FB7000090000EE100AB8EE400A20EE080A81EDF6
:10FB8000150A9AE007EB090080F8F86057F8290099
:10FB9000C0F3892100EE101A07EB8901B8EE400A84
:10FBA00020EE280A81ED0B0AC0F3090000EE900A4E
:10FBB000F8EE600A60EE880AC1ED150A98F80700B1
:10FBC000F0BB98F8080000EE900AF8EE600AB4EE78
:10FBD000E00AF1EE10FA70D885F81A906DE0C04393
:10FBE000800F6AD107EB0900032100F8F81F57F8CE
:10FBF0002910C1F3C061817257F8290007EB890B06
:10FC0000C0F3474100EE101AB8EE400A20EE090A90
:10FC10008BED290AC0F3072100EE101AB8EE400A56
:10FC200020EE090A8BED330AC0B200EE100AB8EEDE
:10FC3000400A20EE280A8BED150A98F8070000E02C
:10FC40003BE0012839D10920F8F7C0F8DBED330A91
:10FC5000B4EEE00AF1EE10FA2FDB0920F8F7B6F85F
:10FC6000DBED290AB4EEE00AF1EE10FA25D8287B84
:10FC700058B10D20F8F7AAF8DBED150A70EE880AE6
:10FC8000B4EEE00AF1EE10FA17D885F81A900920C0
:10FC9000F8F79CF870EE080A80EEA90ABCEEC00ADC
:10FCA00010EE100A68810D20F8F790F8C0EE280ACF
:10FCB000BCEEE00A10EE100A287309F1010909F000
:10FCC000FF0997F8280048453FF62EAFA87B01288A
:10FCD0000BD1BAF8040000EBC001344800EB8100FE
:10FCE00004E0DEE0B2E06EE011E086E090F8200093
:10FCF0000128EDD1687C30B1A87EF7F775F9A87EB0
:10FD000028766876C2E10020F7F76EF9BEE1416817
:10FD1000C1F30271397009B14A1E6A76284B5A182C
:10FD200092F8F720012A04D0032A19D0022A1FD002
:10FD3000ACE12E72491E03EB810191ED0B0ABCEE82
:10FD4000C00A10EE101A29704068C0F3892000EE36
:10FD5000100AB8EE400A20EE080A85ED010A95E186
:10FD60002C724168C1F34A216981406828738DE192
:10FD700003222A72491E03EB810191ED290ABCEE90
:10FD8000C00A10EE101A29704068C0F3892000EEF6
:10FD9000100AB8EE400A20EE080A85ED010A75E166
:10FDA0002283FF1F2083FF1F7C83FF1F7CB7FF1F61
:10FDB0002183FF1F2483FF1F2383FF1F2583FF1F32
:10FDC000E4B8FF1F74E10299BC4B002915D04168CB
:10FDD000090F3970072903D9029AC91F11443970D4
:10FDE000397809B14A1E6A765A1892F8F720012A22
:10FDF00004D0032A19D0042A1FD047E12E72491ECD
:10FE000003EB810191ED0B0ABCEEC00A10EE101A53
:10FE100029704068C0F3892000EE100AB8EE400A4D
:10FE200020EE080A85ED010A30E12C724168C1F329
:10FE30004A2169814068287328E1042129724168B8
:10FE4000C1F34A216981406828731FE14268B4EB1D
:10FE5000126F01D1012907D042680321B1EB126F63
:10FE600016D189F81A6011E195480078012802D06E
:10FE7000022805D008E001210320F7F7EDFE03E09A
:10FE800002210320F7F7E8FE8E4804210170FDE00F
:10FE900040680521B1EB106F02D1002089F81A00EB
:10FEA000F4E01BF82C20A02A6FD31BF82C20DF2AAB
:10FEB0006BD84FF40051022000F01EFA012836D111
:10FEC00098F8390078B3BAF8040000EBC0000BEBE7
:10FED000800041684AF2010289B2914202D1F7F7EB
:10FEE00089FAD3E0416889B2A1F50042023A11D003
:10FEF000416889B2A1F50042033A0ED0416889B247
:10FF0000B1F5827F10D0406880B2A0F521411F3941
:10FF100006D0BBE0F7F72CFBB8E0F7F78BFBB5E0BA
:10FF2000F7F764FCB2E002E0F7F7FAFBAEE099F80D
:10FF30001B0030B999F81C1019B999F81D10012946
:10FF400006D0012822D099F81C00012827D09DE076
:10FF5000BAF8040000EBC0000BEB80004168C9F860
:10FF600000108168C9F80410C268C9F80820026945
:10FF7000C9F80C204069C9F81000480104D50120D7
:10FF8000F7F726FD89F81B6080E024E00220F7F7F0
:10FF90001FFD002089F81B0089F81C6076E0BAF884
:10FFA000040000EBC0000BEB80008168C1F303414B
:10FFB000032905D08068C0F303400B2804D006E075
:10FFC000032089F8200002E0042089F820000020A6
:10FFD00089F81C005AE0012902D1019A012A02D0B5
:10FFE00001294BD052E099F82110022905D18268ED
:10FFF000A9F824200069A9F82600B9F82400A0F582
:020000040002F8
:100000001C52173A03D042F60132904231D1B9F86E
:100010002600A0F52440753816D0112806D00729EF
:1000200020D0052932D8F6F7DBFC2FE00B2904D0CD
:100030000A292BD8F6F722FA28E0F6F71FF989F8F3
:10004000196089F8166021E00B2904D00A291DD80F
:10005000F6F714FA1AE0F6F711F989F8196089F839
:10006000166013E0F6F70AF989F8196089F8166046
:100070000CE0F6F703F989F8166007E0406880B2F3
:10008000A0F52041023901D1F6F7DCFEBAF80400F0
:100090000D4A00EBC00302EB8302002182F821101D
:1000A000401C80B2AAF804000A2801D1AAF8041062
:1000B00005B0BDEC048BBDE8F08F0000E4B8FF1F75
:1000C0002083FF1F2183FF1F7CB7FF1F0449C878CF
:1000D000401CC0B2C870072801D90020C870704702
:1000E0002083FF1F04490879401CC0B2087107280B
:1000F00001D90020087170472083FF1F2DE9F041CE
:10010000254E264C2648B27B012500786168012ADD
:1001100014D000291DD16575224C01282FD002284A
:1001200017D11821F7F798FD2078BDE8F04102219A
:1001300001EB4010C1B20320F7F78EBD627D002AAB
:1001400007D1002905D1217D174F21B16575386888
:10015000B062BDE8F081012802D0022805D008E095
:1001600025210220F7F778FD03E01A210220F7F796
:1001700073FDF7F715FD65753868B062E9E724216E
:100180000220F7F769FD207805EB4010BDE8F0414B
:10019000C1B20320F7F760BD44B7FF1F24CD012093
:1001A0002083FF1F2283FF1F7C83FF1F2DE9F04167
:1001B000304F314C314D97F82100062807D1E86ABD
:1001C00028B12168081A2D2801D9F6F709FC95F8FD
:1001D000340001280DD1287C58B9286A2168081AF2
:1001E00042F22831884204D9687EF6F7FDFE206885
:1001F0002862287C01280ED1686A2168091A40F219
:10020000EE20814207D9F6F78BF82068686201205A
:10021000A87420682863787D002601280FD1A86A79
:100220002168081A96280AD97E750020F7F7D0FBB6
:1002300097F82200012802D1022087F82200A87B2B
:10024000012808D1A87C30B9E87C012803D1687E58
:10025000F6F7CAFEEE74A87B012809D1A87C012814
:1002600006D1286B2168081AB0F5FA7F00D9AE7460
:10027000BDE8F08124CD01207C83FF1F44B7FF1F20
:1002800070B505460C461F2D04D940F223110EA06F
:10029000F5F7C4F934B1012C04D04FF492710AA0DF
:1002A000F5F7BCF900F036FA124905F01F00012CF1
:1002B00006D00A8882430A8000F050F9002070BD01
:1002C0000A8802430A80F7E72E2E5C2E2E5C2E2E23
:1002D0005C2E2E5C2E2E5C6472697665725C737285
:1002E000635C68633332663436305F6770696F2EE3
:1002F00063000000F43B054070B505460C46002D38
:100300000ED0012D0CD0022D0AD0032D08D0042DC3
:1003100006D0052D04D04FF4C8711CA0F5F77EF966
:10032000012C2AD0022C28D0042C26D0082C24D032
:10033000102C22D0202C20D0402C1ED0802C1CD061
:10034000B4F5807F19D0B4F5007F16D0B4F5806F76
:1003500013D0B4F5006F10D0B4F5805F0DD0B4F5B4
:10036000005F0AD0B4F5804F07D0B4F5004F04D039
:1003700040F2911105A0F5F751F90F4800EB051077
:100380000068204000D0012070BD00002E2E5C2EA1
:100390002E5C2E2E5C2E2E5C2E2E5C647269766591
:1003A000725C7372635C68633332663436305F67E5
:1003B00070696F2E63000000003805402DE9F041A0
:1003C00006460F4614460025002E0DD0012E0BD0F8
:1003D000022E09D0032E07D0042E05D0052E03D0FF
:1003E000AC2152A0F5F71AF9207838B1012805D0D0
:1003F000022803D0AE214DA0F5F710F9607938B18D
:10040000012805D0022803D0AF2148A0F5F706F94E
:10041000A07928B1012803D0B02144A0F5F7FEF857
:10042000607828B1012803D0B12140A0F5F7F6F893
:10043000A07828B1012803D0B2213CA0F5F7EEF84E
:10044000E07828B1012803D0B32138A0F5F7E6F809
:10045000207928B1012803D0B42134A0F5F7DEF8C3
:10046000E07928B1012803D0B52130A0F5F7D6F8FE
:1004700000F050F9012101FA05F038424CD0B001EA
:10048000354A00EB85008318921C024494F801C0A1
:1004900018886CF38E30188094F802C018886CF3BA
:1004A0000C30188094F803C018886CF34920188029
:1004B00094F804C018886CF38610188094F806C06D
:1004C00018886CF38200188094F805C018886CF3C3
:1004D00005101880207820B101280BD0022816D1F1
:1004E00011E0188820F400401880188820F00200DD
:1004F00018800CE0188820F400401880188840F01C
:100500000200188003E0188840F400401880E37966
:10051000108863F3082010806D1CEDB2102DAAD353
:1005200000F01CF80020BDE8F08100002E2E5C2EAB
:100530002E5C2E2E5C2E2E5C2E2E5C6472697665EF
:10054000725C7372635C68633332663436305F6743
:1005500070696F2E63000000003C054002494FF4B3
:100560002540088070470000FC3B054070B50446FC
:100570000D46002C0ED0012C0CD0022C0AD0032CDE
:1005800008D0042C06D0052C04D040F20F2105A081
:10059000F5F744F80E4800EB041002882A43028065
:1005A000002070BD2E2E5C2E2E5C2E2E5C2E2E5C1E
:1005B0002E2E5C6472697665725C7372635C68632C
:1005C0003332663436305F6770696F2E6300000027
:1005D0000A38054070B504460D46002C0ED0012C9B
:1005E0000CD0022C0AD0032C08D0042C06D0052CE9
:1005F00004D040F2F71105A0F5F710F80E4800EB13
:10060000041002882A430280002070BD2E2E5C2E2A
:100610002E5C2E2E5C2E2E5C2E2E5C64726976650E
:10062000725C7372635C68633332663436305F6762
:1006300070696F2E63000000083805402DE9F04115
:100640000646884615461F460024002E0ED0012E71
:100650000CD0022E0AD0032E08D0042E06D0052E70
:1006600004D04FF41A711FA0F4F7D8FF75B1681EBB
:1006700009280BD90E2D09D00F2D07D01F381B28A4
:1006800004D940F2692117A0F4F7C8FF37B1012F50
:1006900004D040F26A2113A0F4F7C0FF00F03AF84A
:1006A0000123B1011A4E03FA04F010EA080F0CD02E
:1006B00001EB84003044028865F305020280012FBB
:1006C0000CD0028822F480720280641CE4B2102CE8
:1006D000E9D3FFF743FF0020BDE8F081028842F430
:1006E0008072F1E72E2E5C2E2E5C2E2E5C2E2E5C60
:1006F0002E2E5C6472697665725C7372635C6863EB
:100700003332663436305F6770696F2E63000000E5
:10071000023C054002494AF201500880704700003F
:10072000FC3B05402DE9F0412DED028B82B000F03D
:10073000C3F9C748C74F1C2490ED000AC64D10EE00
:10074000101AB9420BDA2988CDE90014002390ED84
:10075000000A042219461846F2F79CFF0AE029888D
:10076000CDE90014002390ED000A03221946184633
:10077000F2F790FF2888CDE900040023B7A21946BC
:100780005320F2F71DFDB648DFF8D88290ED000A3D
:1007900010EE101AB9420CDAB8F80010CDE90014C6
:1007A000002390ED000A04221B211846F2F772FF85
:1007B0000BE0B8F80010CDE90014002390ED000A1A
:1007C00003221B211846F2F765FFB8F80000CDE9B7
:1007D00000040023A4A21B215320F2F7F1FCA3483C
:1007E000A34E90ED000A10EE101AB9420BDA3188D0
:1007F000CDE90014002390ED000A042237211846A9
:10080000F2F748FF23E090ED000A10EE101AB9420B
:1008100012DB90ED000A974A10EE101A91420BDAA3
:100820003188CDE90014002390ED000A032237211E
:100830001846F2F72FFF0AE03188CDE900140023B3
:1008400090ED000A022237211846F2F723FF308884
:10085000CDE90004002388A237215320F2F7B0FC31
:10086000FF20B8F80010CDE900104F2368220021C6
:100870006720F1F73FFC3088F2F79CFC02217720DB
:10088000F2F78CFC1020F2F78FFC7C4C207A0428C5
:100890000CD07BA0F2F71AF97A480078072838D2F2
:1008A000DFE800F0370810182028300076A0F2F7B3
:1008B0000DF9F1E72888F2F77DFC19217520F2F790
:1008C0006DFC26E02888F2F775FC19218320F2F7E9
:1008D00065FC1EE02888F2F76DFC19218C20F2F7E8
:1008E0005DFC16E03088F2F765FC2D217520F2F7EB
:1008F00055FC0EE03088F2F75DFC2D218320F2F7E5
:100900004DFC06E03088F2F755FC2D218C20F2F7E3
:1009100045FC5EA0F2F7DAF82888F2F74BFC1721C5
:100920006C20F2F73BFC608900EE100AB8EE400A3A
:10093000DFED570A20EE208A217A042907D100EE44
:10094000100AB8EE400ADFED530A20EE208A18EEB6
:10095000100AB8420BDA50A0F2F7B8F80220B0EE55
:10096000480AF2F763FB3DA0F2F7B0F807E0022077
:10097000B0EE480AF2F75AFB38A0F2F7A7F8B8F839
:100980000000F2F717FC2B216C20F2F707FC207B0C
:1009900000EE100AB8EE400ADFED400A20EE208A91
:1009A0003DA0F2F793F80220B0EE480AF2F73EFBC2
:1009B0002DA0F2F78BF83088F2F7FCFB384F38782F
:1009C000384D4FF010042978084208D03088CDE91E
:1009D0000004002334A23F216A20F2F7F1FB3878AB
:1009E0002978884308D03088CDE9000400232FA25D
:1009F0003F216A20F2F7E4FB28783978884308D051
:100A00003088CDE90004002328A23F216A20F2F7B4
:100A1000D7FB387850B9287840B93088CDE9000440
:100A2000002321A23F216A20F2F7CAFB40217C204B
:100A3000F2F7B4FB1E49002091ED000AF2F7F6FA36
:100A400002B01CA0BDEC028BBDE8F041F2F73EB84D
:100A50003483FF1F00002041A883FF1F56000000C1
:100A60003C83FF1FAA83FF1F410000004083FF1F3C
:100A7000AC83FF1F0000C8425700000044B7FF1FAF
:100A8000505053006C8DFF1F415653005F00000013
:100A90000AD7A33CCDCCCC3C30000000CDCC4C3DA3
:100AA0003083FF1FA683FF1F3E0000003C000000B4
:100AB0008483FF1FA1E600002DE9F0410021484C8E
:100AC000DFF820C1207A9CF80020042807D0072AEC
:100AD00022D2DFE802F02116181A1C1E2000072A75
:100AE0001AD2DFE802F019040619080A0C002821BE
:100AF00012E0042110E014210EE002210CE001219B
:100B00000AE0322108E0052106E0012104E0142179
:100B100002E0022100E00121334E96F800803048C7
:100B2000304FB8F1040F037E7F7845891F44037B63
:100B3000F8B211D037780A2F0ED096F8008001272E
:100B4000B8F1050F20D096F80080B8F10B0F1BD03C
:100B5000307806282FD036E0032A0AD8294489B2F3
:100B60006181A28A914200D962816076F6F73CFAEF
:100B700029E01944C9B22173627B914200D92273E2
:100B80006076F6F731FA1EE0042A0AD2691A89B2B1
:100B90006181E28A914200D262816076F6F724FA9E
:100BA00011E08B4202D9591A217300E02773607655
:100BB000F6F71AFA07E0521CD0B28CF800000628AB
:100BC00001D98CF800703078062805D030780528D7
:100BD00002D03078042801D100203070BDE8F081C7
:100BE00044B7FF1F6C8DFF1F6083FF1F70B5044665
:100BF0000D461048044200D124B940F286210EA0CF
:100C0000F4F70CFD35B1012D04D040F287210AA084
:100C1000F4F704FD144813490161012D06D0016861
:100C2000214301600F49491E016170BD0168A14364
:100C30000160F7E7EE3A0C702E2E5C2E2E5C2E2E05
:100C40005C2E2E5C2E2E5C6472697665725C73720B
:100C5000635C68633332663436305F7077632E636B
:100C6000000000000100A5A50080044070B5044606
:100C70000D460E48044200D124B940F2BF210CA019
:100C8000F4F7CCFC35B1012D04D04FF4307108A03D
:100C9000F4F7C4FC1148012D03D0416821434160A1
:100CA00070BD4168A143416070BD00008602F0F054
:100CB0002E2E5C2E2E5C2E2E5C2E2E5C2E2E5C6438
:100CC00072697665725C7372635C68633332663432
:100CD00036305F7077632E630000000000800440B0
:100CE00070B504460D460E48044200D124B94FF4B5
:100CF0003C710CA0F4F792FC35B1012D04D040F208
:100D0000F12108A0F4F78AFC1148012D03D0816875
:100D10002143816070BD8168A143816070BD000086
:100D20000078F8FF2E2E5C2E2E5C2E2E5C2E2E5C74
:100D30002E2E5C6472697665725C7372635C6863A4
:100D40003332663436305F7077632E630000000004
:100D50000080044070B504460D4641F2131034EA99
:100D6000000000D124B940F215310BA0F4F756FC75
:100D700035B1012D04D040F2163107A0F4F74EFC36
:100D80001048012D03D0C1682143C16070BDC16806
:100D9000A143C16070BD00002E2E5C2E2E5C2E2E55
:100DA0005C2E2E5C2E2E5C6472697665725C7372AA
:100DB000635C68633332663436305F7077632E630A
:100DC000000000000080044010B50446002C06D04E
:100DD000012C04D04FF416710FA0F4F71FFC194A30
:100DE000B2F8FE034AF202510843A2F8FE03164984
:100DF000012C0CD0087820F080000870B2F8FE03B7
:100E000020F0020040F42540A2F8FE0310BD08784F
:100E100040F08000F1E700002E2E5C2E2E5C2E2E7E
:100E20005C2E2E5C2E2E5C6472697665725C737229
:100E3000635C68633332663436305F7077632E6389
:100E400000000000004005400A44054010B5AFF323
:100E5000008010BD1CB500200090019001208DF88D
:100E6000000002208DF8050001026A460120FFF70C
:100E7000A5FA6A4610210120FFF7A0FAF4F788FBD3
:100E8000F4F762FB1CBD1CB500200090019001200E
:100E90008DF8000002208DF8050001026A4601204D
:100EA000FFF78CFA6A4610210120FFF787FAF4F762
:100EB0007BFBF4F755FB1CBD2DE9FC4799490A78EB
:100EC000DFF864820024042A98F8030006D00A7828
:100ED000052A0DD00978062914D03CE0042803D255
:100EE000401C88F8030001E088F803400C7032E0F1
:100EF00018B1401E88F8030002E0042088F80300BF
:100F00000C7028E098F8041041B1042806D000F0D5
:100F1000E9FAC820F4F7A2FB88F8044098F8030027
:100F2000052818D2DFE800F00306090C0F0000F0D6
:100F3000D9FA10E000F0EFFA0DE0FFF78BFF0AE0BE
:100F4000FFF7A1FF07E000F01DF90C2088F8010071
:100F5000012088F804001020F2F726F9734D288844
:100F6000F2F728F900210846F2F718F970A0F1F716
:100F7000ADFD00215820F2F711F96F49012091EDE4
:100F8000000AF2F753F86DA0F1F7A0FD6C4E30782F
:100F90006C4F4FF010043978084208D02888CDE90A
:100FA0000004002368A219469020F2F709F930786E
:100FB0003978884308D02888CDE90004002363A24B
:100FC00019469020F2F7FCF838783178884308D039
:100FD0002888CDE9000400235CA219469020F2F78E
:100FE000EFF8307850B9387840B92888CDE9000456
:100FF000002355A219469020F2F7E2F815210020AF
:10100000F2F7CCF80024DFF82091514F514E09F14E
:10101000D0093088F2F7CEF898F80300844202D164
:101020003888F2F7C7F804EB840059F82000F1F78C
:101030004DFD00210920F0F745FF641CE4B2062CA9
:10104000E7D328210520F2F7A9F82888F2F7B2F8AB
:1010500041A0F1F73BFD4149022091ED000AF1F773
:10106000E5FF3FA0F1F732FD00211120F0F72AFF44
:101070003CA0F1F72BFD3C49022091ED000AF1F76D
:10108000D5FF37A0F1F722FD3888F2F793F83C211D
:101090000020F2F783F8354C354D94ED000A10EE40
:1010A000100AA8420BDA33A0F1F710FD032094EDEB
:1010B000000AF1F7BBFF2AA0F1F708FD0AE02DA016
:1010C000F1F704FD022094ED000AF1F7AFFF24A030
:1010D000F1F7FCFC00210F20F0F7F4FE3088F2F766
:1010E00069F8264991ED000A10EE100AA84205DAC7
:1010F000032091ED000AF1F799FF04E0022091ED41
:10110000000AF1F793FF1EA0F1F7E0FCFF20318801
:10111000CDE9001010239F2219460020F0F7EAFFC6
:10112000BDE8FC876083FF1FB083FF1FAC83FF1FF8
:101130005143322E300000008483FF1FA1E60000DF
:101140003083FF1FA683FF1F3E0000003C0000000D
:10115000A883FF1FAA83FF1F442B3A008883FF1F29
:1011600056000000442D3A008C83FF1F3483FF1F7C
:10117000000020414E4F573A000000003C83FF1F03
:10118000410000001CB500200090019001208DF866
:10119000000002208DF8050001026A460120FFF7D9
:1011A0000DF96A4610210120FFF708F9F4F7F0F96C
:1011B000F4F7D6F91CBD00002DE9FC47A44E3078A9
:1011C000042809D030780A2806D03078052806D0BF
:1011D00030780B2803D004E000F076F901E000F04D
:1011E00065F93078042802D03078052801D1002034
:1011F00030709848DFF860921C2490ED000ADFF808
:101200005C8210EE101A49450CDAB8F80010CDE9EE
:101210000014002390ED000A042219461846F2F744
:1012200039FA0BE0B8F80010CDE90014002390ED76
:10123000000A032219461846F2F72CFAB8F8000003
:10124000CDE90004002386A219465320F1F7B8FF28
:101250008448854F90ED000A10EE101A49450BDACC
:101260003988CDE90014002390ED000A04221B21E7
:101270001846F2F70FFA0AE03988CDE90014002386
:1012800090ED000A03221B211846F2F703FA388872
:10129000CDE90004002375A21B215320F1F790FF34
:1012A0007348744D90ED000A10EE101A49450BDAA0
:1012B0002988CDE90014002390ED000A042237218B
:1012C0001846F2F7E7F923E090ED000A10EE101A45
:1012D000494512DB90ED000A674A10EE101A914260
:1012E0000BDA2988CDE90014002390ED000A0322CF
:1012F00037211846F2F7CEF90AE02988CDE9001423
:10130000002390ED000A022237211846F2F7C2F9B5
:101310002888CDE90004002358A237215320F1F793
:101320004FFFFF203988CDE900104F2368220021AC
:101330006720F0F7DFFE10242888CDE900040023A1
:101340004FA203217720F1F73BFF3078012846D0E8
:1013500030780A2843D03888CDE90004002349A218
:1013600017216F20F1F72CFF3078022842D0307817
:101370000B283FD03888CDE90004002343A22B215D
:101380007020F1F71DFF434F3878434E3178084203
:1013900008D02888CDE90004002340A23F216A201C
:1013A000F1F70EFF38783178884308D02888CDE9E6
:1013B000000400233AA23F216A20F1F701FF3078B0
:1013C0003978884308D02888CDE90004002334A266
:1013D0003F216A20F1F7F4FE3878B0B120E0B8F888
:1013E0000000CDE90004002326A217216F20F1F7A9
:1013F000E7FEB9E7B8F80000CDE90004002323A216
:101400002B217020F1F7DCFEBDE7307840B9288849
:10141000CDE90004002321A23F216A20F1F7D0FE8C
:101420002888CDE900041F4800231A4690ED000AE1
:101430003F217C20F2F72EF92888CDE90004002313
:1014400019A23F218E20F1F7BBFEBDE8FC8700000A
:101450006083FF1F3483FF1F00002041A883FF1F0C
:10146000560000003C83FF1FAA83FF1F41000000BD
:101470004083FF1FAC83FF1F0000C84257000000DD
:10148000514333002B302E32560000002D302E32C7
:10149000560000003083FF1FA683FF1F3E000000A0
:1014A0003C0000008483FF1FA1E6000010B5F4F7A4
:1014B0006FF8F4F749F80A20F4F7D0F8F4F768F871
:1014C000BDE81040F4F74CB810B5F4F76DF8F4F738
:1014D00047F80A20F4F7C2F8F4F75AF8BDE81040CC
:1014E000F4F73EB81CB500200090019001208DF863
:1014F000000002208DF8050001026A460120FEF777
:101500005DFF6A4610210120FEF758FFF4F740F80E
:10151000F4F70EF81CBD1CB50020009001900120CE
:101520008DF8000002208DF8050001026A460120B6
:10153000FEF744FF6A4610210120FEF73FFFF4F753
:1015400033F8F4F701F81CBD1CB5002000900190A1
:1015500001208DF8000002208DF80500C1016A46C7
:101560000120FEF72BFF6A4608210120FEF726FF27
:10157000F4F70EF81CBD1CB5002400940194F3F799
:10158000FBFFF3F7D5FF0A20F4F768F88DF8004069
:101590006A464FF480710120FEF710FF6A46082169
:1015A0000120FEF70BFF6A464FF400710120FEF7A1
:1015B00005FF6A4610210120FEF700FF1CBD000058
:1015C0002DE9F05FFE480178FE4EFF4FFF4D4FF0D2
:1015D000000A002913D00178052905D001780429D3
:1015E00002D00178062908D1297931B180F800A00C
:1015F00085F804A03079F9F7FFFB38686862F07865
:101600000124072855D054D2DFE800F004101C282C
:10161000333E49003868696A401A43F69821884287
:1016200047D92C717079F9F7E7FB42E03868696AAD
:10163000401A47F2305188423BD92C717079F9F742
:10164000DBFB36E03868696A401A4EF66021884252
:101650002FD92C717079F9F7CFFB2AE03868696AC5
:10166000401ADB49884224D92C717079F9F7C4FB00
:101670001FE03868696A401AD649884219D92C7126
:101680007079F9F7B9FB14E03868696A401AD249F1
:1016900088420ED92C717079F9F7AEFB09E03868F1
:1016A000696A401ACD49884203D92C717079F9F7DB
:1016B000A3FBDFF82C83CB4EDFF82C9398ED000AC8
:1016C00010EE100AB0F1804F32DA3868B0F57A7F48
:1016D0002ED9B07B20B172B6F4F792FA62B61FE051
:1016E00099F80000152804D099F800000D280CD0B6
:1016F00016E072B6F4F7FCFA62B6B07B03280FD19D
:10170000B473152089F800000AE072B6F4F7F0FA15
:10171000B07B032803D1B4730D2089F8000062B6B2
:10172000B24E307888B1FFF726FF86F800A00CE0B3
:1017300098ED000AAE4910EE100A884205DBB07B36
:1017400018B972B6F4F7A2FA62B63868E96E401AB0
:10175000C8287DD3EFF7FCFC08F0B2FC06F004FBD0
:1017600099F80000DFEDA31AA34E032804D099F8DE
:1017700000000F2855D0CEE0002200219F480078BD
:1017800020B11E230020DFF878B20CE09D480078DD
:10179000401CC3B2F6E73BF810C08C4500D9614647
:1017A0006244401CC0B29842F5D39748DFF85CC24F
:1017B00000880A2818D2B2FBF3F000EE100AB8EE47
:1017C000400ADFED930A60EE200A00EE101AB8EE30
:1017D000400A9FED901A40EE010ABCEEE00A10EEBE
:1017E000100AACF8000017E0B2FBF3F000EE100AAC
:1017F000F6EE080AB5EE001AB8EE400A60EE200ACE
:1018000000EE101AB8EE400A40EE010ABCEEE00A03
:1018100010EE100AACF800007F488049008808806C
:1018200079E07F48D0ED000A7E4890ED001ADFEDA8
:101830007E2A7E489FED7E0AF4EEC10AB1EE0C2AA4
:10184000F1EE10FA7B4A7C4931DD96ED003A00E07A
:10185000D5E113EE103A934229DD70EEC10A80EE15
:10186000A21AD0ED000AD6ED002AA87901EB800279
:1018700021EE201AC1EE220A60EEA10AC2ED000A92
:10188000062802D2401CA87145E0002001EB80022E
:10189000D2ED000A30EE800A401CC0B20728F5D312
:1018A000C0EE020AC5ED190A85F806A033E096EDF0
:1018B000003A13EE103A934229DD31EE601AC1EE80
:1018C000220A90ED001AD6ED002AA87901EB8002D9
:1018D00020EE811AC1EE220A60EEA10AC2ED000AD2
:1018E000062802D2401CA87115E0002001EB8002FE
:1018F000D2ED000A30EE800A401CC0B20728F5D3B2
:10190000C0EE020AC5ED190A85F806A003E085F8C5
:1019100006A085ED190A98ED000A688960EE210A93
:1019200000EE100AB8EE400AF4EEC00AF1EE10FA2A
:1019300008DD98ED000A20EE210ABCEEC00A10EE88
:10194000100A688196ED000AA88960EE210A00EE6F
:10195000100AB8EE400AF4EEC00AF1EE10FA08DD03
:1019600096ED000A20EE210ABCEEC00A10EE100A25
:10197000A881E889401C80B2E8812F492B8A1C315C
:1019800001F5A072984218D198ED000AE87920EE8E
:10199000210ABCEEC00A10EE10CA21F810C096ED64
:1019A000000A20EE210ABCEEC00A10EE10CA22F88E
:1019B00010C0401CE871A5F80EA0E879A0283DE011
:1019C0006083FF1F746102207C83FF1FF48CFF1F64
:1019D000C0D40100E0930400C027090040771B0039
:1019E0003483FF1F44B7FF1FB183FF1FB283FF1F64
:1019F0000000404000007A443C83FF1FB883FF1F73
:101A00004C390220B783FF1FD083FF1FD483FF1FF1
:101A10006666263F3333B33ED683FF1FD883FF1F4E
:101A20009083FF1F9483FF1F00F07F458083FF1F7B
:101A300000000000CDCCCC3ED85E022013D1502057
:101A4000E8714FF6FF7000EA43002882002031F869
:101A5000203021F8103032F8203022F81030401CAD
:101A6000C0B25028F3D3DFF89CB1DFF89CA106E0A8
:101A70001E2089F80000F8F7FBFE01F055FB9BF8EB
:101A800000009AF800100843F2D09BF8000060B9FB
:101A90003868296B401A5D49884206D99AF80000D7
:101AA00018B100F0B7F8386828639BF8000058B9FF
:101AB0003868B0F57A7F07D99AF8000020B16879C4
:101AC00010B900F0A7F86C71E869B0F5FA6F7DD92C
:101AD00098ED000AD5ED0D0AB4EEE00AF1EE10FA29
:101AE00004DD98ED000A85ED0D0A0CE098ED000A82
:101AF000D5ED130AB4EEE00AF1EE10FA03D298ED38
:101B0000000A85ED130A96ED000AD5ED0E0AB4EE33
:101B1000E00AF1EE10FA04DD96ED000A85ED0E0AFA
:101B20000CE096ED000AD5ED140AB4EEE00AF1EEF1
:101B300010FA03D296ED000A85ED140A344AD5ED69
:101B40000F0A92ED000AB4EEE00AF1EE10FA04DD9D
:101B500092ED000A85ED0F0A0CE092ED000AD5ED3A
:101B6000150AB4EEE00AF1EE10FA03D292ED000A83
:101B700085ED150AA96ED5ED160A411A00EE101A68
:101B800098ED001AB8EE400A41EE000AC5ED160ABB
:101B900000EE101AD6ED001AB8EE401A95ED170AAD
:101BA00001EE810A85ED170A01EE101A92ED002A66
:101BB000F8EE411A95ED181A02EE211A85ED181A61
:101BC000A866A0F5FA6001EE900A00E015E0F8EED4
:101BD000611A80EEA12A85ED102A00EE900AF8EE37
:101BE000600AC0EE201AC5ED111A00EE100AB8EE18
:101BF000400AC1EE000AC5ED120A3868E866BDE881
:101C0000F09F0000CB83FF1FCA83FF1F80CBA4007F
:101C10004083FF1FF8B547480090474C474800995C
:101C2000084483E0217800297FD023781A460825CC
:101C300002E05B086D1EEDB2DE07FAD0F82A22D072
:101C400008DC802A27D0C02A23D0E02A1FD0F02A1F
:101C500006D11AE0FC2A14D0FE2A10D0FF2A0CD09C
:101C60000022364B009E083333449C421DD3184655
:101C7000231A12D0012B4ED112E0FE22F1E7FC22F2
:101C8000EFE7F822EDE7F022EBE7E022E9E7C022F8
:101C9000E7E78022E5E70022E3E7294911433AE03C
:101CA0006FF47F4141EA022135E0244B009E1B1D69
:101CB0003344FF264FF6FF776FF07F4C9C4214D3DE
:101CC0001846231A06D0012B06D0022B07D0032B6F
:101CD00021D107E011461EE046EA02211BE007EB96
:101CE000024118E04CEA026115E0844213D3231A42
:101CF00006D0012B06D0022B08D0032B0BD108E015
:101D0000114608E046EA022105E00EE007EB024139
:101D100001E04CEA0261F6F7C9F800980949201A77
:101D2000C01C05EBC0000870F8BD641E8442BFF4FF
:101D300079AFF8BD53AE0043190C0003BD5DFFBF82
:101D40000000FFFFCA83FF1F2DE9F04F2DED068B2A
:101D500085B0002440F6FF760027A3469FEDFE8A5B
:101D6000FE490878DFF8F8A3A046062805D00A78CF
:101D70005046042A008C09D046E09AF8090080F009
:101D800001008AF8090081F8008082E0A0283BD297
:101D9000042816D04FF6FF7202EA4000AAF820008D
:101DA00001208AF8090081F80080BAF82000042890
:101DB0006FD928281CD008DC0A280BD0142868D139
:101DC0000FE00A20AAF82000EAE7502814D0A02843
:101DD0005FD115E00120EFF793FE112001F084F8A8
:101DE00057E00220EFF78CFE112001F07DF850E063
:101DF0002F2001F079F84CE06B2001F075F848E0F5
:101E0000E32001F071F844E00A78052A41D1012865
:101E10003FD90A2815D04008AAF8200001208AF8E6
:101E2000090081F80080BAF82000022831D928285A
:101E300024D00ADC04280DD00A2812D0142828D176
:101E400016E00420AAF82000E8E750281AD0A028BD
:101E50001FD11BE00020EFF753FE0B2001F044F8E8
:101E600017E00120EFF74CFE112001F03DF810E0E3
:101E70000220EFF745FE112001F036F82F2001F087
:101E800033F806E06B2001F02FF802E0E32001F0C8
:101E90002BF84FF0500948F61045CDE900590A22B9
:101EA000462300211046F0F725F9CDE90059142208
:101EB000462300211046F0F71DF9CDE900591E22F6
:101EC000462300211046F0F715F9CDE900592822E4
:101ED000462300211046F0F70DF9CDE900593222D2
:101EE000462300211046F0F705F9CDE900593C22C0
:101EF000462300211046F0F7FDF84623CDE90059AE
:101F00001A4600211846F0F7F5F8CDE9005950229D
:101F1000462300211046F0F7EDF8CDE900595A228A
:101F2000462300211046F0F7E5F8CDE90059642278
:101F3000462300211046F0F7DDF8CDE900590A23C9
:101F40006E2219460020F0F7D5F8CDE90059142388
:101F50006E2219460020F0F7CDF8CDE900591E2376
:101F60006E2219460020F0F7C5F8CDE90059282364
:101F70006E2219460020F0F7BDF8CDE90059322352
:101F80006E2219460020F0F7B5F8CDE900593C2340
:101F90006E2219460020F0F7ADF84FF0FF09CDE9A9
:101FA00000596D22462300211046F0F7A3F8CDE931
:101FB00000596E22462300211046F0F79BF80022BC
:101FC000CDE90059462311461046F0F793F8CDE9C4
:101FD00000590122462300211046F0F78BF8002318
:101FE000CDE900596E2219461846F0F783F8CDE97D
:101FF000005901236E2219460020F0F77BF8CDE945
:10200000005945236E2219460020F0F773F8CDE9F8
:10201000005946236E2219460020F0F76BF8002184
:10202000DFF840914FF4806239F81100A04201D9E5
:10203000044602E0B04200D206468344491C89B2FD
:102040009142F1D34FEA9B21B9F8B8014FF448739C
:10205000884214D2DC2039F810508D420BD2851CF6
:1020600039F815508D4206D2051D39F815508D42AC
:1020700001D2C7B203E0401C80B29842EBD33D4688
:1020800011E039F8150088420BD9A81C39F8100066
:10209000884206D9281D39F81000884201D9EFB2CC
:1020A00003E06D1CADB29D42EBD39AF80900DFF856
:1020B000B8B02E4DC8B38AED118AA01B4FF47A71C7
:1020C000484340F6FF7190FBF1F000EE100ADBEDA3
:1020D000000A2748B8EEC00A90ED001A60EE200A08
:1020E00080EE810AF6EE000A30EE200ABCEEC00A4D
:1020F00010EE100A81B2AAF822109AF8050000EB3F
:1021000080138B4205D28AF80680401C8AF80500AD
:102110000EE0401EC0EB0010B1EB800F06DA9AF81B
:102120000600401C8AF8060002E094E08AF8068067
:102130009AF80600322806D19AF80500401E8AF85F
:1021400005008AF8068000200A4B39F8101000EECE
:10215000101AB8EE400A0FE0000000006083FF1F75
:10216000B083FF1F4CCD01208083FF1F88590220C0
:102170009883FF1F8839022003EBC00181ED000A1C
:1021800081ED018A401C80B29042DED301230022FF
:10219000FD49FE4804F04BFF4FF4AA742246FC4967
:1021A000F94805F0DDFA0120514605EB8002D1ED3A
:1021B000110A92ED000AB4EEE00AF1EE10FA02DD27
:1021C000C88481ED110A401C80B2A042EDD3088C76
:1021D000282827D004DC0A2816D0142804D11AE0B5
:1021E000502826D0A0282AD0C88CEA4A5043000C98
:1021F000C884E54BC8793C3B4A8C23F810201D2845
:1022000025D2401CC87126E0C88C4FF4FA325043E6
:10221000000CC884EDE7C88C4FF47A725043800AF2
:10222000C884E6E7C88C4FF4FA725043800AC88429
:10223000DFE7C88CFA225043800AC884D9E7C88CEB
:1022400000EB4002C2EBC010800AC884D1E7012035
:10225000087281F80780D04C94ED110ADFEDCF0AA7
:1022600080EE208ACE4800220188C82004F090FE2B
:102270008046208C9FEDCB9A9FEDCBAA04287CD979
:10228000A7F1DC004FF47A7239F8100040F6FF7CB9
:10229000801B504390FBFCF000EE100ADBED000ABF
:1022A000C24AB8EEC00A234692ED001A5C7920EECD
:1022B000200AC0EE010A00EE104AB8EE400AC0EE55
:1022C000808A0024F0EE689A04F10109B84807EB0F
:1022D000890130F811004FF47A71801B484340F6B1
:1022E000FF7190FBF1F000EE100AB248B8EEC00AA0
:1022F000D0ED000AAD4820EE200A90ED001AA64865
:10230000C0EE010A407900EE100AB8EE400AC0EEB5
:10231000808A012C5BD904EB4400811C05EB810A07
:10232000411C05EB810B9AED001ADBED000A05EB71
:102330008000049090ED000AFAF7DCFCC0EE080A79
:1023400097492246098839EE600ABCEEC00A10EEB1
:10235000100A83B23C20CDE90010E0B24621EFF72D
:10236000C9FE04989AED001ADBED000A90ED000A10
:10237000FAF7C0FCC0EE080A00E059E039EE600A46
:10238000BCEEC00A10EE100A83B2601E00EB4000E3
:10239000811C05EB810191ED001A411C05EB8101C7
:1023A00005EB8000D1ED000A90ED000AFAF7A2FCDF
:1023B000C0EE080A2246CDF8008039EE600ABCEE75
:1023C000C00A10EE100AC1B2E0B2EFF725FE724962
:1023D0004879498C4000B1FBF0F200EE102AB1FBC5
:1023E000F0F0B8EE400A30EE0A0A30EE680ABCEEB1
:1023F000C00A10EE102A00EE100A93B2B8EE400A9E
:102400006D4A30EE0A0A128830EE690ABCEEC00A44
:1024100010EE100AC1B2FF20CDE90020E0B2224642
:10242000EFF768FE1FFA89F46E2CFFF44BAFF3E070
:102430006FF0360200FB0270DBED000A39F8100085
:10244000DFF868C1821B4FF47A70424340F6FF7098
:1024500092FBF0F200EE102A9CED001A4E4BB8EE03
:10246000C00A5C7920EE200AC0EE010A00EE104A94
:10247000B8EE400AC0EE808A0024F0EE689A464A20
:1024800004F10109108C00FB0971494830F8110072
:102490004FF47A71801B484340F6FF7190FBF1F0D6
:1024A00000EE100A4348B8EEC00AD0ED000A3F48DB
:1024B00020EE200A90ED001A5079C0EE010A00EEDD
:1024C000100AB8EE400AC0EE808A012C59D904EBFC
:1024D0004400811C05EB810A411C05EB810B9AED40
:1024E000001ADBED000A05EB8000039090ED000A76
:1024F000FAF700FCC0EE080A29492246098839EE9D
:10250000600ABCEEC00A10EE100A83B23C20CDE98E
:102510000010E0B24621EFF7EDFD03989AED001AA6
:10252000DBED000A90ED000AFAF7E4FBC0EE080AC2
:1025300039EE600ABCEEC00A10EE100A83B2601ECB
:1025400000EB4000811C05EB810191ED001A411C5C
:1025500005EB810105EB8000D1ED000A90ED000A4A
:10256000FAF7C8FBC0EE080A2246CDF8008039EE23
:10257000600ABCEEC00A10EE100AC1B2E0B2EFF77A
:102580004BFD0549487919E088390220B8A20300BB
:102590008859022000E20400B083FF1F0000884237
:1025A000AA83FF1F00008D4200000E429883FF1F88
:1025B0004CCD01208083FF1FA883FF1F498C400062
:1025C000B1FBF0F200EE102AB1FBF0F0B8EE400AD9
:1025D00030EE0A0A30EE680ABCEEC00A10EE102A8D
:1025E00000EE100A93B2B8EE400AB14A30EE0A0A81
:1025F000128830EE690ABCEEC00A10EE100AC1B2B1
:10260000FF20CDE90020E0B22246EFF773FD1FFA6C
:1026100089F46E2CFFF431AFA64C607A08B100F05B
:10262000DDFF0C20F0F7C0FDA34D2888F0F7C2FDB8
:1026300000217420F0F7B2FD208C282831D004DC72
:102640000A281CD0142804D122E0502832D0A02817
:1026500038D00120B1EE040AF0F7E8FC97A0F0F7BB
:1026600035FA617A0C20A9B39549002395A209880F
:10267000CDE9001019469420F0F7A2FD35E00120C5
:10268000B0EE000AF0F7D2FC8CA0F0F71FFAE8E7F2
:102690000120B7EE000AF0F7C9FC88A0F0F716FA9F
:1026A000DFE700214FF4FA70F0F732FD86A0F0F773
:1026B0000DFAD6E70021FA20F0F72AFD82A0F0F704
:1026C00005FACEE700217D20F0F722FD7EA0F0F78D
:1026D000FDF9C6E7FFE74FF47841CDE9001000238C
:1026E0007AA219469520F0F76BFD0E217420F0F7C1
:1026F00055FDA08C4FF47A769FED758AB04206D2D4
:102700000321F0F705FD73A0F0F7E0F90BE000EE10
:10271000100A0320F8EE400A80EE880AF0F786FCE3
:102720006DA0F0F7D3F9208DB0420BD21C2174209C
:10273000F0F734FD0321208DF0F7EAFC67A0F0F7F5
:10274000C5F910E01C217420F0F728FD208D00EE63
:10275000100A0120F8EE400A80EE880AF0F766FCC5
:102760005FA0F0F7B3F9FF262888CDE900062823FB
:102770009F2219467120EFF7BDFC2888CDE900069D
:1027800071224F2300211046EFF7B4FC2A21742058
:10279000F0F704FD5349544D91ED000A10EE100A74
:1027A000A84205DA032091ED000AF0F73FFC04E0AF
:1027B000022091ED000AF0F739FC47A0F0F786F906
:1027C00038217420F0F7EAFC484991ED000A10EE38
:1027D000100AA84205DA032091ED000AF0F726FC62
:1027E00004E0022091ED000AF0F720FC40A0F0F791
:1027F0006DF946217420F0F7D1FC3E4991ED000AB5
:1028000010EE100AA84205DA032091ED000AF0F755
:102810000DFC11E091ED000A374A10EE100A9042CB
:1028200005DA022091ED000AF0F700FC04E0012037
:1028300091ED000AF0F7FAFB30A0F0F747F94621D6
:102840000020F0F7ABFC208CF2EE040A00EE100A38
:10285000B1EE041A0120B8EE400A60EE200A80EEC4
:10286000810AF0F7E3FB26A0F0F730F960790A2837
:102870000BD246214320F0F791FC6079022100EB56
:1028800080004000F0F744FC0AE046213C20F0F7CD
:1028900085FC6079022100EB80004000F0F738FCF5
:1028A00005B019A0BDEC068BBDE8F04FF0F70EB9EE
:1028B000A883FF1FB083FF1FAC83FF1F4D000000E4
:1028C000AA83FF1F240000004B0000002500000029
:1028D00000007A446D560000560000006B485A0014
:1028E0004D485A003483FF1F000020413C83FF1FE6
:1028F000410000004083FF1F0000C8425700000055
:1029000075532F64000000006D562F640000000016
:1029100070B504460D4604200C498C4208D00C4981
:102920008C4205D00B498C4202D00B498C420CD111
:1029300035B1012D04D04FF4F57108A0F2F76EFE09
:10294000606865F386106060002070BD00C00140C3
:1029500000C4014000000240000402402E2E5C2E04
:102960002E5C2E2E5C2E2E5C2E2E5C64726976659B
:10297000725C7372635C68633332663436305F73E3
:1029800070692E630000000070B504460D460026F5
:102990002148844208D02148844205D020488442FE
:1029A00002D02048844235D185B1012D0ED0022DB0
:1029B0000CD0032D0AD0042D08D0052D06D0062DED
:1029C00004D040F20D4118A0F2F728FE072D21D2C5
:1029D000DFE805F004080C1014181D006069C0F34E
:1029E000C01617E06069C0F3401613E06069C0F3D9
:1029F00000160FE06069C0F3C0060BE06069C0F329
:102A0000800607E06069012121EA500602E0606962
:102A100000F00106304670BD00C0014000C4014016
:102A200000000240000402402E2E5C2E2E5C2E2E52
:102A30005C2E2E5C2E2E5C6472697665725C7372FD
:102A4000635C68633332663436305F7370692E635B
:102A50000000000070B504460D460420FE498C427B
:102A600008D0FE498C4205D0FD498C4202D0FD4978
:102A70008C427DD1002D7BD0287830B1012804D044
:102A800040F22F11F8A0F2F7C9FD687890B1012843
:102A900010D002280ED003280CD004280AD0052814
:102AA00008D0062806D0072804D04FF49871EEA06D
:102AB000F2F7B4FDA87830B1012804D040F231110A
:102AC000E9A0F2F7ABFDE87890B1012810D0022818
:102AD0000ED003280CD004280AD0052808D00628D8
:102AE00006D0072804D04FF49971DFA0F2F796FDC5
:102AF000287930B1012804D040F23311DAA0F2F77E
:102B00008DFD687990B1012810D002280ED00328DD
:102B10000CD004280AD0052808D0062806D007289B
:102B200004D04FF49A71D0A0F2F778FDA87950B193
:102B3000012808D0022806D0032804D040F235111D
:102B4000C9A0F2F76BFDE87930B1012804D04FF449
:102B50009B71C5A0F2F762FD287A30B1012804D03C
:102B600040F23711C0A0F2F759FD687A40B100E099
:102B700041E1012804D04FF49C71BBA0F2F74EFD57
:102B8000A87A30B1012804D040F23911B6A0F2F78A
:102B900045FDE87A30B1012804D04FF49D71B2A010
:102BA000F2F73CFD287B30B1012804D040F23B1104
:102BB000ADA0F2F733FD687B30B1012804D04FF4AB
:102BC0009E71A9A0F2F72AFDA87B90B1012810D030
:102BD00002280ED003280CD004280AD0052808D0DB
:102BE000062806D0072804D040F23D119EA0F2F737
:102BF00015FDE87B10B3012820D002281ED0032841
:102C00001CD004281AD0052818D0062816D007286A
:102C100014D0082812D0092810D00A280ED00B286A
:102C20000CD00C280AD00D2808D00E2806D00F286A
:102C300004D04FF49F718CA0F2F7F0FC287C30B1E7
:102C4000012804D040F23F1187A0F2F7E7FC687C2E
:102C500050B1012808D0022806D0032804D04FF430
:102C6000A07181A0F2F7DAFCA87C30B1012804D071
:102C700040F241117CA0F2F7D1FCE87C30B1012890
:102C800004D04FF4A17178A0F2F7C8FC287D30B1D0
:102C9000012804D040F2431173A0F2F7BFFC687D15
:102CA00030B1012804D04FF4A2716FA0F2F7B6FC46
:102CB000A87D30B1012804D040F245116AA0F2F796
:102CC000ADFCE87D30B1012804D04FF4A37166A0BB
:102CD000F2F7A4FC287E30B1012804D040F247115D
:102CE00061A0F2F79BFC687E30B1012804D04FF45C
:102CF000A4715DA0F2F792FC287D01287DD0A06927
:102D000020F40040A061A06920F48040A061A06987
:102D100020F40050A061E06820F4E000E060E0688A
:102D200020F0E060E060E06820F0E040E060A87C37
:102D3000F0B3A06920F0E000A061E06820F48070AA
:102D4000E060E06820F40070E060E06820F48060FB
:102D5000E060E06820F40060E060E97AE06861F338
:102D60008610E060697CE06861F30100E060297C26
:102D7000A06961F30C30A061E97BA06961F30B20CD
:102D8000A061A97BA06961F38400A061297BA0698F
:102D900061F34100A061697BA06961F30000A0615B
:102DA000A97C606861F300006060E97C606800E015
:102DB00042E061F341006060297D606861F3C30017
:102DC0006060697D606861F3C7106060A97D6068BC
:102DD00061F30C306060E97D606861F34D306060E4
:102DE000297E606861F3CF306060697E606861F35E
:102DF0008E306060002070BDFFE72978A06961F324
:102E0000CF30A061A978A06961F38E30A0612979E3
:102E1000A06961F34D30A0616978E06861F31650F4
:102E2000E060E978E06861F31A60E0606979E06881
:102E300061F31E70E0607AE7A979A06961F3471039
:102E4000A061E979E06861F30820E060297AE06830
:102E500061F34920E0601DE000C0014000C4014072
:102E600000000240000402402E2E5C2E2E5C2E2E0E
:102E70005C2E2E5C2E2E5C6472697665725C7372B9
:102E8000635C68633332663436305F7370692E6317
:102E900000000000697AE06861F38A20E060A97AA6
:102EA000E06861F3CB20E06057E700000422084BA4
:102EB000984208D0074B984205D0074B984202D061
:102EC000064B984201D10160002210467047000075
:102ED00000C0014000C40140000002400004024064
:102EE00010B5AFF3008010BD11B583B00020019084
:102EF000042100918DF8040003A80290074C20469D
:102F0000EEF7F4F904212046EDF77EFF69462046EE
:102F1000EDF710FE2046EEF7BBF91FBD00000440A0
:102F20002DE9FC4100F05CF81020F0F73DF9002499
:102F3000284D274E05F284673088F0F73BF92007CB
:102F4000010E0020F0F72AF9287E844212D10221D6
:102F50000020EEF7B7FF0C20F0F726F91E48008896
:102F6000F0F728F91DA0EFF7B1FD6FF00101002087
:102F7000EEF7A8FF1020F0F717F9687E204400EB69
:102F8000400101EBC00057F83000EFF7EDF9641C89
:102F9000E4B2052CD0D3FF243088CDE900049E2272
:102FA0004F2300211046EFF7A5F83088CDE9000443
:102FB000287E697E9F22084400EB800101EBC0035C
:102FC0005B1C00219D20EFF795F8BDE8FC81000017
:102FD000AA83FF1FB083FF1FA883FF1F3E000000CE
:102FE0002DE9F0414A4E33784A4D0024042BEA7E05
:102FF000297E687E0FD03378052B21D03278062ABF
:1030000019D10844444F082836D2DFE800F02C36A6
:103010004A5A65687A7D042902D2491C297609E05A
:10302000022803D112B12C766C7603E0032804D079
:10303000401C68763470BDE8F0812C766C76F9E738
:1030400011B1491E297602E018B1401E687634702D
:10305000F1E704201AB1287602206876F7E728768F
:1030600003206876F3E713206870F878A87338793E
:10307000E873787928746C7348E017206870F879E1
:1030800000B10120A874387AE8740920F4F79EFE94
:1030900085ED120A0D20F4F799FE85ED130A6C7484
:1030A00034E0182068701120F4F790FE1B4880ED82
:1030B000000A1520F4F78AFE194880ED000A2C75E5
:1030C00024E0192068701D20F4F780FE154880ED7B
:1030D000000A6C75AC7519E01B20687016E01C20A6
:1030E00068702820F4F766FE68852A20F4F762FEEF
:1030F000A8852C20F4F75EFEE88597F83200E87585
:1031000004E01D20687001E01E206870347092E7B2
:103110006083FF1FB083FF1F746102201C8DFF1F9F
:10312000208DFF1F4C83FF1F70B500F075FA4B4DCB
:10313000287800286FD00020EFF7FCF8484C607822
:1031400012285CD00CDC122828D2DFE800F02528F9
:103150002B2E7F7F7F3D34373A4346494C4F5255A3
:103160001A2862D009DCA0F1130007286ED2DFE82C
:1031700000F0494C4F1F535659001E2861D006DC01
:103180001B2855D01C2859D01D285FD153E01F287B
:103190005AD064285AD11AE0F8F7C2F856E0F8F786
:1031A0000FFD53E0F9F704FA50E0FEF7CDFD4DE0D6
:1031B000EEF714FA4AE0FBF7F9FC47E0FDF7B2FA44
:1031C00044E0F9F7B5FD41E000F046F93EE001F0DA
:1031D00005FC3BE0FDF770FE38E0FDF7EDFF35E064
:1031E000F9F7B0FE32E0FBF7F5FA2FE0F7F7B4FE9F
:1031F0002CE0FAF7B1FE29E0FFF792FE26E0FAF79D
:10320000EDF923E0EEF7C6FC20E000F02BF81DE01E
:10321000FBF7CCFC1AE020E0FAF738F916E001F0F1
:1032200077FC13E0F1F7C0FB10E0F1F7C3FA0DE013
:1032300001F0CEFF0AE001F0EDFE07E0F1F7A6F99C
:1032400004E0F0F7DDFF01E0FBF74AFF2078F6F736
:10325000A1FFF7F735FD0020287070BD9C83FF1F8C
:10326000B083FF1F2DE9FC5F644A1378644E002190
:10327000644F7079DFF89081042B06D01378052B0A
:103280000BD01378062B10D026E0022802D2401C67
:10329000707100E0717111701EE010B1401E70710C
:1032A00001E002207071117016E03B68B3F5FA7FFF
:1032B00012D9564B20B1012808D002280BD108E0C2
:1032C00008201870012088F80E0004E0072018700C
:1032D00001E01F201870117041F658351020EFF7EB
:1032E00063FF00210846EFF759FFDFF82491B9F892
:1032F0000000EFF75FFF47A0EFF736F80024DFF894
:103300002CA1B9F80000EFF755FF601C83460007B9
:10331000010E0020EFF742FF7079844212D10221A2
:103320000020EEF7CFFD0C20EFF73EFF404800886D
:10333000EFF740FF3FA0EFF7C9FB6FF0010100205E
:10334000EEF7C0FD1020EFF72FFF04EBC4000AEBEF
:1033500000100068EFF708F80BF0FF04032CD0D33F
:10336000354E3088EFF726FF40210020EFF716FF9B
:10337000D8F81C00396841F27074081AA04207D9C5
:1033800000210220F4F768FC46210920F4F764FCD0
:10339000D8F81C003968091AA14222D23968091AE2
:1033A000691A8CB239689FED251A081A00EE100AC6
:1033B00031884A23B8EE400AC0EE010A9FED201A78
:1033C0009FED200A00EEC10ABCEEC00A10EE100A02
:1033D00082B2FF20CDE9001046215A20EEF78AFE86
:1033E00000E000244FF47A70B4FBF0F00021EFF716
:1033F0008FFEBDE8FC5F14A0EEF7B6BF6083FF1F31
:103400006C8DFF1F7C83FF1F44B7FF1FB183FF1F1D
:10341000AA83FF1FC4FAB0B4CFC2C1CBD3D5C6AD07
:10342000B0B4BCFC2CC4FAD2AA3A0000A48FFF1F8F
:10343000A883FF1F3E000000AC83FF1F0080BB4538
:1034400000008A4200001F43C3EBBAF3BDABD7D4E0
:10345000B6AFB9D8B1D500002DE9F04100F03EF883
:103460001020EFF7A1FE0024194E184D06F1580761
:103470002888EFF79FFE2007010E0020EFF78EFE51
:10348000B07A844212D102210020EEF71BFD0C20FD
:10349000EFF78AFE0F480088EFF78CFE0EA0EFF7DB
:1034A00015FB6FF001010020EEF70CFD1020EFF787
:1034B0007BFE04EB840057F83000EFF707FB641C39
:1034C000E4B2032CD4D3BDE8F0810000AA83FF1F2F
:1034D000B083FF1FA883FF1F3E0000002DE9F041CD
:1034E000344F3978344C00260429A07A16D0397824
:1034F00005291CD03978062917D130492246304D8C
:10350000897B126B4FF448784FF0080CB8B1234612
:1035100001289B7821D002284AD134E0022802D227
:10352000401CA07200E0A6723E70BDE8F08110B1B0
:10353000401EA07201E00220A0723E70F5E7012952
:1035400008D02868801A404532D984F800C028681D
:1035500020632DE0152060702AE0012903D05BB1C3
:103560000B20607024E02868801A404520D984F838
:1035700000C0286820631BE0FDF7E6FF04202070F0
:103580002868206314E0012903D05BB10C2060702F
:103590000EE02868801A40450AD984F800C02868DF
:1035A000206305E0FDF7D0FF052020702868206328
:1035B0003E70BAE76083FF1FB083FF1F44B7FF1F51
:1035C0007C83FF1F034900200870034907204870CF
:1035D000704700006083FF1FB083FF1F10B50B4CC6
:1035E0004FF4806200212046F1F716FF084A0021BF
:1035F0002046F1F779FE012200212046F1F762FC16
:10360000BDE810400348EDF743BE00000030054020
:103610004CCD01200000044070B50F223C480178D9
:103620003C4C092908D006783B4D00223B494FF419
:103630007A730C2E13D01DE0002039490CE011F8EC
:1036400030306578AB4205D101EBC0004068BDE881
:1036500070400047401CC0B29042F0D370BD2E684D
:103660009E4207D96678E6B16678012E19D0667851
:10367000022E16D006780C2EF0D12D689D42EDD981
:1036800063781E2BEAD063781F2BE7D063781B2B5F
:10369000E4D00270627062730879BDE87040F7F799
:1036A000ABBB02708878032801D38A7001E0401C0C
:1036B000887072B68878072630B101280CD00228AD
:1036C00012D003281FD117E004210846F5F7DEFECB
:1036D00026702868206316E001210520F5F7D6FE44
:1036E0002670286820630EE004210220F5F7CEFE44
:1036F00026702868206306E003210620F5F7C6FE41
:1037000026702868206362B6BDE87040F4F774BB89
:103710006083FF1FB083FF1F7C83FF1F7461022043
:103720003074030010B588B0002007900024059481
:10373000069414216846ECF746FE8DF814400120EB
:103740008DF815008DF816408DF817008DF81800CB
:1037500002248DF819408DF81A0005A8F0F72AFB0D
:103760000120F0F7B3F804941E2003900094019414
:1037700002940120F0F72CFA6846F0F775F9F2F799
:1037800057F90320F2F7A4F8F2F784F80120F0F7D4
:103790000BF90220F0F750F80128FAD10520F0F7D4
:1037A0004FFA0020F0F7DAF900F06CF808B010BD1D
:1037B00010B500F001F810BD0149012008717047F3
:1037C000B882FF1F30B524480068C107234802D0E3
:1037D0002349016001E023490160234B93F826103F
:1037E00001F00701214D4FF40042062906D2DFE81F
:1037F00001F00306080A0C0E0168416030BD456007
:1038000030BD426030BD456030BD426030BD03F523
:1038100080731968C1F3C0141968C1F308211A68CC
:10382000120F1B6803F01F0364B1012CEED1046872
:103830005B1CB4FBF3F3491C4B43521CB3FBF2F18A
:10384000416030BD5B1CB5FBF3F3491C4B43521C7C
:10385000B3FBF2F1416030BD84060140B082FF1F2E
:103860000024F400002D31010040054000127A00D0
:103870000348016841F470010160FFF7A3BF000035
:1038800088ED00E07FB5002400940194012102201E
:10389000FDF726FA8DF80B408DF8094005208DF8CC
:1038A000080040F24970ADF80C00294D02AA002131
:1038B000284600F053F801220021284600F05CFC65
:1038C000ADF802404220ADF8000022480190684661
:1038D00004F0E6FBBDF9020001F099FDBDF902001C
:1038E000002101F0E5FDBDF9020001F0B7FD012264
:1038F0000021284600F08EFB01210846FDF7F0F973
:1039000046F64750ADF80C0002AA0121284600F007
:1039100025F801221146284600F02EFC0A20ADF8B9
:1039200002004320ADF800000B480190684604F007
:10393000B7FBBDF9020001F06AFDBDF902000F21DD
:1039400001F0B6FDBDF9020001F088FD7FBD000069
:1039500000440240094F0200194F02002DE9F843CC
:1039600004468846154600270026002D7DD0DFF846
:10397000FC934C4507D0FE48844204D04FF4247198
:10398000FCA0F1F74BFEB8F1000F07D0B8F1010F22
:1039900004D040F29121F7A0F1F740FE2878C0B1A1
:1039A000012816D0022814D0032812D0042810D0E1
:1039B00005280ED006280CD007280AD0082808D0E1
:1039C000092806D00A2804D040F29221E9A0F1F794
:1039D00025FE687830B1012804D040F29321E5A09B
:1039E000F1F71CFEA87830B1012804D04FF42571FE
:1039F000E0A0F1F713FEE87830B1012804D040F2DE
:103A00009521DCA0F1F70AFE4C450AD1B8F1000F70
:103A100007D1E878012804D040F29921D5A0F1F728
:103A2000FDFD2069009960F30001009120694108C3
:103A3000009861F34100009020698108009861F3CB
:103A400082000090207C8DF8000020690109009818
:103A500061F3071000902069010A009861F30820C3
:103A600000902069410A009800E0CEE261F349200D
:103A700000902069810A009861F38A200090607CA0
:103A80008DF801002069010B009861F30C30009063
:103A90002069410B009861F34D3000902069810B43
:103AA000009861F38E3000902069C10B009861F39B
:103AB000CF3000902069010C009861F31040009015
:103AC0002069410C009861F3514000902069810CFD
:103AD000009861F392400090A07C8DF8020020696C
:103AE000010D009861F3175000902069010E0098B5
:103AF00061F3186000902069410E009861F35960ED
:103B000000902069810E009861F39A600090E07C3B
:103B10008DF803002069010F009861F31C7000907C
:103B20002069410F009861F35D7000902069810F5A
:103B3000009861F39E7000902069C10F009861F3B6
:103B4000DF700090B8F1000F7DD0009880B2009037
:103B50000098216960F30001216100984108206903
:103B600061F34100206100988108206961F38200BF
:103B700020619DF80000207400980109206961F31C
:103B8000071020610098010A206961F30820206174
:103B90000098410A206961F3492020610098810A58
:103BA000206961F38A2020619DF80100607400980B
:103BB000010B206961F30C3020610098410B2069F2
:103BC00061F34D3020610098810B206961F38E30E4
:103BD00020610098C10B206961F3CF30206100980B
:103BE000010C206961F3104020610098410C2069AC
:103BF00061F3514020610098810C206961F392408B
:103C000020619DF80200A0740098010D206961F305
:103C1000175020610098010E206961F3186020613F
:103C20000098410E206961F3596020610098810E6F
:103C3000206961F39A6020619DF80300E0740098A8
:103C4000010F206900E01DE061F31C702061009805
:103C5000410F206961F35D7020610098810F206938
:103C600061F39E7020610098C10F206961F3DF70DD
:103C70002061012241462046EDF75AFF4FF4A0494A
:103C800020690AE000986FF30F00009060E731466A
:103C9000761C494501D9092702E000998142F6D1F5
:103CA000B8F1000F03D0B8F1010F79D1E4E0E87862
:103CB00010B101280BD105E06978009861F3492023
:103CC000009004E0A978009861F38A200090297898
:103CD000009861F3071000900098216960F30001DB
:103CE000216100984108206961F34100206100983A
:103CF0008108206961F3820020619DF80000207432
:103D000000980109206961F3071020610098010AF9
:103D1000206961F3082020610098410A206961F35D
:103D2000492020610098810A206961F38A2020617E
:103D30009DF8010060740098010B206961F30C305C
:103D400020610098410B206961F34D30206100989B
:103D5000810B206961F38E3020610098C10B2069CE
:103D600061F3CF3020610098010C1AE0004002405E
:103D7000004402402E2E5C2E2E5C2E2E5C2E2E5CDD
:103D80002E2E5C6472697665725C7372635C686324
:103D90003332663436305F74696D6572302E63007D
:103DA00034E1206961F3104020610098410C2069E2
:103DB00061F3514020610098810C206961F39240C9
:103DC00020619DF80200A0740098010D206961F344
:103DD000175020610098010E206961F3186020617E
:103DE0000098410E206961F3596020610098810EAE
:103DF000206961F39A6020619DF80300E0740098E7
:103E0000010F206961F31C7020610098410F206947
:103E100061F35D7020610098810F206961F39E70ED
:103E200020610098C10F206961F3DF7020610122D9
:103E300041462046EDF77CFEA888A060012241465D
:103E40002046EDF775FEE978206961F308202061CE
:103E5000012241462046EDF76BFE0020E97805E09F
:103E60000246401C4A4501D90927CFE02269C2F326
:103E700000229142F4D1C9E0E87810B101280BD1B9
:103E800005E06978009861F35960009004E0A97832
:103E9000009861F39A6000902978009861F31750B8
:103EA00000900098216960F30001216100984108A9
:103EB000206961F34100206100988108206961F365
:103EC000820020619DF8000020740098010920699B
:103ED00061F3071020610098010A206961F308204E
:103EE00020610098410A206961F34920206100980F
:103EF000810A206961F38A2020619DF801006074C5
:103F00000098010B206961F30C3020610098410B8F
:103F1000206961F34D3020610098810B206961F3C5
:103F20008E3020610098C10B206961F3CF30206191
:103F30000098010C206961F3104020610098410C49
:103F4000206961F3514020610098810C206961F380
:103F5000924020619DF80200A0740098010D206934
:103F600061F3175020610098010E206961F3186019
:103F700020610098410E206961F35960206100982A
:103F8000810E206961F39A6020619DF80300E0745E
:103F90000098010F206961F31C7020610098410FA7
:103FA000206961F35D7020610098810F206961F3E1
:103FB0009E7020610098C10F206961F3DF7020615D
:103FC000012241462046EDF7B3FDA888E0600122BA
:103FD00041462046EDF7ACFDE978206961F31860B1
:103FE0002061012241462046EDF7A2FD0020E9783C
:103FF00005E00246401C4A4501D9092706E022692E
:10400000C2F300629142F4D100E004273846BDE8D3
:10401000F88300002DE9F04705468946164600273B
:1040200000242A48854207D02948854204D040F21E
:10403000451128A0F1F7F2FAB9F1000F07D0B9F154
:10404000010F04D04FF4A37122A0F1F7E7FA36B1C3
:10405000012E04D040F247111EA0F1F7DFFA4FF411
:10406000A048B9F1000F03D0B9F1010F2BD115E031
:10407000286966F300002861012249462846EDF7C9
:1040800057FD05E02046641C404501D909271AE088
:10409000286900F00100B042F4D114E0286966F309
:1040A00010402861012249462846EDF741FD05E010
:1040B0002046641C404501D9092704E02869C0F363
:1040C0000040B042F4D13846BDE8F08700400240DD
:1040D000004402402E2E5C2E2E5C2E2E5C2E2E5C7A
:1040E0002E2E5C6472697665725C7372635C6863C1
:1040F0003332663436305F74696D6572302E63001A
:1041000070B504460E4600250E48844206D00E487F
:10411000844203D0A5210DA0F1F780FA2EB1012E23
:1041200003D0A62109A0F1F779FA16B1012E07D123
:1041300003E02069C0F3002502E02069C0F30065B8
:10414000284670BD00400240004402402E2E5C2EE6
:104150002E5C2E2E5C2E2E5C2E2E5C647269766593
:10416000725C7372635C68633332663436305F74DA
:10417000696D6572302E63002DE9F047054689466A
:104180001646002700242A48854207D02948854240
:1041900004D040F2B51128A0F1F740FAB9F1000FB0
:1041A00007D0B9F1010F04D04FF4DB7122A0F1F771
:1041B00035FA36B1012E04D040F2B7111EA0F1F746
:1041C0002DFA4FF4A048B9F1000F03D0B9F1010F57
:1041D0002BD115E0286966F3820028610122494647
:1041E0002846EDF7A5FC05E02046641C404501D9B2
:1041F00009271AE02869C0F38000B042F4D114E026
:10420000286966F392402861012249462846EDF765
:104210008FFC05E02046641C404501D9092704E0D5
:104220002869C0F38040B042F4D13846BDE8F08739
:1042300000400240004402402E2E5C2E2E5C2E2EAA
:104240005C2E2E5C2E2E5C6472697665725C7372D5
:10425000635C68633332663436305F74696D6572EF
:10426000302E630070B504460D460420364EB4422D
:104270000ED036498C420BD035498C4208D0354996
:104280008C4205D034498C4202D034498C4257D1FB
:10429000002D55D02878C0B1012816D0022814D09E
:1042A000032812D0042810D005280ED006280CD0E0
:1042B00007280AD0082808D0092806D00A2804D0E0
:1042C0004FF4A37126A0F1F7A9F9687830B101285D
:1042D00004D040F2471122A0F1F7A0F9A8780128F4
:1042E00005D020B14FF4A4711DA0F1F797F9E8783B
:1042F00030B1012804D040F2491119A0F1F78EF92C
:10430000297834F8800F61F30710208069782088BD
:1043100061F382002080A978208861F3410024F8AD
:104320008009B44202D1E87801280AD0E978B4F8CB
:10433000800061F3C300A4F880000020A988A18058
:1043400070BD0620FAE70000005001400054014013
:1043500000580140005C01400060014000640140E1
:104360002E2E5C2E2E5C2E2E5C2E2E5C2E2E5C6451
:1043700072697665725C7372635C6863333266344B
:1043800036305F74696D6572612E630070B50446E6
:104390000D46042037498C420ED037498C420BD051
:1043A00036498C4208D036498C4205D035498C427A
:1043B00002D035498C425CD1B5B1012D14D0022D0B
:1043C00012D0032D10D0042D0ED0052D0CD0062DAB
:1043D0000AD0072D08D0082D06D0092D04D040F2B0
:1043E0000B712AA0F1F71AF90A2D41D2DFE805F086
:1043F000050B11171D23292F353B34F89C0F20F096
:104400000100208034E034F89C0F20F0020020806E
:104410002EE034F89C0F20F00400208028E034F8CF
:104420009C0F20F00800208022E034F89C0F20F040
:10443000100020801CE034F89C0F20F02000208029
:1044400016E034F89C0F20F04000208010E034F893
:104450009C0F20F0800020800AE034F8800F20F4C8
:104460008040208004E034F8800F20F40040208059
:10447000002070BD00500140005401400058014030
:10448000005C014000600140006401402E2E5C2E63
:104490002E5C2E2E5C2E2E5C2E2E5C647269766550
:1044A000725C7372635C68633332663436305F7497
:1044B000696D6572612E630070B504460D46042077
:1044C00010498C420ED010498C420BD00F498C42BF
:1044D00008D00F498C4205D00E498C4202D00E49BB
:1044E0008C420DD135B1012D04D040F21E210BA01C
:1044F000F1F794F834F8800F65F300002080002075
:1045000070BD0000005001400054014000580140BF
:10451000005C014000600140006401402E2E5C2ED2
:104520002E5C2E2E5C2E2E5C2E2E5C6472697665BF
:10453000725C7372635C68633332663436305F7406
:10454000696D6572612E630070B505460C461646AE
:1045500004201C498D420ED01B498D420BD01B49B3
:104560008D4208D01A498D4205D01A498D4202D099
:1045700019498D4224D194B1012C10D0022C0ED0B7
:10458000032C0CD0042C0AD0052C08D0062C06D005
:10459000072C04D04FF4657110A0F1F73FF836B145
:1045A000012E04D040F295310CA0F1F737F805EB5D
:1045B000840000F5A070018866F30C3101800020B2
:1045C00070BD0000005001400054014000580140FF
:1045D000005C014000600140006401402E2E5C2E12
:1045E0002E5C2E2E5C2E2E5C2E2E5C6472697665FF
:1045F000725C7372635C68633332663436305F7446
:10460000696D6572612E630070B506460D461446ED
:10461000042066498E420ED065498E420BD0654912
:104620008E4208D064498E4205D064498E4202D041
:1046300063498E427ED1002C7CD095B1012D10D0E3
:10464000022D0ED0032D0CD0042D0AD0052D08D03C
:10465000062D06D0072D04D040F2522159A0F0F7C4
:10466000DDFFA07840B1012806D0022804D040F236
:10467000532154A0F0F7D2FFE07840B1012806D0D2
:10468000022804D04FF415714EA0F0F7C7FF20792F
:1046900050B1012808D0022806D0032804D040F2E7
:1046A000552148A0F0F7BAFF607950B1012808D031
:1046B000022806D0032804D040F2562141A0F0F78A
:1046C000ADFFA07940B1022806D0032804D040F203
:1046D00057213CA0F0F7A2FFE07930B1012804D0C7
:1046E0004FF4167137A0F0F799FF607A30B10128C6
:1046F00004D040F2592133A0F0F790FF207A30B176
:10470000012804D040F25A212EA0F0F787FF06EBD3
:10471000850202F5A071A378088863F30100088080
:10472000E378088863F3830008802379088863F3BB
:10473000051000E039E008806379088863F387108A
:104740000880A379088863F3092008802DB1022D21
:1047500003D0042D01D0062D19D102F1C000637AD7
:10476000018863F341010180237A018863F38201A8
:104770000180E379018863F3000101806D1C06EB81
:10478000850040306389018863F30F01018002F1E5
:1047900040002388018863F30F01018002F58072D5
:1047A000108820F001001080002070BD00500140F2
:1047B0000054014000580140005C0140006001408D
:1047C000006401402E2E5C2E2E5C2E2E5C2E2E5C64
:1047D0002E2E5C6472697665725C7372635C6863CA
:1047E0003332663436305F74696D6572612E6300F2
:1047F00070B504460E46154604203C498C420ED046
:104800003B498C420BD03B498C4208D03A498C4200
:1048100005D03A498C4202D039498C4264D1B6B1B4
:10482000012E14D0022E12D0032E10D0042E0ED042
:10483000052E0CD0062E0AD0072E08D0082E06D042
:10484000092E04D040F222612EA0F0F7E7FE35B128
:10485000012D04D040F223612AA0F0F7DFFE0A2EDA
:1048600041D2DFE806F0050B11171D23292F353B38
:1048700034F8900F65F30000208034E034F8900F96
:1048800065F3410020802EE034F8900F65F382003C
:10489000208028E034F8900F65F3C300208022E0E8
:1048A00034F8900F65F3041020801CE034F8900F6A
:1048B00065F34510208016E034F8900F65F38610FC
:1048C000208010E034F8900F65F3C71020800AE0D4
:1048D00034F8800F65F30C30208004E034F8800F4A
:1048E00065F34D302080002070BD00000050014075
:1048F0000054014000580140005C0140006001404C
:10490000006401402E2E5C2E2E5C2E2E5C2E2E5C22
:104910002E2E5C6472697665725C7372635C686388
:104920003332663436305F74696D6572612E6300B0
:1049300070B505460C461646042017498D420ED028
:1049400016498D420BD016498D4208D015498D422B
:1049500005D015498D4202D014498D421BD194B126
:10496000012C10D0022C0ED0032C0CD0042C0AD019
:10497000052C08D0062C06D0072C04D040F2A52127
:104980000BA0F0F74BFE05EB84004030018866F386
:104990000F010180002070BD005001400054014013
:1049A00000580140005C014000600140006401408B
:1049B0002E2E5C2E2E5C2E2E5C2E2E5C2E2E5C64FB
:1049C00072697665725C7372635C686333326634F5
:1049D00036305F74696D6572612E630070B5494C45
:1049E0002078042803D1F3F7A5FE00202070464864
:1049F0000088EEF7DFFB0C20EEF7D6FB002108461F
:104A0000EEF7CCFB0024414D0221285DEDF7DAFEE4
:104A100000210220EDF756FA641CE4B20A2CF3D30D
:104A20000A210020EEF7BAFB0A240221285DEDF7E7
:104A3000C9FE00210220EDF745FA641CE4B2142CF3
:104A4000F3D314210020EEF7A9FB14240221285DE2
:104A5000EDF7B8FE00210220EDF734FA641CE4B251
:104A60001E2CF3D31E210020EEF798FB1E240221FA
:104A7000285DEDF7A7FE00210220EDF723FA641C64
:104A8000E4B2282CF3D328210020EEF787FB28245A
:104A90000221285DEDF796FE00210220EDF712FAC3
:104AA000641CE4B2322CF3D332210020EEF776FB03
:104AB00032240221285DEDF785FE00210220EDF76A
:104AC00001FA641CE4B23C2CF3D33C210020EEF745
:104AD00065FB3C240221285DEDF774FE00210220D5
:104AE000EDF7F0F9641CE4B2402CF3D3002106206A
:104AF000EDF7E8F9F3F76CFCBDE870400221EDF743
:104B000061BE00006083FF1FAA83FF1FB463022001
:104B10002DE9FC4700F0CAF81020EEF745FB4F489E
:104B20000088EEF747FB00210846EEF737FB4CA064
:104B3000EDF71AFC4E4F4F4E4F4D387DDFF83C815C
:104B40004F4C6FF0020910B101286BD135E030886D
:104B5000EEF730FB20210020EEF720FB03210020A0
:104B6000EDF7B0F90C20EEF71FFB46A0EDF7AEFF16
:104B700049460020EDF7A6F91020EEF715FB42A0FC
:104B8000EDF7F2FB022095ED000AEEF74FFA42A096
:104B9000EDF79CFF30210020EEF700FB2088EEF7B8
:104BA00009FB3EA0EDF7E0FB022098ED000AEEF7CE
:104BB0003DFA39A0EDF78AFF34E02088EEF7FAFAE3
:104BC00020210020EEF7EAFA2FA0EDF7CDFB02201E
:104BD00095ED000AEEF72AFA2FA0EDF777FF3021C6
:104BE0000020EEF7DBFA3088EEF7E4FA032100202C
:104BF000EDF768F90C20EEF7D7FA22A0EDF766FF83
:104C000049460020EDF75EF91020EEF7CDFA23A01B
:104C1000EDF7AAFB022098ED000AEEF707FA1EA0B6
:104C2000EDF754FFFF252088CDE900059E224F2394
:104C300000211046EDF75EFA2088CDE90005387DA9
:104C40009F22C0EBC00101EB4010012101EB4003AA
:104C500000219D20EDF74EFABDE8FC87AC83FF1FD5
:104C6000CAB1BCE4BCC7C2BCE3D0D6B500000000EA
:104C7000B083FF1FA883FF1F1C8DFF1F208DFF1F08
:104C8000AA83FF1F3E000000BFAACABCBCC7C2BCAB
:104C9000E3D0D6B53A00000057000000CDA3D6B946
:104CA000BCC7C2BCE3D0D6B53A0000002DE9F04144
:104CB000564C22789FED561ADFED561A564D57493D
:104CC000574FD5ED000A91ED000A387D0026042AE1
:104CD0000FD022780A2A0CD02278052A30D02278E8
:104CE0000B2A2DD02178062952D02178092979D094
:104CF0007FE04C4A10B101287BD110E010EE100A81
:104D0000904276DA20780A2804D030EE210A81ED2C
:104D1000000A6EE030EE010A81ED000A69E010EE53
:104D2000900A904265DA20780A2804D030EEA10A71
:104D300085ED000A5DE030EE810A85ED000A58E05D
:104D400010B1012855D111E0B5EEC00AF1EE10FA0C
:104D50004FDD20780B2804D030EE610A81ED000A87
:104D600047E030EE410A81ED000A42E0F5EEC00A6C
:104D7000F1EE10FA3DDD20780B2804D030EEE10A88
:104D800085ED000A35E030EEC10A85ED000A30E01D
:104D9000397809B9401C3875387D022829D1F9B90C
:104DA0004FF0010887F81480F4EEC00AF1EE10FA13
:104DB00001DD85ED000A1120F3F768F895ED000A92
:104DC0001520F3F763F8F3F717F8174801683A6B03
:104DD000891AB1F5487F0CD987F8008000683863DC
:104DE00007E0FFE710B1401E387501E01120787030
:104DF00026702078062805D02078052802D0207853
:104E0000042800D12670BDE8F08100006083FF1FF8
:104E10000AD7233D0AD7233C208DFF1F1C8DFF1F7F
:104E2000B083FF1FE7FB1F417C83FF1FF0B587B0F6
:104E3000002405940694009401940294039404942D
:104E400001212020FBF74CFF0422002311460520FE
:104E5000FBF7F4FB03278DF8147001258DF815502E
:104E60008DF816508DF8174040F25370ADF81800C9
:104E7000234E05A93046FFF7F5F94FF44870ADF819
:104E800008008DF80A508DF80B408DF80C708DF8E5
:104E90000D508DF80E408DF80F408DF810408DF8B4
:104EA0001140ADF8120002AA06213046FFF7ACFB14
:104EB000012206213046FFF747FB01220821304638
:104EC000FFF796FC40F20910ADF80000ADF8025073
:104ED0000C480190684603F0E3F8BDF9020000F0C9
:104EE000A3FABDF902000F2100F0F2FABDF90200A9
:104EF00000F0C1FA01213046FFF7DEFA07B0F0BD3D
:104F0000005C01408D4F020002480168491C0160AD
:104F1000704700007C83FF1F70B54FF48061002054
:104F2000FBF7EAF9134C144D58B101210520FBF7AA
:104F3000E3F960B14FF480410220FBF7DDF960B185
:104F400010E020680D490860012028700AE0206800
:104F50000B4908600220287004E0206809490860B5
:104F600003202870BDE87040002201210648FFF7A9
:104F700051B800007C83FF1F6083FF1F6483FF1F05
:104F80006883FF1F6C83FF1F004402400821014813
:104F9000FFF7FCB9005C0140014804F069BA000069
:104FA00040B2FF1F08B504220A4BDB6800930028BB
:104FB0000ED0009A521E00920268C2F3C012009BEB
:104FC0000BB1002AF5D012B14160002200E00922A5
:104FD000104608BD5891FF1F10B5AFF3008010BDFB
:104FE00000B585B004200490542003900720009061
:104FF000019002906846EEF7EDFF0120EEF784FF86
:105000000320EEF719FC0128FAD10B20EEF798FEE9
:1050100005B000BD70B5544801680C0CCDB25349C1
:105020000E7800231120524A062E01D150700B70C9
:105030000E78092E01D150700B701020EEF7B4F8E5
:105040004C480088EEF7B6F800210846EEF7A6F8BF
:1050500049A0EDF73BFD00210420ECF733FF49A008
:10506000EDF734FD48480088EEF7A4F81021002041
:10507000EEF794F845A0EDF777F947A0EDF774F94E
:1050800020210020EEF78AF845A0EDF71FFD002053
:10509000F2F73EFF0821EDF795FB4FF6FF708442D3
:1050A00006D241A0EDF712FD03212046EEF730F8BD
:1050B00030210020EEF772F83CA0EDF755F93DA045
:1050C000EDF704FD40210020EEF768F83CA0EDF775
:1050D0004BF9FF2D46D200202C4605F140710CE023
:1050E00091F8332C7E2A04D90C30C0B2641EE4B28D
:1050F00001E00A30C0B2641EE4B2002CF0D1C0F16D
:105100008C00C0B24021EEF749F830A0EDF7DEFC8C
:1051100000210420ECF7D6FEA9081348C01D91B168
:10512000041D012914D002291CD10421EDF7B0FB84
:1051300004212046EDF7ACFB083DE9B2201DBDE897
:105140007040EDF7A5BB2946BDE87040EDF7A0BB68
:105150000421EDF79DFB2D1FE9B22046BDE870400C
:10516000EDF796BB70BD0000300C00036083FF1F9D
:10517000B083FF1FAC83FF1F69444B4D657465729C
:105180000000000030324300AA83FF1FC8EDBCFEC0
:10519000B0E6B1BE3A000000322E302E34000000DE
:1051A000532F4E3A000000002D0000005151C8BAA4
:1051B0003A000000373838303133313230000000E7
:1051C00040CED2B2BBD6AAB5C0B0A100546F000089
:1051D0002DE9FC414D4C20780027DFF834814D4DFE
:1051E0004D4E092803D020780C2804D01CE02770ED
:1051F0001120687018E0287858B9484898ED000ADE
:1052000080ED000A90ED000A3420F2F73FFEF2F73D
:10521000F3FD3068296B401AB0F5487F03D90120AF
:1052200028703068286327701020EDF7BDFF3C48D8
:105230000088EDF7BFFF00210220EDF7AFFF39A096
:10524000EDF792F83A480088EDF7B4FF3948007856
:1052500050B319210220EDF7A1FF37A0EDF784F834
:1052600002210020ECF72EFE042098ED000AEDF755
:10527000DDFE34A0EDF72AFC37210920EDF78EFF83
:1052800047F6EF37002239461E2001F081FE022545
:10529000CDE900501523932234210620ECF76CFF52
:1052A0002078032809D024E028210220EDF776FF9A
:1052B000BDE8FC4124A0EDF757B83068274C2168C1
:1052C000401AFA2815D900223946DC2001F060FE88
:1052D00031682268CDE90050891A932251434FF476
:1052E0007A72B1FBF2F1CAB2152334210620ECF731
:1052F00043FFCDE900571523932234210620ECF714
:10530000F3FDBDE8FC4116A0EDF72EB86083FF1F4A
:105310003883FF1FB083FF1F7C83FF1F4483FF1F61
:10532000AC83FF1FC1E3B5E3C6AFD2C600000000E7
:10533000AA83FF1F3083FF1FB5B1C7B0B5E7C1F720
:105340003A00000041000000C7EBCAB9D3C3C4B89B
:10535000CDB7CAE4C8EBD0A3D7BC00006C83FF1F55
:10536000B0B4D7A1C8B7C8CFBCFCBDF8D0D0C1E39A
:10537000B5E3C6AFD2C6D0A3D7BC00000FB4054B6F
:1053800010B503A9044A029801F07AFA10BC5DF83E
:1053900014FB00005D8102003892FF1F0FB4084B20
:1053A00010B504A902AA039801F06AFA044602A9FA
:1053B000002001F0E8FD204610BC5DF814FB000061
:1053C000876F020003B401984100009850EAC120A1
:1053D00018BF04204A0D18BF40F0010040F2FF72D0
:1053E000B2EB515F08BF40F00200012808BF052062
:1053F00002B07047002809DB00F01F020121914034
:105400004009800000F1E020C0F8801270470028B9
:1054100009DB00F01F02012191404009800000F1EA
:10542000E020C0F880127047002809DB00F01F025E
:10543000012191404009800000F1E020C0F8801275
:105440007047002809DB00F01F020121914040094C
:10545000800000F1E020C0F800117047002809DB4F
:1054600000F01F02012191404009800000F1E0207E
:10547000C0F800117047002809DB00F01F0201216D
:1054800091404009800000F1E020C0F80011704711
:105490000907090E002804DB00F1E02080F8001461
:1054A000704700F00F0000F1E02080F8141D7047F5
:1054B0000907090E002804DB00F1E02080F8001441
:1054C000704700F00F0000F1E02080F8141D7047D5
:1054D0000907090E002804DB00F1E02080F8001421
:1054E000704700F00F0000F1E02080F8141D7047B5
:1054F0002DED020B019820F0004001909DED000B76
:1055000002B070470000000070B5D94B00242DEDAB
:10551000020B2DED108BDDE91010984205DA20F01A
:1055200000429A4201D809D141B19DED100BBDEC6A
:10553000108B02B0BDE8704001F086B8B0F5801F56
:1055400026DA11430BD0002813DA012001F0D0F83D
:10555000BDEC108B02B0BDE8704001F089B80220AC
:1055600001F0C6F801F058F851EC100B81F0004141
:105570009EE06FF035049FEDC00B53EC102B9DEDBA
:10558000100B51EC100BEAF7D0FFCDE910010846E3
:1055900004EB2051C0F31304B948A1F2FF312044B9
:1055A00000F4801080F07F6282F04052224301EBD1
:1055B00020559FEDB50B119253EC102B9DED100B68
:1055C00051EC100BEAF7ABFF41EC180BA01CC0F339
:1055D00013009FEDAFDB9FEDB0EBB14E7E4403288F
:1055E0006CD296ED000B51EC180B53EC102BEBF733
:1055F000B7F81DD1002D01BF96ED000BBDEC108B4F
:1056000002B070BD2846EBF719FA41EC180B53ECC9
:105610001D2BEAF78AFF41EC190B53EC1E2B51ECC2
:10562000180BEAF782FF53EC192BEAF7D7FE3FE09D
:105630009FED9D0B51EC180B53EC102BEAF775FF07
:105640009FED9B1B53EC112BEAF76CFF41EC190B00
:1056500053EC182B51EC180BEAF767FF53EC192B9E
:10566000EAF763FF41EC190B002D04BF53EC192B33
:1056700051EC180B1AD02846EBF7E0F941EC1A0B65
:1056800053EC1D2BEAF751FF53EC192BEAF74AFFB5
:1056900053EC182BEAF743FF41EC180B53EC1E2B8D
:1056A00051EC1A0BEAF741FF53EC182BEAF737FFDE
:1056B000BDEC108B02B041EC100B70BD9FED7E0B6A
:1056C00051EC180B53EC102BEAF788FE41EC100B51
:1056D00051EC180B53EC102BEAF799FF41EC190B26
:1056E0002846EBF7ABF941EC1B0B53EC192B51ECB3
:1056F000190BEAF71AFF41EC1A0B714853EC1A2BFD
:10570000261851EC1A0BEAF710FF41EC1F0B6D48FD
:10571000C4F1510404F5D724B0EE4F0AF0EE6F0A3D
:105720000321784400F0FCFE53EC1F2B51EC100BCE
:10573000EAF7FBFE41EC1C0B6348B0EE4F0AF0EEBB
:105740006F0A0421784400F0EBFE53EC1A2B51EC65
:10575000100BEAF7EAFE344353EC1C2BEAF73EFE4B
:1057600041EC1C0B002C4CDD9FED510B51EC180B48
:1057700053EC102BEAF7D9FE53EC182BEAF7D5FEC1
:1057800041EC1A0B55B353EC1D2B51EC1B0BEAF7F4
:10579000CCFE41EC1D0B53EC1C2B51EC1A0BEAF721
:1057A0001DFE53EC192BEAF7C0FE53EC1D2BEAF754
:1057B00015FE53EC1A2BEAF7B5FE53EC182BEAF75B
:1057C000AEFE41EC180B53EC1E2B51EC1B0BEAF711
:1057D000ACFE53EC182BEAF7A2FE69E753EC1C2B46
:1057E00051EC1A0BEAF7FAFD53EC192BEAF79DFE80
:1057F00053EC1A2BEAF796FE53EC182BEAF792FEBD
:1058000056E735B353EC1D2B51EC1B0BEAF78DFE1D
:1058100041EC1A0B53EC1C2B51EC180BEAF77FFEF2
:1058200053EC192BEAF781FE53EC1A2BEAF777FEBB
:1058300053EC182BEAF773FE41EC180B53EC1E2BBC
:1058400051EC1B0BEAF771FE53EC182BEAF767FEDD
:105850002EE753EC1C2B51EC180BEAF760FE53ECCF
:10586000192BEAF762FE53EC182BEAF75BFE1FE7F1
:105870000000F07F00000000000000000000504326
:10588000645F090000000000000000000000F03F1D
:10589000763C7935EF39EA3D0000E0FE422EE63FE6
:1058A000A84D010000000000555555555555D53FF0
:1058B000000000000000E03F000000000000004089
:1058C00086EBF9FFA24B0100984B0100000000009D
:1058D0002DE9F04D2DED040B2DED0E8B96B0DDE98D
:1058E0002550279CDDF890A025F0004624F00048C4
:1058F000BAF1000F14BF0121002101EB4502FC4960
:1059000053184A1093422AD3002814BF01230023BE
:1059100003EB44030B44F7498B4220D358EA0001C0
:105920009FEDF59B76D0DFF8D8B35D4503D1BAF192
:10593000000F05D188E0BAF1000F08BF002100D0A8
:10594000012101EB450111F5001F08D8002814BF03
:105950000121002101EB440111F5001F0BD99DED40
:10596000261B9DED240B16B0BDEC0E8B04B0BDE8DC
:10597000F04D00F073BE0027002DBCBFE149884503
:1059800021DAE1498845A8BF02271CDAC3451ADCA1
:10599000DE4901EB2851142908DDC1F1340220FA57
:1059A00002F101FA02F282420DD108E058B9C1F1C8
:1059B000140228FA02F101FA02F2424503D101F081
:1059C0000101C1F1020756EA0A0124D1002C22DAB2
:1059D000002D18BF022F01D0012F0AD0022000F0A5
:1059E00087FE16B0BDEC0E8B04B0BDE8F04D00F0A4
:1059F00013BE022000F07CFE00F00EFE51EC100BF6
:105A000081F0004141EC100B16B0BDEC0E8B04B0E0
:105A1000BDE8F08D18E09FEDBEAB9FEDBF8B002879
:105A200071D1B848804522D105F1804010F5801031
:105A300008BFBAF1000F07D0B3450ADC002CA8BF9D
:105A40009DED260BE0DA0DE0B0EE490AF0EE690AB2
:105A5000DAE7002C06DA9DED260B51EC100B81F0F5
:105A600000416FE0AE48784490ED000BCCE7D8459C
:105A70004DD1002C48DA2EB186423AD1BAF1000F4E
:105A800042D126E0BAF1000F13D0022000F030FE20
:105A900000F0FEFD8DED020B9DED240B8DED000B56
:105AA00010EE900A039961F31E0003909DED020B26
:105AB000AAE78DED02AB9DED240B1AEE901A10EEC5
:105AC000900A8DED000B61F31E0003909DED020B1B
:105AD0009AE78DED028B9DED240B18EE901A10EED7
:105AE000900A8DED000B61F31E0003909DED020BFB
:105AF0008AE709DA9DED240B51EC190B53EC102BBE
:105B0000EAF785FD1EE020E09DED240B7CE7864250
:105B10001BDAB4F1804F0DD0A4F10050B0F1FF506A
:105B200013D1002D11DB9DED240B51EC100B04F073
:105B3000A5FB07E09DED240B53EC102B51EC100B53
:105B400000F0C2BC41EC100B5EE79DED240B51EC64
:105B5000100B02F0F7FABAF1000FCDE90E0142D1B5
:105B60009FED710B46B3A6F1E040B0F17F600CD021
:105B70005E4538D1002D00DAA7B3022F0CBF0120FB
:105B80004FF0FF30EAF75AFFDCE7002D01DD002C73
:105B90000DDA002D01DD002C1FDB002D16DA002CA4
:105BA00014DB012F08BF9FED620B3FF42DAFB0EE69
:105BB0004A0AF0EE6A0A27E7022F18BF002D0CD020
:105BC000012F0AD1002DFFF61FAF06E0002DB8BF50
:105BD000002C08DA012F3FF417AFB0EE480AF0EEC0
:105BE000680A11E71BE0012000EBE57050EA0701AD
:105BF00015D0791EB0EE498AF0EE698A084308BFD5
:105C00009FED4D8B4E480025804570DD4D494E4837
:105C1000884514DDB0420DDB002C19DB2FE001209C
:105C200000F066FD16B0BDEC0E8B04B0BDE8F04D83
:105C300000F01EBDB34502DC002C09DC1FE08642EB
:105C400002DA002C1BDA03E05E452BDD002C16DDAA
:105C5000022000F04DFD00F01BFD8DED020B53EC1A
:105C60001A2B51EC180BEAF760FCCDE900010399FF
:105C7000019861F31E0003909DED020BC4E6022023
:105C800000F036FD00F014FD10EE901A18EE900AA8
:105C90008DED020B8DED008B61F31E0003909DEDE9
:105CA000020BB1E69DED0E0B53EC192B51EC100BD2
:105CB000EAF735FC9FED260BCDE9080153EC102BDC
:105CC0009DED080B51EC100BEAF72FFC9FED221B0A
:105CD00053EC112BEAF726FC9DED081B53EC112B1E
:105CE000EAF723FC9FED1E1B53EC112B3CE08CE0EC
:105CF000FFFF1F00FFFF0F00000000000000F03F4B
:105D00000000F03F0000F07F0000404301FCFFFF77
:105D1000000000000000F07F000000000000000014
:105D20001E4901000000000000000000000000808B
:105D3000000000000000F0FF000000000000F0BFC5
:105D40000000E0410000F043FFFFEF3F00000000D3
:105D5000000000000000D03F555555555555D53F22
:105D6000000000000000E03FEAF7DCFB9DED080BBF
:105D700041EC1A0B53EC102B51EC100BEAF7D5FB4E
:105D800053EC1A2BEAF7D1FB41EC1A0B9FEDFE0BFB
:105D900053EC102B9DED080B51EC100BEAF7C5FBF3
:105DA00041EC1B0B9FEDFA0B51EC1A0B53EC102B33
:105DB000EAF7BBFB41EC1A0B9FEDF70B53EC102BF2
:105DC0009DED080B51EC100BEAF7AFFB53EC1A2BCF
:105DD000EAF7A5FB41EC1A0B51EC1B0B53EC1A2B09
:105DE000EAF7FCFA0690CDE906519DED060B53EC5F
:105DF0001B2B51EC100BEAF792FB53EC1A2BEAF732
:105E000091FB41EC100B00F0A1B90020B6F5801F0A
:105E10000EDA9FEDE30B53EC102B9DED0E0B51ECC6
:105E2000100BEAF782FBCDE90E016FF034000E464D
:105E300000EB2650A0F2FF37C6F31300DA4940F01A
:105E40007F6646F040568842D8BF002408DDD74917
:105E50008142C8BF012403DC0024A6F580167F1C04
:105E6000D348784400EBC4000F9690ED00CB9DED35
:105E70000E0B53EC1C2B51EC100BEAF750FB9DED75
:105E80000E0B41EC1B0B53EC1C2B51EC100BEAF7E7
:105E9000A5FA41EC100B51EC190B53EC102BEAF75F
:105EA000B6FB41EC1D0B51EC1B0B53EC1D2BEAF721
:105EB0003CFB41EC1A0BBF488DED10AB78441095BC
:105EC00090ED000B4FF0005040EA660000EB84407C
:105ED0008DED080B00F5002009909DED080B53ECAB
:105EE0001C2B51EC100BEAF71AFB9DED0E1B53EC2B
:105EF000112BEAF717FB41EC100B53EC102B9DED27
:105F0000100B51EC100BEAF710FB9DED080B41EC68
:105F10001C0B53EC102B9DED100B51EC100BEAF702
:105F200004FB53EC1B2BEAF7FDFA53EC1C2BEAF7AE
:105F3000F6FA53EC1D2BEAF7F8FA41EC1C0B53EC84
:105F40001A2B51EC1A0BEAF7F0FA41EC1B0B9A48AA
:105F50000621B0EE4B0AF0EE6B0A784400F0E0FA4E
:105F6000B0EE401AF0EE601AB0EE41DAF0EE61DA0F
:105F700053EC1B2B51EC1B0BEAF7D7FA53EC1D2B00
:105F8000EAF7D3FA9DED100B41EC1B0B53EC1A2BE7
:105F900051EC100BEAF722FA53EC1C2BEAF7C5FA86
:105FA00053EC1B2BEAF71AFA9DED100B41EC1B0B7F
:105FB00053EC102B51EC100BEAF7B7FA41EC1D0B28
:105FC0009FED7FEB53EC1E2BEAF708FA53EC1B2BEB
:105FD000EAF704FA0890CDE908519DED080B53EC5F
:105FE0001E2B51EC100BEAF79AFA53EC1D2BEAF733
:105FF00096FA53EC1B2BEAF795FA9DED080B41EC52
:106000001D0B53EC102B9DED100B51EC100BEAF710
:106010008CFA41EC1B0B53EC1A2B51EC1D0BEAF7DD
:1060200084FA9DED080B41EC1A0B53EC102B51EC4C
:106030001C0BEAF77AFA53EC1A2BEAF7CFF941EC8A
:106040001A0B51EC1B0B53EC1A2BEAF7C7F90C9007
:10605000CDE90C519DED0C0B53EC1B2B51EC100BAF
:10606000EAF75DFA53EC1A2BEAF75CFA41EC1B0BEA
:106070009FED550B53EC102B9DED0C0B51EC100BC1
:10608000EAF753FA41EC1A0B9FED510B51EC1B0B45
:1060900053EC102BEAF749FA41EC1B0B9FED4E0B2A
:1060A00053EC102B9DED0C0B51EC100BEAF73DFA65
:1060B00053EC1B2BEAF792F941EC100B484878445B
:1060C00000EBC40090ED001B51EC100B53EC112BB6
:1060D000EAF784F941EC1B0B3846EAF7AFFCCDE94F
:1060E000080153EC1B2B51EC1A0BEAF777F941EC42
:1060F000100B3C48784400EBC40090ED00CB51EC11
:10610000100B53EC1C2BEAF769F99DED081B53ECBF
:10611000112BEAF763F90690CDE906519DED080BC6
:1061200053EC102B9DED060B51EC100BEAF7F7F931
:1061300053EC1C2BEAF7F3F953EC1A2BEAF7EFF9BF
:1061400053EC1B2BEAF7EEF941EC100B9DED261BEF
:1061500053EC102B8DED001B00959DED260B51ECA3
:10616000100BEAF7E2F99DED000B41EC1A0B53EC32
:10617000102B9DED260B51EC100BEAF7D0F99DED9D
:10618000061B53EC112B2FE0000000604715F73F72
:10619000FE822B654715F73F44DF5DF80BAE543E9A
:1061A00000000000000040438E9803007AB60B0008
:1061B0009A440100C8440100D243010000000000DD
:1061C0000000000000000840000000E009C7EE3FAA
:1061D000FD033ADC09C7EE3FF5015B14E02F3EBE3C
:1061E0005E42010018420100EAF79FF953EC1A2BB6
:1061F000EAF7F4F89DED060B41EC1A0B53EC102B6B
:106200009DED000B51EC100BEAF78FF9CDE90C0175
:106210009DED0C0B51EC1A0B53EC102BEAF7DEF84A
:10622000CDE902010C46AA498C422FDB611A0843D2
:1062300018D19DED0C0B53EC102B9DED020B51EC86
:10624000100BEAF76CF941EC1B0B9FEDA30B51EC23
:106250001A0B53EC102BEAF7C1F853EC1B2BEAF79F
:1062600097FA2DD2022000F043FA00F011FA10EE56
:10627000901A18EE900A8DED020B8DED008B61F3F4
:106280001E0003909DED020BFFF7BEBB944A24F065
:106290000041914214D39349214408437FF4EFAC69
:1062A0009DED0C0B53EC102B9DED020B51EC100BE4
:1062B000EAF735F953EC1A2BEAF76AFA7FF6DFAC06
:1062C00024F000408849894A002601EB205182428F
:1062D0002BDA481C4FF4801121FA00F02044844A44
:1062E000C0F30A517A44A1F2FF3192ED000B814ACA
:1062F0008DED080BCA4020EA0202C0F3130040F4FF
:106300008010C1F1140120FA01F60992002CB8BFE7
:1063100076429DED080B53EC102B9DED0C0B51ECD0
:10632000100BEAF7FCF8CDE90C019DED0C0B51ECDC
:106330001A0B53EC102BEAF751F89FED6F0B0890F6
:10634000CDE9085153EC102B9DED080B51EC100BCF
:10635000EAF7EBF841EC1B0B9FED690B53EC102BAC
:106360009DED080B51EC100BEAF7DFF89DED0C0BDF
:1063700041EC1C0B53EC102B9DED080B51EC100B5A
:10638000EAF7CDF853EC1A2BEAF7CCF89FED5E1B39
:1063900053EC112BEAF7C9F853EC1C2BEAF71EF863
:1063A00041EC1A0B51EC1B0B53EC1A2BEAF716F8C5
:1063B000CDE902019DED020B53EC1B2B51EC100BB0
:1063C000EAF7ADF853EC1A2BEAF7ACF89DED020BA7
:1063D00041EC1A0B53EC102B51EC100BEAF7A5F81B
:1063E000CDE908014A489DED080B0521784400F0ED
:1063F00097F89DED081B51EC100B53EC112BEAF7AD
:1064000094F89DED021B53EC112BEAF78BF8CDE9C4
:1064100006019DED020B53EC1A2B51EC100BEAF721
:1064200084F853EC1A2BE9F7D9FF9FED3B0B41ECB5
:106430001A0B53EC102B9DED060B51EC100BEAF7E9
:106440006EF89DED060B41EC1B0B53EC102B9DEDF4
:10645000020B51EC100BEAF768F853EC1B2BEAF730
:10646000D6F853EC1A2BEAF75AF89DED021B53ECC1
:10647000112BEAF754F853EC192BEAF753F8CDE94E
:10648000020101EB065001150029C8BF039015DC7D
:106490009DED020B324651EC100BEAF767FAFEF75E
:1064A00091FF042808BF00F003F932469DED020B6E
:1064B00051EC100BEAF75AFACDE902019DED020BFF
:1064C00051EC180B53EC102BEAF72FF8FFF73ABBFF
:1064D0000000904000000000FE822B654715973CAD
:1064E00000CC904000346F3F01FCFFFF0000E03F14
:1064F000A0400100FFFF0F0000000000432EE63F18
:10650000396CA80C615C20BEEF39FAFE422EE63FE2
:10651000703F01000000000000000000000000408B
:1065200070B504462DED028B4D1E00EBC500B0EE9C
:10653000408AF0EE608A90ED000B35F0060017D02F
:1065400053EC182B51EC100BE9F7EFFF41EC100B5B
:106550006D1E04EBC50090ED001B51EC100B53ECCD
:10656000112BE9F73BFF41EC100B35F00600E7D1AA
:10657000022D36D0042D1CD0062D1CBFBDEC028B85
:1065800070BD53EC182B51EC100BE9F7CEFF94EDD6
:106590000A1B53EC112BE9F721FF53EC182BE9F7F9
:1065A000C4FF94ED081B53EC112BE9F717FF41ECE6
:1065B000100B53EC182B51EC100BE9F7B6FF94EDD0
:1065C000061B53EC112BE9F709FF53EC182BE9F7E5
:1065D000ACFF94ED040B53EC102BE9F7FFFE41ECFC
:1065E000100B53EC182B51EC100BE9F79EFF94EDB8
:1065F000021B53EC112BE9F7F1FE53EC182BE9F7D2
:1066000094FF94ED001B53EC112BE9F7E7FEBDEC72
:10661000028B41EC100B70BD9FED070B10B553ECD6
:10662000102B9FED070B51EC100BE9F7F0FF41EC3D
:10663000100B10BD00000000000000000000000072
:10664000000000000000F03F10B553EC102B51EC9F
:10665000100BE9F7C3FE41EC100B10BD10B553EC65
:10666000112B51EC100BE9F7B9FE41EC100B10BDEA
:106670009FED050B10B553EC102B51EC100BE9F707
:10668000C6FF41EC100B10BD000000000000000030
:106690009FED050B10B553EC102B51EC100BE9F7E7
:1066A00044FF41EC100B10BD000000000000007022
:1066B0009FED050B10B553EC102B51EC100BE9F7C7
:1066C00034FF41EC100B10BD000000000000001072
:1066D00002E008C8121F08C1002AFAD170477047AB
:1066E000002001E001C1121F002AFBD17047000009
:1066F00001490860704700003C92FF1F2DE9FF5FD1
:1067000082B00021DDE90430020DDDF840B0034322
:1067100018D044F61050A2F2FF32424315141198DB
:1067200001281FD0A5EB0B00401C5FEA000A4FF0C8
:1067300000064E4FDFF83891B046504615D5CAF1E5
:10674000000413E0119801244AA3012801D16FEA43
:106750000B010298119AC0E90031C0E9024206B06B
:10676000BDE8F09FCBF10000DFE704460021404A7E
:10677000491842EB0450CDE9001012E0E00707D0C1
:1067800032463B4640464946E9F7CFFE80468946B9
:1067900032463B4610461946E9F7C7FE06460F4605
:1067A0006410002CEAD1DDE90401DDE90023BAF12F
:1067B000000F06DAE9F7B9FE42464B46E9F7B5FEA7
:1067C00005E0E9F724FF42464B46E9F720FF04467F
:1067D0000E460022284BE9F7DBFF03D84FF0FF30CD
:1067E000014607E00022254B20463146E9F7F6FD39
:1067F000EAF735F9102409E0002C0ADB0A2200230D
:10680000E9F776FD039B30321A55641E50EA010207
:10681000F2D1641C039AC4F111031444119A012AA1
:1068200003D0012208430DD10AE0084304D0002020
:106830004FF0110B119072E7A3EB0B056D1E0DE0ED
:106840005B4504DD4FF0000205F1010504E003DAC9
:106850004FF00002A5F10105002AECD00298119931
:10686000C0E90231C0E9004579E7000000001440AA
:106870000000F03F300000000000F0430000E03F67
:106880002DE9FF4F95B09A46884606460025EEE171
:10689000252877D100242746F94A0121039400E0F6
:1068A000044316F8013F203B01FA03F01042F7D1F0
:1068B00030782A2811D06FF02F033078A0F1300201
:1068C000092A16D8039A44F0020402EB820203EB71
:1068D00042021044761C0390EFE758F8042B039211
:1068E000002A03DA504244F40054039044F00204B6
:1068F000761C30782E2816D116F8010F44F00404C7
:106900002A280DD06FF02F023078A0F13003092B28
:1069100009D807EB870302EB4303C718761CF3E79C
:1069200058F8047B761C30786C280FD006DC4C2895
:1069300017D068280DD06A2814D104E0742810D02C
:106940007A280FD10DE044F400140AE044F48014D6
:1069500001E044F440147278824202D104F58014BC
:10696000761C761C307866280BD013DC582877D03C
:1069700009DC002875D04528F6D04628F4D04728F1
:106980001AD193E118E0632835D0642879D06528BE
:1069900012D18BE1702873D008DC6728F1D0692808
:1069A0006FD06E280DD06F2806D1ACE073282CD0A4
:1069B000752874D0782853D05246179990476D1C8B
:1069C00054E1C4F30250022809D003280DD0D8F8AE
:1069D000001004280DD00D6008F1040846E1D8F835
:1069E0000010EA17C1E90052F6E7D8F800100D8050
:1069F000F2E70D70F0E718F8041B8DF80010002086
:106A00008DF80100EB46012003E058F804BB4FF07D
:106A1000FF3061074FF0000102D40DE009F10101E0
:106A20008946B9420FDA8145F8DB1BF809100029C5
:106A3000F4D108E009F1010189468142FADB1BF833
:106A400009100029F6D103985346A0EB0907214607
:106A50003846179A00F080FA284400EB090507E051
:106A600044E008E10DE01BF8010B524617999047EE
:106A7000B9F10109F7D2534621463846179AF2E098
:106A800039E00A21C4F302524FF0000B0091022AB0
:106A900006D058F8040BC117032A09D00AE023E0F6
:106AA00008F1070020F00702F2E80201904605E035
:106AB00000B2C117042A01D140B2C117002906DA79
:106AC0000A460021404261EB02012D2202E022052C
:106AD00004D52B228DF80420012203E0E20701D027
:106AE0002022F7E7914657E00A2100E010214FF0FD
:106AF000000B00910BE010214FF0000B44F0040458
:106B00000827009103E008204FF0000B0090C4F329
:106B10000252022A05D058F8040B0021032A08D09B
:106B200008E008F1070020F00702F2E802019046B1
:106B300003E080B2042A00D1C0B24FF0000922075E
:106B40002AD53278702A07D0DDF800C08CF0100CFE
:106B50005CEA0B0C05D00EE040228DF804200122E7
:106B600008E050EA010306D030238DF804308DF898
:106B7000052002229146009B83F0080353EA0B0391
:106B80000AD150EA010201D1620705D530228DF801
:106B900004204FF001097F1E3278582A04D039A210
:106BA0000C920CAA02920BE03BA2F9E75B46009A1A
:106BB000E9F79EFB0C9B9B5C029A521E029213709B
:106BC00050EA0102F2D1029804A9081A00F1200B40
:106BD000600702D524F4803400E001275F4502DD20
:106BE000A7EB0B0000E0002000EB0B0100900398E6
:106BF0004944401A0390E00306D453462146179AAD
:106C0000039800F0A9F90544002706E001A85246C0
:106C1000C05D179990476D1C7F1C4F45F6DBE00364
:106C20000CD553462146179A039800F095F9054470
:106C300004E030205246179990476D1C0099481E79
:106C400000900029F5DC08E002980299524600788D
:106C5000491C0291179990476D1CBBF10001ABF1E3
:106C6000010BF1DC5BE100F065F90544761C30783E
:106C700000287FF40DAE19B02846BDE8F08F000063
:106C80000928010030313233343536373839616202
:106C900063646566000000003031323334353637C6
:106CA000383941424344454600000000600700D4A3
:106CB000062708F1070020F00700F0E802238046CD
:106CC00003F0004C5FEA0C0001D097A009E020051A
:106CD00001D596A005E0E00701D095A001E0AFF254
:106CE0004C001390307823F0004365280CD006DC6C
:106CF000452809D046281DD047287FD13BE066288B
:106D000018D067287AD136E00021112F01DB11203D
:106D100000E0781CCDE9000104A90CA8FFF7EEFC07
:106D2000DDE90D010C9A4FF0000B07F101091092FB
:106D300000914EE04FF000400097CDE9011004A90A
:106D40000CA8FFF7DBFCDDE90D020C9B0F994FF05F
:106D5000000B91461093009211B9791C00EB0109C8
:106D6000B7EB090003D4C0F1FF3B07F10109A9EB20
:106D70000700019042E0012F00DA01270021112FC6
:106D800001DD112000E03846CDE9000104A90CA87E
:106D9000FFF7B4FCDDE90D010C9A00914FF0000BF8
:106DA000B946109221070FD4009A4A4503DA91465A
:106DB00001E0A9F10109B9F1010F05DD109AA9F16E
:106DC0000101515C3029F4D0B84202DA10F1040F0D
:106DD00003DA0121CDE9011010E0002803DC83442F
:106DE000A9EB000102E0411C494500DD8946A0EB0A
:106DF0000B00401C01904FF000400290200705D48A
:106E00000198484502DB4FF0FF30019000208DF8DB
:106E10004B0002980DF14B07B0F1004F25D0022036
:106E20000C902B200D90029800280CDA4042029022
:106E30002D200D9007E00A210298E9F7DDFC3031A2
:106E4000029007F8011D0C99481E0C900029F2DCF5
:106E500002980028EFD1791E0D980870307800F064
:106E6000200040F0450007F8020D11A8C01BC01D0E
:106E700002901398007800B1012000EB09010198FD
:106E800001EBE071029801440398401A401E039000
:106E9000E00306D453462146179A039800F05CF8A5
:106EA00005441398007818B15246179990476D1C05
:106EB000E00323D553462146179A039800F04CF877
:106EC00005441BE0BBF1000F07DB0098584504DDCB
:106ED0001098179910F80B0001E0179930205246CE
:106EE000904701980BF1010B401E05F1010501903F
:106EF00004D12E205246179990476D1CB9F100011C
:106F0000A9F10109DEDC05E017F8010B52461799DB
:106F100090476D1C0299481E02900029F4DC5346EC
:106F20002146179A03989EE62D0000002B000000D2
:106F3000200000002DE9F041044600251E461746BA
:106F4000880404D405E039462020B0476D1C641E37
:106F5000F9D52846BDE8F0812DE9F0410446002529
:106F60001E469046C80301D5302700E0202788043C
:106F700004D505E041463846B0476D1C641EF9D57E
:106F80002846BDE8F0810A68531C0B6010707047FA
:106F9000F0B5002829D03E2303EA9126761C4FF055
:106FA0007E0C0CEA1114641C03EA41077F1C03EAFF
:106FB00092256D1C0CEA121C0CF1010C03EA420232
:106FC000521C4643C0F1FF0105FB01635B0A4443C9
:106FD0000CFB0144640A474302FB0170400AD902DA
:106FE00041EA4411014388B2F0BD1046F0BDF0B54E
:106FF000002319E032F81340A5085C1C32F8144055
:10700000A40850F8256050F8247040F8257040F826
:1070100024606D1C50F82560641C50F8247040F802
:10702000257040F824609B1C8B42E3D3F0BD2DE912
:10703000F04307460D46904699463C88B8F1010F4B
:107040000CD12E1D002007E096ED000AB1EE400A9B
:1070500086ED000A0836401CA042F5D3B4F5807FC7
:107060001BD008DC102C13D0202C16D0402C19D0AB
:10707000802C1DD10CE0B4F5007F13D0B4F5806FE7
:1070800006D0B4F5006F08D0B4F5805F10D109E0E8
:107090002946384600F035F80AE02946384600F01F
:1070A00014F905E0A1B2012328467A6800F078FBC4
:1070B000B9F1000F04D0B9892846BA68FFF797FFE5
:1070C000B8F1010F1BD100EE104AB7EE001AF8EE2E
:1070D000400A81EE200A00200FE0D5ED000A60EEA4
:1070E000800AE5EC010AD5ED000AF1EE600A60EED7
:1070F000800AC5ED000A2D1D401CA042EDD3BDE85D
:10710000F0832DE9F04106462DED028B90B03088DA
:1071100001EB8004D6F804C088462746450801EBF9
:10712000850004EB8502AB08002B7ED091ED003A80
:107130008DED0C3AD1ED013ACDED0D3A91ED021AFB
:107140008DED0E1A91ED036A8DED0F6AD4ED007A84
:1071500094ED017AD4ED026AD4ED032AD0ED004A11
:10716000CDED044A90ED010A8DED050A90ED024A3D
:107170008DED064AD0ED030ACDED070AD2ED005A97
:10718000D2ED011A92ED025A92ED032A33EE278ACC
:10719000A1EC018A33EE878AA1EC018A31EE268ABE
:1071A000A1EC018A36EE228AA1EC018A33EE673A1D
:1071B0008DED083A73EEC73ACDED093A31EE661A15
:1071C0008DED0A1A76EE622ACDED0B2A34EEA56A11
:1071D000A0EC016A30EE216AA0EC016A34EE056A87
:1071E000A0EC016A30EE826AA0EC016A75EEE44A16
:1071F000CDED004A71EEC01ACDED011A35EE444ACC
:107200008DED024A32EE602A8DED032ABCEC010AB4
:10721000FCEC010A23EE005A63EEA05A63EE803ABA
:1072200023EE203A35EE255A00E03DE0A4EC015A69
:1072300033EEC33AA4EC013A24EEA03A61EE803A70
:1072400061EEA00A24EE800A73EE631AE2EC011AE2
:1072500030EE800AA2EC010ABCEC010AFCEC010A47
:1072600061EE001A22EEA03A62EE802A21EE201A88
:1072700071EE831AE4EC011A32EEC11AA4EC011A81
:1072800024EE201A62EE001A62EE200A24EE000AB2
:1072900031EE611AA2EC011A30EE800AA2EC010A6A
:1072A0005B1E002B7FF442AFA9B2022340467268F6
:1072B00000F076FA726810B0A9B2BDEC028B3846C5
:1072C000BDE8F041022300F06BBA2DE9F04F804693
:1072D0002DED048B93B0B8F800004FEA500C01EB91
:1072E0008C0606EB8C0000EB8C07119110960F902A
:1072F0000E97351F021F3C1F04EB8C03D8F8049037
:107300004FEA5C0CCDF848C04FF0040CCDF804C037
:107310004FF0060CCDF800C091ED000AD0ED000A48
:1073200030EE201A30EE602A91ED010AD0ED010A0C
:1073300070EE203A70EE602AD6ED011A97ED013A10
:1073400031EE820A70EE435ACDED0A5A96ED000AEC
:10735000D7ED000A32EEC04A34EE204A8DED0B4ADA
:1073600071EE404A74EEE04ACDED064A33EEE15A42
:1073700035EE435A8DED075A72EE611A71EE831A9B
:10738000CDED021A30EE222A32EE602A8DED032A6C
:1073900030EE010A30EE200AA1EC010A96ED010A56
:1073A000D7ED010A30EE230A30EE200AA1EC010AE3
:1073B000E6EC015AA6EC014AE0EC014AA0EC015AC5
:1073C000E7EC011AA7EC012A09F1080A09F1100BF0
:1073D00009F11809DDF848C0ACF1020C4FEA5C0C69
:1073E000BCF1000F7CD091ED000AD0ED000A30EE28
:1073F000203A30EE601A91ED010AD0ED010A70EEEC
:10740000203A70EE601A96ED015AD7ED015A35EE2A
:10741000010A30EE654A8DED0A4A96ED000AD7ED75
:10742000000A31EEC02A72EE204ACDED0B4A33EE4F
:10743000402A32EE602A8DED062A73EEC52A72EEDE
:10744000E52ACDED072A31EE451A31EE251A8DEDEC
:10745000021A70EE211A71EEE01ACDED031A30EE29
:10746000030A30EE200AA1EC010A96ED010AD7EDDD
:10747000010A30EE230A30EE200AA1EC010A15EDD4
:10748000010A54ED010A70EE207A30EE603A95ED73
:10749000000AD4ED000A30EE207A70EE608A92ED98
:1074A000000AD3ED000A30EE609A39EE036A8DEDE2
:1074B0000C6A52ED013A13ED018A38EEE35A75EE8B
:1074C000086ACDED0D6A37EEE35A35EE485A8DED78
:1074D000085A77EE405A75EEE05ACDED095A00E0B1
:1074E0009DE039EE433A8DED043A78EE633A73EE5F
:1074F000E83ACDED053A30EE070A30EE200A85ED88
:10750000000A2D1F12ED010A53ED010A30EE270A81
:1075100030EE200A85ED000A2D1FBAEC010AFAECC4
:10752000010A24EE007A64EEA07A64EE804A24EE2A
:10753000204A37EE277AA6EC017A34EEC44AA6EC4C
:10754000014A26EEA04A66EE004A66EE200A26EEC2
:10755000800A34EE644A82ED004A121F30EE800A3F
:1075600082ED000A121F9BED000ADBED010ADDF837
:1075700004E00BEB8E0B22EE004A62EEA04A62EEB4
:10758000802A22EE202A34EE244AA0EC014A32EE70
:10759000C22AA0EC012AB1EE652A22EE002A65EE8D
:1075A000202A25EE000A65EEA00A32EE622A84ED5A
:1075B000002A241F30EEC00A84ED000A241F99ED32
:1075C000000AD9ED010ADDF800E009EB8E0921EE91
:1075D000002A61EEA02A61EE801A21EE201A32EE16
:1075E000222AA7EC012A31EEC11AA7EC011A63EE98
:1075F000A01A23EE001A63EE200A23EE800A31EE71
:10760000C11A83ED001A1B1F30EE800A83ED000AB9
:107610001B1FACF1010CBCF1000F7FF4E4AE91ED47
:10762000000AD0ED000A70EE202A70EE605A91ED4B
:10763000010AD0ED010A30EE204A30EE603AD6ED74
:10764000014A97ED015A34EEA50A30EE451A96ED3F
:10765000000AD7ED000A73EE401A71EEA01A32EE5E
:10766000C02A32EE602A74EE643A73EEC53A75EEC3
:10767000E44A74EE854A30EE033A33EE603A30EE77
:10768000220A30EE200A81ED000A96ED010AD7EDBC
:10769000010A30EE040A30EE200A81ED010A9AED6B
:1076A000000ADAED010A61EE002A21EEA04A21EE7D
:1076B000800A61EE200A32EE841A86ED001A30EE5E
:1076C000600A86ED010A9BED000ADBED010A22EE5D
:1076D000001A63EEA01A23EE800A62EE200A31EE51
:1076E000211A80ED001A30EE600A80ED010AD9ED12
:1076F000000A99ED010A24EEA01A63EE001A63EE67
:10770000200A24EE800A31EE211A87ED001A30EEAD
:10771000C00A87ED010A1298D8F8042081B2042328
:10772000119800F03DF81298D8F8042081B2042393
:10773000109800F035F81298D8F8042081B204238C
:107740000F9800F02DF81298D8F8042081B20E9806
:1077500013B00423BDEC048BBDE8F04F00F020B85B
:107760009FED0E1A16E0F0EC010AB0EC010A0B4690
:10777000091D60EEA00A40EE000AF5EEC00AF1EE27
:1077800010FA04DBB1EEE00A83ED000A01E083EDBC
:10779000001A521E002AE6D17047000000000000C7
:1077A0002DE9FF4F2DED108B90B09FEDFEFA219942
:1077B0000091C90800235C1865186E18771807EB4C
:1077C000010C0CEB010808EB010900EBC30B00EB0B
:1077D000C70EDBED000A9EED001A30EE810A70EE56
:1077E000C11A00EBC40ACDF83CA09AED001A00EBD8
:1077F000CC0ACDF838A09AED002A71EE020A31EEDB
:10780000423A00EBC50ACDF834A09AED002A00EB0D
:10781000C80ACDF830A0DAED002A32EE221A72EE54
:10782000623A00EBC60ACDF82CA0DAED002A00EB94
:10783000C90ACDF828A09AED004A32EE842A32EE29
:10784000C44A70EE414A30EE010A30EEC21A70EEC0
:10785000820A30EE202A8BED002A30EE600A8EED8F
:10786000000A4FF0010E0EEB430A0EEB470700EB48
:107870008A0A00EB87079AED000AD7ED000A70EE3E
:10788000206A30EE606A0EEB44040EEB4C0C00EB09
:10789000840400EB8C0CD4ED000A9CED002A30EE41
:1078A000820A30EEC25A0EEB45050EEB480800EB9B
:1078B000850500EB8808D5ED000A98ED002A30EE2A
:1078C000827A30EEC22A0EEB46060EEB490900EB37
:1078D000860600EB8909D6ED000AD9ED005A70EE54
:1078E000A52A70EEE50A76EEC75A76EE876A30EE84
:1078F000627A30EE220A76EE802ACAED002A36EE4F
:10790000C00A87ED000A34EE870ADDF834A08AED5C
:10791000000A34EEC70ADDF830A08AED000A35EE21
:10792000C10A85ED000A35EE810A88ED000A33EEC2
:10793000440A20EE0F1A33EE040A60EE0F2A35EEE9
:10794000600A20EE0F0A75EE200A20EE8F3A71EEE3
:10795000C10A31EE811A73EEE21A73EEA22A76EEB4
:10796000403A36EE000A32EE434A32EE032ADDF8A0
:107970003CA031EE023A8AED003A31EE421ADDF8CF
:1079800028A08AED001A30EE841ADDF838A08AEDBE
:10799000001A70EEC40ADDF82CA0CAED000A70EEE1
:1079A000620AC4ED000A30EE220A89ED000A33EEC5
:1079B000E10A8CED000A33EEA10A86ED000A009C74
:1079C0002344219CA342FFF4F6AE08297DD3002571
:1079D0004FF0010B239B2B441D46EE18F71807EBC5
:1079E000030C0CEB030808EB03094B4402EBC50442
:1079F00094ED007A02EBC604D4ED007A02EBC704E2
:107A000094ED008A02EBCC04D4ED008A02EBC804AA
:107A100094ED009A02EBC904D4ED009A02EBC30482
:107A200094ED00AA012404EB450A02EB8A0ADAED80
:107A300000AA04EB460602EB860696ED00BA04EBBC
:107A4000470602EB8606D6ED00BA04EB4C0602EBC5
:107A5000860696ED00CA04EB480602EB8606D6EDD4
:107A600000CA04EB490602EB860696ED00DA04EB49
:107A7000430302EB8303D3ED00DA5B465E1877180D
:107A800007EB010C0CEB010808EB010909EB010AFB
:107A90000AEB0104019400EBC30E00EBC8049EED59
:107AA000000A0994D4ED000A70EE203A30EE601A14
:107AB00000EBC6040894D4ED000A00EBC904079457
:107AC000D4ED001A30EEA10A00E047E170EEE11AB1
:107AD00000EBC7040694D4ED000A00EBCA04059439
:107AE00094ED002A30EE824A30EEC22A00EBCC043C
:107AF0000494D4ED002A019C00EBC404039494ED9B
:107B0000003A72EE830A72EEC32A33EEC43A33EEC1
:107B1000844A70EE603A30EE200A74EE000ACEED30
:107B2000000A74EE400A012404EB430E00EB8E0EB3
:107B300004EB4808CDF808E000EB88089EED000A49
:107B4000D8ED004A30EE244A30EE645A04EB460683
:107B500000EB860E04EB490600EB86069EED000A5C
:107B6000D6ED005A70EE254A70EE655A04EB4707D1
:107B700000EB870904EB4A0700EB870A99ED000A3E
:107B80009AED006A70EE06EA30EE466A04EB4C07A6
:107B900000EB8707DDF804C0D7ED006A04EB4C0466
:107BA00002E00000F304353F00EB840C9CED00EA9A
:107BB00036EE8E0A76EECE6A34EE6EEA34EE2E4A59
:107BC00074EEC0EA74EE804A33EE2E0A33EE6E3A5B
:107BD00074EE24EA029CC4ED00EA74EE644A3EEEC0
:107BE000634A7EEE233A28EEA0EA6CEE24EA68EEC1
:107BF000A44A6CEE200A099C3EEE2EEA84ED00EACF
:107C000074EEE00AC8ED000A67EE800A6BEE044AE3
:107C100027EE844A2BEE000A069C70EEA40AC4EDFF
:107C2000000A34EE400A89ED000A29EE830A6DEE5F
:107C3000230A69EEA33A2DEE033A059C30EE200AA2
:107C400084ED000A33EEC30A8AED000A31EEE20A3F
:107C500020EE0F0A71EEA20A60EE8F0A75EEE61AA8
:107C600061EE8F1A75EEA62A22EE8F3A71EE402A47
:107C700031EE000A32EE601A72EE200A35EE612A09
:107C800075EE211A76EE433A36EE034A30EE043AA8
:107C900030EE440A32EEA34A72EEE32A71EEE03A85
:107CA00071EEA01A72EE410A32EE011A27EE032A93
:107CB0006AEEA34A67EE233A2AEE833A089C32EE34
:107CC000242A84ED002A33EEC32A8EED002A2AEE00
:107CD000003A2DEEA12A6AEE211A2DEE800A039CAD
:107CE00033EE022A84ED002A31EEC00A8CED000A40
:107CF00029EE040A6CEEA01A69EE200A2CEE842A02
:107D0000079C30EE210A84ED000A30EEC20A86EDAF
:107D1000000A68EE220A2BEE810A28EE011A6BEEA9
:107D2000A21A049C30EE800A84ED000A31EE610A4A
:107D300087ED000A009C2344219CA342FFF49EAEE1
:107D40000BF1010B8B45FFF445AE239B4FF6FF74FF
:107D500004EAC303239307293FF62AAD10B0BDEC14
:107D6000108BBDE8FF8F00002DE9F05FB448007A6A
:107D7000012838D0022839D0032839D0042839D036
:107D8000B04FDFF8C4B2B24DD7ED000ADFF8D092A1
:107D900010EE900ADFF8B4C26B7A00EB0B04AD4E24
:107DA000AD48AE4A99ED000A4FF001086FEA0B01A9
:107DB000644504D210EE104A944200DAE3B1F3B104
:107DC00010EE904A84421ADA10EE904A8C4216DD88
:107DD00010EE104ADFF88CA2544510DD85F80880BB
:107DE00033682B671AE00920BDE8F09F0A20FBE703
:107DF0000C20F9E70D20F7E785F809800EE06BB15C
:107E000010EE903A834209DA10EE903A8B4205DD8B
:107E100010EE103A934201DA33686B6710EE903A35
:107E2000DFF844A2914F5B44DFF84482914C6345F4
:107E300021D210EE103A434507DB3368D5F874E0E1
:107E4000A3EB0E03B3F5FA7F15D294ED001A11EEF1
:107E5000103ABB4205DC94ED001A11EE103A53457E
:107E600009DA3368D5F870E0A3EB0E03B3F5FA6FC7
:107E700001D20720B8E710EE903A5B44634511D277
:107E800010EE103A43450DDA94ED001A11EE103A57
:107E9000534507DD94ED001A11EE103ABB4201DAAA
:107EA0000220A1E710EE903ADFF8CCE1734519DD2E
:107EB00010EE103A834215DA10EE103A8B4211DDC3
:107EC00094ED001ADFF8B4E111EE103A734509DDC4
:107ED00094ED001ADFF8A8E111EE103A734501DACB
:107EE000032081E710EE903A5B44634517D210EE11
:107EF000103A834213DA10EE100A88420FDD94ED37
:107F0000001A604911EE100A884208DD94ED001A4B
:107F10005D4911EE100A884201DA042064E710EE90
:107F2000901A5548814213DD10EE101A81420FDD80
:107F300094ED001A554911EE100A884208DD94EDBF
:107F4000001A534911EE100A884201DA05204BE766
:107F500010EE900A00EB0B013C48814206D210EE75
:107F6000100A4C49884201DD06203DE710EE900AD8
:107F700090421EDD10EE100A90421ADD30EEC00A6B
:107F800010EE100AE8F7D8FB41EC100BFDF7B0FA41
:107F90009FED411B51EC100B53EC112BE8F7E0FB6C
:107FA00007D894ED000A10EE100AB84201DA0B204F
:107FB0001AE724482549006800EB0B028A4217D2D1
:107FC000D9F80020424513DA94ED000A10EE102A89
:107FD00052450DDD94ED000A10EE102ABA4207DA80
:107FE00032682B6FD21AB2F57A7F01D90820FBE6EE
:107FF0005844884221D2D9F8000040451DDA94ED5A
:10800000000A1E4910EE100A884206DD94ED000AAF
:108010001B4810EE101A81420DDB94ED000A19493D
:1080200010EE100A884208DD94ED000A164910EEA1
:10803000100A884201DA0820D6E60120D4E60000C2
:1080400044B7FF1F8883FF1F3233F3C065662600E5
:10805000F48CFF1F7C83FF1F3333333F9A99993E83
:108060008C83FF1F00004040CDCC9C406666A6403C
:10807000CDCC4C3E3483FF1F66664640000008416D
:1080800000001841000038410000484100009C41B8
:108090000000A44166663640000000A09999B93FEF
:1080A00070B5044600256068002803D1552116A04C
:1080B000EDF7B4FA2288500900EB4001202000EBD4
:1080C0004103B4F90200834204DC252303EB4101A0
:1080D000814203DA202801DB042513E0164901EB75
:1080E00080000168154BB3EBC15F0AD1016862F3F0
:1080F00008010160B4F90210114A606842F82100D9
:1081000000E00725284670BD2E2E5C2E2E5C2E2EFC
:108110005C2E2E5C2E2E5C6472697665725C7372C6
:10812000635C68633332663436305F696E746572DF
:1081300072757074732E63005C100540000080FF40
:10814000B461022082B0CDE9000121F0004001902D
:108150009DED000B02B051EC100B704710B50446BA
:108160000548E1B28068FCF71DFF10B14FF0FF3009
:1081700010BD204610BD00005891FF1F002261F382
:108180000A12806801681143016070477CB5FCF7F2
:1081900027FF00200090019002208DF8000084024B
:1081A0006A4621460020F8F709F965006A46294623
:1081B0000020F8F703F900230A22A1101846F8F767
:1081C0003DFA00230A2221461846F8F737FA002321
:1081D0000A2229461846F8F731FA01210802F8F771
:1081E00045FD7CBD1CB51820ADF8020040F213100F
:1081F000ADF80000194801906846FFF751FFBDF93E
:1082000002000123002809DB00F01F0203FA02F13B
:108210004009800000F1E020C0F88012BDF90200A2
:10822000F022002804DB00F1E02080F8002405E0C3
:1082300000F00F0000F1E02080F8142DBDF90200DD
:10824000002809DB00F01F0203FA02F14009800058
:1082500000F1E020C0F800111CBD0000994F0200A1
:1082600008B5002200924B780A78012B00EB8200BF
:108270000AD0006C026822F4001200928978032967
:1082800004D0022902D004E00069F3E742F08051F3
:1082900000910099016008BD10B5044694F8DC0017
:1082A000022806D0032804D02046BDE8104000F084
:1082B000A7B8488801280CD1002084F8DE00D4F843
:1082C000B8048268204690472046BDE8104000F080
:1082D000AFB810BD82B0CA09019201F07F010091D0
:1082E0009DF80410002907D09DF8001001EB8101D2
:1082F00000EBC101E03107E09DF8001001EB8101C6
:1083000000EBC10101F530710022CA709DF8003008
:108310000B709DF8043013B101224A7000E04A70DE
:1083200002B0FFF79DBF0000FEB50446002702978C
:1083300001970097184D0126012001F055FE606855
:10834000006901900099491C0091A94200D9029648
:1083500001980028F0D09DF8080000281BD1009754
:10836000019840F00100019061680198086160681F
:10837000006901900098A84208D80098401C00901D
:10838000012001F031FE0198C007F0D1BDE8FE40A8
:10839000032001F029BEFEBDA086010038B50446C9
:1083A00000919DF80010D4F8BC04002905D0406964
:1083B0008047012084F8DD0038BD80698047D4F80B
:1083C000B804416820468847002084F8DD0038BDA5
:1083D000C0F8D022C0F8CC22032380F8DA3013464C
:1083E0000A46002101F07FB9C0F8F020C0F8EC2067
:1083F000022380F8DA3013460A46002100F07CBAE6
:1084000010B504468021204601F02BFC00212046B7
:1084100001F027FC2046BDE8104000F071BB0521AB
:1084200080F8DA10002300F59462194601F05BB978
:10843000042180F8DA10002300F59462194600F058
:108440005BBA000070B5054600290CD0D5F8B80419
:10845000C269002A4CD095F8DC00032848D1284690
:10846000BDE87040104705F1E00495F8DA000026F9
:10847000022833D1D4E9020181420FD9081AE06001
:10848000A878012803D1A168606A084460620021CD
:108490002846E368626A00F02FFA1FE02169B1FB09
:1084A000F0F200FB121262B981420AD36069814284
:1084B00007D200231A461946284600F01DFA6661C5
:1084C0000CE0D5F8B804C16829B195F8DC000328A0
:1084D00001D1284688472846FFF7A1FF95F8DF001D
:1084E000012805D103480068A968486085F8DF6065
:1084F00070BD00009C91FF1F70B5054600290CD08F
:10850000D5F8B804026A002A38D095F8DC000328B0
:1085100034D12846BDE87040104705F5307495F811
:10852000DA0003282AD1D4E90210884215D9401A6A
:10853000E060A878012803D1A168606A08446062FD
:10854000D4E90210884200D3084683B22846626A02
:10855000BDE87040002101F0C6B80020E060D5F809
:10856000B804016929B195F8DC00032801D1284637
:1085700088472846BDE87040FFF75ABF70BD00002D
:1085800010B50246024903A000F070FE004810BD7D
:1085900004B7FF1F69444B4D657465723032432048
:1085A000436F6E666967000038B5044600929DF817
:1085B000000001280BD09DF80000002813D1D4F84A
:1085C000B804416801B02046BDE830400847D4F8FF
:1085D000B804016820468847D4F8BC04806801B01C
:1085E000BDE83040004738BD122101800048704787
:1085F000F082FF1F2DE9F04104460F4615461E4646
:108600002046FFF7C3FDC4F8B854C4F8BC64C4F8EE
:10861000C074204600F0ACFED4F8BC04006880476B
:10862000002084F8DA00BDE8F041FFF7DBBD000070
:1086300010B50246024903A000F018FE004810BD24
:1086400004B7FF1F69444B4D657465723032432097
:10865000496E7465726661636500000004210180E3
:1086600000487047EC82FF1F10B50246024903A084
:1086700000F0FCFD004810BD04B7FF1F69444B002B
:1086800010B50246024903A000F0F0FD004810BDFD
:1086900004B7FF1F69444B4D657465723032430067
:1086A00010B50446DB34D4F8E10300698047207834
:1086B00060700320607010BD10B504460023402296
:1086C0001946204600F02DFF00234022802120463D
:1086D00000F027FF012084F8DC00D4F8BC044068D7
:1086E000BDE810400047000010B50246024903A053
:1086F00000F0BCFD004810BD04B7FF1F3030303023
:10870000303030303035304300000000DB3041780D
:10871000017004214170D0F8E103C06800477CB5C6
:10872000002301934FF09044FF255DE09DF8041075
:1087300000EB810109690E68009A66F30A020E686F
:10874000F60A66F3CE220E68F60B66F3CF320E6899
:10875000360C66F310420E68760C66F351420E68D2
:10876000B60C66F393420E68360D66F314520E682B
:10877000760D66F355520E68B60D66F399520E6883
:10878000B60E66F39A620E68F60E66F3DB620E684A
:10879000360F66F31C720E68760F66F35D720E6814
:1087A0000968B60F66F39E72C90F61F3DF7200921B
:1087B000002A01DA009400E000939DF8042000995B
:1087C00000EB8202126911609DF8041000EB810138
:1087D00009690B619DF8041000EB810109698D6046
:1087E0009DF80410491C019141789DF804209142A4
:1087F0009CD801935DE09DF8041000EB8101096CA9
:108800000E68009A66F30A020E68F60A66F3CE2234
:108810000E68F60B66F3CF320E68360C66F3104224
:108820000E68760C66F351420E68B60C66F39342FE
:108830000E68360D66F314520E68760D66F35552C7
:108840000E68B60D66F399520E68B60E66F39A621C
:108850000E68F60E66F3DB620E68360F66F31C7266
:108860000E68760F66F35D720E680968B60F66F3E0
:108870009E72C90F61F3DF720092002A01DA009440
:1088800000E000939DF80420009900EB8202126C36
:1088900011609DF8041000EB8101096C0B619DF8DB
:1088A000041000EB8101096C8D609DF80410491CD7
:1088B000019141789DF8042091429CD87CBD82B002
:1088C000CB09019301F07F0100919DF8041000296C
:1088D00007D09DF8001001EB810100EBC101E031F0
:1088E00007E09DF8001001EB810100EBC10101F5EB
:1088F000307102B000F014BB18B401F07F01009198
:108900009DF8001001EB810100EBC101E031012471
:108910004C709DF800400C704A628A6100220A6225
:10892000CB619DF80020002A02D018BC00F00EBADE
:1089300018BC00F003B900000CB500210191426899
:10894000916142686FF0804151614368CA175A6073
:108950004268516110490091426891618178002913
:1089600001D110210191019941F4006141F480513C
:1089700041F4005141F4802141F4002141F008010B
:1089800041F4801141F400110191406882698A43E9
:1089900001990A4382610CBD000800801CB50446A1
:1089A000002001900090A1680A6822F4C05242F0B1
:1089B00003020A606268802151624022ADF80620FD
:1089C000ADF80410636801999962019901EB1141B6
:1089D000ADF80010ADF8022062680099C2F80411E9
:1089E000009901EB1141ADF80010ADF8020062688A
:1089F0000099C2F80811009901EB1141ADF800107F
:108A00002021ADF802106368009AC3F80C21009A87
:108A100002EB1242ADF80020ADF802106268009936
:108A2000C2F81011009901EB1141ADF80010ADF83A
:108A3000020062680099C2F81411A1680861A16877
:108A40004861A268411E9161A168C8612046FFF794
:108A500066FEA068416821F0020141602046BDE841
:108A60001C40FFF769BF10B50446204600F00CF823
:108A70006168C86820F4705000F51050C8604FF469
:108A800000506168486110BD1EB5002100918168E9
:108A90008B68029A63F300028B685B0863F34202FF
:108AA0008B68DB0863F3C3028B681B0963F307124F
:108AB0008B6889681B0A63F31522890D61F39F5245
:108AC000029203691968019112F0060F08D0C2F3EF
:108AD0004102012A04D0032A02D0022A04D007E06E
:108AE0006FF30A01019103E06FF30A01C91C0191C0
:108AF000019919608068416841F4807141601EBD30
:108B0000AFF300800EB50C4A01924021C0F8DC1290
:108B1000C0F8CC12C0F8D012016C0A61817801292A
:108B200009D1026C00F594615161006C01684FF04D
:108B30008021009101600EBD400008603EB500221A
:108B4000029200924A78CB69012A20D00A7800EB81
:108B500082052A6C1468029412690092002B59D085
:108B6000D1E902329A4200D31A46CA61009B62F3ED
:108B700006030093009A22F4C01202F5002200922C
:108B80002B6C009A1A618278012A4ED053E0026958
:108B9000156802951469009443B18C68A34210D9FA
:108BA000CC61009B64F3060300930EE0009B23F06E
:108BB0007F030093009B23F4C01303F5002300936D
:108BC00009E0009C63F306040094009B23F4C013A7
:108BD00003F500230093009B13618378012B05D1DB
:108BE0000C788B6900EB84042469636145F0806331
:108BF00043F00043029313608278002A09D1CA69C6
:108C0000002A06D00A78012191408068426B0A430D
:108C100042633EBD009A22F07F020092009A22F445
:108C2000C01202F500220092AAE70B788A6900EBD5
:108C300083031B6C5A6144F0806242F0004202924E
:108C4000097800EB8100006C02603EBD7CB500231A
:108C5000019300930D784E780124AC4000EB85021F
:108C6000012E55D0126CADF80240146864F30A036B
:108C70001468E40A64F3CE231468E40B64F3CF337E
:108C80001468240C64F310431468640C64F35143B7
:108C90001468A40C64F393431468240D64F3145310
:108CA0001468640D64F355531468A40D64F3995368
:108CB0001468A40E64F39A631468E40E64F3DB632F
:108CC0001468240F64F31C731468640F64F35D73F9
:108CD0001468A40F64F39E731468E40F64F3DF73E5
:108CE00001931C040ED40C8964F30A038C7864F39A
:108CF0009343897961F3995343F0805141F40041E2
:108D0000019111608068C169009A1143C1617CBD05
:108D10001269ADF80040A8E73CB500240194009426
:108D20000B784D7801229A4000EB8301012D09D088
:108D3000096CADF802200C608068C169009A91430B
:108D4000C1613CBD0969ADF80020F4E7FEB400251F
:108D5000029501954B780C780127CA6900EB8404D1
:108D6000012B32D0236C1E680296D3F810C06CF32E
:108D70001205D3F810C04FEADC4C6CF3DC45D3F895
:108D800010C01B694FEA5C7C6CF35E75DB0F63F30C
:108D9000DF750195002A7DD08B681A44521EB2FB04
:108DA000F3F262F3DC450195C5F3C945019A5D43D1
:108DB00065F312020192C2F31202CA61236C019A96
:108DC0001A618278012A66D091E023691C680294B6
:108DD0001E6966F312051E69F60C66F3DC451E6912
:108DE000760F66F35E751E69F60F66F3DF75019503
:108DF0006AB162F312058E683244521EB2FBF6F27B
:108E000062F3DC4501958A78012A06D00AE0EA0C73
:108E1000D20467F3DC42019204E025F0C04202F183
:108E200000520192019A1A618278012A0ED08A7842
:108E3000012A07D0CA692AB10A7897408268536B21
:108E40003B4353638A78012A07D029E00B788A696B
:108E500000EB83031B695A61F4E782689568009B05
:108E600065F3000395686D0865F342039568ED08A6
:108E700065F3C30395682D0965F307139568926838
:108E80002D0A65F31523920D62F39F5300931A0A7E
:108E9000D20701E01EE024E018D044F08052029294
:108EA000029A42F0806242F0004202920B7800EB9C
:108EB00083031B691A608A78012A2FD18A8B93B2A7
:108EC0000A78496A03B0F0BC01F0E6B844F00052F9
:108ED0000292E5E78A6862F3120567F3DC450195C3
:108EE0006CE70B788A6900EB83031B6C5A618A7804
:108EF000012A08D14A791AB146F00052029202E0E2
:108F000046F080520292029A42F0806242F00042A1
:108F10000292097800EB8100006C0260FEBC704791
:108F2000F8B500230026354600964F780C78012FBF
:108F300000EB840448D0246C276867F30A0527688F
:108F4000FF0A67F3CE252768FF0B67F3CF35276845
:108F50003F0C67F3104527687F0C67F3514527687E
:108F6000BF0C67F3934527683F0D67F314552768D7
:108F70007F0D67F355552768BF0D67F3995527682F
:108F8000BF0E67F39A652768FF0E67F3DB652768F6
:108F90003F0F67F31C7527687F0F67F35D752768C0
:108FA000BF0F67F39E752768FF0F67F3DF750095A6
:108FB000002A7FD0B2F5805F65D0B2F5005F66D041
:108FC000B2F5405F79D167E02469276867F30A0545
:108FD0002768FF0A67F3CE252768FF0B67F3CF35B5
:108FE00027683F0C67F3104527687F0C67F35145EE
:108FF0002768BF0C67F3934527683F0D67F3145547
:1090000027687F0D67F355552768BF0D67F399559E
:109010002768BF0E67F39A652768FF0E67F3DB6565
:1090200027683F0F67F31C7527687F0F67F35D752F
:109030002768BF0F67F39E752768FF0F67F3DF751B
:109040000095E2B1102A04D0202A06D0302A34D16B
:1090500007E000F0BBFC01232FE045F0006000902A
:109060002BE0AA0203D54E71FFF7FAF8012345F071
:10907000806040F4004040F0004000901DE025F486
:109080000040009019E045F40010009015E045F014
:109090000060009011E00DE0AA0203D54E71FFF7C9
:1090A000DFF8012345F0806040F4004040F00040CC
:1090B000009002E025F400400090012B01D00098C0
:1090C0002060F8BD82B0CA0901929DF80420002AF0
:1090D00004D001F07F0102B000F062BF02B000F0E6
:1090E00097BB0000C988012901D0FFF789B990F822
:1090F000DC10022903D0032905D0FFF781B9012232
:109100000349FFF771B9012200F1D801FFF76CB9EB
:10911000A891FF1FF8B505460F46002000900024D7
:1091200000267888010A082956D2DFE801F05504A4
:109130000B1455554B50D5F8C00401686846884754
:1091400004464DE0D5F8B8044169684688470446AE
:109150000221617044E0C0B206282ED2DFE800F0A0
:10916000030A11181F26D5F8C004416868468847CD
:10917000044635E0D5F8C00481686846884704464F
:109180002EE0D5F8C004C16868468847044627E049
:10919000D5F8C004016968468847044620E0D5F840
:1091A000C004416968468847044619E0D5F8C00400
:1091B000816968468847044612E02846FFF720F98F
:1091C00001260DE02846FFF71BF9012608E0284696
:1091D000FFF716F9012603E02846FFF711F90126EB
:1091E000002E0ED1BDF8000000280AD0FA88002A0F
:1091F00007D0824200D90246009221462846FFF756
:10920000F3F8F8BD034A0021D160024901220C3174
:10921000FFF7EAB8A091FF1F002102E0491CC9B284
:10922000401C0278002AF9D10846704700EB810102
:10923000096C8968806840690840704790F8DC10C4
:10924000022903D0032901D0FFF7DAB8064900222A
:10925000CA6090F8DE200AB10222CA6002490222E6
:109260000C31FFF7C1B80000A091FF1F30B50346D5
:109270000C461546002B16D01846FFF7CDFF0221ED
:1092800001EB40002880207003210220617000253E
:1092900006E0411CC9B222545B1C481CC0B2655494
:1092A0001A78002AF5D130BD2DE9F0410546A868AD
:1092B0008169C069084087B2002451E0F8074CD0AA
:1092C0002146284600F0ECF90646F0071ED001239F
:1092D00003FA04F1A868426B8A43426305EB8400F9
:1092E00000698360214821460068C269284690478A
:1092F000A87801280AD14CB995F8DA00042805D1DC
:109300002846FFF7FFFB002085F8DA00B00704D5F8
:1093100005EB8401022009698860300704D505EB5C
:109320008401082009698860F00604D505EB8401F2
:10933000102009698860700604D505EB840140207F
:1093400009698860300608D52146284600F062FE8B
:1093500005EB8401802009698860641CE4B27F0801
:10936000002F01D0052CA9D9BDE8F0819891FF1FED
:1093700070B50546284600F0E5FB012085F8DC00C5
:10938000002485F8D9400023402603EB830105EB38
:10939000C10202F1E00102F53072487054700B70A6
:1093A0001370CB80D3808C7094708E6096604C620A
:1093B0005462CC61D4615B1C69789942E5D86868D5
:1093C000816821F001018160284600F00DF800213C
:1093D000284600F097F82846FFF7E0FA68688168A9
:1093E00041F00101816070BD1CB504460020019070
:1093F00000902046FEF798FF6068C16801910199CE
:1094000041F0400101910199C1602046FEF78CFFB7
:10941000142000F072F8A078012804D160688168F7
:109420002021009181601CBD10B5044604492046EE
:109430000968096A88474FF480116068416110BD6E
:109440009891FF1FD0F8B814496A084710B5044630
:10945000044920460968496A88474FF4001160684A
:10946000416110BD9891FF1FD0F8B814896A084770
:1094700082B042685169019101F00101002912D1C5
:1094800053699169194000290DD00B0302D502B030
:1094900000F078B84B0302D502B0FFF705BF8B0789
:1094A00003D50220506102B07047002902DA02B0F1
:1094B00000F08EB90A0502D502B000F049BD0A07D6
:1094C00002D502B000F0B8BBCA0602D502B000F067
:1094D000BFB9CA0402D502B000F026B98A0402D589
:1094E00002B0FFF7C0BACA0202D502B0FFF79CBFB4
:1094F0008902D8D502B0FFF7A9BF4FF47A7148436B
:1095000000F072BD4268D06820F0C040012905D04B
:1095100040F08040D0600520FFF7EFBF40F00050E2
:10952000F8E73CB4CC09019401F07F0100919DF86B
:109530000410012914D09DF8001001EB810100EB0B
:10954000C10101F530719DF800400C709DF8044098
:109550004C708A608B709DF80420012A08D00AE0C4
:109560009DF8001001EB810100EBC101E031EAE759
:109570009DF80020CA80022B01D100220A713CBC58
:10958000FFF764BB2DE9F84305460024A86881690C
:10959000C0690840060CDFF8C08056E0F00751D0E3
:1095A00021462846FFF742FE0746F80734D005EB70
:1095B00084000121026C9160A978012918D1006C06
:1095C0000369009304EB840005EBC000D0F8C822C7
:1095D000D0F8DC128A4200D30A469446C3F3120242
:1095E000ACEB0203C0F8E03214B1891AC0F8E01203
:1095F000D8F800002146826928469047A8780128BB
:109600000AD14CB995F8DA00052805D12846FFF7AC
:1096100079FA002085F8DA00B80704D505EB840153
:109620000220096C88606CB921462846FFF7FEFDD0
:10963000000707D5D8F80000416928468847296CFB
:1096400008208860641CE4B27608002E01D0052C46
:10965000A4D9BDE8F88300009891FF1F90F8A024DA
:109660000A7090F8A1244A7090F8A22490F8A334CC
:1096700002EB03224A8090F8A42490F8A53402EB70
:1096800003228A8090F8A62490F8A73402EB0322E4
:1096900092B2CA80C0F8F420012180F8DA10704735
:1096A00082681369526BCA4002F0010243EAC21297
:1096B00000EB810000698068104070470CB5D0F85D
:1096C000A430D21C019201988008019000200090E3
:1096D00005E01A680A6000910099091D401C019A72
:1096E0009042F6D30CBD82B001F07F0101919DF84C
:1096F000041001EB810100EBC10101F530714A62F8
:10970000CB6100230B624B709DF804300B708378A3
:10971000012B00D18A619DF8042012B102B0FFF73D
:1097200015BB02B0FFF70ABA70B586B00446002533
:109730000595049503950295009501260196A0686C
:10974000416821F0010141600021204600F028FC21
:109750000020FF2206E004EB80010B699A60096C8F
:109760008A60401C61788142F5D8A1684FF0FF30D3
:109770008861ADF81460ADF81660A1680598C861FD
:1097800045F0080040F0010040F0020040F02000E9
:10979000A168486145F0010040F0080040F0020077
:1097A000A1680861A068016821F4FE61016020469B
:1097B000FFF7A8F94FF480506168486103480068DA
:1097C000016806B02046BDE8704008479891FF1F29
:1097D00038B50446E078002809D0D4F8D40020F049
:1097E000020020F001000090D4F8D4100860A068B6
:1097F000416821F00101416004480068C1682046C9
:1098000088474FF000406168486138BD9891FF1F5C
:109810007CB504460020009010200190616808612A
:109820000A4D6168096901910099A94208D8009917
:10983000491C0091012000F0D7FB0198C006F0D42C
:10984000BDE87C40032000F0CFBB0000400D0300CA
:1098500070B505466868816921F01001816168680A
:10986000006A00F00F01C0F34342C0F30A1601EB97
:10987000810005EBC00404F53074072A1BD2DFE831
:1098800002F01A1A041A1A1A1100A6B13246284612
:10989000616AFFF713FF606A30446062206A3044F7
:1098A000206208E0082205F594612846FFF706FFCC
:1098B000206A304420626868816941F0100181614A
:1098C00070BD70B504468888002801D1C88820B1D1
:1098D0002046BDE87040FEF793BD887800F07F0514
:1098E00094F8DC0003280DD084F8D950294620468E
:1098F000FEF744FC2046FEF79BFD45B1022084F8AC
:10990000DC0070BD2046BDE87040FEF779BD012047
:1099100084F8DC0070BD000070B504462A4D8978DB
:109920002970012904D92046BDE87040FEF768BDC2
:1099300094F8DC00022808D003281AD0042842D06A
:109940002046BDE87040FEF75BBD69B184F8D810D1
:10995000032084F8DC0001222046FEF725FE204685
:10996000BDE87040FEF764BD2046BDE87040FEF7DC
:109970005FBDA9B194F8D80088421FD094F8D810E0
:1099800000222046FEF710FE297884F8D810012224
:109990002046FEF709FE2046BDE87040FEF748BDB0
:1099A000022084F8DC0084F8D81000222046FEF75C
:1099B000FBFD2046BDE87040FEF73ABD2046BDE8FD
:1099C0007040FEF735BD70BDA091FF1F08B50022A5
:1099D00000924B780978012B00EB810040D0006C9D
:1099E000016861F30A020168C90A61F3CE220168C5
:1099F000C90B61F3CF320168090C61F310420168B1
:109A0000490C61F351420168890C61F3934201688A
:109A1000090D61F314520168490D61F35552016853
:109A2000890D61F399520168890E61F39A620168A8
:109A3000C90E61F3DB620168090F61F31C720168F2
:109A4000490F61F35D720168890F61F39E720168CD
:109A5000C90F61F3DF7242F400110091016008BD8B
:109A60000069016861F30A020168C90A61F3CE2244
:109A70000168C90B61F3CF320168090C61F3104230
:109A80000168490C61F351420168890C61F393420A
:109A90000168090D61F314520168490D61F35552D3
:109AA0000168890D61F399520168890E61F39A6228
:109AB0000168C90E61F3DB620168090F61F31C7272
:109AC0000168490F61F35D720168890F61F39E724D
:109AD0000168C90F61F3DF720092002A02DA42F0D6
:109AE00080410091009941F400110091016008BD8E
:109AF00038B50446002248880123012813D00228E3
:109B00001DD1087910F0FF0F19D1A068406862F3E9
:109B1000061000900A49086084F8DF302046BDE84E
:109B20003840FEF785BC84F8DE30D4F8B80482688B
:109B3000204690472046BDE83840FEF779BC38BD46
:109B40009C91FF1F30B500218170154A0C210170D6
:109B50000621417042601349816000210AE002EB56
:109B6000411300EB810403F51065256103F53063B3
:109B70002364491C43788B42F1D8002108E002EBB2
:109B8000013300EB810403F58053C4F8A430491C71
:109B900043788B42F3D802F56062C0F8D42030BD20
:109BA00000000C4000080C401CB5044669462046E5
:109BB000FFF754FD9DF8002012F01F0109D0012984
:109BC0000CD002290FD002F08001204600F049F8A5
:109BD0001CBD6946204600F06DF81CBD6946204654
:109BE00000F076F91CBD6946204600F0A3F81CBDC4
:109BF00082B0CA09019201F07F0100919DF8041022
:109C0000012910D09DF8001001EB810100EBC1018A
:109C100001F530719DF800200A709DF804204A700B
:109C200002B0FFF779B89DF8001001EB810100EB5D
:109C3000C101E031EEE7000010B5044604490868B0
:109C400001692046884708216068416110BD000015
:109C50009891FF1FD0F8B8148969002900D00847EF
:109C6000704782B0CA09019201F07F0100919DF80E
:109C70000410002907D09DF8001001EB810100EBD2
:109C8000C101E03107E09DF8001001EB810100EB1C
:109C9000C10101F530710122CA709DF800300B70CE
:109CA0009DF804300BB14A7001E000224A7002B006
:109CB000FFF78CBE10B504464878062816D0052854
:109CC00019D009281CD008281FD018B3032826D083
:109CD000012829D0D4F8B80482682046904700288B
:109CE00027D02046BDE81040FEF78ABB2046BDE8DD
:109CF0001040FFF70FBA2046BDE81040FFF7E1BD66
:109D00002046BDE81040FFF707BE2046BDE81040E2
:109D1000FFF7E8B92046BDE81040FFF78FBA2046AC
:109D2000BDE81040FFF7E4BE2046BDE81040FEF756
:109D3000B3BA10BDF8B504460D462879009068788E
:109D400000286AD0012834D003287DD194F8DC00A3
:109D5000022806D0032813D02046BDE8F840FEF7BD
:109D60004FBB9DF8000000286ED09DF800008028B1
:109D70006AD09DF800102046BDE8F840FFF771BF9B
:109D8000688858B99DF8000040B19DF8000080280F
:109D900004D09DF800102046FFF763FFD4F8B80404
:109DA00029468268204690472046BDE8F840FEF7E5
:109DB0003FBB94F8DC00022806D0032813D02046CD
:109DC000BDE8F840FEF71CBB9DF8000000287CD0E1
:109DD0009DF80000802878D09DF800102046BDE84E
:109DE000F840FFF73EBF688800286ED19DF800005C
:109DF00070B19DF8000080280AD09DF80010204620
:109E0000FEF768FAD4F8B8042946826820469047DD
:109E10002046BDE8F840FEF70BBB94F8DC000228B2
:109E200006D0032815D02046BDE8F840FEF7E8BA72
:109E30009DF80000002848D09DF80000802844D0FC
:109E40009DF80010204600E03FE0BDE8F840FFF735
:109E500008BF9DF800001D4A01064FF000054FF0B5
:109E600001034FF00C0012D59DF8001001F07F01A6
:109E7000B1FBF0F600FB161000EB800004EBC00015
:109E800090F8E30008B1536017E0556015E09DF8C5
:109E90000010090611D49DF8001001F07F01B1FBFC
:109EA000F0F600FB161000EB800004EBC00090F809
:109EB000C30208B1536000E055602046BDE8F84099
:109EC00002490222091DFEF78FBAF8BDA091FF1FBB
:109ED00070B505460C4600226178002904D00A2995
:109EE00008D0FE290ED011E021462846FFF7A6F93A
:109EF00001220BE02078212808D02846FFF782F9BC
:109F0000012203E02846FFF77DF90122012A1ED035
:109F100095F8DC00032804D02846BDE87040FEF721
:109F20006FBA207901280DD8D5F8B8042146826887
:109F300028469047E088002809D12846BDE87040AF
:109F4000FEF776BA2846BDE87040FEF759BA70BDF4
:109F500010B5044611480068816820468847A0680B
:109F600080684FF400616268516194F8DC10032945
:109F700013D1E178002910D0C0070ED094F8DD008D
:109F800001280AD154F8D40F016841F001010160A1
:109F90002068016841F00201016010BD9891FF1F27
:109FA0007CB5044600200090202001F01F0140EA0B
:109FB000811001906168019808610A4D6168096922
:109FC00001910099A94208D80099491C00910120EB
:109FD00000F00AF801988006F0D4BDE87C40032028
:109FE00000F002B8400D030008B50849084A0968A6
:109FF000B1FBF2F141430020009002E00098401CC8
:10A00000009000988842F9D308BD0000B482FF1F79
:10A01000809698002DE9F04707460E4606EB86002D
:10A0200007EBC004E034D4E90701451AA068A84250
:10A0300000D20546E81C4FEA900907EB8608D8F8DD
:10A040001000806980B217E09D1AA268AA4200D26F
:10A050001546E81C4FEA9009ABB2F2B23846616A85
:10A0600000F01AF8606A28446062206A284420627E
:10A07000D8F81000806980B2484503D3D4E907328C
:10A080009A42E1D3002D05D10121B140B868426B5D
:10A090008A434263BDE8F08718B58478002C0ED15E
:10A0A000DB1C9B0800EB8200D0F8A40005E00A68E6
:10A0B000026000910099091D641C9C42F7D318BDF1
:10A0C00030B5244A2449254892ED000AD1ED0A0A08
:10A0D000B4EEE00AF1EE10FA09DB0B783BB94B69FC
:10A0E000046823448C691B1B4B6101230B7092EDA8
:10A0F000000AD1ED0B0AB4EEE00AF1EE10FA05D237
:10A100000A781AB102688A6100220A700A78002A65
:10A110001ED00A6A006810444A69801AC8614FF468
:10A120007A74B0FBF4F33C22B3FBF2F502FB153377
:10A13000CB70B0FBF4F34FF46164B3FBF4F504FBB4
:10A140001533B3FBF2F28A70054AB0FBF2F04870A7
:10A1500030BD00004083FF1FF48CFF1F7C83FF1F76
:10A1600080EE36003A494FF480300860F9F7DAFAA9
:10A1700000210420F6F784F800210820F6F780F883
:10A1800000211020F6F77CF800210120F6F778F87E
:10A1900000210220F6F774F8EEF7ECFCF0F7D6FA9F
:10A1A000EBF75CFDEDF76EFD2A48807830B10128B1
:10A1B00009D002280CD0032813D10EE00421084650
:10A1C000EFF764F90DE001210520EFF75FF908E0F2
:10A1D00004210220EFF75AF903E003210620EFF7EC
:10A1E00055F9F0F751FDE6F77DFDEBF7E9F9E9F7F1
:10A1F000ADFF194819491A4F00780978084204D070
:10A20000387848B91748006830B1174903200870FA
:10A2100016480068164908601E24164E164D06E0C2
:10A220003470F0F725FBF8F77FFFEEF7B3FA3878D4
:10A2300029780843F4D0F5F743F9F5F7B7FFF8F7B5
:10A2400073FFF0F715FBF7F7BBF9EEF7A3FAF2E7A8
:10A2500008ED00E0746102203183FF1F2683FF1F99
:10A26000CB83FF1F5491FF1FB083FF1F7C83FF1F11
:10A27000E083FF1FB183FF1FCA83FF1F00B52DEDD1
:10A28000048B83B041EC190BE6F787FB41EC180B0C
:10A2900018EE100A18EE901A8DED008B002818BFEA
:10A2A0000120084320F00040C0F17F6000F1E04051
:10A2B000C00F14D019EE101A19EE900A8DED009B04
:10A2C000002918BF0121084320F00040C0F17F6041
:10A2D00000F1E040C00F04BF0120FCF709FA51EC87
:10A2E000180B03B0BDEC048B00BD000003480168EF
:10A2F000012901D10021016070470000B091FF1FCA
:10A3000010B50C468121FEF7DDFE012C02D1024979
:10A310000120087010BD0000B882FF1F10B5044670
:10A32000EEF766F84023064A02212046FFF7DBF9E4
:10A330002046BDE810404FF440520221FEF7BFBA5C
:10A34000B463022010B5044681212046FFF750FC7B
:10A350002046BDE810400221FFF74ABC29210180B8
:10A3600000487047C091FF1F10B5044603234022E8
:10A3700081212046FFF7D5F8032340220221204601
:10A38000FFF7CFF84023064A02212046FFF7ABF93A
:10A390002046BDE810404FF440520221FEF78FBA2C
:10A3A000B463022070B50022002300250C782D4EE6
:10A3B00014F060042AD0202C52D14A78921E0A2A26
:10A3C00020D2DFE802F012081F1F1F1F1F180E0502
:10A3D0008878B06044E0234901220831FEF704F890
:10A3E0003EE04888000AF0603AE01E4901220C3144
:10A3F000FDF7FAFF34E0012232608A791A49FDF74D
:10A40000E7FF2DE0FDF7FCFF022529E04C78062C44
:10A4100004D00A2C1CD00B2C22D11FE04C88222601
:10A42000B6EB142F06D1CA88212A00D921220D4B60
:10A43000393309E02126B6EB142F05D1094B22331D
:10A44000CA88092A00D909221946FDF7CDFF07E07D
:10A4500004490122091DFDF7C7FF01E088787060FB
:10A46000284670BDB091FF1FB463022010B513469B
:10A4700090F8DC20032A03D10A468121FEF73CFA3A
:10A48000002010BD01A0FAF779BF00003E3E5553F1
:10A49000422064657669636520636F6E6E656374E0
:10A4A000732E0A0001A0FAF769BF00003E3E48493A
:10A4B0004420696E746572666163652073746172AD
:10A4C00074732E0A0000000001A0FAF757BF0000C5
:10A4D0003E3E55534220646576696365207265731C
:10A4E000756D65732E0A000001A0FAF747BF0000E2
:10A4F0003E3E5553422064657669636520696E204F
:10A5000073757370656E64207374617475732E0A4D
:10A510000000000001A0FAF731BF00003E3E555395
:10A52000422064657669636520646973636F6E6E4B
:10A5300065637465642E0A0005494FF0E0204161AF
:10A54000044AF021117000218161072101617047E7
:10A550007F2C800023ED00E010B504A0FAF70EFF79
:10A56000BDE8104008A0FAF709BF00003E3E555371
:10A570004220446576696365206861732072657363
:10A58000657465642E0A00003E3E54686520696E5D
:10A5900074657276616C207265706F727420697375
:10A5A000203130306D730A0012121213860214002B
:10A5B000004003FF14A1A112121B1B824101FF14D2
:10A5C000A112121213820100FF1412121B1B960F0C
:10A5D0005341A000FF872E60180000000002000217
:10A5E0000040200811FF14A112121B1B960F5341AB
:10A5F000A000FF872E60180000000002000200404B
:10A60000260A11FF14A112121B1B960F5341A00022
:10A61000FF012B6018DF0E00002169524040260A1E
:10A6200000FF14A112121B1B960F5341A000FFEF55
:10A63000170018000000000000AAA443260A11FF1A
:10A6400014A112121B1B960F5341A000FFEF17001D
:10A650001818150000000074A540400800FF14A160
:10A6600012121B1B960F5341A000FF1D1200180071
:10A670000000007B35203B402008FFFF14A1121290
:10A680001B1B960F5341A000FF872E60180000008F
:10A690000000004E4240200800FF14A112121B1BB4
:10A6A000960F5341A000FF872E6024402300001026
:10A6B000694E4244E60A99FF14A112121B1B960F21
:10A6C0005341A000FF952D6018000000000000001D
:10A6D0000040EE0AE1FF14A112121B1B8E0F534221
:10A6E0008000FF8780B40400000000FF14A1121254
:10A6F0001B1B8A0F234380878001000000FF14A1E9
:10A7000012121B1B960F53040217276B659E838D35
:10A710009D555E66040176AA3CD220FF14A1121258
:10A720001B1B960F535FA1D9220000000000000000
:10A7300000973EA18B1B09B639FF14A11212121308
:10A74000820600FF14A112121213820B00FF14A143
:10A7500012121B1B860F1001A000FFFF14A1121282
:10A760001213820902FF14A11212121386AF1401F0
:10A77000A000FFFF14A11212121396AF5E0401177E
:10A78000274433221188776655CCBBAA9900FFEE87
:10A79000DDFF14A11212121396AF50050117270DF9
:10A7A000103E14D1532E100A190B00311EC1CBFFDD
:10A7B00014A1121212138AAF2206011727010000FA
:10A7C00000FF14A11212121396AF5408011727515B
:10A7D0001EDD8F72BB6DF8608CBBCD60D41EF7FFA1
:10A7E00014A1121212138AAF2607011727010000C5
:10A7F00000FF14A11212121386AF1401011727FFD4
:10A8000014A11212121386AF1402011727FF14A10C
:10A810001212121386AF1403011727FF14A112128C
:10A82000121396AF5E040117274C9301A6D9BF03FC
:10A83000147FD7EB557FA19B50FF14A11212121366
:10A8400096AF5005011727CD65ED0B509257B237E3
:10A85000D4A33A519FEB51FF14A1121212138AAFE5
:10A86000220601172701000000FF14A11212121383
:10A870008AAF220701172701000000FF14A112125E
:10A88000121396AF5408011727A68A805DA7FA799C
:10A890001DDD0BD111E28D158FFF14A112121213C1
:10A8A0008AAF220A01172701000000FF14A112122B
:10A8B000121382070AFF14A1121212138A0420F441
:10A8C0004106006421A4C9FF14A1121212138203CD
:10A8D00000FF14A112121213860A1800000001FFD3
:10A8E00014A112121213861190008C0000FF14A103
:10A8F000121212138A892C000040032C91810AFF46
:10A9000014A11212121386109E02800300FF14A1DC
:10A9100012121213829000FF14A1121212138A0F46
:10A920005342A000FF00000000FF14A12E002E00E3
:10A93000000000003000390001000000410041002B
:10A940000B000000560057000C0000000800C80073
:10A95000000000000F007701C80000000F00770121
:10A960003F0200000F007701B60300000F007701DF
:10A970002D0500000F007701A40600000F007701ED
:10A980001B0800000F007701920900000F007701FB
:10A99000090B00000F007701800C00000F00770109
:10A9A000F70D00001100A9016E0F00001100A901B0
:10A9B000171100001100A901C012000000000000E2
:10A9C0000000000000000000000000000000000087
:10A9D0000000000000000000000000000000000077
:10A9E0000000000000000000000000000000000067
:10A9F0000000000000000000000000000000000057
:10AA00000000000000000000000000000000000046
:10AA10000000000000000000000000000000000036
:10AA20000000000000000000000000000000000026
:10AA30000000000000000000000000000000000016
:10AA400000000000000000000000000000042020C2
:10AA5000202004000020FFFFFFFF20000020FFFF58
:10AA6000FFFF20000020FFFFFFFF20000020FFFF6E
:10AA7000FFFF2000000000000000000000000000B8
:10AA800000000000000000002097E3FFEFAF380057
:10AA90000000000000003CF3FFFFFFFFFFFB700021
:10AAA0000000000028F3FFFFFFFFFFFFFFFF54003F
:10AAB000000000AFFFFFFFFFFFFFFFFFFFDB040011
:10AAC0000014FBFFFFF7580438E7FFFFFF440000C6
:10AAD00050FFFFFF8700000054FFFFFF8000006869
:10AAE000FFFFFF440000000CFFFFFF9F000080FFFE
:10AAF000FFFF4000000000FFFFFF9F000080FFFFFE
:10AB0000FF4000000000FFFFFF9F000080FFFFFFED
:10AB10004000000000FFFFFF9F000080FFFFFF409C
:10AB200000000000FFFFFF9F000080FFFFFF4000CC
:10AB3000000000FFFFFF9F000080FFFFFF400000BC
:10AB40000000FFFFFF9F000080FFFFFF40000000AC
:10AB500000FFFFFF9F000080FFFFFF40000000009C
:10AB6000FFFFFF9F000080FFFFFF4000000000FF8D
:10AB7000FFFF9F000080FFFFFF4000000000FFFF7D
:10AB8000FF9F000080FFFFFF4000000000FFFFFF6D
:10AB90009F000068FFFFFF440000000CFFFFFF9FC5
:10ABA000000050FFFFFF8700000054FFFFFF800000
:10ABB0000014FBFFFFF7540438E7FFFFFF440000D9
:10ABC00000AFFFFFFFFFFFFFFFFFFFDB0400000000
:10ABD00020F3FFFFFFFFFFFFFFFF5000000000001A
:10ABE0003CF3FFFFFFFFFFFB7000000000000000D0
:10ABF0002097E3FFEFAB38000000000000000000EA
:10AC00000000000000000000000000000000000044
:10AC100080FFFFFF9F0000000000000000006CFFAD
:10AC2000FFFFFF9F000000000000000054FBFFFF3B
:10AC3000FFFF9F000000000000003CF7FFFFFFFF48
:10AC4000FF9F00000000000014F3FFFFFFFFFFFF65
:10AC50009F00000000000020FFFFFF70FFFFFF9F2C
:10AC600000000000000020FFFF7000FFFFFF9F00BA
:10AC7000000000000020FF700000FFFFFF9F0000A9
:10AC8000000000002087000000FFFFFF9F00000081
:10AC90000000000400000000FFFFFF9F0000000014
:10ACA00000000000000000FFFFFF9F000000000008
:10ACB000000000000000FFFFFF9F000000000000F8
:10ACC0000000000000FFFFFF9F00000000000000E8
:10ACD00000000000FFFFFF9F0000000000000000D8
:10ACE000000000FFFFFF9F000000000000000000C8
:10ACF0000000FFFFFF9F00000000000000000000B8
:10AD000000FFFFFF9F0000000000000000000000A7
:10AD1000FFFFFF9F0000000000000000000000FF98
:10AD2000FFFF9F0000000000000000000000FFFF88
:10AD3000FF9F0000000000000000000000FFFFFF78
:10AD40009F0000000000000000000000FFFFFF9FC8
:10AD50000000000000000000000000FFFFFF9F0057
:10AD600000000000000000000000FFFFFF9F000047
:10AD700000000000000000000000000000000000D3
:10AD800000000000002097E3FFF3BF600000000018
:10AD90000000003CF3FFFFFFFFFFFFAB04000000DB
:10ADA0000020F3FFFFFFFFFFFFFFFF930000000005
:10ADB000ABFFFFFFFFFFFFFFFFFFFB2400000CF7CF
:10ADC000FFFFF354041CC3FFFFFF7C000038FFFFAC
:10ADD000FF8700000024FFFFFFAF00005CFFFFFFC4
:10ADE0005000000000E3FFFFBF0000000000000073
:10ADF00000000000E7FFFFBF0000000000000000AF
:10AE0000000028FFFFFFA30000000000000000007A
:10AE100000B3FFFFFF5800000000000000000068C2
:10AE2000FFFFFFD704000000000000000030F7FF24
:10AE3000FFFB4000000000000000000CD3FFFFFFFC
:10AE40008300000000000000000097FFFFFFC30424
:10AE5000000000000000000054FFFFFFEF20000092
:10AE600000000000000020EFFFFFFF58000000007E
:10AE70000000000004C7FFFFFF9B0000000000006F
:10AE800000000087FFFFFFD70C000000000000005B
:10AE90000044FBFFFFFB3000000000000000001436
:10AEA000E3FFFFFF7000000000000000000060FFF3
:10AEB000FFFFFFFFFFFFFFFFFFFFBF000060FFFF7F
:10AEC000FFFFFFFFFFFFFFFFFFBF000060FFFFFF6F
:10AED000FFFFFFFFFFFFFFFFBF000060FFFFFFFF5F
:10AEE000FFFFFFFFFFFFFFBF00000000002497D718
:10AEF000E3D79B28000000000000005CF7FFFFFF85
:10AF0000FFFFFB68000000000044FBFFFFFFFFFFA6
:10AF1000FFFFFB4400000000DBFFFFFFFFFFFFFF20
:10AF2000FFFFDB0000003CFFFFFFE7440044E7FFBA
:10AF3000FFFF3C000074FFFFFF6400000060FFFFA4
:10AF4000FF74000097FFFFFF1800000020FFFFFFC5
:10AF5000930000000000000000000020FFFFFF93AE
:10AF60000000000000000000000048FFFFFF740028
:10AF7000000000000000000014CBFFFFFF300000C5
:10AF800000000000001CDFF7FFFFFFB3000000001F
:10AF90000000000020FFFFFFFFC3140000000000BE
:10AFA00000000020FFFFFFFFD71800000000000096
:10AFB000000020FFFFFFFFFFCB04000000000000A7
:10AFC00000000034D7FFFFFF540000000000000025
:10AFD00000000030FFFFFFA30000000000000000A1
:10AFE000000000DBFFFFCF000038404038000000C9
:10AFF0000000BFFFFFDF0000C3FFFFE7000000000D
:10B0000000D7FFFFD70000ABFFFFFF300000002498
:10B01000FFFFFFB300006CFFFFFFD72C0024D3FF1E
:10B02000FFFF7C000018F7FFFFFFFFFFFFFFFFFFA0
:10B03000FB1C0000007CFFFFFFFFFFFFFFFFFF7C0A
:10B0400000000000049FFFFFFFFFFFFFFF9B0400C5
:10B05000000000000040ABEBFFEFAF480000000035
:10B0600000000000000000348080804800000000E4
:10B07000000000000000B3FFFFFF440000000000DC
:10B080000000000020FFFFFFD700000000000000CC
:10B090000000008BFFFFFF6C0000000000000000BC
:10B0A0000008EBFFFFF710000000000000000000A8
:10B0B00060FFFFFF9700000000000000000000C7D5
:10B0C000FFFFFF3000000000000000000034FFFF21
:10B0D000FFC7000000000000000000009BFFFFFF12
:10B0E0005C00000000000000000010F7FFFFEB080C
:10B0F00000000000000000000074FFFFFF87000058
:10B100000000000000000000D7FFFFFF200000004B
:10B1100000000000000048FFFFFFB30000808080B7
:10B120004000000000AFFFFFFF4C0000FFFFFF806A
:10B130000000001CFBFFFFDF000000FFFFFF80009E
:10B14000000087FFFFFF78000000FFFFFF80000086
:10B1500008E7FFFFF714000000FFFFFF800000205A
:10B16000FFFFFFFFFFFFFFFFFFFFFFFFFF6020FF6D
:10B17000FFFFFFFFFFFFFFFFFFFFFFFF6020FFFF5D
:10B18000FFFFFFFFFFFFFFFFFFFFFF6020FFFFFF4D
:10B19000FFFFFFFFFFFFFFFFFFFF60000000000059
:10B1A00000000000FFFFFF80000000000000000022
:10B1B000000000FFFFFF8000000000000000000012
:10B1C0000000FFFFFF800000000000000000000002
:10B1D00000808080400000000000000000000000AF
:10B1E0000000000000000000FFFFFFFFFFFFFFFF67
:10B1F000FFFFFF60000000FFFFFFFFFFFFFFFFFFFB
:10B20000FFFF60000000FFFFFFFFFFFFFFFFFFFFEA
:10B21000FF60000000FFFFFFFFFFFFFFFFFFFFFFDA
:10B2200060000000FFFFFF60000000000000000061
:10B23000000000FFFFFF60000000000000000000B1
:10B240000000FFFFFF6000000000000000000000A1
:10B2500000FFFFFF6054ABBF9B40000000000000F8
:10B26000FFFFFFE7FFFFFFFFFFA30000000000FF5D
:10B27000FFFFFFFFFFFFFFFFFF7400000000FFFF65
:10B28000FFFFFFFFFFFFFFFFEF10000000FFFFFFCA
:10B29000FB5C0420CBFFFFFF60000000FFFFFF8F7F
:10B2A0000000003CFFFFFF9B0000002020200C005E
:10B2B000000000F3FFFFBF000000000000000000DE
:10B2C0000000DFFFFFD300000000000000000000CE
:10B2D00000DFFFFFDF0000000000000000000000B2
:10B2E000DFFFFFD7000060FFFFFF5000000000EF0E
:10B2F000FFFFBF00003CFFFFFF9300000034FFFF93
:10B30000FF9700000CFBFFFFF748001CC7FFFFFF83
:10B3100064000000AFFFFFFFFFFFFFFFFFFFEF1024
:10B320000000002CF7FFFFFFFFFFFFFFFF70000092
:10B3300000000054FBFFFFFFFFFFFF8F0000000035
:10B340000000002CA3EBFFF3BF4C00000000000046
:10B3500000000000007080808010000000000000ED
:10B360000000002CFFFFFFC70000000000000000ED
:10B37000000093FFFFFF5C000000000000000000E1
:10B3800008EFFFFFE7080000000000000000006079
:10B39000FFFFFF8700000000000000000000C7FF63
:10B3A000FFFB1C0000000000000000002CFFFFFF5E
:10B3B000AB0000000000000000000093FFFFFF440E
:10B3C00000000000000000000008EFFFFFD30000B5
:10B3D000000000000000000060FFFFFF6C000000A4
:10B3E00000000000000000C7FFFFFFDFFFDF7C045C
:10B3F00000000000002CFFFFFFFFFFFFFFFFC3085E
:10B40000000000008FFFFFFFFFFFFFFFFFFF8B002B
:10B41000000004EBFFFFFFFFFFFFFFFFFFFB180033
:10B42000003CFFFFFFEB480038E3FFFFFF6C00002C
:10B4300074FFFFFF6400000044FFFFFFA700009FB0
:10B44000FFFFFF1000000000F3FFFFBF00009FFFA1
:10B45000FFFF0000000000DFFFFFBF00009FFFFFB5
:10B46000FF1000000000F3FFFFBB000078FFFFFFAC
:10B470006400000044FFFFFF93000040FFFFFFEB6C
:10B48000480038DBFFFFFF54000000DBFFFFFFFF39
:10B49000FFFFFFFFFFE7080000004CFFFFFFFFFF7B
:10B4A000FFFFFFFF5400000000006CFBFFFFFFFFE9
:10B4B000FFFF700000000000000030A3EBFFEFAFC3
:10B4C0003C00000000000000000000000000000040
:10B4D00000000000009FFFFFFFFFFFFFFFFFFFFFD7
:10B4E000FFFF20009FFFFFFFFFFFFFFFFFFFFFFFAA
:10B4F000FF20009FFFFFFFFFFFFFFFFFFFFFFFFF9A
:10B5000020009FFFFFFFFFFFFFFFFFFFFFFFFF2068
:10B51000009FFFFFDF000000000CF7FFFFE70000C7
:10B520009FFFFFDF000000005CFFFFFF9B00009F0C
:10B53000FFFFDF00000000AFFFFFFF44000078BF07
:10B54000BFA70000000CF7FFFFEB040000000000A5
:10B550000000000050FFFFFF9B0000000000000003
:10B56000000000A3FFFFFF500000000000000000EB
:10B570000008F3FFFFF308000000000000000000D7
:10B5800050FFFFFFA3000000000000000000009B30
:10B59000FFFFFF5000000000000000000004EBFF70
:10B5A000FFF70C00000000000000000044FFFFFF58
:10B5B000AF000000000000000000009BFFFFFF5CE8
:10B5C00000000000000000000000E3FFFFF70C0097
:10B5D00000000000000000003CFFFFFFB70000007B
:10B5E000000000000000008FFFFFFF64000000006B
:10B5F000000000000000E3FFFFFB1400000000005B
:10B600000000000030FFFFFFBB0000000000000052
:10B6100000000083FFFFFF64000000000000000046
:10B620000000DBFFFFFF1C00000000000000000026
:10B6300030FFFFFFC300000000000000000000001A
:10B64000289FE3FFEFAF400000000000000054F728
:10B65000FFFFFFFFFFFF8B000000000040FBFFFF2C
:10B66000FFFFFFFFFFFF7400000000CFFFFFFFFFA1
:10B67000FFFFFFFFFFF71400002CFFFFFFF3540054
:10B6800034D7FFFFFF6800006CFFFFFF7000000071
:10B6900040FFFFFF9F000080FFFFFF280000000029
:10B6A000F3FFFFBF000080FFFFFF2800000000F352
:10B6B000FFFFB7000054FFFFFF700000003CFFFFDA
:10B6C000FF8F000010F7FFFFF3540034D7FFFFFF98
:10B6D0003C00000080FFFFFFFFFFFFFFFFFFB70000
:10B6E00000000004ABFFFFFFFFFFFFFFD7180000C3
:10B6F000000010D7FFFFFFFFFFFFFFE7280000005B
:10B7000000A7FFFFFFFFFFFFFFFFFFDF0800003084
:10B71000FFFFFFF3540434D7FFFFFF70000087FFE3
:10B72000FFFF6000000024FBFFFFC30000B7FFFF26
:10B73000F70800000000C3FFFFEF0000BFFFFFDFBE
:10B7400000000000009FFFFFFF0000BBFFFFF704A9
:10B7500000000000BFFFFFF7000097FFFFFF5C0045
:10B76000000024FBFFFFD300005CFFFFFFF3540445
:10B7700034D7FFFFFF97000008E7FFFFFFFFFFFF41
:10B78000FFFFFFFF300000005CFFFFFFFFFFFFFF38
:10B79000FFFF97000000000070FBFFFFFFFFFFFFAF
:10B7A000A70400000000000030A3EBFFEFBB500037
:10B7B000000000000000002497E3FFEFBB4C0000F6
:10B7C000000000000054F3FFFFFFFFFFFF9F000099
:10B7D00000000030F7FFFFFFFFFFFFFFFF7C0000CE
:10B7E0000000BBFFFFFFFFFFFFFFFFFFF718000098
:10B7F00024FFFFFFF3540428D7FFFFFF7800006405
:10B80000FFFFFF7800000024FFFFFFAF000080FF74
:10B81000FFFF2C00000000D7FFFFD300009FFFFFB9
:10B82000FF2000000000BFFFFFDF00008BFFFFFFD5
:10B830002C00000000D7FFFFCF000070FFFFFF804B
:10B8400000000024FFFFFFAF000038FFFFFFF354AC
:10B850000428D7FFFFFF70000000DBFFFFFFFFFFA2
:10B86000FFFFFFFFFF2400000054FFFFFFFFFFFF6B
:10B87000FFFFFFC700000000008FFFFFFFFFFFFF7B
:10B88000FFFF6800000000000058CBFFE3FBFFFF54
:10B89000F30C00000000000000000030FFFFFF97E5
:10B8A000000000000000000000009BFFFFFF3400CC
:10B8B000000000000000000010F7FFFFCB000000B8
:10B8C0000000000000000074FFFFFF68000000009F
:10B8D000000000000000DFFFFFEF08000000000094
:10B8E000000000004CFFFFFF93000000000000007C
:10B8F000000000B3FFFFFF2C00000000000000006C
:10B900000024FFFFFFC7000000000000000000004F
:10B910008BFFFFFF600000000000000000000070CF
:10B92000808080080000000000000000000000008F
:10B930000000000000000000000000000000000007
:10B9400000000000000000000000000000000000F7
:10B95000000030FFFFF70C000000000000000000B6
:10B9600000000080FFFFFF54000000000000000006
:10B9700000000000CFFFFFFFA30000000000000058
:10B98000000000001CFFFFFFFFEF040000000000AC
:10B99000000000000070FFFFFFFFFF4400000000F8
:10B9A000000000000000BBFFFFFFFFFF930000004E
:10B9B00000000000000010FBFFFFD7FFFFE30000C6
:10B9C000000000000000005CFFFFFF3CFBFFFF34B5
:10B9D0000000000000000000ABFFFFDB00BBFFFF2A
:10B9E000830000000000000008F3FFFF830068FFF1
:10B9F000FFCF0000000000000048FFFFFF30001CE8
:10BA0000FFFFFF240000000000009BFFFFDB0000A1
:10BA100000C3FFFF70000000000000E7FFFF83008D
:10BA200000007CFFFFC300000000003CFFFFFF3C64
:10BA300000000024FFFFFB140000000087FFFFFF51
:10BA4000FFFFFFFFFFFFFFFF6400000000DBFFFFC1
:10BA5000FFFFFFFFFFFFFFFFFFAF00000024FFFF1E
:10BA6000FFFFFFFFFFFFFFFFFFFFF70C00007CFF62
:10BA7000FFFFFFFFFFFFFFFFFFFFFFFF500000C3BF
:10BA8000FFFFEF04000000000014FFFFFFA30018F9
:10BA9000FFFFFFAB00000000000000CBFFFFEB0446
:10BAA00064FFFFFF640000000000000083FFFFFF51
:10BAB00044B7FFFFFF1C0000000000000040FFFF34
:10BAC000FF8F0000000000000000000000000000E8
:10BAD0000000000000000000000000000000000066
:10BAE0000000000000000000000000000000000056
:10BAF0000000000000DBFFFFFF5C00000000000012
:10BB000000A3FFFFFF9B83FFFFFFA30000000000D7
:10BB10000000EBFFFFFF443CFFFFFFEB00000000D5
:10BB2000000038FFFFFFF30800E7FFFFFF380000C9
:10BB300000000083FFFFFFA300009BFFFFFF8000CA
:10BB400000000000CBFFFFFF5C000048FFFFFFCBC1
:10BB50000000000018FFFFFFF70C000008F3FFFFD4
:10BB6000FF1800000060FFFFFFBB00000000A7FF00
:10BB7000FFFF60000000A7FFFFFF64000000005C03
:10BB8000FFFFFFA7000004EFFFFFFF1C0000000005
:10BB900010FBFFFFEF04003CFFFFFFC300000000AD
:10BBA0000000BBFFFFFF400087FFFFFF7C0000009D
:10BBB0000000006CFFFFFF8700D3FFFFFF240000A1
:10BBC000000000001CFFFFFFD31CFFFFFFDB000095
:10BBD000000000000000CBFFFFFF80FFFFFF83009D
:10BBE000000000000000007CFFFFFFF3FFFFFF3CB0
:10BBF000000000000000000030FFFFFFFFFFFFE338
:10BC000000000000000000000000DBFFFFFFFFFF5E
:10BC10009B000000000000000000008FFFFFFFFFFE
:10BC2000FF44000000000000000000003CFFFFFF98
:10BC3000FFF3080000000000000000000004EBFF1C
:10BC4000FFFFA30000000000000000000000009FB4
:10BC5000FFFFFF5C0000000000000000000000008B
:10BC600050FFFFF70C000000000000000000000083
:10BC700000000000000000000000000000000000C4
:10BC800000000000000000000000000000000000B4
:10BC9000000000000000000000000000000080FF25
:10BCA000FFFF80000000000000009FFFFFFF60809A
:10BCB000FFFFFF80000000000000009FFFFFFF600B
:10BCC00080FFFFFF80000000000000009FFFFFFFDB
:10BCD0006080FFFFFF80000000000000009FFFFF6A
:10BCE000FF6080FFFFFF80000000000000009FFF5A
:10BCF000FFFF6080FFFFFF80000000000000009F4A
:10BD0000FFFFFF6080FFFFFF8000000000000000D9
:10BD10009FFFFFFF6080FFFFFF800000000000002A
:10BD2000009FFFFFFF6080FFFFFF8000000000001A
:10BD300000009FFFFFFF6080FFFFFF80000000000A
:10BD40000000009FFFFFFF6080FFFFFF80000000FA
:10BD5000000000009FFFFFFF6080FFFFFF800000EA
:10BD600000000000009FFFFFFF6080FFFFFF8000DA
:10BD7000009BFB9700009FFFFFFF6080FFFFFF809D
:10BD8000006CFFFFFF60009FFFFFFF6080FFFFFF71
:10BD90008028F3FFFFFFF3209FFFFFFF6080FFFF7E
:10BDA000FF83CBFFFFFFFFFFBFA3FFFFFF6080FF0D
:10BDB000FFFFEBFFFFFFC3FFFFFFF3FFFFFF60800D
:10BDC000FFFFFFFFFFFFB300BBFFFFFFFFFFFF60B1
:10BDD00080FFFFFFFFFFE714001CEBFFFFFFFFFFEB
:10BDE0006080FFFFFFFFFF4800000050FFFFFFFFE4
:10BDF000FF6080FFFFFFFF93000000000097FFFF40
:10BE0000FFFF6080FFFFFFB70800000000000CBBD1
:10BE1000FFFFFF60000000000000000000000000C5
:10BE200000000000000000002100210000000000D0
:10BE30002400250001000000270029000300000065
:10BE40002B003A00060000003C003C0016000000F9
:10BE50003E003E001700000040005A00180000009D
:10BE60005F005F00330000006100620034000000EA
:10BE700065006500360000006800690037000000BA
:10BE80006B006B00390000006D006F003A0000008D
:10BE9000720075003D00000078007800410000004D
:10BEA0007E007E0042000000E6A1E6A14300000003
:10BEB000B8A6B8A644000000060054000000000028
:10BEC0000C00A800540000000E00C400FC0000009C
:10BED00004003800C001000005004600F801000021
:10BEE000050046003E02000009007E0084020000BA
:10BEF0000400380002030000070062003A0300005B
:10BF0000050046009C03000007006200E2030000F9
:10BF100009007E004404000009007E00C204000005
:10BF200009007E004005000009007E00BE050000FB
:10BF300009007E003C06000009007E00BA060000F1
:10BF400009007E003807000009007E00B6070000E7
:10BF500009007E003408000009007E00B2080000DD
:10BF600005004600300900001000E00076090000DE
:10BF70001000E000560A00000C00A800360B00007C
:10BF80000B009A00DE0B00000B009A00780C0000FA
:10BF90000A008C00120D00000B009A009E0D00009C
:10BFA0000A008C00380E000009007E00C40E00005C
:10BFB0000A008C00420F00000B009A00CE0F000018
:10BFC000050046006810000008007000AE10000078
:10BFD0000B009A001E11000009007E00B81100003D
:10BFE0000D00B600361200000B009A00EC120000A3
:10BFF0000A008C00861300000A008C001214000056
:10C000000A008C009E1400000A008C002A15000013
:10C0100009007E00B615000009007E0034160000FD
:10C020000B009A00B21600000A008C004C170000AA
:10C030000F00D200D81700000A008C00AA180000D8
:10C040000A008C003619000009007E00C2190000A9
:10C050000A008C00401A000009007E00CC1A000083
:10C0600009007E004A1B000009007E00C81B00007A
:10C0700009007E00461C000004003800C41C0000BB
:10C0800009007E00FC1C00000E00C4007A1D0000A8
:10C0900009007E003E1E000009007E00BC1E00005C
:10C0A000080070003A1F000008007000AA1F00007E
:10C0B000060054001A20000009007E006E200000D7
:10C0C00009007E00EC2000000A008C006A210000BC
:10C0D0000F00D200F62100000A008C00C8220000E8
:10C0E0000000000000000014606024000020FFFF3A
:10C0F0004C00001CFFFF40000000FFFF2800000074
:10C10000FBFF20000000DFFF08000000DBFF000055
:10C110000000BFE700000000607000000000202069
:10C1200004000000FFFF20000000FFFF20000000CF
:10C1300000000000241800000000000000000000C3
:10C14000BFEF800C0000000000000000BFFFFFE711
:10C150006404000000000000BFFFFFFFFFD34400A5
:10C1600000000000BFFFFFFFFFFFFFB3240000003F
:10C17000BFFFFFFFFFFFFFFFFB8B1000BFFFFFFFB5
:10C18000FFFFFFFFFFFFEB60BFFFFFFFFFFFFFFFB2
:10C19000FFFFFFA3BFFFFFFFFFFFFFFFFFE76400FD
:10C1A000BFFFFFFFFFFFFFF378080000BFFFFFFFA7
:10C1B000FFFF9F1800000000BFFFFFFFBF3400001B
:10C1C00000000000BFFFDB50000000000000000086
:10C1D0006C6004000000000000000000000000008F
:10C1E0000000000000000000000050603C0000441F
:10C1F000604C000000000000FFFFD70000DBFFFFE5
:10C20000000000000000FFFFDF0000DFFFFF000074
:10C2100000000000FFFFDF0000DFFFFF0000000064
:10C220000000FFFFDF0000DFFFFF00000000000054
:10C23000FFFFDF0000DFFFFF000000000000FFFF46
:10C24000DF0000DFFFFF000000000000FFFFDF0055
:10C2500000DFFFFF000000000000FFFFDF0000DF45
:10C26000FFFF000000000000FFFFDF0000DFFFFF16
:10C27000000000000000FFFFDF0000DFFFFF000004
:10C2800000000000EBFFBF0000C7FFE3000000005C
:10C29000000000000000000000000000000000009E
:10C2A000000000000054600C00DFFF2000DFFF20D2
:10C2B00000DFFF2000000000000000000000000080
:10C2C000000000000000000000000000000000006E
:10C2D00000000000000000000028F3FF500093FF62
:10C2E000AB0000BBFF600000BFFF600000BFFF604D
:10C2F0000000BFFF600000BFFF600000BFFF6000E4
:10C3000000BFFF600000BFFF600000AFFF6C0000D7
:10C3100078FFDF180008C7E728000018280008E7A2
:10C32000FF80000050FFF3000004FFFF1C0000FF2F
:10C33000FF200000FFFF200000FFFF200000FFFFA4
:10C34000200000FFFF200000FFFF200000FFFF2073
:10C350000010FFFF100097FFD70004ABF738000074
:10C36000043C00000000000000000000000000008D
:10C3700000000000000000000000000000000000BD
:10C3800000000000000000000000000000000000AD
:10C39000000000009FFF600000000000009FFF60A1
:10C3A000000000186060C3FF9B60540040FFFFFF67
:10C3B000FFFFFFDF00208080CFFFAF807000000014
:10C3C000009FFF600000000000009FFF6000000071
:10C3D00000000014200C000000000000000000001D
:10C3E000000000000000000000000000000000004D
:10C3F000000000000000000000000000000000003D
:10C4000000000038401800DFFF6000DFFF6000DF41
:10C41000FF5C00DF8B040040000000000000000013
:10C42000000000000000000000000000000000000C
:10C4300000000000000000000000000000000000FC
:10C4400000000000000000000000001080808080DC
:10C45000700020FFFFFFFFDF000C60606060540091
:10C4600000000000000000000000000000000000CC
:10C4700000000000000000000000000000000000BC
:10C4800000000000000000000000000000000000AC
:10C49000000000000000000000000000000000009C
:10C4A0000000000000000000000000000000005438
:10C4B00060300000DFFF800000DFFF800000000030
:10C4C000000000000000CFFF2400000024FFCF0088
:10C4D00000000074FF7C00000000C3FF2400000087
:10C4E0001CFFD30000000070FF8300000000C3FFAA
:10C4F000300000001CFFDB0000000070FF83000024
:10C500000000C3FF300000001CFFDB0000000070D3
:10C51000FF8300000000C3FF300000000040400027
:10C5200000000000000000000000000000000014F7
:10C5300064804C0400000038EFFFFFFFCF100000C4
:10C54000D7FFB768DBFF8B001CFFFF080054FFC359
:10C550000020FFFF000040FFDF0020FFFF00004041
:10C56000FFDF0020FFFF000040FFDF0020FFFF0093
:10C570000040FFDF0020FFFF000040FFD7000CFB62
:10C58000FF2C0078FFB70000A7FFF3CBFFFF580098
:10C59000000C9BF7FFEB700000000000041C000083
:10C5A0000000000000000000000000000000186013
:10C5B0006000000000002CE3FFFF0000000030F3EB
:10C5C000FBFFFF0000000060F344FFFF00000000DD
:10C5D000482800FFFF00000000000000FFFF0000EF
:10C5E0000000000000FFFF00000000000000FFFF4F
:10C5F00000000000000000FFFF000000000000003D
:10C60000FFFF00000000000000FFFF00000000002E
:10C610000000FFFF0000000000000000000000001C
:10C6200000000000000000000000001060805808BA
:10C6300000000034EBFFFFFFDB1C0000CBFFB76402
:10C64000C7FF9F0004DFDF100044FFDB0000000095
:10C65000000064FFC3000000000028EBFF5400004E
:10C66000000014D7FF9B0000000008C3FFB70400C0
:10C67000000000A7FFD30C0000000083FFE71C00B0
:10C680000000001CFFFFEFDFDFDFC30020FFFFFF24
:10C69000FFFFFFDF000000000000000000000000BE
:10C6A0000000000000000000001868804C0400003A
:10C6B0000050F3FFFFFFC30C0008EBFFA76CDFFF88
:10C6C000800020BFB3040064FFBF00000000000032
:10C6D0007CFFAB0000000018C3FBF3340000000037
:10C6E00020FFFFDB240000000004249FFFB7001898
:10C6F0004030000028FFDF003CFFE714006CFFD350
:10C700000004D7FFEBCBFFFF78000024BBFFFFEB5B
:10C71000780000000000081C00000000000000007D
:10C72000000000000000000000446038000000002D
:10C730000018F7FF4000000000008FFFBF0000005E
:10C74000000018F7FF4000000000008FFFBF00004E
:10C7500000000018F7FF4000000000008FFFBF003E
:10C76000A7BF180018F7FF4000DFFF200078FFF791
:10C770009F9FF3FFAB2880FFFFFFFFFFFFFF4030CD
:10C7800060606060EBFF74180000000000DFFF20B5
:10C790000000000000000000000000000000000099
:10C7A000000000005460606060603C0000DFFFFF3C
:10C7B000FFFFFF9F0000DFFF80808080500000DFD0
:10C7C000FF00000000000000DFFF5C9F8F2C0000D6
:10C7D00000DFFFFFFFFFF3340000DFFF7824A7FF37
:10C7E000AB00000000000038FFDF00084040000000
:10C7F0002CFFDF0004F7FF340070FFBF00009FFF35
:10C80000F7C7FBFF6000000CABFBFFEF7C000000F4
:10C8100000000820000000000000000000000000F0
:10C8200000000000005C601C000000000050FFE7FA
:10C83000080000000000CFFF70000000000048FF6B
:10C84000E7080000000000BFFF700000000000408B
:10C85000FFFFD3BF50000000B3FFFBE7FFFF48001E
:10C8600010FBFB30008BFFBF0040FFDF000040FFEC
:10C87000DF0020FFF71C0074FFC70000BBFFF3CBF5
:10C88000FFFF58000014ABFBFFEB6C000000000042
:10C89000081C00000000000000000000000000185C
:10C8A000606060606060600040FFFFFFFFFFFFFFAF
:10C8B0000040FFDF8080A7FFF70040FFBF00009728
:10C8C000FFA7001040300008F3FF44000000000004
:10C8D00060FFDF000000000000C3FF8000000000D8
:10C8E0000028FFFB1C00000000008BFFB7000000C9
:10C8F000000004E7FF54000000000054FFEB0400B8
:10C9000000000000B3FF8B000000000000000000EA
:10C9100000000000000000000000000000000018FF
:10C92000648050040000003CF3FFFFFFD3180004B4
:10C93000E7FFB768DBFF970020FFF304004CFFD749
:10C940000010FBFB20006CFFBF000087FFEFC3FB64
:10C95000F740000054FFFFFFFFE3240014F7FF60DF
:10C960002097FFBB0040FFCB000020FFFF0034FFFB
:10C97000F3180060FFE70000CBFFF3C7FBFF870061
:10C980000018AFFBFFF3830400000000081C000048
:10C99000000000000000000000000000001864809B
:10C9A00054080000003CEFFFFFFFD3180000DBFF3E
:10C9B000B768D7FF9B0020FFF308003CFFDF00248F
:10C9C000FFEF040034FFDB0004E7FF9B48C3FFA335
:10C9D00000004CF7FFFFFFFF3C0000002064B3FFA6
:10C9E000BF000000000008E7FF40000000000070EA
:10C9F000FFCF000000000008E7FF5000000000002B
:10CA000074FFCF00000000000000000000000000E4
:10CA10000000000000000000000000000000000016
:10CA200000000000000000000000000000000060A6
:10CA3000BFA7000080FFDF0000509F8B00000000B8
:10CA4000000000306054000080FFDF000080FFDF46
:10CA500000000000000000000000000000000000D6
:10CA600000000000000000000000000054BFBB2CCC
:10CA7000000000000000000000000054FBFB540018
:10CA80000000000000000000000054FBFB54000008
:10CA900000000000000000000054FBFB54000000F8
:10CAA000000000000000000054FBFB5400000000E8
:10CAB0000000000000000054FBFFC78080808080E1
:10CAC00080808080805010EFFFFFFFFFFFFFFFFF9F
:10CAD000FFFFFFFFFF9F003CF3FFC36060606060EB
:10CAE00060606060603C00003CF3FF70000000008C
:10CAF0000000000000000000003CF3FF7000000098
:10CB0000000000000000000000003CF3FF70000087
:10CB100000000000000000000000003CF3FF700077
:10CB20000000000000000000000000003C9F9F2C5F
:10CB300000000000000000000000000000000000F5
:10CB40000000000000000000000000000497BF97F4
:10CB50000400000000000000000000000018D7FFE3
:10CB6000AB0400000000000000000000000018D727
:10CB7000FFAB0400000000000000000000000018EF
:10CB8000D7FFAB0400000000000000000000000020
:10CB900018D7FFAB04002080808080808080808058
:10CBA0008097FFFFAB0440FFFFFFFFFFFFFFFFFF8A
:10CBB000FFFFFFFFFF6018606060606060606060A2
:10CBC0006087FFFF8F0000000000000000000000F1
:10CBD00028E7FF8F00000000000000000000002890
:10CBE000E7FF8F000000000000000000000028E7C1
:10CBF000FF8F000000000000000000000028E7FF99
:10CC00008F000000000000000000000004879F78F3
:10CC10000000000000000000000000000000000014
:10CC200000000000084C74808078540C000000283C
:10CC3000E3FFFFFFFFFFFFEF3C0000BBFFDF78607B
:10CC40006070D3FFD70004FBFF240000000010F346
:10CC5000FF1C20FFE30000085C7834C3FF4020FF86
:10CC6000DF0000BFFFFFFFF3FF4020FFDF003CFFBE
:10CC7000F35C70FFFF4020FFDF0060FFA70000DBD8
:10CC8000FF4020FFDF0060FF9F0000C3FF401CFF4C
:10CC9000EB0058FFC30008EFFF4000EBFF5820FBFC
:10CCA000FFBBCBFFFF400074D718006CF3FFCFDB56
:10CCB000FF40000010000000041800000000000009
:10CCC00000000000000000000000000000506004B0
:10CCD000000000000000001CFFFF4C0000000000EE
:10CCE000000078FFFFA700000000000000D3FFFF56
:10CCF000F70C000000000030FFF3ABFF6400000001
:10CD000000008FFF9F50FFBF0000000004E7FF44BA
:10CD100008F3FF1C00000048FFEB0400A3FF7C00A9
:10CD20000000A3FFF7DFDFEFFFDB00000CF7FFFFE2
:10CD3000FFFFFFFFFF380060FFE704000000AFFFC8
:10CD40009300BBFF8F000000005CFFEB04000000BD
:10CD500000000000000000000000000000000000D3
:10CD6000000000003C606060605C20000000009FEC
:10CD7000FFFFFFFFFFFB7C0000009FFFCF9F9FBFD7
:10CD8000FFFF2C00009FFF80000000DBFF60000021
:10CD90009FFF8000000CE7FF5400009FFFDFBFBF34
:10CDA000E7FFCF0800009FFFFFFFFFFFFF8B0000A2
:10CDB000009FFF9F40405CF3FF5800009FFF8000F2
:10CDC0000000A7FF9300009FFF80000020E3FF7C8E
:10CDD00000009FFFFFFFFFFFFFF72400009FFFFF02
:10CDE000FFFFFBC340000000000000000000000047
:10CDF0000000000000000000000000000000002C07
:10CE0000707C4C04000000049BFFFFFFFFD3180060
:10CE1000007CFFFB9B87EBFFC70000DBFF8300006C
:10CE20002CFFFF2C00FFFF480000001C200C00FF1F
:10CE3000FF3000000000000004FFFF2000000000A1
:10CE4000000000FFFF3C00000000000000F7FF585A
:10CE500000000480802400C3FFBB0C0078FFFB149B
:10CE60000040FBFFF3EBFFFF800000003CCBFFFF27
:10CE7000E3740000000000000C1800000000000037
:10CE8000000000000000000000003C606060604C9A
:10CE900008000000009FFFFFFFFFFFEB3C000000C9
:10CEA0009FFFCF9F9FE7FFF31800009FFF800000C8
:10CEB00018F3FF6C00009FFF80000000B7FF8F0099
:10CEC000009FFF800000009FFF9F00009FFF8000E9
:10CED00000009FFF9F00009FFF80000000A7FF9FB2
:10CEE00000009FFF80000000CBFF8000009FFF80BC
:10CEF000000460FFFF5000009FFFFFFFFFFFFFBF28
:10CF00000400009FFFFFFFFFE38F0C000000000004
:10CF10000000000000000000000000000000000011
:10CF20000000003C6060606060605400009FFFFF94
:10CF3000FFFFFFFFDF00009FFFCF9F9F9F9F8B00A2
:10CF4000009FFF80000000000000009FFF800000A5
:10CF500000000000009FFFDFBFBFBFBF0000009FB9
:10CF6000FFFFFFFFFFFF0000009FFF9F404040408A
:10CF70000000009FFF80000000000000009FFF8075
:10CF8000000000000000009FFFFFFFFFFFFFDF0029
:10CF9000009FFFFFFFFFFFFFDF0000000000000019
:10CFA00000000000000000000000000000003C60E5
:10CFB000606060606054009FFFFFFFFFFFFFDF00C5
:10CFC0009FFFCF9F9F9F9F8B009FFF8000000000CF
:10CFD00000009FFF800000000000009FFFCF9F9F88
:10CFE0009F9F00009FFFFFFFFFFFFF00009FFFAF1D
:10CFF0006060606000009FFF800000000000009FF4
:10D00000FF800000000000009FFF80000000000083
:10D01000009FFF80000000000000000000000000F2
:10D020000000000000000000000000000000002CD4
:10D03000707C4C04000000049BFFFFFFFFD728001A
:10D04000007CFFFB9B87DFFFD30400DBFF83000036
:10D050001CF7FF4400FFFF480000001C200C00FFED
:10D06000FF3000546060603004FFFF2000DFFFFFEE
:10D07000FF8000FFFF3C007080DFFF6C00F7FF5473
:10D08000000000D3FF5800C3FFBB080064FFFF1C73
:10D090000040FBFFF3EBFFFF930000003CCBFFFFE2
:10D0A000E7780400000000000C18000000000000F9
:10D0B000000000000000000000003C6030000000A4
:10D0C0003C603C00009FFF800000009FFF9F00002D
:10D0D0009FFF800000009FFF9F00009FFF800000D7
:10D0E000009FFF9F00009FFF800000009FFF9F00A8
:10D0F000009FFFDFBFBFBFE7FF9F00009FFFFFFF55
:10D10000FFFFFFFF9F00009FFF9F404040B7FF9F32
:10D1100000009FFF800000009FFF9F00009FFF8096
:10D120000000009FFF9F00009FFF800000009FFF06
:10D130009F00009FFF800000009FFF9F00000000F5
:10D1400000000000000000000000000000003C6043
:10D150003000009FFF8000009FFF8000009FFF8045
:10D1600000009FFF8000009FFF8000009FFF800065
:10D17000009FFF8000009FFF8000009FFF80000055
:10D180009FFF8000009FFF80000000000000000063
:10D1900000000000000000000000186060000000B7
:10D1A000000040FFFF000000000040FFFF00000003
:10D1B000000040FFFF000000000040FFFF000000F3
:10D1C000000040FFFF000000000040FFFF000000E3
:10D1D000000040FFFF000000000044FFFB0000547F
:10D1E00004049FFFCB008FFFEFEFFFFF54004CD7ED
:10D1F000FFFFD754000000001410000000000000E2
:10D20000000000000000000000003C603000000052
:10D210003C60600C009FFF80000030F3FF83000043
:10D220009FFF800018E3FFAF0000009FFF8004BF56
:10D23000FFCF0C0000009FFF809BFFE72000000055
:10D24000009FFFD7FFFFBB00000000009FFFFFFB18
:10D25000FBFF4C000000009FFFFF7893FFDB0800FE
:10D2600000009FFFA70014EFFF7C0000009FFF80DD
:10D27000000074FFF71C00009FFF80000008DBFF28
:10D28000A700009FFF8000000054FFFF4000000047
:10D29000000000000000000000000000000000008E
:10D2A00000003C60300000000000009FFF80000094
:10D2B000000000009FFF800000000000009FFF8032
:10D2C0000000000000009FFF800000000000009FA1
:10D2D000FF800000000000009FFF800000000000B1
:10D2E000009FFF800000000000009FFF8000000002
:10D2F0000000009FFF800000000000009FFFFFFF74
:10D30000FFFFFFBF009FFFFFFFFFFFFFBF00000009
:10D31000000000000000000000000000000000000D
:10D32000000000003C6038000000000040603C004D
:10D33000009FFFE7080000000CEFFF9F00009FFF29
:10D34000FF7000000070FFFF9F00009FFFFFE708D5
:10D350000008E7FFFF9F00009FFFFFFF640070FFD2
:10D36000FFFF9F00009FFFDBFFDB08DBFFEFFF9F5E
:10D3700000009FFF83DBFFB7FFDBA3FF9F00009F41
:10D38000FF8060FFFFFF609FFF9F00009FFF800402
:10D39000DBFFDB049FFF9F00009FFF800054BF5412
:10D3A000009FFF9F00009FFF8000000000009FFF84
:10D3B0009F00009FFF8000000000009FFF9F000073
:10D3C000000000000000000000000000000000005D
:10D3D00000000000000000003C602C0000000C6019
:10D3E0006000009FFFD708000020FFFF00009FFFA4
:10D3F000FF8B000020FFFF00009FFFFFFB34002099
:10D40000FFFF00009FFFFFFFCF0420FFFF00009FF2
:10D41000FFA7FBFF7C20FFFF00009FFF8080FFF73E
:10D4200048FFFF00009FFF8004D3FFDFFFFF0000E5
:10D430009FFF800038FBFFFFFF00009FFF80000080
:10D440008BFFFFFF00009FFF8000000CDFFFFF004D
:10D45000009FFF8000000040FFFF00000000000070
:10D4600000000000000000000000000000000000BC
:10D470000000002C707C4404000000049BFFFFFFB0
:10D48000FFCB1800007CFFFB9B87EBFFC70000DB96
:10D49000FF83000038FFFF2C00FFFF48000000F36F
:10D4A000FF5000FFFF30000000DFFF6004FFFF209F
:10D4B000000000DFFF6000FFFF3C000000DFFF60B6
:10D4C00000F7FF54000008FFFF4400C3FFBB0C003F
:10D4D0007CFFFB140040FBFFF3EBFFFF8300000029
:10D4E0003CCBFFFFE3680000000000000C180000C8
:10D4F000000000000000000000000000003C606030
:10D50000606054140000009FFFFFFFFFFFF3540012
:10D51000009FFFCF9F9FCFFFFB20009FFF80000059
:10D5200004DFFF74009FFF80000000C7FF7C009FA6
:10D53000FF9F40408BFFFF40009FFFFFFFFFFFFF6B
:10D54000A700009FFFDFBFBFAB5C0000009FFF8014
:10D55000000000000000009FFF80000000000000AD
:10D56000009FFF80000000000000009FFF8000007F
:10D5700000000000000000000000000000000000AB
:10D5800000000000000000000000002C707C44043B
:10D59000000000049BFFFFFFFFCB1800007CFFFB97
:10D5A0009B87EBFFC70000DBFF83000038FFFF2CE9
:10D5B00000FFFF48000000F3FF5000FFFF300000B5
:10D5C00000DFFF6004FFFF20000000DFFF6000FFBE
:10D5D000FF3C00040CDFFF5800F7FF5404ABC3FF0F
:10D5E000FF3800C3FFBB0C8FFFFFF70C0040FBFFB1
:10D5F000F3EFFFFFDB0C00003CCBFFFFE3B3FF5872
:10D60000000000000C1800004000000000000000B6
:10D6100000000000003C6060606054140000009F47
:10D62000FFFFFFFFFFF76000009FFFCF9F9FCFFF2F
:10D63000FB24009FFF80000004DFFF70009FFF803D
:10D64000000000CFFF78009FFFAF6060ABFFFF38A6
:10D65000009FFFFFFFFFFFF76C00009FFFBF80D719
:10D66000FFA30000009FFF800050FFFB2400009FED
:10D67000FF800000D7FFA700009FFF80000060FF31
:10D68000FF30009FFF80000004DBFFB300000000BC
:10D69000000000000000000000000000000000008A
:10D6A0000010588070400000003CEFFFFFFFFFCBF0
:10D6B0002008E7FFC38087DBAB0438FFEF080000DA
:10D6C0000C040038FFF728000000000008E3FFFB0F
:10D6D000CFAB7818000034CBFFFFFFFFE72000003E
:10D6E00000184470E7FF8B00000000000083FFA3D8
:10D6F000008354040010BBFF9370FFFFF7DFFBFFB4
:10D70000F3280470D7FFFFFBBB34000000000820A3
:10D710000400000000000000000000000030606015
:10D7200060606060603C80FFFFFFFFFFFFFF9F5075
:10D730009F9FCFFFE79F9F6400000080FFBF000016
:10D740000000000080FFBF00000000000080FFBF5D
:10D7500000000000000080FFBF000000000000800B
:10D76000FFBF00000000000080FFBF0000000000BD
:10D770000080FFBF00000000000080FFBF0000002D
:10D7800000000080FFBF000000000000000000005B
:10D7900000000000000000000000000000005460D5
:10D7A000240000003C60300000DFFF600000009FAC
:10D7B000FF800000DFFF600000009FFF800000DFAF
:10D7C000FF600000009FFF800000DFFF600000009E
:10D7D0009FFF800000DFFF600000009FFF800000CF
:10D7E000DFFF600000009FFF800000DFFF6000009F
:10D7F000009FFF800000D3FF6C000000B7FF800097
:10D800000097FFD3180040FBFF48000020F3FFFB08
:10D81000E3FFFFBF000000002CBBFBFFF3930C00F5
:10D820000000000000081C000000000000000000D4
:10D830000000000000005860280000000C6060102C
:10D84000A3FFA30000005CFFEB0450FFEB0400000B
:10D85000A7FF9B0008F3FF400008F3FF440000AB64
:10D86000FF8F0044FFF30400005CFFDB0093FFA385
:10D870000000000CF7FF2CE3FF5000000000AFFF9A
:10D88000ABFFF308000000005CFFFFFFA3000000F7
:10D8900000000CF7FFFF50000000000000AFFFF396
:10D8A000080000000000005CFFA300000000000072
:10D8B0000000000000000000000000000000000068
:10D8C000000000000000005460300000004C6000C8
:10D8D000000018606004A7FFA3000008F7FF2C00F9
:10D8E0000070FFDB0068FFDF00004CFFFF780000E6
:10D8F000AFFF970020FFFF200097FFFFBF0000EF62
:10D90000FF540000DFFF6000DFFFFFFB1030FFFB74
:10D9100010000097FF9F28FFF3CFFF5870FFC7004C
:10D92000000058FFD774FFA77CFF9FAFFF83000064
:10D930000010FFFFD3FF5C2CFFE7EFFF400000006B
:10D9400000C7FFFFFB1000DFFFFFF308000000002F
:10D9500087FFFFBF000093FFFFB7000000000040FB
:10D96000FFFF70000044FFFF74000000000008F794
:10D97000FF24000004F3FF3000000000000000005E
:10D980000000000000000000000000000000000097
:10D99000000000003C605C0000001C6060182CFB74
:10D9A000FF500000ABFFC7000093FFD70438FFFF14
:10D9B00034000010EBFF60BFFF9B0000000064FF1D
:10D9C000F7FFEF140000000000C7FFFF6800000031
:10D9D0000000009BFFFF3C000000000038FFFFFF3D
:10D9E000D30400000004CBFF97E3FF700000006841
:10D9F000FFEF1060FFEF180014EFFF740000CFFF7F
:10DA0000A7009BFFDB08000040FFFF48000000006C
:10DA10000000000000000000000000000000000006
:10DA20005460380000002860600480FFDB040000C0
:10DA3000B7FFA70010EFFF580030FFFB2400008065
:10DA4000FFCF009FFF9F00000010EBFF5CFBFB245B
:10DA50000000000070FFFBFF9F000000000008E7CF
:10DA6000FFFB2400000000000087FFC3000000004F
:10DA700000000080FFBF0000000000000080FFBF2A
:10DA80000000000000000080FFBF00000000000058
:10DA90000080FFBF00000000000000000000000048
:10DAA00000000000000000000000000C60606060EA
:10DAB0006060600C20FFFFFFFFFFFFFF20149F9FAF
:10DAC0009F9FDBFFEF100000000020F3FF680000C5
:10DAD000000000B7FFC300000000005CFFF7280053
:10DAE00000000014EBFF8000000000009FFFD7043F
:10DAF0000000000044FFFF38000000000CDFFF932F
:10DB000000000000005CFFFFFFFFFFFFFF2060FF41
:10DB1000FFFFFFFFFFFF20000000000000000000EB
:10DB200000000000000000000000000000000000F5
:10DB300000000000000000000000000000000000E5
:10DB400000000000000000000000000000000000D5
:10DB500000000000000000000000000000000000C5
:10DB600000000000000000000000000000000000B5
:10DB700000000000000000000000000000000000A5
:10DB80000000000000000000000000000000000095
:10DB90000000000000000000808080808080808085
:10DBA0008050DFDFDFDFDFDFDFDFDF8B0000000043
:10DBB0000000000000000000000000000000000065
:10DBC0000000000000000000000000000000000055
:10DBD00000004064603C00000004BFFFFFFFFFBB8B
:10DBE00004000054BB6470F3FF500000000000000C
:10DBF000A3FF80000060D3F3FFFFFF800038FFE742
:10DC00008380CFFF800060FFA30000AFFF80003C57
:10DC1000FFF3A7B7FFFF80000080F7FFDBCFFF8097
:10DC200000000000180000000000000000000000DC
:10DC300000000000546018000000000000DFFF40FA
:10DC4000000000000000DFFF40000000000000DFD7
:10DC5000FF48546434000000DFFFE7FFFFFF680067
:10DC600000DFFFE380BBFFE30000DFFF600014FF85
:10DC7000FF1400DFFF400000FFFF2000DFFF440033
:10DC800000FFFF2000DFFF830030FFFF0800DFFF01
:10DC9000FFCBF3FFC70000DFFFAFF7FFDB30000073
:10DCA0000000000818000000000000000000000054
:10DCB0000000000000000000000000000000000064
:10DCC00000000000000000000000000000000854F8
:10DCD00064480400000028E3FFFFFFCB100000BFF2
:10DCE000FF9750B7FF93001CFFE3000020FFEB00FD
:10DCF00040FFFFFFFFFFFFFF003CFFE780808080C9
:10DD0000800010FBF71C000038000000A7FFEBA705
:10DD1000D3FF6800000C9FF7FFFBAF20000000005E
:10DD200000200400000000000000000000000000CF
:10DD3000546018000000000000DFFF4000000000F9
:10DD40000000DFFF40000000000000DFFF445064DF
:10DD50002C000000DFFFE7FFFFFB5C0000DFFFD7C8
:10DD600080BBFFDF0000DFFF4C0018FFFF0000DF7B
:10DD7000FF400000FFFF0000DFFF400000FFFF004A
:10DD800000DFFF400000FFFF0000DFFF400000FF5A
:10DD9000FF0000DFFF400000FFFF00000000000068
:10DDA00000000000000000000070802000DFFF4045
:10DDB000003840100054601800DFFF4000DFFF40D3
:10DDC00000DFFF4000DFFF4000DFFF4000DFFF40DB
:10DDD00000DFFF4000DFFF40000000000000000007
:10DDE000000000000000546018000000000000DF88
:10DDF000FF40000000000000DFFF400000000000C6
:10DE000000DFFF40000C60602400DFFF4000ABFF3C
:10DE1000C30400DFFF407CFFD7100000DFFF87FB5B
:10DE2000E71C000000DFFFFFFFD304000000DFFF5E
:10DE3000F3E3FF80000000DFFF5C4CFFF7280000E9
:10DE4000DFFF4000B7FFC70400DFFF400024FBFFF7
:10DE50006C00000000000000000000000000000056
:10DE600000000000000000000000000000000000B2
:10DE700000000000000000000000000000000000A2
:10DE80000000000000000000000000000000000092
:10DE900000000054601C50643000206460200000CA
:10DEA00000DFFFE7FFFFFBA7FBFFFFF3380000DF0A
:10DEB000FFDF80BBFFFFCB80CFFFC30000DFFF5041
:10DEC0000010FFFF280034FFEB0000DFFF400000E0
:10DED000FFFF200020FFFF0000DFFF400000FFFFEA
:10DEE000200020FFFF0000DFFF400000FFFF2000B8
:10DEF00020FFFF0000DFFF400000FFFF200020FFA9
:10DF0000FF0000DFFF400000FFFF200020FFFF00B8
:10DF10000000000000000000000000000000000001
:10DF200000000000000000000000000000000000F1
:10DF300000000000000000000000000000000000E1
:10DF400000000054601C546430000000DFFFE7FF55
:10DF5000FFFF680000DFFFDF80BBFFEB0000DFFF9B
:10DF6000500010FFFF1C00DFFF400000FFFF2000FB
:10DF7000DFFF400000FFFF2000DFFF400000FFFF49
:10DF80002000DFFF400000FFFF2000DFFF40000017
:10DF9000FFFF200000000000000000000000000063
:10DFA0000000000000000000000000000000000071
:10DFB0000000000000000000000000000000000061
:10DFC0000000105864440000000034EBFFFFFFBF66
:10DFD0000C0000CBFFBB80E7FF7C0014FFFF1000AC
:10DFE0005CFFC30024FFDF000040FFDF0020FFE7ED
:10DFF000000040FFDB0008F7FF30007CFFB30000AB
:10E000009FFFF3CBFFFF4C00000CA3FBFFEB6C006A
:10E0100000000000081C00000000000000000000DC
:10E0200000000000000000000000000000000000F0
:10E03000000000000000000000000054601C546458
:10E040002C0000DFFFE7FFFFEF1800DFFFE780BBDA
:10E050003C0000DFFF540000000000DFFF40000034
:10E06000000000DFFF400000000000DFFF40000074
:10E07000000000DFFF400000000000DFFF40000064
:10E080000000000000000000000000000000000090
:10E090000000000000000000000000000000000080
:10E0A0000000000000000000000000002C64604838
:10E0B00008000080FFFFFFFFD70C20FFEF545097B0
:10E0C0003C0034FFE73C2004000004D3FFFFFFF7CF
:10E0D000930000106C97AFF7FF4C003C080000A7BE
:10E0E000FF6450FBEBBFC3FBFF301CABF3FFFFDB58
:10E0F0005C000000001C1000000000000000000098
:10E1000000000000000000649F500000009FFF809E
:10E11000000010ABFF8F1C0080FFFFFFDF0040CF2F
:10E12000FFBF7000009FFF800000009FFF80000085
:10E13000009FFF800000009FFF8000000078FFEF3D
:10E14000A700000CABFBDF00000000000000000097
:10E1500000000000000000000000000000000000BF
:10E1600000000000000000000000000000000000AF
:10E1700000000054600C000C60600000DFFF200015
:10E1800020FFFF0000DFFF200020FFFF0000DFFF77
:10E19000200020FFFF0000DFFF200020FFFF000025
:10E1A000DFFF200020FFFF0000DFFF58004CFFFFD3
:10E1B00000009FFFFBCBF7FFFF000018C3FFFB9B96
:10E1C000FFFF00000000140C000000000000000031
:10E1D000000000000000000000000000000000003F
:10E1E000000000000000000000000000000000002F
:10E1F0003C605800002C605C0428F7FF4808DBFFF7
:10E200008B000074FFDB80FFD708000004C3FFFF12
:10E21000FB380000000020FFFF9300000000006CAE
:10E22000FFFFD70800000028F7FFD7FF8B0000048E
:10E23000C7FF9730FBFB380078FFEB10008FFFDB48
:10E240000C000000000000000000000000000000C2
:10E2500000000000000000000000000000000000BE
:10E2600000000000000000000000000000000000AE
:10E27000000000000000000000000000000000009E
:10E28000000000000000000000040000000000008A
:10E290000074EBFFCB58288B280024F3FFFFFFFF0F
:10E2A000FFFFCF04003C340450B7DF9F2000000084
:10E2B000000000000000000000000000000000005E
:10E2C000000000000000000000000000000000004E
:10E2D000000000000000000000000000000000003E
:10E2E00000000000000048AF9F24000000043C4CE8
:10E2F0001C0000003CF37093E7100030DBFFFFFBD5
:10E3000083000097870000CF5424EFFFC7BFFFFFB3
:10E31000700074C30C2CF328B3FFCB0400A7FFDB01
:10E320000008B3FFFB8018FFFF64000040C7BB007C
:10E3300000001810004CFFFF40000000000000002B
:10E340000000000060FFFF4000000000000000002F
:10E3500000000050FFFF440000000000000000002B
:10E36000000028FFFF7C000024AF870C00000000A5
:10E370000000D7FFE71804AFFFE70000000000002F
:10E380000040FBFFEBE3FFFF5C000000000000002B
:10E390000040CFFFFFD75400000000000000000045
:10E3A00000001C1800000000000000000000000039
:10E3B00000000000002C707C4404000000049BFF5F
:10E3C000FFFFFFCB1800007CFFFB9B8BEBFFC70020
:10E3D00000DBFF8700003CFFFF2C00FFFF48000030
:10E3E00000F7FF5000FFFF34000000DFFF6004FF74
:10E3F000FF20000000DFFF6000FFFF34000000DFAF
:10E40000FF5000DFFF48000000F7FF30007CFF975F
:10E4100000004CFFCB0020FFFFFF7018F7FFFF60EC
:10E4200020FFFFFF8020FFFFFF60000000000000D2
:10E4300000000000A1B0A1B000000000B4B0B4B072
:10E4400001000000E6B0E6B002000000A3B1A3B1F5
:10E4500003000000A8B1A8B104000000B3B1B3B13B
:10E4600005000000BEB1BEB106000000C8B1C8B1D1
:10E4700007000000D5B1D5B108000000EAB1EAB14B
:10E4800009000000A2B2A2B20A000000A8B2A8B21D
:10E490000B000000BBB2BBB20C000000CBB2CBB291
:10E4A0000D000000CEB2CEB20E000000D9B2D9B23B
:10E4B0000F000000E1B2E2B210000000A4B3A4B368
:10E4C00012000000A7B3A7B313000000C9B3C9B37B
:10E4D00014000000D6B3D6B315000000E6B4E6B4CD
:10E4E00016000000EDB4EDB417000000A5B5A5B509
:10E4F00018000000B1B5B1B519000000BDB5BDB53B
:10E500001A000000C0B5C0B51B000000C4B5C4B5FA
:10E510001C000000CDB5CDB51D000000E3B5E3B58E
:10E520001E000000E7B5E7B51F000000AFB6AFB6AC
:10E5300020000000C1B6C1B621000000C8B6C8B6B0
:10E5400022000000FBB6FBB623000000D6B7D6B70A
:10E5500024000000B4B8B4B825000000C4B8C4B8A2
:10E5600026000000DFB8DFB827000000A6B9A6B972
:10E5700028000000ABB9ABB929000000D8B9D8B960
:10E580002A000000E2B9E2B92B000000F3BAF3BAA6
:10E590002C000000D6BBD6BB2D000000F2BBF2BBA6
:10E5A0002E000000C7BCC7BC2F000000E0BCE0BCD0
:10E5B00030000000E4BCE4BC31000000FCBCFCBC4A
:10E5C00032000000FEBCFEBC33000000ABBDABBDA2
:10E5D00034000000D3BDD3BD35000000F8BDF8BD48
:10E5E00036000000FBBDFBBD37000000C9BEC9BE40
:10E5F00038000000F9BEF9BE39000000AABFAABF6A
:10E600003A000000DABFDABF3B000000ADC0ADC089
:10E610003C000000D7C0D7C03D000000AAC1AAC17D
:10E620003E000000C1C1C1C13F000000CBC1CBC151
:10E6300040000000E3C1E3C141000000F7C1F7C1A1
:10E6400042000000BCC2BCC243000000CAC2CAC231
:10E6500044000000EBC2EBC245000000EBC3EBC37B
:10E6600046000000A3C4A3C447000000ACC4ACC46F
:10E6700048000000B8C4B8C449000000E2C4E2C4C5
:10E680004A000000FAC4FAC44B000000ACC5ACC597
:10E690004C000000ADC6ADC64D000000AFC6AFC611
:10E6A0004E000000B5C6B5C64F000000BDC6BDC6D1
:10E6B00050000000C1C6C1C651000000D7C6D7C671
:10E6C00052000000E4C6E4C653000000F4C6F4C6DD
:10E6D00054000000B0C7B0C755000000E1C7E1C753
:10E6E00056000000EBC7EBC757000000FAC7FAC797
:10E6F00058000000A1C8A1C859000000B7C8B7C899
:10E700005A000000BAC8BAC85B000000CFC8CFC822
:10E710005C000000EBC8EBC85D000000EDC8EDC870
:10E720005E000000ABC9ABC95F000000CCC9CCC91A
:10E7300060000000E8C9E8C961000000B1CAB1CAC0
:10E7400062000000B9CAB9CA63000000BCCABDCAF1
:10E7500064000000D4CAD4CA66000000E4CAE4CA57
:10E7600067000000FDCAFDCA68000000D9CBD9CB04
:10E7700069000000FCCBFCCB6A000000E2CCE2CCDC
:10E780006B000000FDCCFDCC6C000000A3CDA3CD40
:10E790006D000000B7CDB7CD6E000000E2CDE2CD38
:10E7A0006F000000F9CDF9CD70000000B4CEB4CEFA
:10E7B00071000000C4CEC4CE72000000C6CEC6CE2A
:10E7C00073000000D2CED2CE74000000F3CEF3CEA0
:10E7D00075000000A2CFA2CF76000000C2CFC2CF4A
:10E7E00077000000DFCFDFCF78000000EBCFEBCF6A
:10E7F00079000000A3D0A3D07A000000C2D0C2D01C
:10E800007B000000C5D0C5D07C000000D0D0D0D0A7
:10E810007D000000DED0DED07E000000A1D1A1D1BD
:10E820007F000000B9D1B9D180000000C7D1C7D1A5
:10E8300081000000D5D1D5D182000000AAD2AAD291
:10E8400083000000C6D2C7D284000000D1D2D1D24A
:10E8500086000000D6D2D6D287000000C3D3C3D32F
:10E8600088000000D5D3D5D389000000C6D4C6D413
:10E870008A000000DAD4DAD48B000000F1D4F1D49D
:10E880008C000000FDD5FDD58D000000A7D6A7D6D1
:10E890008E000000AAD6AAD68F000000B5D6B5D645
:10E8A00090000000B9D6B9D691000000BDD6BDD603
:10E8B00092000000C3D6C3D693000000D3D6D3D6AF
:10E8C00094000000D8D6D8D695000000F7D6F7D629
:10E8D00096000000A1D7A2D797000000BCD7BCD7F4
:10E8E00099000000D4D7D4D79A000000E8D7E8D721
:10E8F0009B000000EED7EED79C000000F7D7F7D7BB
:10E900009D000000D0E3D0E39E0000000B00B000AB
:10E91000000000000B00B000B00000000B00B000D1
:10E92000600100000B00B000100200000B00B000FE
:10E93000C00200000B00B000700300000B00B0002C
:10E94000200400000B00B000D00400000B00B00059
:10E95000800500000B00B000300600000B00B00086
:10E96000E00600000B00B000900700000B00B000B4
:10E97000400800000B00B000F00800000B00B000E1
:10E98000A00900000B00B000500A00000B00B0000E
:10E99000000B00000B00B000B00B00000B00B0003B
:10E9A000600C00000B00B000100D00000B00B00068
:10E9B000C00D00000B00B000700E00000B00B00096
:10E9C000200F00000B00B000D00F00000B00B000C3
:10E9D000801000000B00B000301100000B00B000F0
:10E9E000E01100000B00B000901200000B00B0001E
:10E9F000401300000B00B000F01300000B00B0004B
:10EA0000A01400000B00B000501500000B00B00077
:10EA1000001600000B00B000B01600000B00B000A4
:10EA2000601700000B00B000101800000B00B000D1
:10EA3000C01800000B00B000701900000B00B000FF
:10EA4000201A00000B00B000D01A00000B00B0002C
:10EA5000801B00000B00B000301C00000B00B00059
:10EA6000E01C00000B00B000901D00000B00B00087
:10EA7000401E00000B00B000F01E00000B00B000B4
:10EA8000A01F00000B00B000502000000B00B000E1
:10EA9000002100000B00B000B02100000B00B0000E
:10EAA000602200000B00B000102300000B00B0003B
:10EAB000C02300000B00B000702400000B00B00069
:10EAC000202500000B00B000D02500000B00B00096
:10EAD000802600000B00B000302700000B00B000C3
:10EAE000E02700000B00B000902800000B00B000F1
:10EAF000402900000B00B000F02900000B00B0001E
:10EB0000A02A00000B00B000502B00000B00B0004A
:10EB1000002C00000B00B000B02C00000B00B00077
:10EB2000602D00000B00B000102E00000B00B000A4
:10EB3000C02E00000B00B000702F00000B00B000D2
:10EB4000203000000B00B000D03000000B00B000FF
:10EB5000803100000B00B000303200000B00B0002C
:10EB6000E03200000B00B000903300000B00B0005A
:10EB7000403400000B00B000F03400000B00B00087
:10EB8000A03500000B00B000503600000B00B000B4
:10EB9000003700000B00B000B03700000B00B000E1
:10EBA000603800000B00B000103900000B00B0000E
:10EBB000C03900000B00B000703A00000B00B0003C
:10EBC000203B00000B00B000D03B00000B00B00069
:10EBD000803C00000B00B000303D00000B00B00096
:10EBE000E03D00000B00B000903E00000B00B000C4
:10EBF000403F00000B00B000F03F00000B00B000F1
:10EC0000A04000000B00B000504100000B00B0001D
:10EC1000004200000B00B000B04200000B00B0004A
:10EC2000604300000B00B000104400000B00B00077
:10EC3000C04400000B00B000704500000B00B000A5
:10EC4000204600000B00B000D04600000B00B000D2
:10EC5000804700000B00B000304800000B00B000FF
:10EC6000E04800000B00B000904900000B00B0002D
:10EC7000404A00000B00B000F04A00000B00B0005A
:10EC8000A04B00000B00B000504C00000B00B00087
:10EC9000004D00000B00B000B04D00000B00B000B4
:10ECA000604E00000B00B000104F00000B00B000E1
:10ECB000C04F00000B00B000705000000B00B0000F
:10ECC000205100000B00B000D05100000B00B0003C
:10ECD000805200000B00B000305300000B00B00069
:10ECE000E05300000B00B000905400000B00B00097
:10ECF000405500000B00B000F05500000B00B000C4
:10ED0000A05600000B00B000505700000B00B000F0
:10ED1000005800000B00B000B05800000B00B0001D
:10ED2000605900000B00B000105A00000B00B0004A
:10ED3000C05A00000B00B000705B00000B00B00078
:10ED4000205C00000B00B000D05C00000B00B000A5
:10ED5000805D00000B00B000305E00000B00B000D2
:10ED6000E05E00000B00B000905F00000B00B00000
:10ED7000406000000B00B000F06000000B00B0002D
:10ED8000A06100000B00B000506200000B00B0005A
:10ED9000006300000B00B000B06300000B00B00087
:10EDA000606400000B00B000106500000B00B000B4
:10EDB000C06500000B00B000706600000B00B000E2
:10EDC000206700000B00B000D06700000B00B0000F
:10EDD000806800000B00B000306900000B00B0003C
:10EDE000E06900000B00B000906A00000B00B0006A
:10EDF000406B00000B00B000F06B00000B00B00097
:10EE0000A06C0000000000000000000000000028CE
:10EE100030088F5C508080804000FBFF80FFEB9FBC
:10EE2000FFFFFF8000FFCFBFCFFF60DB64FF480024
:10EE3000FFBFBFBFFFBBEFB7FF4000FFBFBFBFFFBC
:10EE4000BFBFBFFF4000FFBFBFD7EFBFBFBFFF4087
:10EE500000FFBFBFFFBFBFBFBFFF4000FFBFBFD7A7
:10EE6000F7BFBFBFFF4000FFBFBFBFFFBFBFBFFFB8
:10EE70004000FFBFBFBFFFBFBFBFFF4000FFBFBF1E
:10EE8000BFFFBFCFBFFF4000FFBFBFFFEBA3FF9B94
:10EE9000FF4000FFFFBBE7700858E3FF4000838B93
:10EEA000508F000018BFA308000000000000000001
:10EEB0000000000000000000000000000000005002
:10EEC000805000004078300000009FFF9F24A7EF93
:10EED000FFD7A31400F3FFF3CBFFEFDFF3FF6C00CA
:10EEE000CFFFDBC7FF80009FFF800080FF9F289F30
:10EEF00078008B9F140080FF9F87FFEFBFF7FF68AC
:10EF00000080FF9F87FFEFBFF7FF680080FF9F40F3
:10EF1000FFBF00DFFF20009BFFE374FFBF00DFFFA8
:10EF20002000FFFFF393FFDB40EFFF2000AFFF9FC8
:10EF300010DBFFFFFFBF000080FF9F089FFFFFFF68
:10EF40007C0000EFFF8B78FFE783F3FF5000BFA347
:10EF50001804801800247400000000000000000065
:10EF60000000000000000000000000000000006041
:10EF70004820100000003C642000FFBFFF80BFFF5E
:10EF8000FFFFFF4C00FFBFFF9FFFEF8080480000A6
:10EF9000FFBFFF9FFFE740402C0000FFE7FFC7FFD8
:10EFA000FFFFFFFF3C00FFF7DFC7FFE74C87FF6075
:10EFB00000FFD75024FFFBF7A7FF4400FFFFFFA38C
:10EFC000FFEFFBFFF30800FFC7FFBFFFDFC3FFA397
:10EFD0000000FFBFFFBFFFDF80FF5C0000FFBFFF3F
:10EFE000BFFFDF9BFF7C0000FFBBFFC3FFD3E7FF3A
:10EFF000C70000FF97FFE3FFEBFFE7FF1C008B5408
:10F000009F939397AF58A3240000000000000000D6
:10F0100000000000000000000000000000000000F0
:10F020007844144040404028000034FFF3D7FFFFED
:10F03000FFFFFB280080FFAFFFFF4040CFFF4000F5
:10F04000CFFF60FFFF0000BFFF4000FFFF3CF7FF66
:10F050009F9FE7FF4000DFFF9B70DBFBFFE7A708F8
:10F060000080FF9FBFBFF7FFCFBF480080FF9FEF2B
:10F07000FFF7FFF7FF500080FF9FC7FFDFFFDFFFB5
:10F08000200080FF9FDFEBDFFFD7FF400080FF9F66
:10F09000DFDFDFFFBFFF400080FF9FF3DFDFFFBF49
:10F0A000FF480080FF9FFFC3DFFFAFFF6000509F5E
:10F0B0006460588B9F58602400000000000000002E
:10F0C0000000000000000000000000000000004000
:10F0D0008060005880808060000080FFBF48FFFF94
:10F0E000FFFFFF5400EFFFF7B3FFC720C7FF80000B
:10F0F000CFFFE79BFFBF78EFFF700080FFBF60FF8F
:10F10000BF8BDFB7140080FFBF60FFEFBFBFB31C32
:10F110000080FFBF60FFEFBFD7FF740080FFBF60BC
:10F12000FFDFC79FFF800097FFE7BBFFFBFFFBFFF1
:10F130006800FFFFF7DFFFC7EBFFF31000AFFFBF73
:10F1400060FFBF9BFF9F000080FFBF60FFC3DFFF2A
:10F15000DF0000EFFFB760FFF7FFFFFF4800BFAB26
:10F160003048BF9F7C707418000000000000000051
:10F17000000000000000000000000000000000008F
:10F18000009F9F14808010000000FFFFFFFF20FF02
:10F19000FF97E328009F9FFFFF20FFFFFFC33C0076
:10F1A00058B3FFFF20FFFF3C000000FBE3FFFF2000
:10F1B000E7FFE3DF54003020BFBF346CBFBFA73C84
:10F1C00000BBFFFFFFFFFFFFFFEF2C00FFFF74609E
:10F1D000606060D7FF7800FFFFE3DFDFDFDFF7FF6E
:10F1E0008000FFFFAB9F9F9F9FE7FF8000FFFFC74F
:10F1F000BFBFBFBFEFFF8000FFFFC7BFBFBFBFEFF5
:10F20000FF8000FFFF20000060BFEFFF6C00BFBF6A
:10F2100018000060BFBFA710000000000000000041
:10F2200000000000000000000000000000000000DE
:10F23000000030603C00000000002020208FFFAB69
:10F240002020200C00FFFFFFFFFFFFFFFFFF6000FB
:10F250009FFFF3BFFFCFDFFFBF300060FFCF80FF16
:10F260009F9BFF8F000083FFAF80FF9F7CFFB30059
:10F2700000A3FF8F80FF9F5CFFD30000C3FF70805F
:10F28000FF9F3CFFF30000E3FF5080FF9F1CFFFF48
:10F290001400FFFF3080FF9F00FBFF3400FFFFB72B
:10F2A000EFFFF3C3D7FF5400FFEF8FDFFFE7A7B7F0
:10F2B000FF7400EFCF0080FF9F0097FF80000018D1
:10F2C00000509F64001004000000000000000000D7
:10F2D00000000000000000000000000000000080AE
:10F2E00070000030805000000000FFDF000060FF71
:10F2F0009F00000000FFDF000060FF9F288B0400DC
:10F30000FFDF000060FFB7DBFF3C00FFF39F9F744F
:10F31000FFFFFF700000FFF7DFDF7CFFFF8F0000C3
:10F3200000FFBF000060FFC304000000FFBF00003B
:10F3300060FF9F00000000FFBF000060FF9F000013
:10F340000000FFBF000060FF9F00000000FFBF0043
:10F350000060FF9F00000000FFBF083068FF9F00B3
:10F36000000000FFF7FFFF8BFFFFFFFF00007C9F07
:10F3700074480C68808080000000000000000000DD
:10F38000000000000000000000000000000000403D
:10F390006C082020202020100000FFF754FFFFFF02
:10F3A000FFFFF74000B7DB5460688078C3FF800040
:10F3B000AF9F142058FFC79FFF8000FFFF9FFFFFF4
:10F3C000FFFF9FFF8000FFFF64FFD7FFD79FFF80F5
:10F3D00000FFFF60FFABFFBF9FFF8000FFFF70FFDC
:10F3E0009BFFBF9FFF8000FFFF80FF80FFBF9FFF4D
:10F3F0008000FFFF9BFF6CFFBF9FFF8000FFFFAB04
:10F40000FF5CFFBF9FFF8000FFFFBFFF64FFBF9F48
:10F41000FF8000FFFF83B39FFF8FF3FF70009F9F6C
:10F4200000001418149F830C00000000000000006E
:10F430000000000000000000000000000000000CC0
:10F4400060480020202020200C0020FFBF00FFFF8C
:10F45000FFFFFF6000FFFFFFBF606060606024008F
:10F46000F3FFE77800000000000000DFFFE778FF0F
:10F47000FFFFFFFF8000DFFFFFB39FCFFFE79F503D
:10F4800000D3FFDFB3CFCBFFD7D73800BFFFDBBF41
:10F49000FFDBFFCFFF4000BFFFBFE7FFBFFFBFFFA6
:10F4A0006000BFFFBFEFFFBFFFBFFF6000B3FFBF44
:10F4B0002CFFA3FFBFDF6C009FFFBF40FF9FFFBF7C
:10F4C000DF80009FFFBF48FFA3FFAFCF800028BFB2
:10F4D0008F184078B7341C140000000000000000B2
:10F4E000000000000000000000000000000000001C
:10F4F0000C44080000441000000008F3FF440028FA
:10F50000FFFF180000BFF7FFDBBFD3FFFBBF1800F2
:10F51000DFF7FFEBDFE7FFFBDF1C0000BFFF600052
:10F5200040FFDF00000000BFFF600040FFDF000081
:10F530000000BFFF600040FFDF000000FFFFFFFF93
:10F54000FFFFFFFFFF600080DFFFAF809FFFEF80C6
:10F55000300000BFFF600040FFDF00000000C3FF7D
:10F56000600040FFDF00000000EFFF300040FFDFE1
:10F5700000000030FFF3040040FFDF000000186CC3
:10F58000700000289F8B00000000000000000000B9
:10F59000000000000000000000000000000000303B
:10F5A00038000000608030000000FFCF0C9BBFEFF0
:10F5B000FFD7A71800C3FF9FFFE7EFFFD7FF80002B
:10F5C000BBFFBFFF9FBFFF78FF7000FFE380FF9F7F
:10F5D000BFFF8FFF5000B3FFCBFFCFDFFFB7971008
:10F5E0000044C3C3FFFFFFFFFFFF50003C8FBFFF7E
:10F5F000BFA738ABFF600087FFEBFFFFFFDBFBFF20
:10F600004800AFFFBFFFCBE3FFFFB30000D7FF937E
:10F61000FFBFABFFFF280000FFEB80FFEFFFFFFF06
:10F620009B0000FFBF9FFFFFFFABF7FF3800976C09
:10F6300068A7648008644C0000000000000000001F
:10F64000000000000000000000000000000000209A
:10F6500020202020202020201000FFFFFFFFFFFFA0
:10F66000FFFFFF80006060F3FF8360606060300038
:10F670000020FFFF8B60041C0000000068FFFFFFFC
:10F68000F3F3CF00000000A7FFDFFFD7FFFF10005C
:10F690000000EBFF9BFFBFD7FF50000030FFF3647B
:10F6A000FFBF97FF8F000078FFB360FFBF58FFCF09
:10F6B0000000B7FF7060FFBF10FFFF1000F3FF2CCA
:10F6C00060FFBF00CFFF5000FFE70060FFBF008377
:10F6D000B7480040500060FFBF000000000000007D
:10F6E0000048BF8F00000000000000000000000084
:10F6F00000000000000000000000000000000010FA
:10F7000080800000008080100000E3FFFFDFDFDF6B
:10F71000FFFFE370008FFFFF808080FFFF8F4000BE
:10F72000A3BFBF9F9F9FBFFBEB1C00DFDFDFDFDFBF
:10F73000DFDFDF8000008BE7189FDB68ABE7970017
:10F7400000A7FF5CB7FFFFF7FFCB0000589B3838DE
:10F75000CB872C93700000FFFFFFFFFFFFFFFFFF31
:10F760004000B3FFF7C3FFE7DFFFCB280060FFBF18
:10F7700060FFBF80FF9F00009FFF8060FFBF40FFD2
:10F78000DF0000D7FF4860FFBF08F7FF20005C974D
:10F790000C48BF8F008070100000000000000000C7
:10F7A0000000000000000000000000000000002039
:10F7B000601C0000000428300000A3FFCF040000FC
:10F7C00040FFCF0000EBFFFFFFFFFFFFFFDB00006C
:10F7D000509F9FDBFFDB9F9B4C1000FFFFFFFFFF55
:10F7E000FFFFFFFF80006C9FD7FFFFFFE3AB703090
:10F7F00000FBFFFBC797BFF7FFFF6C00A3876C8080
:10F800009BB7D7FFDF2000BBFFFFFFFFDFC3A78051
:10F8100000004880838387A3C3E3DF0000F3FFFF7A
:10F82000FFFFFFE3C7AB0C00649393938F8BA7C3D9
:10F83000E31400FFFFFFFFFFFFF3D3B73400A38300
:10F84000684C2C10000000000000000000000000C8
:10F850000000000000000000000000000000005058
:10F86000803018606060603800009FFF60CBFFFF51
:10F87000FFFFFB2800FFFFDFDFFF7040E7FF4000D6
:10F88000CFFF9FBFFFFFFFFFF724009FFF6064D7FC
:10F890007C60CF9704009FFF97FFF7F3BFF7FF74DB
:10F8A000009FFF9FFFC7FFDFC7FF80009FFF8BFB0D
:10F8B000FFE3ABFFFF6400B7FFCF709FDFE7B787C1
:10F8C0002000FFFFDFFFFFFFFFFFFF8000B7FF68A3
:10F8D000DFFFE7FFEBFF3C009FFF60EBDFDFFFCBCD
:10F8E000FF4000F3FF60FFBFDFFFABFF6000BF938F
:10F8F00010483C8B9F48541C000000000000000092
:10F9000000000000000000000000000000000014E3
:10F910005C6040002860602C0000CFFFFFFF5CF3BC
:10F92000FFFFFB1400FFFFABFFBFFFE3C7FF20009B
:10F93000FFFF9FFFBFFFDFBFFF2000FFFF9FFFBF55
:10F94000FFDFBFFF2000FFFFB7FFC7FFE7CFFF309C
:10F9500000FFFFFFFFFFFFFFFFFF9F00FFFFC3FF51
:10F96000C3FFD7EBFF5000FFFF9FFF9FFFBFDFFFED
:10F970002000FFFF9FFF9FFFBFDFFF2000FFFF9FD3
:10F98000FF9FFFBFDFFF2000FFFFA3FFA3FFBFDF3D
:10F99000FF2000FFDFCFFFCBFFB7F7FF20008B7CFE
:10F9A000C3B34C9370D79300000000000000000028
:10F9B0000000000000000000000000000000004CFB
:10F9C000540C5C60480818744000F7DB97FFFFFF99
:10F9D0008BBFDF8000AFFFEF7C80B79FBFDF800071
:10F9E000E3FBE79FFFBF9FBFDF8000FFABBF9FFF31
:10F9F000BF9FBFDF8000E3EFC79FFFBF9FBFDF80D8
:10FA000000808FCF9FFFBF9FBFDF8000688BCF9F9D
:10FA1000FFBF9FBFDF8000BFFFC3A7FFBF9FBFDF48
:10FA20008000DBE78FDFFFCF87BFDF8000F7CF08E5
:10FA3000F3FFA340BFDF8000FFB34CFFE3F340A719
:10FA4000DF8000FF979BF758FF44C3FB7800975473
:10FA500058780C972CA7AF20000000000000000091
:10FA60000000000000000000000000000000002076
:10FA70008070000000000C1C000040FFDF00000050
:10FA800030DBD30C0040FFDF000070FBFFC3180029
:10FA900040FFDF10AFFFFB8304000040FFE3D3FF14
:10FAA000E7440000000040FFDF58BB1800000000E2
:10FAB00000FFFFFFFFFFFFFFFFFF8000B7FFF3A383
:10FAC000FBFFBB9F9F500040FFDF0097FFAF000090
:10FAD000000040FFDF0010EBFF4C00000040FFDFA4
:10FAE000000064FFDF08000040FFDF000000CBFFE4
:10FAF00083000038FFFBDFC30038FFF718000074F5
:10FB00009F9F8B0000784000000000000000000074
:10FB100000000000000000000000000000000008DD
:10FB20003C404040404040402000C7FFFFFFFFFFF7
:10FB3000FFFFFF8000FFFF58404040404040200052
:10FB4000FFFF200000000000000000FFFF20000079
:10FB5000000000000000FFFF200000000000000087
:10FB600000FFFF200000000000000000FFFF200059
:10FB700000000000000000FFFF2000000000000067
:10FB80000000FFFF200000000000000000FFFF2039
:10FB90000000000000000000FFFF20000000000047
:10FBA000000000FFF7000000000000000000878F49
:10FBB0000000000000000000000000000000000045
:10FBC0000000000000000000000000000000000035
:10FBD000000000085858084000000000000014FF12
:10FBE000F77CFF340083DBDFDFDFFFFFEBFF780014
:10FBF000FFFFBFBFBFF7FFCFB32800FFFF403C04AC
:10FC0000C3FF5C3C0000FFFFFFFFB3ABFFDFFF6CF7
:10FC100000FFFF87FFDF93FFFFFB1C00FFFF40FF9C
:10FC2000DF7CFFFFB70000FFFF40FFDF60FFFF58F2
:10FC30000000FFFF40FFDF44FFF3080000FFFF402C
:10FC4000FFDF5CFFFB2C0000FFFFAFFFDBBBFFFF14
:10FC5000C30000FFD78FB768FFDBDFFF4C00877C56
:10FC60000000003844445C00000000000000000078
:10FC70000000000000000000000000000000004044
:10FC80008060000040805000000080FFBF2080BFE7
:10FC9000FFCF803000EFFFF7AFFFFFFFFFFF6000F7
:10FCA000C3FFE7500080FF9F00000060FFBF3C9F44
:10FCB000CFFFDB9F640060FFBF60FFFFFFFFFF9F80
:10FCC0000060FFBF00000018BFBF000060FFBF80E2
:10FCD000FFFFFFFFFF9F0080FFE7A3809F8FFFFFD5
:10FCE0005000FFFFF78BEBE720FFFF000097FFBFFF
:10FCF00000CFFF48FFFF000060FFBF008FFF87FFBE
:10FD0000FF0000EBFFA70050CFF3FFF70000BFA7F5
:10FD1000280000009F9F4400000000000000000039
:10FD200000000000000000000000000000000000D3
:10FD3000105408000000000000004093FFEB40401A
:10FD40004040401800FFFFFFFFFFFFFFFFFF600084
:10FD5000B7FFE74040404040401800F7FF70DFFF2A
:10FD6000FFFFF7830000F3FF608B9F9FD7FFC70063
:10FD7000009FFF9F000010EBFF4800009FFFA320A3
:10FD8000208FFFB30000009FFFBFFFFFFFFFFFFFBB
:10FD900080009FFFAF8080CFFFBF8040009FFF9F0C
:10FDA00000009FFF800000009FFF9F00009FFF80DA
:10FDB0000000009FFF9F38DFF3FF6C000000649F8E
:10FDC00064289F9F870C00000000000000000000D6
:10FDD0000000000000000000000000000000005CC7
:10FDE00028000048603060600000FBFF5420CFFF17
:10FDF0009FFFFF2000FFFFFF80FFFFFFFFFF80004E
:10FE00004060602CCFFFB7FFFF2000DFDFDF80CF37
:10FE1000FFB7FFFF2000DFFFEF9FFFFFFFFFFF8027
:10FE20000080FFBF1878BBBFBF93300080FFBF0CBE
:10FE3000EBFFFFFFFF4400FFFFFF9FFFFF40B7FF07
:10FE40008000BFFFDF60FFFF9FDBFF800080FFBF00
:10FE500020FFFFFFFFFF800080FFBF20FFFF009F0C
:10FE6000FF800058FFFF97FFFFDFF3FF680000608F
:10FE70009F5064B3BFBF8F0C000000000000000063
:10FE80000000000000000000000000000000000072
:10FE90002458000000503000000004EBFF442028EC
:10FEA000F7FF1C0000BFFFFFFFFFFFFFFFDF180091
:10FEB000FFFF80AFFFDF80DFFF4000FFFF2074FF08
:10FEC000C720C7FF4000FFFFFFFFFFFFFFFFFF400E
:10FED00000FFFF80AFFFDF80DFFF4000FFFF2074E7
:10FEE000FFC720C7FF4000F7FFFFFFFFFFFFFFFF37
:10FEF00030003C8080BFFFCF80805000009F9F9FDC
:10FF0000CFFFDB9F9F9F5000DFDFDFEFFFF3DFDFDF
:10FF1000DF700000000080FF9F0000000000000074
:10FF20000060BF780000000000000000000000003A
:10FF300000000000000000000000000000000004BD
:10FF4000300040805000280C0000EFFF2880FF9F09
:10FF500000EFFB2800BFFF6C80FF9F38FFEF000021
:10FF600078FFB780FF9F7CFFAF000068B3789FFFEA
:10FF7000B764AB6C0000FFFFFFFFFFFFFFFFFB3428
:10FF80000040404040404040CFFF60000000000083
:10FF9000000000BFFF6000BFBFBFBFBFBFBFEFFF1C
:10FFA0006000BFBFBFBFBFBFBFEFFF60000000006A
:10FFB00000000000BFFF600000000000000000BF64
:10FFC000FF6000FFFFFFFFFFFFFFFFFF50009F9F4D
:10FFD0009F9F9F9F9F9F74040000000000000000EF
:10FFE00000000000000000000000000000000020F1
:10FFF000202020200C0030603000FFFFFFFFFFCFEB
:020000040003F7
:10000000DF9BFF8000C7FFAB6078A3FF9FFF8000EE
:10001000CFFF7CF7EB80FF9FFF8000FBFF2CFFFFF3
:1000200093FF9FFF8000FFFF9FF7FFB7FF9FFF80B9
:1000300000B3FBFFFFBB87FF9FFF80000080FF80B6
:100040000080FF9FFF8000BFDFFFDFBFAFFF9FFF8C
:100050008000DFEFFFEFDFB7FF9FFF80000080FF32
:10006000800080FF9FFF80000080FF9F5C6C9F935B
:10007000FF8000EBFFFFFFFF68DFEFFF7800937C5E
:10008000604830209F9F870C0000000000000000A7
:100090000000000000000000000000000000003030
:1000A00058045C74000060601800FFF738FFFF839D
:1000B00080EFFF6000F3FFA3FFFFFFFFFFFF800063
:1000C000AFCF507C9FFFFFB38708008F9F64FFF77F
:1000D000BFBFEFFF5800DFFF80FFEB6060D7FF601E
:1000E00000DFFF80FFFFFFFFFFFF6000DFFF80FFFB
:1000F000E74040CFFF6000DFFF80FFFFFFFFFFFF13
:100100006000DFFF80FFEF8080DFFF6000DFFF80A7
:10011000FFF39F9FE7FF5C00DFFF50C3FBFFFFFB88
:10012000C31400DBFFE7DFDFDFDFDFDF70004C9FA2
:100130009F9F9F9F9F9F9F50000000000000000016
:1001400000000000000000000000000000000000AF
:1001500058601C3C50180000000044E3FF83A7FFD8
:10016000D39F780400FFFFFFFFABEBFFFFFF6000B2
:10017000FFDFBFFF705C309FFF8000FFDFBFFF9B92
:10018000FF809FFF8000FFDFBFFF80FF9B9FFF80FE
:1001900000FFE7CFFF70FFB39FFF8000FFFFFFFF6F
:1001A00060FFC79FFF8000FFE7CFFF60DFDF9FFF9B
:1001B0008000FFDFBFFF60CFFB9FFF8000FFDFBF3E
:1001C000FF60BFF7AFFF8000FFDFBFFF6008009F49
:1001D000FF8000FFFFFFFF5080FFFFFF60004C9B90
:1001E0009F6000408080700400000000000000005C
:1001F00000000000000000000000000000000000FF
:100200007848080000006C4C100030FFFB93FBFFA7
:10021000FFFFFB380080FFBBDFFFB7DBFF600000A4
:10022000CFFF70DFFF409BFF5C0000FFFF40DFFF60
:100230004080FF700000E7FFB3DFFF87A3FFAF1828
:100240000080FFBFDFFFFFFFFFFF400080FFBFDF39
:10025000FF7070FFCF100080FFBFDFFF4024FFCB97
:10026000000080FFBFDFFF4010FFDF000080FFBF06
:10027000DFFF8F87FBFF000080FFBFDFFF9FCFDF27
:10028000FF140080FFBFD7FFFFE7CBFF2800509F80
:10029000783CA393A78FA328000000000000000073
:1002A000000000000000000000000000000000004E
:1002B00000007080200000000000000000DFFF9FB1
:1002C0008080802000000000DFFFFFFFFFFF400074
:1002D000000000DFFF582020200800A7FFFFFFFFDD
:1002E000FFFFFFCB1000FFFF8080808080EFFF408A
:1002F00000FFFF0000000000DFFF4000FFFF0000E4
:10030000000000DFFF4000FFFFDFDFDFDFDFFBFF7C
:100310003C0060BFBFBFBFBFBFCF9B0400DBCF9B14
:10032000EF18148FF7E70C00FFD7AFFFABEFFFFF1D
:10033000FF4000FFB38BFFFFE764ABFF6C00976CDF
:1003400024AB74080050832C000000000000000063
:10035000000000000000000000000000000000009D
:1003600000003C60300000000000246060C3FFAF6C
:1003700060602C0000F3FFFFFFFFFFFFFFFB280082
:10038000FFE740B7FF9F40E7FF4000FFDF009FFF10
:100390008000DFFF4000FFF39FDBFFCF9FF3FF40B4
:1003A00000FFFBDFF3FFEFDFFBFF4000FFDF009FFD
:1003B000FF8000DFFF4000FFDF009FFF8000DFFFC6
:1003C0004000FFFBDFF3FFEFDFFBFF38006C9F9F78
:1003D000DBFFCF9F9F7400000000009FFF800000A4
:1003E00000000000000087FFFFFFFFFF600000002B
:1003F000000C708080808030000000000000000051
:1004000000000000000000000000000000000000EC
:100410000000000060740C000000DFDFDFDF80E719
:10042000FFA37C0C009F9F9F9FB3FFFFFFFF7800FF
:100430000000000000FFDB80FF800020202020184B
:10044000FFBF80FF8000FFFFFFFF64FFAB80FF80E6
:1004500000FFFF808060FF9B80FF8000FFE7B3CF3D
:1004600054FF8080FF8000FFDBDFFF64FF6C80FFB4
:100470008000FFBFCBFF87FF5880FF8000FFB3BF26
:10048000FFB7FF4080FF8000FF9FAFFFC7FF2880BE
:10049000FF8000FFFFFFFFEBFFB7FFFF7800709FBB
:1004A0009F60839F649F830C000000000000000099
:1004B0000000000000000000000000000000002814
:1004C00030000000808010000000FFC71CDFDFFF4D
:1004D000FFE3DF3800DBFF489F9FFFFFAB9F280053
:1004E00070A7509F9FFFFFAB870C00BFAF4CDFDFB3
:1004F000DFDFDFF77000E7FF609B7C83BF78BF60C2
:10050000009FFF64B3E3C3FF9FDF50009FFF68F3CA
:10051000CBAFFF9FEF3C009FFF6C6C939BFF9F80D6
:1005200014009FFF80FFFFFFFFFFFF80009FFF7011
:1005300080D7FFFFFFBF4000ABFF746CFFFFD7FF0A
:10054000E71000FFFFFFC3FFA30CDFFF5C0060604C
:100550006008740400404C0000000000000000002F
:10056000000000000000000000000000000000008B
:1005700000000454831000000000389B9F9FFBFF85
:10058000B39F9F5000EFFFE3DFDFDFDFDFDF7000AF
:10059000FFFF80DFCB4040DFDF3400FFFFFFFFFFC6
:1005A000FFFFFFFF8000FFFF87FFEB6060FFFF386A
:1005B00000FFFF48FBFFFFFFFFEF0C00FFFF508F26
:1005C000BFBFBFBF6C0000FFFF9FFFFFFFFFFFFF2C
:1005D0004400FFFF6CFBC33850F3FF5400FFFF548F
:1005E000C7FFF3FBFFA70800FFFF1C6CFBFFFFDF4B
:1005F000380000FFF38FFFEF6CA3FFFF3800878701
:100600000C8314000044680000000000000000009B
:100610000000000000000000000000000000003C9E
:100620003C0C0000000000000000CFFF9340404061
:100630004040200000EFFFFFFFFFFFFFFFF314002B
:10064000205C6060606068FFFB100000240080FF99
:100650009F08646C000018FFE380FF9FB3FF4C000D
:10066000003CFFBB80FF9F8FFF70000064FF9780FE
:10067000FF9F6CFF93000087FF7480FF9F44FFB7CC
:100680000000ABFF5080FF9F1CFFDB0000CFFF2C62
:1006900080FF9F00F7FF0400F3FF0880FF9F00D357
:1006A000FF2800F7DF40FFFF9700AFFB400000107E
:1006B000289F9318001400000000000000000000B4
:1006C000000000000000000000000000000000002A
:1006D0003C50080004445400000000C7FF97006C21
:1006E000FFEB08000038FFFF28000CEFFF68000058
:1006F000A7FFB300000087FFD70000FBFF4000000A
:100700000018F7FF4C00A7D32020202020B3A338E7
:1007100000BFFFFFFFFFFFFFFFCB040048CBFFBF81
:10072000606060FFFF200000DFFF68000000FFFF47
:10073000200020FFFF28000000FFFF20005CFFE7F3
:1007400000000000FFFF200097FFA700000000FF4F
:10075000FF2000D7FF680000DFDFFFFB1000588F8D
:100760002400009F9F97440000000000000000004C
:100770000000000000000000000000000000005029
:100780004C0C0000000000000000EFFFC7BFBFBF1F
:10079000BFBFBF30007CBFBFBFBFBFBFBFBF300048
:1007A00064FBFFFFFFFFFFFFAF0000BFFFC39F9F82
:1007B0009FABFFFF0000BFFFFFFFFFFFFFFFFF003A
:1007C00000BFFFC39F9F9FABFFFF000093FFEFDFC2
:1007D000DFDFDFDF930000CBFFEFDFDFDFDFDB9367
:1007E000000068F3AB9F9F9F9FFFFF300097FFFBC8
:1007F000BB6C93DBFFFB140038CFFFFFFFFFFFF75D
:10080000600000F7FFFFCF8BAFF7FFFF3C0078647D
:100810001C0000000C508F000000000000000000D1
:1008200000000000000000000000000000000000C8
:100830000000005C240000000000FFFFEF6CFFF3ED
:10084000444040180080BFFFDBFFFFFFFFFF600058
:100850000080FF9F406C70FFE718000080FFC7EF2B
:10086000D340FFDF00000C8FFFA3DBFF97FFD70013
:1008700000EFFFFF8070FFFFFF870000FFEB5004D9
:1008800010EFFFFB200000FFDF0000009FFFBF0014
:100890000000FFDF000000D7FFEF100000FFDF00C7
:1008A0000038FFFFFF700000FFEB8F709FFFB3FF6A
:1008B000DB0000FBFFF7ABF3FB18CBFF4C00203451
:1008C0000804507C004860040000000000000000A4
:1008D0000000000000000000000000000000000018
:1008E000000020584400000000009F9F9FCFFFDBC6
:1008F0009F9F9F3C00DFDFDFDFDFDFDFDFDF5400B4
:1009000034BFDFDFDFDFDFCB5000009FFFDFBFBF83
:10091000BFCFFFDB000097FFFFFFFFFFFFFFCF0010
:1009200000188B9F9F9F9F9F97300000A7FFFFFF9E
:10093000FFFFFFFFCB0C00FFFF80979F9B80EFFF27
:100940004000FFFF60FBFFFF8FDFFF4000FFFF9FC6
:10095000FFAFFFDBDFFF4000FFFF9BFFDFFFCFDFCD
:10096000FF4000FFFF28B7BFBBD7FBFF34009F9FAE
:1009700000000000789F6C000000000000000000F4
:100980000000000000000000000000000000000067
:1009900000000030703000000000DFDFDF9BBFFF91
:1009A000AF80680400C3FFE783FFFFFFFFFF700015
:1009B00060FFBF009FFF4080FF800060FFBF00B767
:1009C000FF2880FF800060FFBF00BFFF2080FF8006
:1009D0000060FFBF00DFFF0080FF800060FFBF00FE
:1009E000EBF30080FF800060FFBF00FFDF0080FFAF
:1009F000800060FFBF14FFC70080FF800060FFBF62
:100A000020FFBB0080FF800064FFCF6CFF9F008051
:100A1000FF8000FFFFFFCBFF938BEFFF7800806428
:100A200058588F50649F870C0000000000000000A1
:100A300000000000000000000000000000000000B6
:100A4000342C000000203C00000000C3FF78004868
:100A5000FFEF0400000CFBFF340008F7FF3C000030
:100A600054FFEB000000B7FF83000097FFA30000D6
:100A70000074FFCB0000DFFF87A7600428FFFF148E
:100A800000FFFFA3FFC70000E3FF5C005C83EBFFF8
:100A9000640000646820000054FFF30C40B3BB0006
:100AA000000000B7FF970038FFFF28000020FFFF7D
:100AB000380000D7FF87000087FFD300000074FFD5
:100AC000E30400AFFFFFFFFFFFFFFFFB14001478FC
:100AD0008080808080803C000000000000000000DA
:100AE0000000000000000000000000000000000006
:100AF0003064200008703C04000000C7FF74004808
:100B0000FFF7080000BFE7FFE7BFDBFFF3BF1800F8
:100B1000BFBFBFDFFFEFBFBFBF180000000080FFF7
:100B2000BF000000000000000080FFBF00000000C8
:100B3000009F9F9FCFFFE79F9F9F2800DFDFDFFF82
:100B4000FFFFE7DFDF3800000060FFFFFF930000DA
:100B50000000001CEFFF9FFFFF4000000000BBFFF4
:100B6000BF0093FFDF0C00006CFFF320000CDFFFE1
:100B70009B0000EFFF6C00000040FFFF340024806A
:100B800000000000006C30000000000000000000C9
:100B90000000000000000000000000000000000055
:100BA0000000509F78000000000087D34080FFBF06
:100BB00014DBA300009FFF7880FFBF50FFCB000035
:100BC0006CFFAF80FFBF87FF8F000030FFEB80FF1F
:100BD000BFBFFF580000248B548FFFC74C833808D9
:100BE00000FFFFFFFFFFFFFFFFFF400080B7FFE3B5
:100BF00080BFFFCF80200000A7FF8B0080FF9F00F9
:100C0000000004EFFF400080FF9F0000003CFFEF6A
:100C1000040080FF9F00000083FFA3000080FF9F6F
:100C2000000000CFFF5C00006CFFF3DF3800488F4E
:100C30001000000C879F9F280000000000000000AB
:100C400000000000000000000000000000000000A4
:100C5000000000000000385418009BFBFFFFFFFF5E
:100C6000FFFFFF7800FFFFAB9F9F9F9F9F740400D3
:100C7000FFFF3C2020202020200800FFFFFFFFFF77
:100C8000FFFFFFFF4000FFFF74606060606060185E
:100C900000FFFF246C9F9F9F9B5C0000FFFF83FF72
:100CA000FFFFFFFFFF4400FFFF9FFFBF0000BFFFEC
:100CB0006000FFFF9FFFBF0000BFFF6000FFFF9FBE
:100CC000FFBF0000BFFF6000FFFB87FFBF0000BF4A
:100CD000FF6000FFD364FFFFFFFFFFFF4400877446
:100CE000046C808080805C00000000000000000038
:100CF00000000000000000000000000000000000F4
:100D0000605410683C000000000000FFDF9FFFDB24
:100D10009F9F9F3C0000FFDFCFFFEFDFDFDF54002E
:100D2000CBFFDF60FF70649F481C00FFFFE774FF8C
:100D3000F3B3FFBF6000DFFFFFFBFFFFBFFFBF603C
:100D400000CFFFEFC3FFFFBFFFDB4000BFFFDF9F10
:100D5000FFC7D7FFDF400068FFDFBFFF9FE3FFB3A0
:100D6000240000FFDFC7FF04F3FB60000000FFDF8B
:100D7000DFEF3CFFFFD7000000FFDFF3DF80FFF76E
:100D8000FF180000FFDFFFC7BFFF87FF580000BF4D
:100D9000AF6460648B288F2C00000000000000000E
:100DA0000000000000000000000000000000000043
:100DB000000000186048042C0000000000005CFFE8
:100DC000BFBFE70800DFDFDFDFE7FFFBF3FF38002F
:100DD000BFBFBFBFC7FFFFBF87040060BFBFAF3843
:100DE000FFFF08000000F7FFDFFF9BFBFF7C9B2459
:100DF00000FFFF80FF9FDFFFF3FF3000FFFF80FF5A
:100E00009FC7FFFFBB0000FFFF80FF9FAFFFFF50AA
:100E10000000F7FFEFFF979BFFDB0000004CB7BF20
:100E2000A32097FFE310000097B3CFEBEBF3FFFF96
:100E3000AB0000EFCFB397C7FFABF3FF400000005C
:100E400000002480245C4800000000000000000036
:100E5000000000000000000000000000000000385A
:100E60004C003840404040280000FFE304DFFFFF13
:100E7000FFFFFF4800BFFF4C38404040B7FF8000F5
:100E800060FB78000000009FFF80006864000000A5
:100E900000009FFF8000FFFF5000384040B7FF80F8
:100EA00000C7FF60A3FFFFFFFFFF5000BFFF60DF31
:100EB000FF876060300000BFFF60DFFF4000000080
:100EC0000000BFFF60DFFF400000000000BFFF60C8
:100ED000DFFF400000000000C7FF6CDFFF400000A4
:100EE000000000FFFFBFCFFFFFFFFFFF80008080FB
:100EF00060207C80808080400000000000000000B6
:100F000000000000000000000000000000000020C1
:100F10001C304028785400000000FFDFBFFF8BFF2B
:100F2000F39F9F2800FFDFBFFF9FFFFFFFFF4000F1
:100F3000FFDFBFFFB3FFBFFFD30000FFDFBFFFBF77
:100F4000FF9BF3FB0000FFDFBFFFDBFF80CFFF282D
:100F5000009F8B8FBF97B75C879B200083FBFFFFB1
:100F6000FFFFFFFFBB0000DFFFCFFFCFFFCFFFFF83
:100F70002000DFFF9FFF9FFF9FFFFF2000DFFF9FFD
:100F8000FF9FFF9FFFFF2000DFFF9FFF9FFF9FFF4F
:100F9000FF2000FFFFFFFFFFFFFFFFFF80009F9F7D
:100FA0009F9F9F9F9F9F9F50000000000000000098
:100FB0000000000000000000000000000000001819
:100FC0004C0C2020202020140000FBF36CFFFFFFBE
:100FD000FFFFFB4000CBF76860606060C3FF8000EC
:100FE000AB8B38CFDFDF7C9FFF8000FFFF9BFFC311
:100FF000FFFF9FFF8000FFFF9FFF60FFFF9FFF80BD
:1010000000FFFF9FFF74FFFF9FFF8000FFFF9FFF18
:10101000FFFFFF9FFF8000FFFF9FFFAFFFFF9FFFCE
:101020008000FFFF9FFF60FFFF9FFF8000FFFF9F8B
:10103000FF60FFFF9FFF8000FFFF8FFFFFFFF39F19
:10104000FF8000FFFF0C708080B3F3FF70009F9F54
:1010500000000000649F870C0000000000000000FA
:101060000000000000000000000000000000006C14
:1010700030004040104854000000FFEB40FFFFCF1D
:10108000FFFFEB2800FFFFFF8FFFBFE7F3F36000D8
:1010900038404048FFAFDFEFEF8000FFFFFF8BFFDE
:1010A000B3FFFFFF9F00BFFFCF9FFF38C7E3E360A1
:1010B0000080FF9FCFFF8FFFFFFF4C00AFFFC3EB10
:1010C000FFB7D7EB500000FFFFFF64FFC3FFFFFF38
:1010D00040008FFFAB6CFF87E7EF80200080FF9F11
:1010E000B3FF9BFFFFFF600080FFDFFFFF8FE7F391
:1010F0009F3C0064FFF3DBFFFFFFFFFF80000474F1
:101100009F74937C9F9F9F50000000000000000090
:10111000000000000000000000000000000000349B
:101120007C40180C40805000000087FF9FAFFF8B71
:10113000FF9F000000C3FF60E3EFAFFFC36030001C
:10114000F7FF20C7FFFFFFFFFF8000FFFB380420F1
:101150008FFFAB201000F3FFBB000080FF9F00005B
:101160000064FFBF000080FF9F00000060FFBF38E9
:10117000409FFFB740280060FFBFDFFFFFFFFFFF7A
:101180009F0060FFBF38409FFFB740280060FFBF4F
:10119000000080FF9F00000060FFBF000080FF9FF5
:1011A00000000060FFBF000080FF9F00000048BFFC
:1011B0008F000060BF780000000000000000000009
:1011C000000000000000000000000000000000001F
:1011D00018605458501000000000AB74FFDFD7FFB8
:1011E000D3BF8F0C00F7D7FFDF58B7BFEFFF5C000E
:1011F0009FFFFFDF40C364BFFF600038FFFFDF28B1
:10120000FFD3C7FF600000D3FFDF04CBFFFFFF3C2D
:101210000058C3FFDF9FFFFBA7300000A7FFFFDFE1
:10122000208F20BFBF1800C3FFFFDFDFFFFFFFFFDE
:101230008000DFE7FFDF8B9FA3FFFF5C00FFCBFF9A
:10124000DF8FF740FFFF2000FFABFFDF7CFF68FF71
:10125000FF2000FF8FFFDF54FFD7FFFF1C0024306B
:1012600080701C5C70BF7400000000000000000073
:10127000000000000000000000000000000000402E
:10128000805000003C803000000080FF9F509FDFB6
:10129000FFCB9F5000EFFFF3A7DFDFDFDFDF700042
:1012A000CFFFDB34C3DB00DFBF080080FF9F3CF3D0
:1012B000FF83FFEF3C0080FF9F9FFFFFFFFFFF9F2B
:1012C0000080FF9F38BFAF40AFBF340080FF9F9FBB
:1012D000FFFFFFFFFF80009BFFDF9BFFEB60EBFF4B
:1012E0004400FFFFF393FFEF44EFFF2000AFFF9FA9
:1012F00004D7FFFFFFD7040080FF9F049BFFFFFF81
:101300008B0400EFFF9B68FFFBA7FBFF5000BFA70C
:101310002800803400446800000000000000000045
:10132000000000000000000000000000000000209D
:1013300038006080300070801000FFDB0CC7FF7445
:1013400020E3FF3000FBFF83FFFFFFFFFFFF9F0055
:10135000BFDF68D7FF9B60EBFF5000A79F14BFFF64
:101360006000DFFF2000FFFF20BFFF6000DFFF20E5
:1013700000FFFF80FFFFFFFFFFFF9F00FFFF50DF29
:10138000FFAF80EFFF6000FFFF20BFFF6000DFFFC7
:101390002000FFFF20CBFF5000DFFF2000FFFF30C9
:1013A000FFFF1000DFFF2000FFFF44A7BB0000C3CA
:1013B000DF1C00EBFFE3DFDFDFDFDFDF7000449FD8
:1013C0009F9F9F9F9F9F9F50000000000000000074
:1013D000000000000000000000000000000000000D
:1013E00054600C00006060000000BFF7FFC78FBFB3
:1013F000FFFFBF6000FFFBFFE3AFFBFFFFFB7800D9
:10140000FFDFFFCBAFD7FFFFDF4C00F7DFFFD3C716
:10141000BFFFFFC76000DFDFFF3468B7FFFFBF60BB
:10142000009FBBBFA39F9FBFBF9F1400DFDFDFDF15
:10143000DFDFDFDFDF1C00808080808080808080B5
:101440003000FFFFFFFFFFFFFFFFFF600074CF6C66
:101450008FFFAB58CB8B0C00A7FF5880FF9F38FF46
:10146000C70000EFFB28EFFF9B00E7FF14004C686C
:10147000149F9718005C500C000000000000000052
:10148000000000000000000000000000000000401C
:1014900040001C40404040200000FFFF14F3FFFFCD
:1014A000FFFFFB2000FFFF40FFCF4040CFFF400089
:1014B000FFFF40FFBF0000BFFF4000FFFF40FFBF36
:1014C0000000BFFF4000FFFF40FFBF0000BFFF4024
:1014D00000FFFF40FFE79F9FE7FF4000FFFF40FF47
:1014E000FFFFFFFFFF4000FFFF40FFBF0000BFFF07
:1014F0004000FFFF40FFBF0000BFFF4000FFFF4074
:10150000FFBF0000BFFF4000FFFF40FFBF0000BF64
:10151000FF4000FFFF28FFFFFFFFFFFF2C00808040
:101520000058808080805000000000000000000013
:10153000000000000000000000000000000000307B
:10154000603C246028000000000080FF9F74FFE7DB
:101550009F9F780400BFFFCF70DFFFFFFFFF5800A1
:10156000FFFFFF60705400BFFF600080FF9F40FFDF
:10157000FB54BFFF600080FF9F0070FFFBE7FF6030
:101580000080FF9F00008B6CBFFF600080FF9F000A
:1015900004DBDBDFFF600080FF9F0054FFD7BFFF4D
:1015A000600080FF9F00CFFF60BFFF600080FF9F53
:1015B00040FFE704BFFF600080FF9F68EF7000BF3F
:1015C000FF6000DFFFFF48086CFFFFFF5C00A38F98
:1015D0007C24003C9F9F740C000000000000000071
:1015E000000000000000000000000000000000609B
:1015F00060606060606060601800FFFFFFFFFFFFD9
:10160000FFFFFF400058FFE3202020C7FF740800C1
:1016100040FFDF000000BFFF60000040FFDF000070
:1016200000BFFF60000040FFDF000000BFFF600060
:1016300000B7FFF39F9F9FE7FFC33C00E7FFFBDF7F
:10164000DFDFF7FFEB540040FFDF000000BFFF606B
:1016500000004CFFD7000000BFFF6000007CFFAB24
:10166000000000BFFF600000B3FF74000000BFFF78
:10167000600000EBFF44000000BFFF6000007CAF93
:101680000C0000006080300000000000000000003E
:10169000000000000000000000000000000000004A
:1016A0000000000000000000000010586060606052
:1016B0006060200000DFFFFFFFFFFFFFFFF320005F
:1016C000FFFF5840404040E7FF4000FFFF20000080
:1016D0000000DFFF4000FFFF2000000000DFFF40B0
:1016E00000FFFF2000000000DFFF4000FFFF2000A0
:1016F000000000DFFF4000FFFF2000000000DFFFD0
:101700004000FFFF2000000000DFFF4000FFFF5807
:1017100040404040E7FF4000E3FFFFFFFFFFFFFFC7
:10172000F3200010586060606060602000000000DE
:1017300000000000000000000000000000000000A9
:101740000000000000000000000000000000002475
:101750006048000024683400000060FFBF1860BBD0
:10176000FFB7603000D7FFEF9FFFFFFFFFFF800054
:10177000D7FFEF708B9F407C97380060FFBF00E37E
:10178000FF009FFF4C0060FFBF00DBFF20BFFF405A
:101790000060FFBF00BFFF28C3FF280060FFBF003D
:1017A000AFFF40DFFF200087FFEF979FFF54E7FF69
:1017B0000000FFFFEF8F87FF60FFFB00008FFFBF80
:1017C000007CFF8FFFDF000060FFBF0C549F7CFF99
:1017D000DF0C00D7FFB760FFFFFFFFFF6000BFB364
:1017E00034308080808080300000000000000000E5
:1017F0000000000000000000000000000000006089
:1018000060606060606060602400FFFFFFFFFFFFBA
:10181000FFFFFF6000689F9FC3FFDFBFBF971800F7
:10182000FFFFFFFFFFFFFFFFFF6000FFE7BFAFFF0E
:10183000A3BFDFFF8000FFE7BFA7FF97BFDFFF80E9
:1018400000FFF3DFB3FF9BDFEFFF640064BFBF93D4
:101850009F80BFBF8F0400E7FFFFFFFFFFFFFFFB7D
:101860003800FFEB609BFFD760D7FF6000FFFFFFF2
:10187000FFFFFFFFFFFF6000FFEB609BFFC360D730
:10188000FF6000FBFFFFFFFFFFFFFFFF440038800A
:101890008080808080804800000000000000000000
:1018A00000000000000000000000000000000060D8
:1018B00060606040684C83680000FFFFFFFFBBFF73
:1018C000C3FFEF0000FFE3C7FFC7FFFFFFFF4000BC
:1018D000FFDFBFFF83B7FFFF9F2800FFF7EFFF2069
:1018E00040FFFF000000FFFBF7FF2040FFFF00006C
:1018F00000FFDFBFFFDFFFFFFFFF4000FFDFBFFF95
:1019000080B3FFFF8B2000FFFFFFFF2097FFFF4802
:101910000000FFF3E7FF20D7FFFF870000FFDFBFD6
:10192000FF38FFEFFFC70000FFE7CFFF87FF97E714
:10193000FB0C00FFFFFFFFF3FF58A7FF48006048C4
:10194000879F64931C4C8B2C00000000000000005B
:101950000000000000000000000000000000000087
:10196000000044745800000000009F9F9FDFFFE3C9
:101970009F9F9F3C00DFDFDFDFDFDFDFDFDF540023
:1019800064BFBFBFBFBFBFBF930000F7FF9F9F9F54
:101990009F9FF3FF2000CFFFFFFFFFFFFFFFE70C3C
:1019A0000048B3BFBFBFBFBFB7680000FBFFFFFF6A
:1019B000FFFFFFFFFF5000FFEF8080808080CFFFA0
:1019C00060008FFFFFFFFFFFFFFF9B180080FF9F5E
:1019D00000000080FF80000083FF9F00000080FF68
:1019E0008F0C00C7FF6C0000007CFFFF60006CA341
:1019F000140000001078803000000000000000009B
:101A00000000000000000000000000000000006076
:101A100060606060606060380000FFFFFFFFFFFFF4
:101A2000FFFFFF300040404040404CE7FFD70C0034
:101A3000000000000CC3FFDB18000000000000AF36
:101A4000FFE72800000000000034FFFF280000002E
:101A50000000000040FFFF00000000000000004008
:101A6000FFFF000000000000000040FFFF0000003A
:101A7000000000000040FFFF000000000000000028
:101A800040FFFF000000000000000040FFF70000E2
:101A9000000000008BDFE7FFCF00000000000064C3
:101AA0009F9F97240000000000000000000000003D
:101AB00000000000000000000000000000000080A6
:101AC00080808080808080803000FFFFFFFFFFFFEC
:101AD000FFFFFF60009BBFBFD7FFDFBFBFA71400A2
:101AE000FFF3DFEBFFEFDFEFFF6400FFF3DFB3FF98
:101AF0009BDFEFFF8000FFE7BFA7FF97BFDFFF700F
:101B000000ABDFDF9BBF7CDFDFC3140083DFDFDFE1
:101B1000DFDFDFDFAF0000FBF78093CBA380D3FFD5
:101B20003C00DBDB60BBFFAF60B3DB2C00FFFFFFE3
:101B3000FFFFFFFFFFFF5800B79B8060482C7CFF32
:101B4000EF1800EFFFFFFFFFFFFFFFDF3800000887
:101B5000204058708BA3BF2C000000000000000044
:101B60000000000000000000000000000000000C69
:101B70001C000008608000000000F3CB54DFDFFF92
:101B8000FFE3DF5400AFFF80CFFFEFBFBFBF4800D0
:101B9000A3FF4478FF8F2487700000EFEB00B7FFAE
:101BA000503CFFDB00009FFF54F3FF7060F3FF2405
:101BB0000030BB48D3FFFFFFFFF720005897346C7D
:101BC0009F7C80837C0C00A3FF50DFFFDFFFBFFF03
:101BD0002000C3FF2CF7DFDFFFBFFF2000E3FF186B
:101BE000FFC7DFFFBFFF2000FFE724FFB3DFFFBF1A
:101BF000FF2000FFC740FF9BDFFFB7FF680070605A
:101C0000289F5CA7BF3CB7600000000000000000F8
:101C1000000000000000000000000000000000487C
:101C200060606060606060180000BFFFFFFFFFFF42
:101C3000FFFFDF00001820202020203CFFFF0000D5
:101C400080FFFFFFFFFFFFFFFF00004080808080DC
:101C5000808FFFFF00009F9F9F9F9F9FABFFFF3CD8
:101C600000DFDFDFEFFFF3DFDFDF54006C9F248056
:101C7000FF9F108FA70000CFFFE383FF9FABFFEF15
:101C800014000870F7D7FFCFE39B140000008FFF0C
:101C9000FFFFFFFFC30C00008FFFE397FFABC3FF05
:101CA000AF0400D7E758DFFF970CC7E730001028D4
:101CB000289F8F1800182800000000000000000076
:101CC0000000000000000000000000000000000014
:101CD00000002464300000000000606060BBFFB7BB
:101CE0006060601800FFFFFFFFFFFFFFFFFF400085
:101CF000AF7040C3FB584064CB1000F3FFB7FFCF79
:101D00000840FBFB400018A7B3FFFFE360B32800C7
:101D1000004CFFABF3C3C7F7FF800000E3EBF7FF16
:101D2000FFFFFFFBFB3000875470AFBFB39750A39A
:101D30001800606060AFFFC36060602400FFFFFFB9
:101D4000FFFFFFFFFFFF60002020208FFFAB202060
:101D5000200C0000000080FF9F0000000000000039
:101D600000509F6400000000000000000000000020
:101D70000000000000000000000000000000002043
:101D800020202034606060340000FFFFFFFF9FFFD1
:101D9000FFFFFB2800C7FFD780388050E3FF4000DB
:101DA000B3FF830050FFB7DFFF4000E3FFAF2C70AD
:101DB000FF9FDFFF4000FFFFFFEF8FFF80DFFF404F
:101DC00000FFE3E3FF9BFFFFFFFF4800FFDFDFFFB4
:101DD00034B7BFE7FF7C00FFDFDFFF0000009FFF9D
:101DE0008000FFDFDFFF8BDFDF9FFF8000FFDFDF93
:101DF000FF649F9F9FFF8000FFDFDFFF0000009FC9
:101E0000FF8000EBFBFBFB008BDFF3FF7400449FC4
:101E10009F4400649F9F8F0C0000000000000000A2
:101E200000000000000000000000000000000000B2
:101E300008643404208060000000FFFFFFDB8BA3F8
:101E4000FFD3AF3000ABFFEB20D7DFFFDFFF400059
:101E50008FFFEF70DFC3FFDFFF4800FFFFFFDFDF13
:101E6000BFFFBFFF6000E3FFEB4CE3BFFFBFFF60BE
:101E700000DFFFF7D7FFAFFFBFFF6000DFFFDFEB43
:101E8000FF9FFFBFFF6C00DBFFDFE7FF9FFFBFE3AC
:101E90008000BFFFDFD7DB93FFBF4C1000BFFFDF29
:101EA0003C0820A3FBFB3800BFFFDF00047CF7FFEA
:101EB000A31400B3FFDF0097FFD744000000249F66
:101EC0008B001C7C080000000000000000000000E7
:101ED00000000000000000000000000000000010F2
:101EE0004030003840104040080040FFBF20EFFF66
:101EF0009FFFFF5000E7FFF7CBFFFFFFFFFF8000D2
:101F0000FFFFEF78A7BF30BFBF1800E7FFDF4CD35C
:101F1000FFFFFFEF3000DFFFFFCFFFF39FDBFF800E
:101F200000DFFFFBDFFFFFFFFFFF8000DFFFDFFBC6
:101F3000FFF39FDBFF8000CBFFD7DBEBFFFFFFFB57
:101F40003C00BFFFBFD793D7FFE79B4000BFFFBF59
:101F500040FFFFFFFFFF8000BFFFBF0054FBFFFFFC
:101F60009F0000AFFFBF1CF7FB54DFFF54002C9F06
:101F70007800545400288000000000000000000099
:101F800000000000000000000000000000000054FD
:101F900080807C240C6048000400FFFFFFFFCF20FE
:101FA000FFBFFF3C00FFA7FFA7DF20FFBFEF4800F8
:101FB000FFDFFFDFDF20FFBFDF6000FFE3FFE7DFC2
:101FC000DFFFFFFF6000FFC3FFC3DF9FFFFFBB0416
:101FD00000D3FFFFFB8364FFFF9F0000BFD7FFBF5D
:101FE0008F80FFFFBF0000BFD7FFBF8F93FFCBD312
:101FF0000000FFFFFFFFDF9FFBABE70000DFABAFA1
:10200000CFAFBFDF97FF0000FFDFD3EFAFCFCB80B5
:10201000FF1C00FFA3FFF3D3DFB764FF34009B4432
:102020009F4C7C9F7440A728000000000000000027
:1020300000000000000000000000000000000000A0
:102040004460606060605814000070FFFFFFFFFF95
:10205000FFFFC700009FFF9F7C604070FFDF000014
:10206000A7FF80D7FBAF6CFFDF0000BFFF7C83E7DB
:10207000FF64FFDF0000D7FF9B6068A387FFEB30A2
:1020800000FFFFFFFFFFFFFFFFFF8000E3FF58AFF0
:10209000A74058FFE31000E3FF50F3FFFB83FFDF8F
:1020A0000000FFFF58389FE760FFDF0000EBFFFFF5
:1020B000FFFFFFFFFFDF00002C80808080809FFFFC
:1020C000DF000000000000FFFFFFFFD7000000005E
:1020D00000008080808030000000000000000000D0
:1020E0000000000000000000000000000000007080
:1020F00080308070002080500000E3FF70FFF7C741
:1021000078FF9F0000FFFFDFFFE7FF83FF9F0000D6
:10211000D7FF8FFFDFFF9FFF9F0000BFFF60FFDF44
:10212000E7A3FF9F0000BFFF60FFDFDFBFFF9F004F
:1021300000BFFF60FFDFCBC3FF9F0000BFFF60FF5A
:10214000DFBFDFFF9F0000CFFFB7FFDFABF7FF93DD
:102150000000FFFFCFFFDF14BBFF480000CFFF6090
:10216000FFDF08F3FFBB0000BFFF60FFE34CFFFF92
:10217000FB1400F7FF4CFBFFF3FFBBFF64009F78ED
:1021800000548F78A3249734000000000000000062
:10219000000000000000000000000000000000201F
:1021A0004C045C380000000000009FFFB3FFFB9F61
:1021B0009F9F931C00FBFF44C3DFDFDFEFFF87001F
:1021C000FFF7189F60DFDF87EF4400DFFF54FFB3A6
:1021D000FFFFBFFF2400DFFF6CFF97FFFF9FFF4063
:1021E00000DFFF83FF97FFFF87FF5C00DFFF7CB30B
:1021F000A7FFE74CBF48009787939F5CAF44484CCC
:102200000000FFE3DFFF9BFF93FFBF0000FFD3DF72
:10221000FF54FBC3D7F70400FFBFDFFF40704897B0
:10222000FF3800FF9FCBFFE7DFDFABFF7400836069
:1022300024939F9F9F4C380800000000000000007E
:10224000000000000000000000000000000000800E
:10225000704080408080807C1800FFFBEFFFB7FF5C
:10226000FFFFFF7C00FFF3CFFFA7445C87FF8000E8
:10227000FFEB9FFFA7FBF7F3FF4C00E3FFFFFF50CF
:102280007CFFFF970000AFFFFFEB28B3FFFFA70025
:1022900000E7FBDFF3BFFFE7DFFF54002858EFBB89
:1022A000108B4034800400FFFFFFFFFFFFFFFFCBD8
:1022B000140083FFFF9F808080DFFF5C0054FFEBF2
:1022C00008000000BFFF6000B7FF8B00000000BFE8
:1022D000FF6000FFFF20001CDFDFF7FF5400708B62
:1022E000000018BFBFBB8304000000000000000016
:1022F000000000000000000000000000000000409E
:1023000040280000207064000000FFFFFB2CC3EB9E
:10231000FFF7D7400080AFFF8FFFC39FABFF9F0049
:10232000FFBFFF9FFF9B6074FF9F00FFA7FF9FFF02
:10233000FFFFFFFF6C00FF9FFF9FFF7C939F9318A1
:1023400000FFC3FF9FFFCBFFFFFF8300FFFFFFBB2B
:10235000FFDFDFBFBF9F001474FFDFFFDFDFBFBF02
:102360009F009F9BFFDFFFDFFBF7F79F00FFBFFF93
:10237000DFFFDFF3E7E79F000060FFDFFFD7DFBF8E
:10238000BF9F008BEBFFE3FFB3DFBFDF8F0078BFA2
:10239000A75CA770A78F9F28000000000000000026
:1023A00000000000000000000000000000000030FD
:1023B000483C6060606060603000FBE7A7FFFFFFA3
:1023C000FFFFFF8000ABFF5C97C3F3F3C38F1800E0
:1023D000CFFFB7FFF7FBFBF7FF7C00F7EFA7FFBFCF
:1023E000DFDFBFFF8000A7FFEBFFFFFFFFFFFF7CEA
:1023F00000389B5C9B9F9F9F9F9B1C0054AB97FF4B
:10240000FFFFFFFFFF40008FFF9BBFBFBFBFBFBFEE
:102410003C00B7FF9FFFFFFFFFFFFF6000DFF758A3
:10242000CB9BFFFF93CF3800FFCF68FF97FFFF9F45
:10243000FF4400FFAB83FFDBFFF780FF600087589E
:102440002C60689F482C5C20000000000000000009
:10245000000000000000000000000000000000007C
:1024600020804018404040402800DFBFFF8F6CFFB5
:10247000FFFFFF9F00DFBFFFFF7858FFFF7C2800B2
:10248000DFBFFFBF40CBFFFFD72400DFBFFF80408F
:10249000FFAFBFDF8000FBF7FFEFAFFFBFFFBF80E5
:1024A000009FF3FF9F8FFFBFFFBF8000EFE3FFA7F9
:1024B000CBFFBFFFBF8000FFDFFFBFDFFFBFFFBF5E
:1024C0008000FBDFFFBFDFFFE3FFDF8000DFDFFF18
:1024D000C7DFFFFFFFFF800034BBFFFF78CBFFF3B8
:1024E000F31800EFFFD3682CFFC780FF5800A74404
:1024F0000000147C4818872800000000000000003D
:10250000000000000000000000000000000000408B
:1025100040404040404040400800FFFFFFFFFFFFB9
:10252000FFFFFF200087BB8BAFFFC37CBF8F0C007A
:1025300080FF8080FF9F58FFAF000064FF9F80FFF7
:102540009F74FF8F000048FFBF80FF9F8FFF7400C4
:10255000002CFFDB80FF9FABFF58000010FFF780CF
:10256000FF9FCBFF3C0000609F80AFFFC37C9B6858
:102570002400FFFFFFFFFFFFFFFFFF600040404020
:102580009FFFB7404040180000000080FF9F000000
:1025900000000000000080FF9F000000000000001D
:1025A000004080500000000000000000000000001B
:1025B0000000000000000000000000000000001407
:1025C0006C8080808080804C0000BFFFFFFFFFFF99
:1025D000FFFFFF5C00DFFF7040404040B7FF80001E
:1025E000DFFFFFFFFFFFFFFFFF6800DFFF9F8BB3F1
:1025F000978BB7700400DFFF40C3FF5448FFD7003C
:1026000000DFFF93F3FFEBEBFFF75400DFFF7CFFEE
:10261000FFB7B7FFF33C00DFFF40FFFF4040FFDFA5
:102620000000DFFF87FFFFCFCFFFF76000DFFF87EE
:10263000FFFFCFCFFFF76000F7FF34FFFF2840FF19
:10264000DF0000FFFF2CFFFF0840FFDF0000808F4E
:10265000208F9700289F8B000000000000000000E2
:102660000000000000000000000000000000003C2E
:102670005400307C5C40803C0000FBEB18C3FFE75B
:10268000CFFFDB3C00B3FF64FFFFFFFFFFFF6000F5
:102690005CC364D7BFFFBFFFA74800BF9718FFD335
:1026A000FFBFFFDF4400F3FF6CBBE3FFCFFFBF3092
:1026B000009FFF9FFFFFFFFFFFFF60009FFF706C09
:1026C000BBBFBFBF8718009FFF6CF3FFFFFFFFFF7B
:1026D00030009FFF80FFFF4040E7FF40009FFF80EA
:1026E000FFFFFFFFFFFF40009FFF80FFFF6060EBE9
:1026F000FF4000FFFFCFFBFFDFDFFBFF38008080E4
:1027000060449B9F9F9F600000000000000000004D
:1027100000000000000000000000000000000018A1
:1027200060540000003C603000009FFFEF8080801C
:10273000CFFFBF2000FFFFFFFFFFFFFFFFFF4000B5
:1027400058FFE3202020ABFF8F080040FFFBDFDFB6
:10275000DFF3FF80000040FFF7BFBFBFE7FF80004F
:102760000040FFE7404040B7FF80000040FFFFFF10
:10277000FFFFFFFF80000040FFE7404040B7FF80C1
:102780000000CFFFF7BFBFBFE7FFDF3000E3FFFF71
:10279000E7DFDFDFDFE3380074FFDB040000149FB6
:1027A000AB0000E3FF4C00000018F7FB200018749A
:1027B00000000000005C2C00000000000000000091
:1027C0000000000000000000000000000000000009
:1027D000000004345C000000000010404080FFFB5B
:1027E0004840300000D3FFFFFFFFFFFFFFFF540012
:1027F000FFFF5840404040B7FF8000FFFF2000002F
:1028000000009FFF8000FFFFC7BFBFBFBFE7FF7C87
:1028100000FFFFE3DFDFDFDFDFAF1C00FFFF388FEC
:102820009F9F9F9F870C00FFFFAFFFEFDFDFF3FF4E
:102830006800FFFFBFFF8000009FFF8000FFFFBF19
:10284000FF8000009FFF8000FFFFA3FF8000009F2C
:10285000FF8000FFDB80FFFFFFFFFFFF58009B8B27
:10286000086C808080805C00000000000000000098
:102870000000000000000000000000000000000058
:1028800030681C0004703C08000040EFFF8B40647F
:10289000FFFF4C2000FFFFFFFFFFFFFFFFFF800057
:1028A000609F9F9748404068803800EFFFFFFFAF70
:1028B000A7DF9FFF6000FFE358FFDFBFFF9FFF60C0
:1028C00000FFEF9FFFDFBFFF9FFF6000FFFFFFFFE5
:1028D000DFBFFF9FFF6000FFDF40FFDFBFFF9FFF05
:1028E0006000FFF3B7FFDFBFFF9FFF6000FFFBE368
:1028F000FFDFBFFF9FFF6000FFDF20FFDF789F9FAC
:10290000FF6000FFDF97FFD770DFF3FF5C00BFA71A
:102910008FB74460BFBF970C0000000000000000AC
:102920000000000000000000000000000000003C6B
:10293000600C001C202020180000B7FF7048DFFF4B
:10294000FFFFFF4C00FFFFFFBF546060C7FF780030
:10295000DFDF8050000054FBFB3000EFCFFF800032
:1029600054FBFF600000FFABFF8054FBFFFFC30C74
:1029700000FF9BFF8FB7FB60C3F33C00FBFFFFDF53
:1029800074BB808BAB30002C74FFA3DFFFFFFFFF15
:1029900060000020FFA71C74FFC7200C0097D7FF22
:1029A000FF1860FFBF000000F3CFFF9F0860FFBF6C
:1029B0000000000420FF80DFEBFFF7DF700000184D
:1029C000BF60BFBFBFBFBF600000000000000000CD
:1029D00000000000000000000000000000000000F7
:1029E00008000000486024000000CFD700FFFFFF70
:1029F000FFFFFF6000EBFF249F9FE7FFC39F3C00AA
:102A00009BFF78FFFFFFFFFFFF40002C40049F9FCC
:102A1000E7FFC39F2800FFE320FFFFFFFFFFFF60EA
:102A200000E7FF608BBBBFBFBFA33000BFFF60D319
:102A3000FFFFFFFFFF4800BFFF60FFFF8F80CFFF5A
:102A40008000BFFF60FFFFFFFFFFFF8000BFFF6050
:102A5000FFFFAB9FDBFF8000BFFF60FFFFE3DFF303
:102A6000FF8000F7FFB3FFFF2030E7FF74009F9F58
:102A700078BFBF1830BFAF14000000000000000096
:102A80000000000000000000000000000000000046
:102A9000006080508080000000005C97E7FFDBFF53
:102AA000FF9F700400FFFFFFFFFFFFFFFFFF6000BD
:102AB000FFDFBFFF9FFFFFBFFF8000FFDFBFFF9F64
:102AC000FFFFBFFF8000FFDFBFFF9FFFFFBFFF8053
:102AD00000FFEFDFFFCFFFFFDFFF8000FFFFFFFF03
:102AE000FFFFFFFFFF8000FFE3C7FFABFFFFC7FF54
:102AF0008000FFDFBFFF9FFFFFBFFF8000FFDFBF42
:102B0000FF9FFFFFBFFF8000FFDFBFFF9FFFFFBFF3
:102B1000FF8000FFFBF7FFF3FFFFF7FF6800749FE4
:102B20009F9F9F9F9F9F870C000000000000000058
:102B30000000000000000000000000000000006035
:102B400060606048606060440000FFFFFFFFBFFFFF
:102B5000FFFFFF4400FFFF8FFF873050ABFF600097
:102B6000FFFF80FF9FFBDBBBFF3C00FFFFCFFF8031
:102B7000DFFFF7F70800FFFFEFFF8097FFFFBF00C1
:102B800000FFFF80FF804CFFFF800000FFFF80FF01
:102B9000800CF7FF480000FFFFFFFF8000EFFF3CC5
:102BA0000000FFFFBFFF802CFFFF830000FFFF80BE
:102BB000FF8068FFFFCB0000FFFF9BFF97A7FFFF91
:102BC000FF1800FFFFFFFFDFE3FFABFF5C00786053
:102BD000709F58608740802C0000000000000000BB
:102BE00000000000000000000000000000000040A5
:102BF00040403044641C00000000FFFFFFBFB3FFF3
:102C0000E3BFA30800C7FFA74860BFBFFFFF4000A6
:102C1000CBFF4C0068D3DFFFFF3800F7FFB328F786
:102C2000EFFFEFFF8000FFFFFFB3FFBFFFBFFF809D
:102C300000FF9FFFBFFFE7FFE7FF8000FF9FFFBF91
:102C4000FFF7FFF7FF8000FF9FFFBFFFBFFFBFFF42
:102C50008000FF9FFFBFFFCFFFCFFF8000FF9FFFE0
:102C6000BFFFFFFFFFFF8000FF9FFFBFFFCFE7CF4A
:102C7000FF8000F7F3FFAFFFBFDFDFFF74004C9F63
:102C800097249F788B8B930C0000000000000000BD
:102C900000000000000000000000000000000080B4
:102CA00080805400507440601C00FFFFFFFF50DF25
:102CB000FFBBFF5000AFFFCBFF80FFFFFFFF9F0078
:102CC000F7FFF7FFA780EFFF9F5000F3FFCFFF93C1
:102CD00000DFFF400000FBFBAFFF9760EBFF873C8E
:102CE00000FFFFFFF778FFFFFFFF9F00FFD7604C5B
:102CF0001040E7FF702800FFFFFFFF6400DFFF4088
:102D00000000FFFFB7FF9760EBFF873C00E3FF9FEA
:102D1000FFBFFFFFFFFF9F00DFFF9FFF8F40E7FF29
:102D2000702800DBFFF3FF7C00DFFF4000004C9FBA
:102D30009F971800A7BF30000000000000000000AF
:102D40000000000000000000000000000000002063
:102D50003C000010808000000000FFDB000020FF2E
:102D6000FF00000000CFFF3C0020FFFF000000003C
:102D70006CB7380020FFFF000000009F8304003084
:102D8000FFF700000000F7FF54006CFFD3000000C5
:102D900000BFFF6000A7FFE3CF080000BFFF600097
:102DA000DFFFFFFF3C0000BFFF6020FFFFE3FF7875
:102DB0000000BFFF6058FFEF87FFAF0000BFFF605C
:102DC00097FFB748FFEB0000BFFF60CFFF8010FF09
:102DD000FF2400FFFFCFFFFF4800CFFF60009F9F51
:102DE00087649B1000687824000000000000000049
:102DF00000000000000000000000000000000000D3
:102E000000004874400000000000000000A3FFA77D
:102E1000000000000000000058FFF3080000000060
:102E200000000810F7FF4400000000000060F3F706
:102E3000FF9B000000000000AFFFEFFFE300000079
:102E4000000008F7FF64FBFF380000000050FFF3AC
:102E500008BFFF83000000009FFFAB0070FFD3009E
:102E6000000004EBFF5C001CFFFF24000040FFF7A4
:102E70000C0000CFFF7000008FFFB70000007CFF48
:102E8000BF0000E3FF6400000030FFFB1400A3DB81
:102E90001400000000C7AF28000000000000000080
:102EA0000000000000000000000000000000004CD6
:102EB0007C1C001C682800000000BBFF876080FFAE
:102EC000AF00000000FFFFFFFFB7FFFFFFFF740030
:102ED000EBE78070207C8080CF9B00FFC3FFBF00AA
:102EE00040FFBFB38000FFA3FFBF0040FFBFCF6024
:102EF00000FF8FFFC71444FFC7EB4400FFFFFFFF35
:102F00009F78FFF75C14003060FFD73CB7FFFF48A5
:102F100000000000FFCF28F3FFFF87000093CFFFE2
:102F2000FFAFFFBFFFCB0000F7CBFFD39BFF60DFFE
:102F3000FF10000400FFBFBFFF2097FF54000000F8
:102F4000BF8F7CA300489B400000000000000000F1
:102F50000000000000000000000000000000005C15
:102F600040080000000000000000F7FF8F60606074
:102F7000605C100000EBFFFFFFFFFFFFFFBF0000E2
:102F8000104040404040C3FFA30000CFFFFFFFFFC1
:102F9000FFFFFFD71000FFFF9FCFFFDB9FF3FF4036
:102FA00000FFFF0080FF9F00DFFF4000FFFF008069
:102FB000FF9F00DFFF4000FFFF9FCFFFDB9FF3FF7E
:102FC0004000FFFFFFFFFFFFFFFFC30C00FFFF00FC
:102FD0000000000000000000FFFF000000000000F3
:102FE000000000FFFFFFFFFFFFFFFFFF80008B9F40
:102FF0009F9F9F9F9F9F9F50000000000000000028
:1030000000000000000000000000000000000000C0
:10301000000038743000000000009F9F9FDBFFCF4E
:103020009F9F9F2800DFDFDFDFDFDFE3DFDF380088
:1030300000B3F3340010FBD308000068EFFFD7BFE4
:10304000CFFFF7870000FFFFD3CBBFC7D3F7FF3415
:1030500000FFFF8FFF87F79FDFFF4000FFFFCFFFDD
:103060002CF3DFDFFF4000FFFF80FBBFF38BE3FFAC
:103070004000FFFFABFFF3FFBBDFFF4000FFFFBFE0
:10308000FF9FFFBFDFFF4000FFFFB3FFDBFFBFDF9E
:10309000FF4000FFFF58E3FFF3CBFBFF34009F9F8F
:1030A0001400000060BB7800000000000000000079
:1030B0000000000000000000000000000000002CE4
:1030C00040001840404040080000FFDB00E3FFFFE5
:1030D000FFFFA30000EBFF30FFFF5887FFBF00009A
:1030E00097C344FFFF2060FFC7080080684CFFEFD4
:1030F0000040FFFF4000FFFF5048682020606C1830
:1031000000BFFF60DFFFFFFFFFE71800BFFF607C2D
:10311000836060EBFF4000BFFF80E7E7380CE7FF0C
:103120004000BFFF6497FFF3CFFFE31000BFFF60D5
:103130000093FFFFE3180000BFFF6048F3FFFFFFAD
:103140008F0400FFFFEFF3FF833CE7FF6000808008
:10315000703C5C00002878000000000000000000C7
:103160000000000000000000000000000000000C53
:1031700020200800000080801000E7FFFFD33C60A3
:1031800060FFFF4400FFD7EBFF9FFFFFFFFF8000C2
:10319000FFBFDFFF3C7850FFFF3800FFBFDFFF9F1E
:1031A000FF40FFFF2000FFBFDFFF83FF60FFFF2026
:1031B00000FFE7F3FF7CFF6CFFFF2000FFFFFFFF36
:1031C00060FF80FFFF2000FFBFDFFF54FF9BFFFF7A
:1031D0002000FFBFDFFF40FFABFFFF2000FFBFDF8E
:1031E000FF2CFFBFFFFF2000FFC7E3FF0C5834FF99
:1031F000FF2000FFFFFFEF008BDFFFFF18003C8088
:10320000742C00649F9F6800000000000000000014
:10321000000000000000000000000000000000149A
:10322000602000149F9F0000000058FFE7FFFFFF91
:10323000FFFFFF60009FFF8F9FABFFFF9F9F3C0042
:10324000DFFF34B3E3FFFFDB9B0800FFEF60FFE726
:10325000FFFFE7FF5000F3FF97FF9FFFFF9FFF6017
:1032600000BFFF9FFF9FFFFF9FFF6000BFFF9FFF0B
:10327000F3FFFFF3FF5000BFFF4CA3DFFFEFBF9F43
:103280000800BFFF70BFE3FFE7BB340000BFFF7063
:10329000D3FFFBCFFFA30000BFFF408BFFA70CF7BE
:1032A000EF0400BFFF48EBFF3C00AFFF4400789FF6
:1032B0002C488B000048741C000000000000000037
:1032C000000000000000000000000000000000609E
:1032D0004854601C645400000000FFBFDFFF5CFF27
:1032E000D3BFDF2000FFEFF7FFABFFB3DBFF4000F2
:1032F000FFEFF7FFCBFF97BFFF5C00FFBFDFFFBB18
:10330000FF8BABFF7400FFBFDFFFB3FFFFFFFF705A
:1033100000FFBFDFFF38ABBFBF8F0400FFBFDFFF81
:1033200093FFFFFFFF5000FFBFDFFFBFFF9FB7FF0F
:103330008000FFEBF3FFB3FF809FFF80009BFFFF48
:103340008F9FFF809FFF800080FFFF709FFF809F07
:10335000FF8000F7F3F3EFA7FFEFF3FF7800304CA7
:10336000502C18979F9F870C000000000000000061
:10337000000000000000000000000000000000004D
:10338000000000004460304808000000000000BF5A
:10339000FF9BFF3000DFDFDFDFDFF7FFF3FF5C00C5
:1033A0009F9F9F9F9FCFFFD39B1C0080808080802A
:1033B000A3FF9F000000FFFFFFFFFFBBFFBB00005C
:1033C000000060FF9F0040FFD70000000060FF9FEB
:1033D0000024FFEF0000000060FF9F0008FFFF0CCB
:1033E00000000060FF9F0000EFFF2400000060FF6E
:1033F0009F0000C3FF7400004C9BFFE7CBA358FF66
:10340000DB0000FFFFFBDBBB8008EBFF48003C1C40
:1034100000000000006054040000000000000000F4
:103420000000000000000000000000000000005C40
:1034300050000000207464641000FFCB306060878F
:10344000FFD7F74C00EBFF9BFFFFFFFFFFFF500094
:1034500087A334202020FFFF1C0000BF7C48BFBF93
:10346000BFFBFF1C0000FBFF7CE7FFDFDBFF3C0036
:1034700000DFFF409FFF80A7FF580000DFFF409F55
:10348000FF8087FF740000DFFF409FFF806CFF9389
:103490000000DFFF409FFF804CFFAF0000DFFF40D8
:1034A0009FFF8028FFE70000DFFF70CFFFBF40E7EE
:1034B000FF2400FBFFBBFFFFFF80A3FF6000BFBF37
:1034C000542020201050A344000000000000000001
:1034D00000000000000000000000000000000038B4
:1034E00038000020606060200000C3E36044EBFF10
:1034F000FFFFE30000FFFFFFE3FFFB34FFFF3C00A3
:10350000E7C78078E7E780EBE33800FBD7FF80FF71
:10351000FFFFFFFF4000FFBBFF30ABBF6880976C31
:1035200000FFABFF64FFF3C3FFBF9F00FFFFFF9FE0
:10353000FFC3BFFFBF9F00489BFF80FFFFBFFFBFD0
:103540009F000060FF78FFB7BFFFBF9F00ABE7FFA2
:10355000C7FFFFBFFFBF9F00EBD7FF87FFDBBFDFCA
:10356000BF9F000060FF60FFD7BBA7F78000004847
:10357000BF48BFA7488FA718000000000000000048
:1035800000000000000000000000000000000058E3
:103590007080504C704C00000000F7DFFFBFCFFF81
:1035A000EB60603000C3EBFFC3A3FFFFFFFF8000B1
:1035B000FFFFFFFFA76878C7FF4800FFFBFFDBAFF7
:1035C000FBE3BFFF4000FFDFFFBBAFC3FFFBF70C18
:1035D000009BCFBB9B6C70FFFFB30000FFFFF3FFAE
:1035E000D71CFFFF640000FFFFE7FFCF00EFFF2CB9
:1035F0000000FFFF9FFF9F30FFFF680000FBFFE31D
:10360000FF9383FFFFBB0000A7FFFFFB40CFFFEB53
:10361000F70C00F7FFF3FFCBFFCF87FF5800546490
:10362000149328705C348730000000000000000014
:10363000000000000000000000000000000000305A
:1036400048000000808000000000FFDF80FFFFFFD7
:10365000FFFFFF8000F7FF709F9FFFFF9F9F5000BD
:10366000BFD358D7FFFFFFFFD72000939F8FFFAF37
:10367000FFFF9FFF6000DFFF9FFF60FFFF40FF60D5
:1036800000DFFF97FFC3FFFFB7FF6000DFFF40FBD6
:10369000F3FFFFF7F32000DFFF30FF8FFFFF9BFFFB
:1036A0000800DFFF58FF64FFFF70FF3000DFFF8777
:1036B000FF34FFFF44FF5C00DFFF74B70CBFBF1493
:1036C000B75000D7FFE3DFDFDFDFDFDF7000389FB9
:1036D0009F9F9F9F9F9F9F50000000000000000041
:1036E00000000000000000000000000000000000DA
:1036F000000020503800000000002C7C80CFFFCB61
:103700008080400000EFFFFFFFFFFFFFFFFB240072
:10371000FFFF2000000000DFFF400080801000005D
:1037200000007080200080FF9F000000002C0C0033
:103730000080FF9F000450BBFF6C000080FFAF744F
:10374000DFFFFFE360000080FFFFFFFFC3540400C2
:10375000000080FFF79B3000000000000080FF9F0A
:10376000000000000000000080FF9F00000000003B
:1037700000000064FFFFFFFFFFFFFFBF00000468C1
:1037800080808080808060000000000000000000D9
:103790000000000000000000000000000000002405
:1037A00060603800000000000000F3FFFFFF93FF9F
:1037B000FFFFFF8000FFC3AFFF8F8BFFFFAB500009
:1037C000FFFFFFFF6CA3FFFFA30C00FFCFBFFFB302
:1037D000FF9F9FF36000FBFFFFFF97FFDFFFDF60AE
:1037E00000689F9F7C6CFFDFFFDF6000FFFFFFFF33
:1037F000BFFFDFFFDF60009787FFEB83FFFFFFFF67
:103800006000FFB7FFF360CFFFFFD72400FFA7FFE3
:10381000FF74F7E7CFFB1C00FFDFFFDF48EF83609B
:10382000EF5000FFF7FFF7BFC7CFC7C77800804052
:1038300080808080808080500000000000000000B8
:103840000000000000000000000000000000000474
:10385000201400000000544C0C00E3FFFF7C78FBB8
:10386000FFFFFF6800FFDFFFDFDBFF9F805C0000E2
:10387000FFBFFFDFDFFF4000000000FFBFFFDFDF13
:10388000FFCFBFBF6000FFBFFFDFDFFFCFFFFF60E5
:1038900000FFBFFFDFDFFF40FFFF0000FFBFFFDFD4
:1038A000DFFF40FFFF0000FFBFFFDFDFFF40FFFF44
:1038B0000000FFBFFFDFDFFF40FFFF0000FFBFFF93
:1038C000DFDFFF40FFFF0000FFC7FFDFDFFF40FF3C
:1038D000FF0000FFFFFFC3FBFF1CFFFF00003C6079
:1038E00058208BA3009F9F000000000000000000F4
:1038F00000000000000000000000000000000014B4
:103900006C2C00084C600000000058FFD39FAFFFF4
:10391000FB9F9F50009FFF93DFDFDFDFDFDF700043
:10392000E3FF3893D7DFDFDFBB2400FFFB2CFFFF73
:10393000C7BFEFFF7800F3FF9FFFFFE3DFF7FF74E0
:103940000080FF9F74D3DFDFDF9F180080FFA7D3C5
:10395000FFFFFFFFF7400080FFBFFFFF8080CFFF2A
:10396000800080FF9FBFBFBFBFBFBF480080FF9FD9
:10397000BFBFE7FFEFDF540080FF9F00009FFF8085
:1039800000000080FF9F70DFF3FF7C00000060BF3D
:103990007860BFBFA7180000000000000000000012
:1039A0000000000000000000000000000000000017
:1039B00000000028402800000000049B40009FFFFA
:1039C0009F0000000060FFFFBFC7FF9F00000000D6
:1039D0001834AFFBD3FF9F00000000C7DB68249FB3
:1039E000FF9F000000008FF7FFBF9FFF9F000000B8
:1039F0000000188B409FFF9F00000000FFFFFFFFAB
:103A0000FFFFFFFFFF4000808080E7FFFFF783801C
:103A1000200000008FFFFFF7FF74000000008FFF01
:103A2000FB6C60FFF73000008FFFFB540000B3FF1A
:103A3000CF0400E7FB5400000014EBFF4C002854B7
:103A400000000000004C40000000000000000000EA
:103A50000000000000000000000000000000004422
:103A6000240000003C6030000000EFFF503C049F49
:103A7000FF80000000FBFFFFFF939FFF8F400800C7
:103A8000285C87FFD79FFFFFFF2000000040FFDF7B
:103A90009FFFE7FF3C004C1840FFDF9FFFDFFF4028
:103AA00000F7DF68FFDF9FFFBFFF5C0080FFFFFFC5
:103AB000DF9FFFBBFF60000058F3FFD79FFF9FFF12
:103AC0008000000093FFB39FFF93FF80000064FF1E
:103AD000FF489FFF80FF8F0054FBFB68009FFF8023
:103AE000000000FBFB5400009FFF800000007854A2
:103AF00000000078BF60000000000000000000002F
:103B000000000000000000000000000000000000B5
:103B1000382C00043C6C1000000014E3FB4000F360
:103B2000FF4C000000AFFFB39FFFFFFFFFFF40000F
:103B3000E3FFD75C80DFFFAF80200064FFFF180049
:103B4000BFFF60000000E3FFBF0000BFFF60000098
:103B500000F3FFFB4080DFFFAF80200038FFFF80D5
:103B6000FFFFFFFFFF400020FFFF0000BFFF6000DE
:103B7000000020FFFF0000BFFF6000000020FFFFEB
:103B80000000BFFF6000000020FFFF0000BFFF60DB
:103B900000000020FFFFBFFFFFFFFFFF6000149F3A
:103BA0009F60808080808030000000000000000066
:103BB0000000000000000000000000000000000005
:103BC0000000509F640000000000608080BFFFCFB5
:103BD0008080800000BFFFFFFFFFFFFFFFFF0000AE
:103BE0001820208FFFAB202020000000000080FF65
:103BF0009F00000000009F9F9FCFFFDB9F9F9F3C87
:103C000000E3FFFFF3FFF3FBFFE7540044FFF38003
:103C1000FF9FC7FF5C000074FFBB80FF9F8FFF9377
:103C20000000ABFF8380FF9F58FFCF0000E3FF4CF5
:103C300080FF9F20FFFB0C00FFFF1080FF9F00EB29
:103C4000FF4000FFD70080FF9F00AFFF78004C547B
:103C50000060BF780044541C000000000000000019
:103C60000000000000000000000000000000000054
:103C700000001C503C00000000000000008FFFA767
:103C80000000000000FFFFFFFFFFFFFFFFFF8000BD
:103C9000CFFFCF808080AFFFDF40009FFF9F0000FD
:103CA0000060FFBF00009FFF9F00000060FFBF009B
:103CB0000080FFE728000CC3FFAF00000CB3FFE754
:103CC00054CBFFD71800000004A7FFFFFFC3180064
:103CD0000000000028EFFFFF6C000000000028E754
:103CE000FFCFFFFF7400000034E7FF930464FBFF85
:103CF0008F0000EFFF8300000054F3F32C00486CAA
:103D000000000000003C2C0000000000000000004B
:103D100000000000000000000000000000000000A3
:103D2000402C000020602800000004E3FF8F40C703
:103D3000FF9B40280050FFF7AFFFFFFFFFFF9F00F2
:103D4000B7FF9770FFE740FFFF5800FFFF9F8BFF13
:103D5000DF00FFFF4000F3FFFFFBFFE304FFFF3C3A
:103D60000004DBFF87FBFF9BFFEF0C0050FFE70821
:103D70008FFFFFFF740000CBFF700018F7FFE7080C
:103D80000000FFFFE78B04DFFFCF0000008F9F9F45
:103D90006464FFFFFF5000000444A354E7FFBBFF2F
:103DA000CF0000EBFFF3CBFFCF08E7FF4C009354AD
:103DB00008046040005450000000000000000000B3
:103DC00000000000000000000000000000000020D3
:103DD00020307C44607C14340C00FFFFFFFFB3F301
:103DE000FF9FFF480080FFFF700CD7FF93FF70001C
:103DF00060FFFF7460D7FFBBFF9300FFFFFFFFFF73
:103E0000FFFFFFFB5C0020FFFF3C208FFFA314009F
:103E10000000FFFF305064FFAF04000000FFFFF719
:103E2000FB5CFFDBD3300097FFFFCF502CFFFFF38D
:103E30005800FFFFFF20089BFFFF30000034FFFF0A
:103E400040CBFFFFFF38000000FFFF9FFB78ABFF78
:103E5000B70000BFFFFF18380024FBFF4400BFBFBE
:103E6000680000000087800C0000000000000000D7
:103E7000000000000000000000000000000000142E
:103E800034000C58606060300000FBE300B3FFFFBB
:103E9000FFFFFB2800DBFF3CDFFF5820C7FF40008F
:103EA00083FF83DFFF4000BFFF4000605C00C3FF73
:103EB000FFFFFFFF3400FFFB403C9B9F9F9F7C0860
:103EC00000C3FF80DFFFFFFFFFFF40009FFF805424
:103ED00060EBFF876018009FFF806060EBFF8760EA
:103EE00024009FFF80FFFFFFFFFFFF60009FFF8018
:103EF00040C3FFFFF35018009FFF8060FFF3D3FF24
:103F0000AB0000FFFFE7EBFF6828F3FF3C009F9F3B
:103F10008B288000005C48000000000000000000CA
:103F20000000000000000000000000000000000091
:103F30000048541C000000000000389BE3FFC79FAE
:103F40009F9F580000D7FFE7DFDFDFDFFFFF18008C
:103F5000DFFFCFBFBFBFBFFFFF2000DFFFB79F9FC7
:103F60009F9FFFFF2000DFFFE7DFDFDFDFFFFF2096
:103F700000DFFFB79F9F9F9FFFFF2000C3FFFFFF52
:103F8000FFFFFFFFEF0C005487979F70807C603429
:103F90000000F7DFDFFF87FF80DBEB0000FFC3DF00
:103FA000FF50FFB7B7FF1400FFA7DFFF40A77C8BD0
:103FB000FF4800FF8BCFFFE7DFDF93FF74009350D4
:103FC000349B9F9F9F485420000000000000000089
:103FD00000000000000000000000000000000040A1
:103FE00040404040404040401800FFFFFFFFFFFFBF
:103FF000FFFFFF6000404058FFFF40404040180076
:10400000000020FFFF084020000000000020FFFF0C
:104010009FFF80000000000020FFFF5CFFC3000046
:1040200000000020FFFF18FFFB0C0000000020FF35
:10403000FF00D3FF500000000020FFFF008BFF9720
:104040000000000020FFFF0048FFD7000000002014
:10405000FFFF000C97580000000020FFFF00000049
:10406000000000000020FFFF000000000000000032
:1040700018BFBF00000000000000000000000000AA
:104080000000000000000000000000000000000030
:104090004440043C682C1440000004DFFF87AFFF5D
:1040A00078E7F3080050FFFB44DBFFD7DFFF480051
:1040B000BBFFA738E7FFFBDFC71400FFFFA74034B3
:1040C000FFF700000000EFFFFFE34CFFFF58401830
:1040D0000000D7FFDBFFFFFFFFFF600050FFEF286E
:1040E00040C7FFA3501800CFFF8F00008FFFF3E3FE
:1040F0002800FFFFE7A70068FFFFF33C008F9F9FAA
:1041000078007CFFFF700000003C8F8360FFFFFFA2
:10411000D70400E3FFFBAFDBF358F3FF4C008F5CE9
:104120001000184800583400000000000000000093
:10413000000000000000000000000000000000007F
:1041400060802000488080580000BFEFFFCF8FFFC5
:10415000FFFFFF5800FFF7FFCF9FFFF3E7FF80004F
:10416000FFDFFFEF9FFFFFFFFF8000FFDFFFEFB7E5
:10417000FFF3E7FF8000FFC3FFDFBFFFFBF7FF8018
:1041800000FFBFFF9B9BFFF3E7FF7400AFA7DF3883
:1041900008ABDFDFBF1800AB87C3DF80BB508F7475
:1041A0000000FFCBDFFF8FFF93FFC70000FFBFDFE3
:1041B000FF50FBC7CFF70800FF9FDFFF406C409721
:1041C000FF3C00FF8FCBFFFFFFFFBBFF7800875056
:1041D00024939F9F9F5038080000000000000000BB
:1041E00000000000000000000000000000000028A7
:1041F0009F64000024682800000058FFAB3080D77F
:10420000FFB3802000FFFFFFBFFFFFFFFFFF400065
:10421000EBFFC330A793209BB30000DFFFE783FBD6
:10422000EB0CE3FF2000DFFFEBEFFFD700C3FF80C5
:1042300000DFFFDFABC3FF8FFFCF0800CFFFCBB3A3
:1042400040FFFFFF500000BFFFBFBF00BFFFCF0018
:104250000000BFFFA7A300CFFFCF000000BFFF9F5C
:104260000050FFFFFF500000AFFF9F00CFFF80FF17
:10427000CF00009FFF9F50FFBF00BFFF4C0020807A
:1042800050106C3C003C6004000000000000000086
:10429000000000000000000000000000000000001E
:1042A00050830C00000054581C0080F3FF9B50B357
:1042B000FFFFFF5C00FFFFFFFFBBFFFF805400001C
:1042C00093AF78A754FFFF00000000F7FFD3FF83F0
:1042D000FFFFFFFF8000FFFFFFFFBFFFFFDFFF606B
:1042E0000040AFBF6048FFFFBFFF4000DFFBFFE7BC
:1042F000ABFFFFBFFF40009FF3FFB783FFFFBFFF90
:104300004000DFDFFFDF9FFFFFBFFF4000CFDFFF89
:10431000CF9FFFFFBFFF4000BFDFFFBFBBFFEBBF73
:10432000FF4000DBFBFFB3DFFFCBBFFF400060B708
:104330006C3064A380789F2800000000000000001B
:104340000000000000000000000000000000000865
:10435000783C00004C781C00000048FFDB8080EFB8
:10436000FF9F8040009BFF93FFFFFFFFFFFF800048
:10437000E3FF441C20202020200800FFFF30DFFF47
:10438000FFFFFFFF4000E7FFB3546060606060180C
:104390000060FFBFA7BFBFBFBFBF300060FFBFA7A8
:1043A000BFBFBFBFBF300060FFBF24808080806080
:1043B000000060FFBFBBFFFFFFFFFF300060FFBFDB
:1043C000BFFF4000DFFF400060FFBFBFFF4000DFD6
:1043D000FF400060FFBFBBFFE7DFFBFF300048BFCF
:1043E0008F2C979F9F9F6C00000000000000000032
:1043F00000000000000000000000000000000000BD
:104400003C08000000000000000034F7D36CFFFF00
:10441000FFFFFF8000E3FF803080808080804000CD
:10442000FFFFA30000000000000000AFFFE7508086
:10443000808080805000FBFF649FFFFFFFFFFF9F95
:1044400000FFFF9700000040FFDF000093FF9F0088
:10445000000040FFDF000080FF9F00000040FFDF02
:10446000000080FF9F00000040FFDF000080FF9FF2
:1044700000000040FFDF000080FF9F00000040FFC1
:10448000DF000080FF9F00BFFFFFFFCB00004080E8
:1044900050006080807C20000000000000000000D0
:1044A00000000000000000000000000000000010FC
:1044B000702C004824000000000058FFA70CFBF7F8
:1044C0008080780C00A3FFCBDFBFFBDFF3FF5C0035
:1044D000EBFB93FFBBFF97DBFF5800FFDF83FF2859
:1044E000E7FFFFA30400F3FFBBFF54F3FFFFAB04A0
:1044F00000BFFFBFFFD3F360C3FB4000BFFFBFFFA0
:10450000408378A7F33800BFFFBFFFC7FFFBD7AFDB
:104510003800BFFFBFFF344C4C70934000BFFFBF5B
:10452000FFDFFFFFFFDB5800BFFFBFFF504C4C4CCD
:104530006C3000BFFF6040C3F7FFFFFF6000789F53
:1045400028008774502C08000000000000000000C4
:104550000000000000000000000000000000002833
:1045600044083014808010000000FFE738FF80FF0F
:10457000FF20000000F3FF93FFC3FFFFAB9F280065
:10458000B3D774BBBFFFFFC7BF3000ABBF30000065
:10459000FFFF20000000DFFF646060FFFF74602405
:1045A00000DFFF9FFFFFFFFFFFFF6000DFFF4C9F6B
:1045B000FF9F74FFC70C00DFFF40CFFF5860FFBFB5
:1045C0000000DFFF50FFFF2060FFBF0000DFFF8F14
:1045D000FFE7005CFFEF6000DFFF789F8F0014AB08
:1045E000BF6000D7FFE7DFDFDFDFDFDF7000389F6E
:1045F0009F9F9F9F9F9F9F50000000000000000012
:104600000000000000000000000000000000001892
:104610005C606060606060603000D7FFFFFFFFFF9C
:10462000FFFFFF8000FFFF5840589F93404020004D
:10463000FFFF200040FFDF00000000FFFF200040E0
:10464000FFDF00000000FFFF8FDFE7FFFBDFDF542D
:1046500000FFFF709FB7FFF39F9F3C00FFFF20000C
:1046600040FFDF1C480000FFFF200040FFDFC3FFCA
:104670001000FFFF200040FFDF9BFF3400FFFF2002
:104680000040FFDF78FF5800FFFF484070FFE768F9
:104690008F3800FFF79FFFFFFFFFFFFF8000878F2E
:1046A0002840404040404020000000000000000042
:1046B000000000000000000000000000000000609A
:1046C00060606060606060601800FFFFFFFFFFFFD8
:1046D000FFFFFF40004058CFFF70FFE75048100039
:1046E000FFBFBFFF40FFDF97FF4000FFBFBFFF409E
:1046F000FFDF9FFF3800FFDFBFFF40FFDF9FFF208E
:1047000000EFDFBFFF40FFDFBFFF2000DFE7BFFF9D
:1047100040FFDFBFFF1000DFFFBFFF40FFDFC3FF31
:104720000000C7FFBFFF40FFDFDFFF0000BFFFCB80
:10473000FF40FFDFDFEB0000485CC7FF40FFDF4CBE
:10474000540000FFFFFFFFFFFFFFFFFF40009F9FA0
:104750009F9F9F9F9F9F9F280000000000000000D8
:104760000000000000000000000000000000000049
:104770003C68200C2020202014009FEBFFC3C3FFC7
:10478000FFFFFF9F00FFFFFFFFC374FFFFA3500069
:1047900078CB87BF4CA7FFFFB718009BFFDFFFB3A5
:1047A000FF9F9FE77C00D3FFFFFFDFFFDFFFBF809E
:1047B00000FFEB64E7CBFFDFFFBF8000FFEBC3FF31
:1047C000D7FFDFFFBF8000FFEFE3BB74FFDFFFBF5A
:1047D0008000FFDF8BFFE7FFEFFFDF8000FFF7FBCD
:1047E000C76CFFFFFFFF8000FFDB78EF93DBFFF379
:1047F000F31800FFE3FBDB64FFBB87FF5C00684846
:104800006C141C80481C8728000000000000000079
:104810000000000000000000000000000000008018
:1048200080808080808080804000FFFFFFFFFFFF4E
:10483000FFFFFF80005097DBFFCFFFF39F68100062
:10484000F7FFFFFFFFFFFFFFFF4C00FFFFABFFABDA
:10485000FFE3C7FF6000FFFFE7FFE7FFF7EFFF6041
:10486000007CBFBFBFBFBFBFBF9F0C00AFFFC36017
:1048700060609BFFD71800FFFFFFFFFFFFFFFFFFF8
:1048800040009FFFB74040408FFFCF100064FFFB08
:10489000C387C3FFFF8F00001CBFFFFFFFFFFFD7D1
:1048A000300000FFFFF7AF6CA3F3FFFF68009F5CD1
:1048B0000C0000000850A3140000000000000000DD
:1048C00000000000000000000000000000000000E8
:1048D000005C3028100000000000FFFFFFF3D3FB56
:1048E00097604400009FFFFF2C8BFFFFFFFF5800E5
:1048F00060FFFF6030AF68BFFF8000FFFFFFFF2C4D
:10490000F7C3C7FF7800E3FFFF5834DFFFFFFF3C2A
:1049100000DFFFFFEF8FFFEB9B380000DFFFFFDFC3
:10492000D3FF7440300000CFFFFFC7D3FFFFFFFF6E
:104930005000BFFFFFB35CB774C7FF8000BFFFFF2D
:104940003428FFB3BFFF8000BBFFFF0004D3F7F79D
:10495000FF50009FFFFF00BBFFFFDB7C0400149FA4
:104960009F0054873000000000000000000000009D
:104970000000000000000000000000000000001027
:104980007C40000400040400000054FFF3B7CFAFE4
:1049900097B3C3340097FFA3F7FFAFF3FBFF2800E3
:1049A000DBFF50A7FFB3AFFFBF0000FFFF6C40FF6E
:1049B000F7E3FF580000FBFFBF00D7FFFFEB080045
:1049C000006CFFBF0074FFFF8B00000060FFBF00A2
:1049D0002CFFFF4C00000060FFBF0080FFFF9F0026
:1049E000000060FFBF04E3FFFFF710000060FFBF9F
:1049F0004CFFEFD7FF6C000060FFBFB3FF9374FF65
:104A0000D3000060FFDBFBFF2C14F7FF38003C9F56
:104A100078387800006C44040000000000000000BA
:104A20000000000000000000000000000000002066
:104A300020202020202020040000FFFFFFFFFFFF98
:104A4000FFFFD3080080808080808080FFFF2000EF
:104A500000000000000000FFFF20008B9F280000E6
:104A60000000FFFF2000DFFF4000000000FFFF20EC
:104A700000DFFFFFFFFFFFFFFFFF1800DFFFB79F13
:104A80009F9F9F97540000DFFF4000000000000040
:104A90000000DFFF400000000000000000DFFF40DA
:104AA0000000000000000000DFFF58202020202030
:104AB000200800C3FFFFFFFFFFFFFFFF4000146C53
:104AC0008080808080808020000000000000000046
:104AD0000000000000000000000000000000005086
:104AE00080400480501440140000ABFF8BB3FFFBE8
:104AF000FBFFFB3800FFFFDFDFFF87FFD7FF7C00F6
:104B0000C3FFA3DFFF80FFBFFF80009FFF80DFFFA9
:104B100080FFBFFF80009FFF80DFFF80FFBFFF801F
:104B2000009FFF80DFFF80FFBFFF80009FFF80DFCF
:104B3000FF80FFBFFF8000B7FFE3E3FF80FFBFFF01
:104B40008000FFFFDFF3FF80FFBFFF8000BBFF801F
:104B5000DFFF80FFBFFF80009FFF80DFFF87FFCF69
:104B6000FF8000F3FF70B3FFBFFFFFFF44009F8390
:104B70000C083C70BF80280000000000000000000E
:104B8000000000000000000000000000000000081D
:104B900054606060606060380000B3FFFFFFFFFF9B
:104BA000FFFFFF5400DFFF7070FFE740B7FF80009A
:104BB000DFFF4040FFDF009FFF8000DFFFCFCFFF20
:104BC000F7BFE7FF8000DFFFCFCFFFF7BFE7FF8032
:104BD00000DFFF4040FFDF009FFF8000DFFF7070BD
:104BE000FFE740B7FF8000DFFFFFFFFFFFFFFFFF92
:104BF0008000DFFF7070FFE740B7FF8000DFFF40FD
:104C000040FFDF009FFF8000FBFF2440FFDF009F8D
:104C1000FF8000FFEF0040FFDF9FFFFF7000787C08
:104C200000208070649F78080000000000000000F1
:104C30000000000000000000000000000000001C58
:104C400038000000000058541C00FBD740FFFFFF55
:104C5000FFFFFF5400E3FF58808FFFFF80480000F4
:104C600087C783FFFFFFFFFFFF4000836C24E3E75C
:104C7000FFFFEFCF2000FFFF50DFBBFFFFCBB300F4
:104C800000BFFF60FF9FFFFFAFD30000BFFF6C605E
:104C9000489F9F48480000BFFF9FFFFFFFFFFFF3B3
:104CA0001400BFFF709FFFAF64FFEF0C00BFFF60F9
:104CB000ABFF709BFFFF3400BFFF60D3FF4844DFB2
:104CC000FF4000F7FFB7FBFF6CDFF7FF3C009F9F43
:104CD000837C9B48BFB7700000000000000000000C
:104CE00000000000000000000000000000000000C4
:104CF00000000000000000000000DFFFFFFFFFFFDA
:104D0000FFFFFF0000708080808080808080000036
:104D10000000000000000000000000000000000093
:104D2000000000000000FFFFFFFFFFFFFFFFFF602C
:104D300000809BFFFF9B8080808030000083FFEB22
:104D400008000C4000000000E3FF970040F7FF1C44
:104D5000000044FFFF380008EFFF8000009FFFD7EE
:104D600000000097FFDF0000F3FFA340404074FF06
:104D7000FF4400FBFFFFFFFFFFFFFFFF400030602D
:104D800060606060606040000000000000000000A3
:104D90000000000000000000000000000000000013
:104DA00020743000000000000000007CFFBF000005
:104DB0000000000000FFFFFFFFFFFFFFFFFF60009C
:104DC000BFFFF79F9F9F9F9F9F3C0097FFA30000FF
:104DD000789F3C000000EFFF480000BFFF6000002C
:104DE00000FFFF408080DFFFAF802000C3FF80FF17
:104DF000FFFFFFFFFF4000BFFF642020C7FF7420BC
:104E00000800BFFF600000BFFF60000000BFFF6040
:104E10000000BFFF60000000BFFF600000BFFF6038
:104E2000000000BFFF9FFFFFFFFFFFFF60008FBF7D
:104E3000709F9F9F9F9F9F3C00000000000000000C
:104E40000000000000000000000000000000003032
:104E50008060246060606050040060FFBF60FFFFFE
:104E6000FFFFFF5800EBFFF79BB78F20C3FF6000E9
:104E7000C3FFE787E7FFCBFFEF240060FFBF002CF5
:104E8000FBFFF728000060FFBF04ABFFFFFF9B04A0
:104E90000060FFBF3CF3E350E7FB4C0060FFBF2422
:104EA00093BBFFC79F240080FFE7CBFFFFFFFFFFFF
:104EB0006000FFFFF7AB409FFF9F40180097FFBFC8
:104EC0005080BFFFBF80500060FFBF9FFFFFFFFF0C
:104ED000FF9F00EBFFB3000080FF80000000BFAB2E
:104EE00034000060BF60000000000000000000000F
:104EF0000000000000000000000000000000004072
:104F000040404040404040401800FFFFFFFFFFFF8F
:104F1000FFFFFF600060606060FFFF74606024005E
:104F200000000000FFFF200000000028402000FFDC
:104F3000FF20000000009FFF8000FFFF584030006E
:104F4000009FFF8000FFFFFFFFBF00009FFF80006A
:104F5000FFFF74604800009FFF8000FFFF200000FB
:104F600000009FFF8000FFFF20000000009FFF80E7
:104F700000FFFF2000000000B7FF9F40FFFF5840E8
:104F8000402800FFFFFFFFFFFFFFFFFF9F00606063
:104F9000606060606060603C000000000000000035
:104FA0000000000000000000000000000000000001
:104FB0000000649F500000000000606060C3FFAF0D
:104FC0006060601800FFFFFFFFFFFFFFFFFF400072
:104FD000404040B7FF9F40404010000000009FFF4E
:104FE000800000000000DFFFFFFFFFFFFFFFD3088E
:104FF00000709F8080808080FFFF200083FB8B04F7
:1050000000006CFFFF14006CF3FFCF48B7FFFB708C
:1050100000000024C7FFFFFFD7300000000014ABE2
:10502000FFFFFFC72000000048E3FFE768D7FFF35A
:105030006C0000F3FFAB1400088BFBFF4C004060DA
:1050400000000000004068000000000000000000B8
:105050000000000000000000000000000000006CE4
:105060004C0000001C4040200000FFF7808044F30B
:10507000FFFFFB3800EFFFFFFF9FFFCFCFFF780060
:1050800000BFFF5868FFBFBFFF800000BFFF406048
:10509000FFBFBFFF800000BFFF4060FFBFBFFF80BA
:1050A00000FFFFFFFFBFFFBFBFFF8000A3FFFFCFD9
:1050B0009BFFBFBFFF800030FFFFAB60FFBFBFFFA4
:1050C000800060FFFFDB60FFBFBFFF80008FFFFB42
:1050D000FF70FFBFBFFF8000C3FFAFFFA3FFBFBFD5
:1050E000FF8000F3EB58FFBFFFFFFFFF60007C7CF9
:1050F000209B485C808064040000000000000000E9
:105100000000000000000000000000000000001887
:10511000874C000054600C00000058FFE3DFDFFB09
:10512000FFE3DF540097FF9FBFBFF7FFC7BF4800F3
:10513000D7FF483C9FF3FFAB700000FFFF2CD7FF69
:10514000E7DFFFFF1800FBFF9BDFFF9F80FFFF20D3
:105150000083FF9FDFFFFFFFFFFF200080FF9FDF37
:10516000FF7040FFFF200080FF9FDFFFFFFFFFFF7A
:10517000200080FF9FDFFF8760FFFF200080FF9FF0
:10518000DFFFFFFFFFFF200080FF9FDFFF8760FF43
:10519000FF200080FFBFFFFFFFFFFFFF8000509F49
:1051A000789F9F9F9F9F9F5000000000000000007D
:1051B00000000000000000000000000000000000EF
:1051C000000000204028000000000000000080FFD8
:1051D0009F000000002080700080FF9F0000000002
:1051E00040FFDF0080FF9F0000000040FFDF0080E5
:1051F000FFC36060240040FFDF0080FFFFFFFF600F
:105200000040FFDF0080FFB74040180040FFDF0094
:1052100080FF9F0000000040FFDF0080FF9F000034
:10522000000040FFDF0080FF9F0000000040FFDF24
:105230000080FF9F0000000058FFE3208FFFAB209D
:10524000201000FFFFFFFFFFFFFFFFFF80008080B7
:10525000808080808080804000000000000000008E
:10526000000000000000000000000000000000003E
:105270003C3400000000505C200000DBFF83BFFFD7
:10528000FFFFFF540048FFFB3CFFFFB3FF8000001F
:10529000B3FFAF20FFFF5CFF7C0000FBFFAB54FFC0
:1052A000FF40FF930000F3FFFFF3FFFF5CFFBB1025
:1052B0000000D3FF9FFFFFFFFFFF400050FFEF30D4
:1052C000FFFF60F3EB1800C3FF8020FFFF00DBFB54
:1052D0000000FFFFE7ABFFFF00BFFF14008F9F9FA1
:1052E00083FFFF00A3FF280004449B7CFFFF008B8B
:1052F000FF4000E7FFF78FFBFFDF74FF6000935C68
:105300000C0058B3BF3C802C0000000000000000DF
:105310000000000000000000000000000000005C31
:1053200080808080808080700400FFFBF3FFF3FFAB
:10533000FBF7FF6400FFEFCFFFCFFFEFDFFF74004D
:10534000BBDFDFEFFFF3DFDFCF2400BFBFBFDFFF37
:10535000E7BFBFBF60009F9F9FCFFFDB9F9F9F5016
:10536000008BFFFFFFFFFFFFFFB30000FBFFAB9FC2
:105370009F9F9FFFFF2000FFFFFFFFFFFFFFFFFF3B
:105380002000FFFFC7BFBFBFBFFFFF2000FFFFC759
:10539000BFBFBFBFFFFF2000FFFFFFFFFFFFFFFFFB
:1053A000FF2000FFFFC7BFBFBFBFFFFF6800BFBF39
:1053B000BFBFBFBFBFBFBF60000000000000000054
:1053C0000000000000000000000000000000006C71
:1053D00030040000408040000000FFF34018148FAC
:1053E000FF8F140000FFFFFF9BFBFFFFFFFB54003C
:1053F00034404097FFD7FFC3FF9700FFFFFFBFFF79
:10540000BFFF9FFF9F00BFFFCF9FFFBFFF9FFF9F7B
:105410000080FF9F80FFBFFF9FFF9F008FFFAB8B30
:10542000FFBFFF9FFF9F00FFFFFFDFFFBFFF9FFF4B
:105430009F00AFFFC3A3FFBFFF9FFF9F0080FF9FA1
:105440007CFFE7FFDBFF930080FF9F24CFEFFFEFA0
:10545000D7340064FFF3380080FF80000000048030
:10546000B7300060BF6000000000000000000000D6
:10547000000000000000000000000000000000002C
:1054800000000000000054380400DFDFDFDFDFDF52
:10549000DFFBFF34009F9F9FCFFFDB9F934C0000FB
:1054A000FFFFFFFFFFFFFFFFFF4000839F9FCFFF36
:1054B000DB9F9F832000E3FFFFFFFFFFFFFFEF2C39
:1054C00000FFEF80BFFFCF80DFFF6000FFFBDFEF5B
:1054D000FFF3DFF7FF6000FFF39FCFFFDB9FE7FFE6
:1054E0005C0083BFBFDFFFE7BFBF9B0C00BFBFBF38
:1054F000DFFFE7BFBFBF18009F9F9FCFFFDB9F9FCE
:105500009F1400DFDFDFEFFFF3DFDFDF70009F9F1F
:105510009F9F9F9F9F9F9F500000000000000000E2
:10552000000000000000000000000000000000007B
:1055300000003064440000000000202020BFFFB7BE
:105540002020201000FFFFFFFFFFFFFFFFFF800074
:10555000808080BFFFCF808080400000000080FFFF
:105560009F000000000000000080FF9F000000007E
:10557000009F9F9FCFFFDB9F9F9F2800FFFFFFFFA4
:10558000FFFFFFFFFF400000000080FF9F000000C2
:10559000000000000080FF9F0000000000000000ED
:1055A00080FF9F00000000002020208FFFAB202004
:1055B000201000FFFFFFFFFFFFFFFFFF8000808044
:1055C000808080808080804000000000000000001B
:1055D00000000000000000000000000000000000CB
:1055E0006840080030640C0000001CFFFB1400D36E
:1055F000FF3C00000070FFC3BFFFFFFFFFFF400044
:10560000C3FF706080EFFF9F802000FFFF600000FD
:10561000DFFF40000000E7FFBF0000DFFF400000A9
:105620000060FFBF6080EFFF9F80100060FFBFBF82
:10563000FFFFFFFFFF200060FFBF0000DFFF400013
:10564000000060FFBF0000DFFF4000000060FFBF00
:105650000000DFFF4000000060FFBF0000DFFF40F0
:1056600000000060FFBFDFFFFFFFFFFF60003C9F07
:105670007870808080808030000000000000000092
:105680000000000000000000000000000000001CFE
:10569000380000084C6000000000FFDF10203CFFD5
:1056A000F320201000B7FFABFFFFFFFFFFFF8000DC
:1056B000B7FF808080FFFF8F804000FFF30800006D
:1056C000FFFF20000000B3FF540000FFFF20000098
:1056D0000040BB6C8080FFFF8F8030004C9783FFC1
:1056E000FFFFFFFFFF60008FFF700000FFFF200043
:1056F0000000B3FF480000FFFF20000000D7FF2498
:105700000000FFFF20000000FBF7000000FFFF206B
:10571000000000FFD360FFFFFFFFFFFF80008774E2
:105720003080808080808040000000000000000009
:105730000000000000000000000000000000000861
:1057400018003C28002050080000FBA300D3FF7085
:10575000F7FF682000FFD738FFFFFFFFFFFF800043
:10576000CFFF9FFFDF60EBFF9B300097FFBBFFDFAA
:1057700000DFFF600000549F74FFF7BFF7FFD760A2
:1057800000489B74FFF7BFEFFFD7600083FF93FFD4
:10579000DF00BFFF600000A3FF70FFEB60D7FF9B3F
:1057A0003000C7FF4CFFFFFFFFFFFF8000E7EB402B
:1057B000FFE320C7FF741000FFC740FFDF00BFFFFB
:1057C000600000FFA33CFFFBDFF7FFEB70004834F5
:1057D00000839F9F9F9F9F500000000000000000DB
:1057E00000000000000000000000000000000000B9
:1057F00000405810000000000000083CCBFFC340F0
:105800004040140000D7FFFFFFFFFFFFFFF31C0025
:10581000FFFF6060606060EBFF4000FFFF00000082
:105820000000DFFF4000FFFFDFDFDFDFDFFBFF40C7
:1058300000FFFF9F9F9F9F9FF3FF4000FFFF00001F
:10584000000000DFFF4000FFFF6060606060EBFF72
:105850004000FFFFFFFFFFFFFFFFFF4000FFFF00D3
:1058600000000000DFFF4000FFFF2020202020E399
:10587000FF4000EFFFFFFFFFFFFFFFFB280024605A
:1058800060606060606030000000000000000000A8
:105890000000000000000000000000000000003CCC
:1058A0006060180C6C807C2C0000FFFFFFC7A3FF1A
:1058B000FFFFF31000FFABFFDFBFFFABFFFF2000D8
:1058C000FF9FFFDFBFFF9FFFFF2000FF9FFFDFBFA6
:1058D000FFDBFFFF2000FFCFFFD7BFFFF3FFFF205D
:1058E00000FFFFFF80BFFF9FFFFF2000FFABFFDF38
:1058F000BFFF9FFFFF2000FF9FFFDFBFFFF3FFFF02
:105900002000FF9FFFDFBFFFE7FFFF2000FFB7FF83
:10591000DFBFFF9FFFFF2000FFFFFFABBFFF9FFF29
:10592000FF2000FFCF343CF7FFF3FFFF7400BF8F71
:1059300000289F9F9F9F9F500000000000000000D4
:10594000000000000000000000000000000000183F
:1059500060606060606060240000E3FFFFFFFFFFA5
:10596000FFFFF30C00FFF7BFBFBFBFBFEFFF20007B
:10597000FFFBDFDFDFDFDFF7FF2000F7FBDFDFDF2D
:10598000DFDFF7FF140064BBBFBFBFBFBFBB741036
:1059900000FFFFFFFFFFFFFFFFFF8000FFEB87FF20
:1059A000D3DFDFDFCB3C00FFFFFFFFBFFFFFFFFFC9
:1059B0007800FFEB87FFAF9B80DBFF5000FFFFFF0E
:1059C000FFAFD7FFFFA70000FFEF9FFFA768FFFF14
:1059D000600000FFFFFFFFEFEFF7F3FB40005840D0
:1059E000589F7070604483040000000000000000B5
:1059F00000000000000000000000000000000004A3
:105A00008B5044480C00000000003CFFEFBFFF68D3
:105A1000000000000083FFA7DBFFFFFFFFFF800007
:105A2000CBFF6038EFFF9F80804000FFFF8300DFE7
:105A3000FF4000000000F3FFBF00DFFF4000000058
:105A40000064FFBF00DFFFE7DFDF380060FFBF005B
:105A5000DFFFB79F9F280060FFBF00DFFF4000000F
:105A6000000060FFBF00DFFF400000000060FFBFDC
:105A700000DFFFCFBFBF300060FFBF00DFFFCFBF41
:105A8000BF300060FFBF00DFFF400000000048BFE4
:105A90008F008B9F28000000000000000000000025
:105AA00000000000000000000000000000000030C6
:105AB00064082020202020100000FBFB5CFFFFFF7B
:105AC000FFFFF73800B3EB646060787CCBFF8000A9
:105AD0009383304070FFCBDFFF8000FFFFBFFFFFED
:105AE000FFFFEFFF8000FFFF40B368FFA3A7FF8029
:105AF00000FFFF9FFFDFEBFFB7FF8000FFFFBFBF8F
:105B0000FFCFEF9FFF8000FFFFBFBFFFB7C39FFF27
:105B10008000FFFFBFD7FFABD79FFF8000FFFF8351
:105B2000FFC3D3F39FFF8000FFFF3CBBAFCBFFB3AE
:105B3000FF8000FFFF8BFBD354FFF7FF6C009F9F9C
:105B40001408000C2C9F800C0000000000000000D6
:105B50000000000024002500000000002A002A00A8
:105B6000020000002E003A00030000003C003C0050
:105B7000100000003E003E001100000041005A00ED
:105B8000120000005F005F002C00000061007A003E
:105B90002D0000007E007E0047000000CCA1CCA1BB
:105BA0004800000009006300000000000A006E00C9
:105BB0006300000006004200D10000000300210045
:105BC00013010000050037003401000007004D00FC
:105BD0006B01000007004D00B801000007004D00F8
:105BE0000502000007004D005202000007004D00B2
:105BF0009F02000007004D00EC02000007004D006E
:105C00003903000007004D008603000007004D0027
:105C1000D303000007004D002004000004002C0006
:105C20006D0400000C008400990400000C00840046
:105C30001D05000008005800A105000008005800DC
:105C4000F905000007004D0051060000080058004B
:105C50009E06000007004D00F606000007004D00FC
:105C60004307000008005800900700000800580093
:105C7000E807000004002C00400800000600420075
:105C80006C08000008005800AE08000007004D0036
:105C9000060900000A006E005309000009006300B5
:105CA000C109000008005800240A0000080058003C
:105CB0007C0A000008005800D40A000008005800C0
:105CC0002C0B000007004D00840B000007004D0066
:105CD000D10B0000080058001E0C000007004D000A
:105CE000760C00000B007900C30C0000080058007F
:105CF0003C0D000007004D00940D000007004D0012
:105D0000E10D0000080058002E0E000006004200C1
:105D1000860E000007004D00C80E0000060042007D
:105D2000150F000007004D00570F000007004D0041
:105D3000A40F000004002C00F10F000007004D002C
:105D40001D10000007004D006A1000000300210034
:105D5000B710000004002C00D810000007004D0010
:105D60000411000004002C00511100000B00790008
:105D70007D11000007004D00F611000007004D00E6
:105D80004312000007004D009012000007004D0074
:105D9000DD120000060042002A1300000600420047
:105DA0006C13000004002C00AE13000007004D002F
:105DB000DA13000006004200271400000A006E00FB
:105DC0006914000007004D00D714000006004200CF
:105DD00024150000060042006615000007004D0073
:105DE000A815000007004D00F51500005818000028
:105DF0000000000000DFF787100000000000DFFF58
:105E0000FFE76804000000DFFFFFFFFFD34400004E
:105E1000DFFFFFFFFFFFFFB324DFFFFFFFFFFFFFF9
:105E2000FFC3DFFFFFFFFFFFEF8008DFFFFFFFFB88
:105E30009B140000DFFFFFBF3000000000DBD74CE9
:105E40000000000000002804000000000000000026
:105E50000000000000000000008793080C938700FA
:105E6000000000FFFF2020FFFF00000000FFFF20D8
:105E700020FFFF00000000FFFF2020FFFF000000C8
:105E800000FFFF2020FFFF00000000FFFF2020FF99
:105E9000FF00000000FFFF2020FFFF00000000FFC8
:105EA000FF2020FFFF00000000F3FB1818FBF300A9
:105EB00000000000000000000000000000000000E2
:105EC00000000000006450000010A3A39FA30C106A
:105ED00093FFFF870C24E7E3E7E718003093803453
:105EE000000000141000000000000000000000008E
:105EF00000000000000000000000000000000000A2
:105F00000000000000000000000000000000000091
:105F10000000000000000030BF7840FF9F0000003C
:105F20000000005468000000E38F00003CFF3C00CC
:105F3000008FEB000000E39B00003CFF4400008F5B
:105F4000EB040000E39B000034FF44000083EB04FB
:105F50000000BB8B000000000000000000000014E7
:105F6000809B5400000CE3F7D3FF740050FF5400F3
:105F7000CFD30060FF4000BFDF0060FF4000BFDF05
:105F80000060FF4000BFDF0060FF4000BFDF00286F
:105F9000FFB36CF3AB00006CF3FFCB1C0000000000
:105FA00014000000000000000000000000308040ED
:105FB00000000048F3FF80000000BF8BFF8000005E
:105FC000003C00FF800000000000FF800000000097
:105FD00000FF800000000000FF800000000000FFC4
:105FE000800000000000FF800000000000000000B2
:105FF00000000000000000000014809B5C0000080E
:10600000D7F3CBFF830034DF4C00B3DB000000008C
:1060100004D7C7000000009FFB400000007CFF6821
:106020000000005CFF8B00000024FBE7646054006C
:1060300040FFFFFFFFDF0000000000000000000045
:1060400000000000000020879750000018E7EFD7FD
:10605000FF6C0050DF3C00CFC30000000018DFAF32
:1060600000000000FFFB3C0000000058EBB30040C4
:10607000801000A3E30054FF9B68EBC3000093F77C
:10608000FFCF280000000414000000000000000002
:10609000000000000070700000000040FF80000061
:1060A0000000BFEF1000000040FF8000000000BFB4
:1060B000EF1840180040FF8020FF60009BFFCBC717
:1060C000FFD71878BFBFC7FFD71800000020FF60B8
:1060D00000000000000000000000000000000010B0
:1060E00080808080600020FFE7DFDFA70020FF4086
:1060F0000000000020FFA3BF8B0C0020FFDBA7FBEC
:10610000970008401800B3DB001C601C00A3DF00F0
:1061100024FFB368EFB3000074F7FFCF2400000042
:1061200004140000000000000000000000000880CF
:10613000500000000070FF4000000004DBBF0000C2
:10614000000060FF5C08000000DBFFFFE738004054
:10615000FF8B38E7C30060FF2400ABDF0038FFA7E8
:106160006CF3B7000080F7FFC71C000000041400A8
:10617000000000000000000000308080808080006F
:1061800060FFE3DFF3FF0060FF2004E3C700184077
:10619000084CFF6800000000ABF30C00000014FB8B
:1061A0009F0000000074FF3C00000000D7D70000F3
:1061B000000038FF74000000000000000000000034
:1061C000000000000000001C809B5C000010E7F74E
:1061D000D3FF780058FF5000CFD70038FF781CDF7E
:1061E000C30000BBFFFFFF3C0038FFA358EBBB0020
:1061F0007CFF20009FFF0048FFA368EBCF000080DA
:10620000F7FFD72800000004140000000000000081
:10621000000000001C809B5C000010E3F7D3FF80AF
:106220000058FF4800BBDB0058FF4400B7DF0010F8
:10623000E7EBC7FF9700002087D3FB240000001086
:10624000EF9F0000000080FF2800000010EFAF006B
:10625000000000000000000000000000000000003E
:106260000000000000000000000000000000DFDF70
:106270000000A7A7000000000000A7A70000DFDFC4
:10628000000000000000000000000000000000000E
:10629000000000000054FBAB0800000000000000FC
:1062A00054FBAB040000000000000054FBAB0400F2
:1062B00000000000000054FBC324202020202020E8
:1062C0001824FBFFFFFFFFFFFFFFFFFFBF0070FF72
:1062D000C36060606060606048000070FF70000034
:1062E000000000000000000070FF700000000000CF
:1062F000000000000070FF700000000000000000BF
:106300000000344008000000000000000000000011
:106310000000000000000000000058FBAB0400007B
:106320000000000000000054FBAB0400000000006F
:106330000000000054FBAB04000C20202020202093
:106340002074FFAB0460FFFFFFFFFFFFFFFFFFFFB5
:106350008024606060606060609BFFC30C00000090
:10636000000000003CF3C30C000000000000003CF3
:10637000F3C30C000000000000003CF3C30C00005D
:1063800000000000000034400C000000000000008D
:106390000000000000000000784800000000003409
:1063A000FFDB00000000008FFFFF3800000004EB5F
:1063B000B7F3930000004CFF509FEB080000A7F3D9
:1063C0000844FF50000CF7F7DFE3FFAF0064FF9BCA
:1063D0008080C7F714C3F308000050FF6800000076
:1063E00000000000000000000000000000008080AD
:1063F000808064040000FFFFFFFFFFAB0000FF9FF1
:106400000000B7FF0400FFAB2024C7EF0000FFFF30
:10641000FFFFFF6C0000FFC36068DFE30800FF9F21
:10642000000083FF2400FFCF8083E7F70C00FFFF0D
:10643000FFFFDF500000000000000000000000002F
:1064400000000000000050978F34000097FFEBF32E
:10645000FB4C20FFB30418E7DB40FF70000018205E
:1064600040FF600000000040FF600000000038FFB7
:106470008B0000809304E3F37C97FF9F0028CBFF01
:10648000FBA70C0000001008000000000000000046
:106490000000008080808044000000FFFFFFFFFFBD
:1064A000830000FF9F0010D3FB1000FF9F000087B8
:1064B000FF2C00FF9F000080FF4000FF9F00008036
:1064C000FF3800FF9F00009FFF1C00FFCF8097FB5D
:1064D000CB0000FFFFFFFBBB24000000000000001A
:1064E00000000000000000000000808080808050DC
:1064F00000FFFFFFFFFF9F00FF9F0000000000FF65
:106500009F0000000000FFFFFFFFFF0000FFCF80A3
:1065100080800000FF9F0000000000FFCF8080808F
:106520005000FFFFFFFFFF9F000000000000000081
:106530000000000000000080808080805000FFFF8D
:10654000FFFFFF9F00FF9F0000000000FF9F000073
:10655000000000FFFFFFFFFF0000FFCF80808000F2
:1065600000FF9F0000000000FF9F0000000000FFF0
:106570009F0000000000000000000000000000007C
:1065800000000000000050978F3800000097FFEBDC
:10659000F3FF5C0020FFB30410DBE30040FF6C005E
:1065A0000014200440FF6018BFBFBF1840FF6014F4
:1065B0009FDBFF2038FF870000AFF70004E3F3788C
:1065C0008FFBAB000028CBFFFBAB0C0000000010E2
:1065D00008000000000000000000000000805000E3
:1065E0000040802000FF9F000080FF4000FF9F00D0
:1065F0000080FF4000FF9F000080FF4000FFFFFF82
:10660000FFFFFF4000FFC36060AFFF4000FF9F003F
:106610000080FF4000FF9F000080FF4000FF9F00C0
:106620000080FF40000000000000000000000000AB
:106630000080500000FF9F0000FF9F0000FF9F00B0
:1066400000FF9F0000FF9F0000FF9F0000FF9F00D2
:1066500000FF9F000000000000000000000000009C
:106660000030802000000060FF4000000060FF401C
:1066700000000060FF4000000060FF40000000607C
:10668000FF4000000078FF3C54A770E7EB088FF74D
:10669000FFD73800000414000000000000000000D4
:1066A0000000008050000048803C00FF9F0034F74D
:1066B000CB0C00FF9F18E3E7180000FFA3C7F734D7
:1066C000000000FFFBFFFF40000000FFFF83EFD34F
:1066D000040000FFB70074FF700000FF9F0004DBA0
:1066E000EF1400FF9F000050FF9B0000000000001F
:1066F00000000000000000000000805000000000CA
:1067000000FF9F0000000000FF9F0000000000FF4E
:106710009F0000000000FF9F0000000000FF9F009E
:1067200000000000FF9F0000000000FFCF8080807D
:106730004000FFFFFFFFFF8000000000000000009E
:106740000000000000000000000080680000000859
:1067500080600000FFFB2400006CFFBF0000FFFF13
:106760009F0004DBFFBF0000FFFFFB2460FFFFBFB3
:106770000000FFC3FB97DBCFFFBF0000FF9F8FFF31
:10678000FF50FFBF0000FF9F18F7CF00FFBF0000C2
:10679000FF9F00302000FFBF0000FF9F00000000AF
:1067A000FFBF00000000000000000000000000002B
:1067B0000000000000000080540000108040000035
:1067C000FFFB300020FF800000FFFFCB0420FF8094
:1067D0000000FFF7FF7420FF800000FFA3D7F744FD
:1067E000FF800000FF9F38FBD7FF800000FF9F0065
:1067F00093FFFF800000FF9F000CDFFF800000FF81
:106800009F000048FF800000000000000000000022
:106810000000000000000000000050978F300000D2
:106820000097FFEBF3FB4C0020FFB30418EBD700FD
:1068300040FF6C0000B3FF0040FF6000009FFF00BE
:1068400040FF600000A3FF0038FF8B0000CFEF0087
:1068500004E3F37C97FF9F000028CBFFFBA70C000D
:106860000000001008000000000000000000000010
:10687000008080808054000000FFFFFFFFFF930036
:1068800000FF9F0004BFFB1000FF9F00009FFF1848
:1068900000FFE7BFC7FFB70000FFE7BFBF8B0C00DB
:1068A00000FF9F000000000000FF9F0000000000AC
:1068B00000FF9F000000000000000000000000003A
:1068C0000000000000000000000050978F30000022
:1068D0000097FFEBF3FB4C0020FFB30418EBD7004D
:1068E00040FF6C0000B3FF0040FF6000009FFF000E
:1068F00040FF600010A3FF0038FF8B24EFEBE700A0
:1069000004E3F37CE7FFA3000028CBFFFBCFE70CF9
:10691000000000100800240000000000000000003B
:10692000008080808058000000FFFFFFFFFF9B0079
:1069300000FF9F0004BFFB1000FF9F0000AFFF148B
:1069400000FFE7BFD3FFA70000FFDBA3FFCB0400DE
:1069500000FF9F00AFFF300000FF9F0030FFAF003F
:1069600000FF9F0000AFFF340000000000000000A7
:10697000000000000000000014789F83300010E742
:10698000FBDFF3EF185CFF50000C2C0060FF831856
:1069900000000010D7FFFFEF8B0400084C74BFFF0E
:1069A000580004000024FF8054E38768BBFF4C3488
:1069B000C3FFFFEB78000000041800000000000097
:1069C00000000000508080808080409FFFFFFFFF1C
:1069D000FF80000060FF400000000060FF400000FA
:1069E000000060FF400000000060FF400000000069
:1069F00060FF400000000060FF400000000060FFFA
:106A00004000000000000000000000000000000046
:106A10000000108040000040801020FF80000080B7
:106A2000FF2020FF80000080FF2020FF80000080EA
:106A3000FF2020FF80000080FF2020FF80000080DA
:106A4000FF2018FF97000093FF1C00CBFB8783F704
:106A5000CB000018BBFFFFBB18000000000C0C00AF
:106A6000000000000000000000706C000000747066
:106A70009BFF18001CFF9B48FF64006CFF4408F359
:106A8000B300BBEB0400A3F71CFB9B000050FFAB63
:106A9000FF44000008F3FFEB04000000A3FF9B008D
:106AA00000000050FF440000000000000000000053
:106AB000000000000000000000006C700000348046
:106AC0000400208044A3FF10009BFF3C0070FF4C9B
:106AD00060FF5000E7FF8700AFFB0C1CFF8F34FF07
:106AE000FBD300EFBF0000D7CF7CFF97FF44FF80B0
:106AF000000093FBCFCB2CFFCBFF38000050FFFFF3
:106B00008000DFFFEF0400000CFBFF34008FFFAFBD
:106B100000000000C7E3000044FF68000000000020
:106B20000000000000000000000000000000000065
:106B30004C80240008806C0028FBAF0074FF6400C8
:106B40000087FF4CEFC700000010E7F7FB340000A0
:106B5000000074FFAB0000000004CBFFEF1C00003E
:106B60000068FF80FBA7000018EFCB0093FF4400F4
:106B7000A7FF400014EFD704000000000000000051
:106B8000000000000000006C7C040010805C70FFBE
:106B9000500074FF5008E7CB08E7CF000070FF9B60
:106BA000FF48000004DBFFBF0000000070FF500042
:106BB00000000060FF400000000060FF4000000097
:106BC0000060FF4000000000000000000000000026
:106BD000000000003080808080801060FFFFFFFF99
:106BE000FF1C0000003CFF9F00000008D7EB1400D2
:106BF000000080FF5C00000028FBB700000000C719
:106C0000F32000000060FFCF8080801080FFFFFF36
:106C1000FFFF200000000000000000000000000056
:106C20000000000000000000000000000000000064
:106C30000000000000000000000000000000000054
:106C40000000000000000000000000000000000044
:106C50000000000000000000000000000000000034
:106C600000000000000000000000DFDFDFDFDFDFEA
:106C7000DF380000000000000000000000000000FD
:106C8000000000000014504C14001CEFFFFFF33410
:106C9000003C1028FF93047CB7BFFF9F70FF70601B
:106CA000FF9F80FF4C60FF9F20DBFFD7EF9F00001E
:106CB0000400000000000000000000108040000000
:106CC000000020FF800000000020FF8348400400F7
:106CD00020FFF7FFFF9F0020FFB720BBFB0420FF32
:106CE000800080FF2020FF800080FF1C20FFD760F5
:106CF000DBF30020FFCBFBF76C000000000C08006A
:106D00000000000000000000000000000000000083
:106D100000000000003058200000A3FFFFFB2C3CC7
:106D2000FF8724500064FF2400000060FF2C000057
:106D30000020FBB7648F040068EFFFD72800000035
:106D4000180000000000000000000000000060705B
:106D50000000000000BFDF0000105030BFDF00085F
:106D6000DFFFFFF7DF004CFF802CE7DF0060FF2C28
:106D700000BFDF0060FF3400BFDF003CFFAF6CF7F7
:106D8000DF0000AFFFEFCFDF0000001004000000C5
:106D900000000000000000000000000000000000F3
:106DA00000000000000000345418000000A3FFFFA2
:106DB000F7480038FF6008C7D30064FFC7BFDFFF94
:106DC0000060FF78606060002CFFA7408F3C0000EF
:106DD0006CF3FFE75C0000000014000000000000FE
:106DE000000024977800CFEB8F14FBAB189FFFFFB8
:106DF000BF14FFAB1800FF9F0000FF9F0000FF9F24
:106E00000000FF9F000000000000000000000000E4
:106E1000000000000000000010502830300008DFA3
:106E2000FFFFF3BF004CFF782CF3BF0060FF28008A
:106E3000C3BF005CFF4400DBBF0024FFE3BFFFBF14
:106E400000005CB797CBBF0000300C1CEBAB001010
:106E5000E7FFFFEF3400000000000000001080405A
:106E60000000000020FF800000000020FF8344405D
:106E7000000020FFF3FFFF970020FFA720BFFB00CB
:106E800020FF800080FF0020FF800080FF0020FFA7
:106E9000800080FF0020FF800080FF0000000000D5
:106EA000000000000000149F5018BF600840202020
:106EB000FF8020FF8020FF8020FF8020FF8020FFB8
:106EC00080000000149F500018BF600008402000A0
:106ED00020FF800020FF800020FF800020FF800036
:106EE00020FF800020FF80002CFF7000FFFB30009F
:106EF000000000000000001080400000000020FFA3
:106F0000800000000020FF800024401420FF802823
:106F1000F3B30420FF8FD7C70C0020FFFBFF5C00FA
:106F20000020FFE7D3E3100020FF8044FF970020FC
:106F3000FF8000A7FF4400000000000000000000E8
:106F4000002080300040FF600040FF600040FF6094
:106F50000040FF600040FF600040FF600024FFA38E
:106F600030009BFB800000000000000000000000DB
:106F70000000000000000000000000000000000011
:106F80000000000000000000000008401C48400015
:106F9000205420000020FFEFFFFFCFFBFFFB40004D
:106FA00020FFAF20BBFF5C38F7A70020FF800080E8
:106FB000FF2000DFBF0020FF800080FF2000DFBF38
:106FC0000020FF800080FF2000DFBF0020FF800046
:106FD00080FF2000DFBF0000000000000000000074
:106FE00000000000000000000000000000000000A1
:106FF0000000000000000008401C4840000020FF86
:10700000EFFFFF9F0020FFAF20BBFF0C20FF8000A1
:1070100080FF2020FF800080FF2020FF800080FF75
:107020002020FF800080FF20000000000000000002
:107030000000000000000000000000000000000050
:107040000000000000003C5418000000AFFFFFF3F8
:10705000400038FF832CE7BF0060FF2C00A7DF0053
:107060005CFF3400AFDF0024FFB36CF7A700006CB7
:10707000F3FFCB1C0000000414000000000000001F
:107080000000000000000000000008401C48400410
:107090000020FFEFFFFF9F0020FFB720BBFB042075
:1070A000FF800080FF2020FF800080FF1C20FFD792
:1070B00060DBF30020FFDBFBF76C0020FF800C0897
:1070C000000020FF80000000000000000000000021
:1070D000000000000000000010503428380008DFD5
:1070E000FFFFE7DF004CFF802CE7DF0060FF2C0094
:1070F000BFDF0060FF3400BFDF003CFFAF6CF7DF95
:107100000000AFFFEFE7DF0000001000BFDF00006E
:10711000000000BFDF0000000000000000000000D1
:10712000000000000000000008401C48400020FF54
:10713000EFFFF33020FFB724300020FF8000000075
:1071400020FF8000000020FF8000000020FF800062
:10715000000000000000000000000000000000002F
:107160000000000000000000000000084C501C005F
:1071700018E3FFFFF72460FF30042C0034FBEFD34B
:107180009B0C002C6C8FFF80289F4C58FF8054E391
:10719000FFFFBB140000100C000000000000000006
:1071A000000000DF8B0014FFAB189FFFFFBF14FF30
:1071B000AB1800FF9F0000FF9F0000F3C748006C62
:1071C000F7BF000000000000000000000000000009
:1071D000000000000000000000000010401800281F
:1071E000400040FF60009FFF0040FF60009FFF00E5
:1071F00040FF60009FFF0040FF60009FFF001CFFFA
:10720000C764DFFF000083FBF7CFFF0000000C081E
:10721000000000000000000000000000000000006E
:1072200000000000003C3000003434ABEB040CF7ED
:107230009B50FF445CFF3C04EB9BAFDB00008FEBFB
:10724000F380000030FFFF20000000D3C3000000E7
:10725000000000000000000000000000000000002E
:10726000000000000000000000000000000000001E
:107270000000003C300004400800284004BBE70048
:1072800044FF5C00C7D70068FF289BFFAF0CFB835F
:10729000001CFF6CEBBBF758FF3C0000CBE3FF2466
:1072A000F3E3EB0000007CFFC300A3FF9B000000A2
:1072B00030FF700050FF5000000000000000000090
:1072C00000000000000000000000000000000000BE
:1072D00000000000000000002C400C00384004407A
:1072E000FF873CFF93000093FBDBDF0C00000CE307
:1072F000FF4000000030FBFF7C000004CFE3A3FB55
:10730000300087FF5014EBCF0800000000000000A1
:107310000000000000000000000000003C30000001
:107320003434ABEB040CF79B50FF4454FF3C04EBAC
:107330009BA3DB00008FEBF380000034FFFF2000F5
:107340000000EBC300000848FF64000040FFE30CAE
:10735000000000000000000000000000000000002D
:107360000000000018404040401060FFFFFFFF4059
:107370000C203CF3C3040004CBE71800008FFB444F
:10738000000054FFC36060189FFFFFFFFF40000034
:1073900000000000000000000000000000000000ED
:1073A00000000000000000000000000000000000DD
:1073B00000000000000000004C804C00200454FF3E
:1073C000FFFFE7F78F0044004C9783100000000098
:1073D00000000000000000000000000000000000AD
:1073E0000000000000000000000000005480600069
:1073F000000000DBFFBF3C30002CFF8300BBF30428
:107400007CFF300064FF44CBDB000014FBAFFF8344
:10741000000000BBFFFF3000000064FFDB00000045
:107420000014FB83000000000000000000000000CA
:107430000A000000ADBB010003000000D1CE010036
:1074400016000000D1CE010007000000D1CE0100DF
:107450000E000000D1CE010010000000D1CE0100CE
:1074600012000000BDE701000D000000D1CE0100B8
:107470000F000000D1CE010011000000D1CE0100AC
:1074800008000000ADBB010015000000C53502007A
:1074900009000000C9F001000B000000C535020022
:1074A0000C000000C53502000000803F0000000015
:1074B000C4FE7F3F890FC93B11FB7F3F900E493CC3
:1074C000E6F47F3FB6C9963C43EC7F3FB00AC93C27
:1074D00029E17F3FB949FB3C98D37F3F2CC3163D40
:1074E0008FC37F3F07E02F3D0FB17F3F2FFB483D0C
:1074F000189C7F3F6814623DAB847F3F742B7B3DBB
:10750000C76A7F3F0A208A3D6D4E7F3F05A9963DA1
:107510009D2F7F3F8C30A33D580E7F3F80B6AF3DFF
:107520009DEA7E3FC33ABC3D6DC47E3F36BDC83D3B
:10753000C99B7E3FB93DD53DB0707E3F2EBCE13D3D
:1075400023437E3F7638EE3D24137E3F73B2FA3DEF
:10755000B1E07D3F0295033ECCAB7D3F86CF093E37
:1075600074747D3FB708103EAC3A7D3F8340163EB1
:1075700073FE7C3FDE761C3EC9BF7C3FB6AB223E2D
:10758000B07E7C3FFCDE283E283B7C3FA2102F3E95
:1075900031F57B3F9840353ECDAC7B3FCF6E3B3ED7
:1075A000FC617B3F379B413EBE147B3FC2C5473EDB
:1075B00016C57A3F60EE4D3E02737A3F0115543E88
:1075C000841E7A3F97395A3E9DC7793F135C603ECF
:1075D0004E6E793F667C663E9812793F7F9A6C3E8C
:1075E0007BB4783F51B6723EF853783FCCCF783EAB
:1075F00010F1773FE1E67E3EC58B773FC07D823E4E
:107600001724773FCE86853E07BA763F938E883E15
:10761000974D763F07958B3EC6DE753F229A8E3E8C
:10762000976D753FDD9D913E0BFA743F31A0943EFE
:107630002284743F17A1973EDD0B743F86A09A3ECB
:107640003F91733F789E9D3E4714733FE59AA03E5D
:10765000F894723FC595A33E5213723F128FA63E17
:10766000578F713FC486A93E0809713FD47CAC3E58
:107670006680703F3A71AF3E73F56F3FEF63B23E85
:1076800030686F3FEC54B53E9ED86E3F2A44B83EFA
:10769000BE466E3FA031BB3E93B26D3F4A1DBE3E1B
:1076A0001D1C6D3F1E07C13E5E836C3F15EFC33E40
:1076B00058E86B3F29D5C63E0C4B6B3F53B9C93ECA
:1076C0007BAB6A3F8B9BCC3EA7096A3FCA7BCF3E10
:1076D0009165693F095AD23E3CBF683F4136D53E6D
:1076E000A816683F6B10D83ED86B673F80E8DA3E3B
:1076F000CCBE663F79BEDD3E880F663F4F92E03ECE
:107700000B5E653FFA63E33E59AA643F7533E63E7C
:1077100073F4633FB700E93E5A3C633FBBCBEB3E9B
:107720001082623F7994EE3E98C5613FEA5AF13E7D
:10773000F206613F071FF43E2146603FCBE0F63E74
:1077400027835F3F2DA0F93E05BE5E3F275DFC3ECF
:10775000BEF65D3FB217FF3E532D5D3FE4E7003FAD
:10776000C7615C3FB142023F1A945B3F3D9C033FBF
:1077700050C45A3F84F4043F6AF2593F824B063F9B
:107780006A1E593F36A1073F5348583F9BF5083FB3
:107790002670573FAD480A3FE595563F6B9A0B3F21
:1077A00093B9553FD0EA0C3F31DB543FDA390E3FF5
:1077B000C3FA533F84870F3F4918533FCDD3103F3F
:1077C000C633523FB01E123F3D4D513F2A68133F12
:1077D000AF64503F39B0143F1F7A4F3FD9F6153F81
:1077E000908D4E3F073C173F029F4D3FC07F183F93
:1077F00079AE4C3F00C2193FF8BB4B3FC6021B3F5E
:107800007FC74A3F0C421C3F12D1493FD17F1D3FE9
:10781000B3D8483F12BC1E3F65DE473FCBF61F3F43
:107820002AE2463FF92F213F03E4453F9967223F73
:10783000F5E3443FA99D233F00E2433F25D2243F87
:1078400029DE423F0A05263F70D8413F5636273F82
:10785000DAD0403F0566283F67C73F3F1594293F70
:107860001BBC3E3F82C02A3FF9AE3D3F4AEB2B3F57
:1078700003A03C3F69142D3F3B8F3B3FDE3B2E3F37
:10788000A47C3A3FA5612F3F4268393FBB85303F1A
:107890001652383F1DA8313F233A373FC9C8323FFF
:1078A0006C20363FBCE7333FF304353FF304353FEC
:1078B000BCE7333F6C20363FC9C8323F233A373FDD
:1078C0001DA8313F1652383FBB85303F4268393FD3
:1078D000A5612F3FA47C3A3FDE3B2E3F3B8F3B3FD1
:1078E00069142D3F03A03C3F4AEB2B3FF9AE3D3FCF
:1078F00082C02A3F1BBC3E3F1594293F67C73F3FCC
:107900000566283FDAD0403F5636273F70D8413FC2
:107910000A05263F29DE423F25D2243F00E2433FAD
:10792000A99D233FF5E3443F9967223F03E4453F88
:10793000F92F213F2AE2463FCBF61F3F65DE473F46
:1079400012BC1E3FB3D8483FD17F1D3F12D1493FE3
:107950000C421C3F7FC74A3FC6021B3FF8BB4B3F50
:1079600000C2193F79AE4C3FC07F183F029F4D3F88
:10797000073C173F908D4E3FD9F6153F1F7A4F3F7A
:1079800039B0143FAF64503F2A68133F3D4D513F1B
:10799000B01E123FC633523FCDD3103F4918533F5C
:1079A00084870F3FC3FA533FDA390E3F31DB543F30
:1079B000D0EA0C3F93B9553F6B9A0B3FE595563F84
:1079C000AD480A3F2670573F9BF5083F5348583F44
:1079D00036A1073F6A1E593F824B063F6AF2593F64
:1079E00084F4043F50C45A3F3D9C033F1A945B3FCC
:1079F000B142023FC7615C3FE4E7003F532D5D3F6A
:107A0000B217FF3EBEF65D3F275DFC3E05BE5E3F02
:107A10002DA0F93E27835F3FCBE0F63E2146603F35
:107A2000071FF43EF206613FEA5AF13E98C5613FF6
:107A30007994EE3E1082623FBBCBEB3E5A3C633FF3
:107A4000B700E93E73F4633F7533E63E59AA643FDD
:107A5000FA63E33E0B5E653F4F92E03E880F663F60
:107A600079BEDD3ECCBE663F80E8DA3ED86B673F2C
:107A70006B10D83EA816683F4136D53E3CBF683FE4
:107A8000095AD23E9165693FCA7BCF3EA7096A3F3A
:107A90008B9BCC3E7BAB6A3F53B9C93E0C4B6B3FD3
:107AA00029D5C63E58E86B3F15EFC33E5E836C3F59
:107AB0001E07C13E1D1C6D3F4A1DBE3E93B26D3F69
:107AC000A031BB3EBE466E3F2A44B83E9ED86E3FB4
:107AD000EC54B53E30686F3FEF63B23E73F56F3FD5
:107AE0003A71AF3E6680703FD47CAC3E0809713F6E
:107AF000C486A93E578F713F128FA63E5213723F24
:107B0000C595A33EF894723FE59AA03E4714733F93
:107B1000789E9D3E3F91733F86A09A3EDD0B743F59
:107B200017A1973E2284743F31A0943E0BFA743F14
:107B3000DD9D913E976D753F229A8E3EC6DE753F64
:107B400007958B3E974D763F938E883E07BA763FDA
:107B5000CE86853E1724773FC07D823EC58B773F1A
:107B6000E1E67E3E10F1773FCCCF783EF853783F88
:107B700051B6723E7BB4783F7F9A6C3E9812793F43
:107B8000667C663E4E6E793F135C603E9DC7793FD2
:107B900097395A3E841E7A3F0115543E02737A3F4C
:107BA00060EE4D3E16C57A3FC2C5473EBE147B3FD0
:107BB000379B413EFC617B3FCF6E3B3ECDAC7B3F74
:107BC0009840353E31F57B3FA2102F3E283B7C3F4D
:107BD000FCDE283EB07E7C3FB6AB223EC9BF7C3F78
:107BE000DE761C3E73FE7C3F8340163EAC3A7D3F02
:107BF000B708103E74747D3F86CF093ECCAB7D3F05
:107C00000295033EB1E07D3F73B2FA3D24137E3FFF
:107C10007638EE3D23437E3F2EBCE13DB0707E3F83
:107C2000B93DD53DC99B7E3F36BDC83D6DC47E3F45
:107C3000C33ABC3D9DEA7E3F80B6AF3D580E7F3FC4
:107C40008C30A33D9D2F7F3F05A9963D6D4E7F3F14
:107C50000A208A3DC76A7F3F742B7B3DAB847F3F00
:107C60006814623D189C7F3F2FFB483D0FB17F3F5A
:107C700007E02F3D8FC37F3F2CC3163D98D37F3F36
:107C8000B949FB3C29E17F3FB00AC93C43EC7F3F47
:107C9000B6C9963CE6F47F3F900E493C11FB7F3F0E
:107CA000890FC93BC4FE7F3F000000000000803FF9
:107CB000890FC9BBC4FE7F3F900E49BC11FB7F3FBB
:107CC000B6C996BCE6F47F3FB00AC9BC43EC7F3F1F
:107CD000B949FBBC29E17F3F2CC316BD98D37F3F38
:107CE00007E02FBD8FC37F3F2FFB48BD0FB17F3F04
:107CF000681462BD189C7F3F742B7BBDAB847F3FB3
:107D00000A208ABDC76A7F3F05A996BD6D4E7F3F99
:107D10008C30A3BD9D2F7F3F80B6AFBD580E7F3FF7
:107D2000C33ABCBD9DEA7E3F36BDC8BD6DC47E3F33
:107D3000B93DD5BDC99B7E3F2EBCE1BDB0707E3F35
:107D40007638EEBD23437E3F73B2FABD24137E3FE7
:107D5000029503BEB1E07D3F86CF09BECCAB7D3F2F
:107D6000B70810BE74747D3F834016BEAC3A7D3FA9
:107D7000DE761CBE73FE7C3FB6AB22BEC9BF7C3F25
:107D8000FCDE28BEB07E7C3FA2102FBE283B7C3F8D
:107D9000984035BE31F57B3FCF6E3BBECDAC7B3FCF
:107DA000379B41BEFC617B3FC2C547BEBE147B3FD3
:107DB00060EE4DBE16C57A3F011554BE02737A3F80
:107DC00097395ABE841E7A3F135C60BE9DC7793FC7
:107DD000667C66BE4E6E793F7F9A6CBE9812793F84
:107DE00051B672BE7BB4783FCCCF78BEF853783FA3
:107DF000E1E67EBE10F1773FC07D82BEC58B773F46
:107E0000CE8685BE1724773F938E88BE07BA763F0D
:107E100007958BBE974D763F229A8EBEC6DE753F84
:107E2000DD9D91BE976D753F31A094BE0BFA743FF6
:107E300017A197BE2284743F86A09ABEDD0B743FC3
:107E4000789E9DBE3F91733FE59AA0BE4714733F55
:107E5000C595A3BEF894723F128FA6BE5213723F0F
:107E6000C486A9BE578F713FD47CACBE0809713F50
:107E70003A71AFBE6680703FEF63B2BE73F56F3F7D
:107E8000EC54B5BE30686F3F2A44B8BE9ED86E3FF2
:107E9000A031BBBEBE466E3F4A1DBEBE93B26D3F13
:107EA0001E07C1BE1D1C6D3F15EFC3BE5E836C3F38
:107EB00029D5C6BE58E86B3F53B9C9BE0C4B6B3FC2
:107EC0008B9BCCBE7BAB6A3FCA7BCFBEA7096A3F08
:107ED000095AD2BE9165693F4136D5BE3CBF683F65
:107EE0006B10D8BEA816683F80E8DABED86B673F33
:107EF00079BEDDBECCBE663F4F92E0BE880F663FC6
:107F0000FA63E3BE0B5E653F7533E6BE59AA643F74
:107F1000B700E9BE73F4633FBBCBEBBE5A3C633F93
:107F20007994EEBE1082623FEA5AF1BE98C5613F75
:107F3000071FF4BEF206613FCBE0F6BE2146603F6C
:107F40002DA0F9BE27835F3F275DFCBE05BE5E3FC7
:107F5000B217FFBEBEF65D3FE4E700BF532D5D3FA5
:107F6000B14202BFC7615C3F3D9C03BF1A945B3FB7
:107F700084F404BF50C45A3F824B06BF6AF2593F93
:107F800036A107BF6A1E593F9BF508BF5348583FAB
:107F9000AD480ABF2670573F6B9A0BBFE595563F19
:107FA000D0EA0CBF93B9553FDA390EBF31DB543FED
:107FB00084870FBFC3FA533FCDD310BF4918533F37
:107FC000B01E12BFC633523F2A6813BF3D4D513F0A
:107FD00039B014BFAF64503FD9F615BF1F7A4F3F79
:107FE000073C17BF908D4E3FC07F18BF029F4D3F8B
:107FF00000C219BF79AE4C3FC6021BBFF8BB4B3F56
:108000000C421CBF7FC74A3FD17F1DBF12D1493FE1
:1080100012BC1EBFB3D8483FCBF61FBF65DE473F3B
:10802000F92F21BF2AE2463F996722BF03E4453F6B
:10803000A99D23BFF5E3443F25D224BF00E2433F7F
:108040000A0526BF29DE423F563627BF70D8413F7A
:10805000056628BFDAD0403F159429BF67C73F3F68
:1080600082C02ABF1BBC3E3F4AEB2BBFF9AE3D3F4F
:1080700069142DBF03A03C3FDE3B2EBF3B8F3B3F2F
:10808000A5612FBFA47C3A3FBB8530BF4268393F12
:108090001DA831BF1652383FC9C832BF233A373FF7
:1080A000BCE733BF6C20363FF30435BFF304353FE4
:1080B0006C2036BFBCE7333F233A37BFC9C8323FD5
:1080C000165238BF1DA8313F426839BFBB85303FCB
:1080D000A47C3ABFA5612F3F3B8F3BBFDE3B2E3FC9
:1080E00003A03CBF69142D3FF9AE3DBF4AEB2B3FC7
:1080F0001BBC3EBF82C02A3F67C73FBF1594293FC4
:10810000DAD040BF0566283F70D841BF5636273FBA
:1081100029DE42BF0A05263F00E243BF25D2243FA5
:10812000F5E344BFA99D233F03E445BF9967223F80
:108130002AE246BFF92F213F65DE47BFCBF61F3F3E
:10814000B3D848BF12BC1E3F12D149BFD17F1D3FDB
:108150007FC74ABF0C421C3FF8BB4BBFC6021B3F48
:1081600079AE4CBF00C2193F029F4DBFC07F183F80
:10817000908D4EBF073C173F1F7A4FBFD9F6153F72
:10818000AF6450BF39B0143F3D4D51BF2A68133F13
:10819000C63352BFB01E123F491853BFCDD3103F54
:1081A000C3FA53BF84870F3F31DB54BFDA390E3F28
:1081B00093B955BFD0EA0C3FE59556BF6B9A0B3F7C
:1081C000267057BFAD480A3F534858BF9BF5083F3C
:1081D0006A1E59BF36A1073F6AF259BF824B063F5C
:1081E00050C45ABF84F4043F1A945BBF3D9C033FC4
:1081F000C7615CBFB142023F532D5DBFE4E7003F62
:10820000BEF65DBFB217FF3E05BE5EBF275DFC3EFA
:1082100027835FBF2DA0F93E214660BFCBE0F63E2D
:10822000F20661BF071FF43E98C561BFEA5AF13EEE
:10823000108262BF7994EE3E5A3C63BFBBCBEB3EEB
:1082400073F463BFB700E93E59AA64BF7533E63ED5
:108250000B5E65BFFA63E33E880F66BF4F92E03E58
:10826000CCBE66BF79BEDD3ED86B67BF80E8DA3E24
:10827000A81668BF6B10D83E3CBF68BF4136D53EDC
:10828000916569BF095AD23EA7096ABFCA7BCF3E32
:108290007BAB6ABF8B9BCC3E0C4B6BBF53B9C93ECB
:1082A00058E86BBF29D5C63E5E836CBF15EFC33E51
:1082B0001D1C6DBF1E07C13E93B26DBF4A1DBE3E61
:1082C000BE466EBFA031BB3E9ED86EBF2A44B83EAC
:1082D00030686FBFEC54B53E73F56FBFEF63B23ECD
:1082E000668070BF3A71AF3E080971BFD47CAC3E66
:1082F000578F71BFC486A93E521372BF128FA63E1C
:10830000F89472BFC595A33E471473BFE59AA03E8B
:108310003F9173BF789E9D3EDD0B74BF86A09A3E51
:10832000228474BF17A1973E0BFA74BF31A0943E0C
:10833000976D75BFDD9D913EC6DE75BF229A8E3E5C
:10834000974D76BF07958B3E07BA76BF938E883ED2
:10835000172477BFCE86853EC58B77BFC07D823E12
:1083600010F177BFE1E67E3EF85378BFCCCF783E80
:108370007BB478BF51B6723E981279BF7F9A6C3E3B
:108380004E6E79BF667C663E9DC779BF135C603ECA
:10839000841E7ABF97395A3E02737ABF0115543E44
:1083A00016C57ABF60EE4D3EBE147BBFC2C5473EC8
:1083B000FC617BBF379B413ECDAC7BBFCF6E3B3E6C
:1083C00031F57BBF9840353E283B7CBFA2102F3E45
:1083D000B07E7CBFFCDE283EC9BF7CBFB6AB223E70
:1083E00073FE7CBFDE761C3EAC3A7DBF8340163EFA
:1083F00074747DBFB708103ECCAB7DBF86CF093EFD
:10840000B1E07DBF0295033E24137EBF73B2FA3DF7
:1084100023437EBF7638EE3DB0707EBF2EBCE13D7B
:10842000C99B7EBFB93DD53D6DC47EBF36BDC83D3D
:108430009DEA7EBFC33ABC3D580E7FBF80B6AF3DBC
:108440009D2F7FBF8C30A33D6D4E7FBF05A9963D0C
:10845000C76A7FBF0A208A3DAB847FBF742B7B3DF8
:10846000189C7FBF6814623D0FB17FBF2FFB483D52
:108470008FC37FBF07E02F3D98D37FBF2CC3163D2E
:1084800029E17FBFB949FB3C43EC7FBFB00AC93C3F
:10849000E6F47FBFB6C9963C11FB7FBF900E493C06
:1084A000C4FE7FBF890FC93B000080BF00000000F1
:1084B000C4FE7FBF890FC9BB11FB7FBF900E49BCB3
:1084C000E6F47FBFB6C996BC43EC7FBFB00AC9BC17
:1084D00029E17FBFB949FBBC98D37FBF2CC316BD30
:1084E0008FC37FBF07E02FBD0FB17FBF2FFB48BDFC
:1084F000189C7FBF681462BDAB847FBF742B7BBDAB
:10850000C76A7FBF0A208ABD6D4E7FBF05A996BD91
:108510009D2F7FBF8C30A3BD580E7FBF80B6AFBDEF
:108520009DEA7EBFC33ABCBD6DC47EBF36BDC8BD2B
:10853000C99B7EBFB93DD5BDB0707EBF2EBCE1BD2D
:1085400023437EBF7638EEBD24137EBF73B2FABDDF
:10855000B1E07DBF029503BECCAB7DBF86CF09BE27
:1085600074747DBFB70810BEAC3A7DBF834016BEA1
:1085700073FE7CBFDE761CBEC9BF7CBFB6AB22BE1D
:10858000B07E7CBFFCDE28BE283B7CBFA2102FBE85
:1085900031F57BBF984035BECDAC7BBFCF6E3BBEC7
:1085A000FC617BBF379B41BEBE147BBFC2C547BECB
:1085B00016C57ABF60EE4DBE02737ABF011554BE78
:1085C000841E7ABF97395ABE9DC779BF135C60BEBF
:1085D0004E6E79BF667C66BE981279BF7F9A6CBE7C
:1085E0007BB478BF51B672BEF85378BFCCCF78BE9B
:1085F00010F177BFE1E67EBEC58B77BFC07D82BE3E
:10860000172477BFCE8685BE07BA76BF938E88BE05
:10861000974D76BF07958BBEC6DE75BF229A8EBE7C
:10862000976D75BFDD9D91BE0BFA74BF31A094BEEE
:10863000228474BF17A197BEDD0B74BF86A09ABEBB
:108640003F9173BF789E9DBE471473BFE59AA0BE4D
:10865000F89472BFC595A3BE521372BF128FA6BE07
:10866000578F71BFC486A9BE080971BFD47CACBE48
:10867000668070BF3A71AFBE73F56FBFEF63B2BE75
:1086800030686FBFEC54B5BE9ED86EBF2A44B8BEEA
:10869000BE466EBFA031BBBE93B26DBF4A1DBEBE0B
:1086A0001D1C6DBF1E07C1BE5E836CBF15EFC3BE30
:1086B00058E86BBF29D5C6BE0C4B6BBF53B9C9BEBA
:1086C0007BAB6ABF8B9BCCBEA7096ABFCA7BCFBE00
:1086D000916569BF095AD2BE3CBF68BF4136D5BE5D
:1086E000A81668BF6B10D8BED86B67BF80E8DABE2B
:1086F000CCBE66BF79BEDDBE880F66BF4F92E0BEBE
:108700000B5E65BFFA63E3BE59AA64BF7533E6BE6C
:1087100073F463BFB700E9BE5A3C63BFBBCBEBBE8B
:10872000108262BF7994EEBE98C561BFEA5AF1BE6D
:10873000F20661BF071FF4BE214660BFCBE0F6BE64
:1087400027835FBF2DA0F9BE05BE5EBF275DFCBEBF
:10875000BEF65DBFB217FFBE532D5DBFE4E700BF9D
:10876000C7615CBFB14202BF1A945BBF3D9C03BFAF
:1087700050C45ABF84F404BF6AF259BF824B06BF8B
:108780006A1E59BF36A107BF534858BF9BF508BFA3
:10879000267057BFAD480ABFE59556BF6B9A0BBF11
:1087A00093B955BFD0EA0CBF31DB54BFDA390EBFE5
:1087B000C3FA53BF84870FBF491853BFCDD310BF2F
:1087C000C63352BFB01E12BF3D4D51BF2A6813BF02
:1087D000AF6450BF39B014BF1F7A4FBFD9F615BF71
:1087E000908D4EBF073C17BF029F4DBFC07F18BF83
:1087F00079AE4CBF00C219BFF8BB4BBFC6021BBF4E
:108800007FC74ABF0C421CBF12D149BFD17F1DBFD9
:10881000B3D848BF12BC1EBF65DE47BFCBF61FBF33
:108820002AE246BFF92F21BF03E445BF996722BF63
:10883000F5E344BFA99D23BF00E243BF25D224BF77
:1088400029DE42BF0A0526BF70D841BF563627BF72
:10885000DAD040BF056628BF67C73FBF159429BF60
:108860001BBC3EBF82C02ABFF9AE3DBF4AEB2BBF47
:1088700003A03CBF69142DBF3B8F3BBFDE3B2EBF27
:10888000A47C3ABFA5612FBF426839BFBB8530BF0A
:10889000165238BF1DA831BF233A37BFC9C832BFEF
:1088A0006C2036BFBCE733BFF30435BFF30435BFDC
:1088B000BCE733BF6C2036BFC9C832BF233A37BFCD
:1088C0001DA831BF165238BFBB8530BF426839BFC3
:1088D000A5612FBFA47C3ABFDE3B2EBF3B8F3BBFC1
:1088E00069142DBF03A03CBF4AEB2BBFF9AE3DBFBF
:1088F00082C02ABF1BBC3EBF159429BF67C73FBFBC
:10890000056628BFDAD040BF563627BF70D841BFB2
:108910000A0526BF29DE42BF25D224BF00E243BF9D
:10892000A99D23BFF5E344BF996722BF03E445BF78
:10893000F92F21BF2AE246BFCBF61FBF65DE47BF36
:1089400012BC1EBFB3D848BFD17F1DBF12D149BFD3
:108950000C421CBF7FC74ABFC6021BBFF8BB4BBF40
:1089600000C219BF79AE4CBFC07F18BF029F4DBF78
:10897000073C17BF908D4EBFD9F615BF1F7A4FBF6A
:1089800039B014BFAF6450BF2A6813BF3D4D51BF0B
:10899000B01E12BFC63352BFCDD310BF491853BF4C
:1089A00084870FBFC3FA53BFDA390EBF31DB54BF20
:1089B000D0EA0CBF93B955BF6B9A0BBFE59556BF74
:1089C000AD480ABF267057BF9BF508BF534858BF34
:1089D00036A107BF6A1E59BF824B06BF6AF259BF54
:1089E00084F404BF50C45ABF3D9C03BF1A945BBFBC
:1089F000B14202BFC7615CBFE4E700BF532D5DBF5A
:108A0000B217FFBEBEF65DBF275DFCBE05BE5EBFF2
:108A10002DA0F9BE27835FBFCBE0F6BE214660BF25
:108A2000071FF4BEF20661BFEA5AF1BE98C561BFE6
:108A30007994EEBE108262BFBBCBEBBE5A3C63BFE3
:108A4000B700E9BE73F463BF7533E6BE59AA64BFCD
:108A5000FA63E3BE0B5E65BF4F92E0BE880F66BF50
:108A600079BEDDBECCBE66BF80E8DABED86B67BF1C
:108A70006B10D8BEA81668BF4136D5BE3CBF68BFD4
:108A8000095AD2BE916569BFCA7BCFBEA7096ABF2A
:108A90008B9BCCBE7BAB6ABF53B9C9BE0C4B6BBFC3
:108AA00029D5C6BE58E86BBF15EFC3BE5E836CBF49
:108AB0001E07C1BE1D1C6DBF4A1DBEBE93B26DBF59
:108AC000A031BBBEBE466EBF2A44B8BE9ED86EBFA4
:108AD000EC54B5BE30686FBFEF63B2BE73F56FBFC5
:108AE0003A71AFBE668070BFD47CACBE080971BF5E
:108AF000C486A9BE578F71BF128FA6BE521372BF14
:108B0000C595A3BEF89472BFE59AA0BE471473BF83
:108B1000789E9DBE3F9173BF86A09ABEDD0B74BF49
:108B200017A197BE228474BF31A094BE0BFA74BF04
:108B3000DD9D91BE976D75BF229A8EBEC6DE75BF54
:108B400007958BBE974D76BF938E88BE07BA76BFCA
:108B5000CE8685BE172477BFC07D82BEC58B77BF0A
:108B6000E1E67EBE10F177BFCCCF78BEF85378BF78
:108B700051B672BE7BB478BF7F9A6CBE981279BF33
:108B8000667C66BE4E6E79BF135C60BE9DC779BFC2
:108B900097395ABE841E7ABF011554BE02737ABF3C
:108BA00060EE4DBE16C57ABFC2C547BEBE147BBFC0
:108BB000379B41BEFC617BBFCF6E3BBECDAC7BBF64
:108BC000984035BE31F57BBFA2102FBE283B7CBF3D
:108BD000FCDE28BEB07E7CBFB6AB22BEC9BF7CBF68
:108BE000DE761CBE73FE7CBF834016BEAC3A7DBFF2
:108BF000B70810BE74747DBF86CF09BECCAB7DBFF5
:108C0000029503BEB1E07DBF73B2FABD24137EBFEF
:108C10007638EEBD23437EBF2EBCE1BDB0707EBF73
:108C2000B93DD5BDC99B7EBF36BDC8BD6DC47EBF35
:108C3000C33ABCBD9DEA7EBF80B6AFBD580E7FBFB4
:108C40008C30A3BD9D2F7FBF05A996BD6D4E7FBF04
:108C50000A208ABDC76A7FBF742B7BBDAB847FBFF0
:108C6000681462BD189C7FBF2FFB48BD0FB17FBF4A
:108C700007E02FBD8FC37FBF2CC316BD98D37FBF26
:108C8000B949FBBC29E17FBFB00AC9BC43EC7FBF37
:108C9000B6C996BCE6F47FBF900E49BC11FB7FBFFE
:108CA000890FC9BBC4FE7FBF00000080000080BFE9
:108CB000890FC93BC4FE7FBF900E493C11FB7FBFAB
:108CC000B6C9963CE6F47FBFB00AC93C43EC7FBF0F
:108CD000B949FB3C29E17FBF2CC3163D98D37FBF28
:108CE00007E02F3D8FC37FBF2FFB483D0FB17FBFF4
:108CF0006814623D189C7FBF742B7B3DAB847FBFA3
:108D00000A208A3DC76A7FBF05A9963D6D4E7FBF89
:108D10008C30A33D9D2F7FBF80B6AF3D580E7FBFE7
:108D2000C33ABC3D9DEA7EBF36BDC83D6DC47EBF23
:108D3000B93DD53DC99B7EBF2EBCE13DB0707EBF25
:108D40007638EE3D23437EBF73B2FA3D24137EBFD7
:108D50000295033EB1E07DBF86CF093ECCAB7DBF1F
:108D6000B708103E74747DBF8340163EAC3A7DBF99
:108D7000DE761C3E73FE7CBFB6AB223EC9BF7CBF15
:108D8000FCDE283EB07E7CBFA2102F3E283B7CBF7D
:108D90009840353E31F57BBFCF6E3B3ECDAC7BBFBF
:108DA000379B413EFC617BBFC2C5473EBE147BBFC3
:108DB00060EE4D3E16C57ABF0115543E02737ABF70
:108DC00097395A3E841E7ABF135C603E9DC779BFB7
:108DD000667C663E4E6E79BF7F9A6C3E981279BF74
:108DE00051B6723E7BB478BFCCCF783EF85378BF93
:108DF000E1E67E3E10F177BFC07D823EC58B77BF36
:108E0000CE86853E172477BF938E883E07BA76BFFD
:108E100007958B3E974D76BF229A8E3EC6DE75BF74
:108E2000DD9D913E976D75BF31A0943E0BFA74BFE6
:108E300017A1973E228474BF86A09A3EDD0B74BFB3
:108E4000789E9D3E3F9173BFE59AA03E471473BF45
:108E5000C595A33EF89472BF128FA63E521372BFFF
:108E6000C486A93E578F71BFD47CAC3E080971BF40
:108E70003A71AF3E668070BFEF63B23E73F56FBF6D
:108E8000EC54B53E30686FBF2A44B83E9ED86EBFE2
:108E9000A031BB3EBE466EBF4A1DBE3E93B26DBF03
:108EA0001E07C13E1D1C6DBF15EFC33E5E836CBF28
:108EB00029D5C63E58E86BBF53B9C93E0C4B6BBFB2
:108EC0008B9BCC3E7BAB6ABFCA7BCF3EA7096ABFF8
:108ED000095AD23E916569BF4136D53E3CBF68BF55
:108EE0006B10D83EA81668BF80E8DA3ED86B67BF23
:108EF00079BEDD3ECCBE66BF4F92E03E880F66BFB6
:108F0000FA63E33E0B5E65BF7533E63E59AA64BF64
:108F1000B700E93E73F463BFBBCBEB3E5A3C63BF83
:108F20007994EE3E108262BFEA5AF13E98C561BF65
:108F3000071FF43EF20661BFCBE0F63E214660BF5C
:108F40002DA0F93E27835FBF275DFC3E05BE5EBFB7
:108F5000B217FF3EBEF65DBFE4E7003F532D5DBF95
:108F6000B142023FC7615CBF3D9C033F1A945BBFA7
:108F700084F4043F50C45ABF824B063F6AF259BF83
:108F800036A1073F6A1E59BF9BF5083F534858BF9B
:108F9000AD480A3F267057BF6B9A0B3FE59556BF09
:108FA000D0EA0C3F93B955BFDA390E3F31DB54BFDD
:108FB00084870F3FC3FA53BFCDD3103F491853BF27
:108FC000B01E123FC63352BF2A68133F3D4D51BFFA
:108FD00039B0143FAF6450BFD9F6153F1F7A4FBF69
:108FE000073C173F908D4EBFC07F183F029F4DBF7B
:108FF00000C2193F79AE4CBFC6021B3FF8BB4BBF46
:109000000C421C3F7FC74ABFD17F1D3F12D149BFD1
:1090100012BC1E3FB3D848BFCBF61F3F65DE47BF2B
:10902000F92F213F2AE246BF9967223F03E445BF5B
:10903000A99D233FF5E344BF25D2243F00E243BF6F
:109040000A05263F29DE42BF5636273F70D841BF6A
:109050000566283FDAD040BF1594293F67C73FBF58
:1090600082C02A3F1BBC3EBF4AEB2B3FF9AE3DBF3F
:1090700069142D3F03A03CBFDE3B2E3F3B8F3BBF1F
:10908000A5612F3FA47C3ABFBB85303F426839BF02
:109090001DA8313F165238BFC9C8323F233A37BFE7
:1090A000BCE7333F6C2036BFF304353FF30435BFD4
:1090B0006C20363FBCE733BF233A373FC9C832BFC5
:1090C0001652383F1DA831BF4268393FBB8530BFBB
:1090D000A47C3A3FA5612FBF3B8F3B3FDE3B2EBFB9
:1090E00003A03C3F69142DBFF9AE3D3F4AEB2BBFB7
:1090F0001BBC3E3F82C02ABF67C73F3F159429BFB4
:10910000DAD0403F056628BF70D8413F563627BFAA
:1091100029DE423F0A0526BF00E2433F25D224BF95
:10912000F5E3443FA99D23BF03E4453F996722BF70
:109130002AE2463FF92F21BF65DE473FCBF61FBF2E
:10914000B3D8483F12BC1EBF12D1493FD17F1DBFCB
:109150007FC74A3F0C421CBFF8BB4B3FC6021BBF38
:1091600079AE4C3F00C219BF029F4D3FC07F18BF70
:10917000908D4E3F073C17BF1F7A4F3FD9F615BF62
:10918000AF64503F39B014BF3D4D513F2A6813BF03
:10919000C633523FB01E12BF4918533FCDD310BF44
:1091A000C3FA533F84870FBF31DB543FDA390EBF18
:1091B00093B9553FD0EA0CBFE595563F6B9A0BBF6C
:1091C0002670573FAD480ABF5348583F9BF508BF2C
:1091D0006A1E593F36A107BF6AF2593F824B06BF4C
:1091E00050C45A3F84F404BF1A945B3F3D9C03BFB4
:1091F000C7615C3FB14202BF532D5D3FE4E700BF52
:10920000BEF65D3FB217FFBE05BE5E3F275DFCBEEA
:1092100027835F3F2DA0F9BE2146603FCBE0F6BE1D
:10922000F206613F071FF4BE98C5613FEA5AF1BEDE
:109230001082623F7994EEBE5A3C633FBBCBEBBEDB
:1092400073F4633FB700E9BE59AA643F7533E6BEC5
:109250000B5E653FFA63E3BE880F663F4F92E0BE48
:10926000CCBE663F79BEDDBED86B673F80E8DABE14
:10927000A816683F6B10D8BE3CBF683F4136D5BECC
:109280009165693F095AD2BEA7096A3FCA7BCFBE22
:109290007BAB6A3F8B9BCCBE0C4B6B3F53B9C9BEBB
:1092A00058E86B3F29D5C6BE5E836C3F15EFC3BE41
:1092B0001D1C6D3F1E07C1BE93B26D3F4A1DBEBE51
:1092C000BE466E3FA031BBBE9ED86E3F2A44B8BE9C
:1092D00030686F3FEC54B5BE73F56F3FEF63B2BEBD
:1092E0006680703F3A71AFBE0809713FD47CACBE56
:1092F000578F713FC486A9BE5213723F128FA6BE0C
:10930000F894723FC595A3BE4714733FE59AA0BE7B
:109310003F91733F789E9DBEDD0B743F86A09ABE41
:109320002284743F17A197BE0BFA743F31A094BEFC
:10933000976D753FDD9D91BEC6DE753F229A8EBE4C
:10934000974D763F07958BBE07BA763F938E88BEC2
:109350001724773FCE8685BEC58B773FC07D82BE02
:1093600010F1773FE1E67EBEF853783FCCCF78BE70
:109370007BB4783F51B672BE9812793F7F9A6CBE2B
:109380004E6E793F667C66BE9DC7793F135C60BEBA
:10939000841E7A3F97395ABE02737A3F011554BE34
:1093A00016C57A3F60EE4DBEBE147B3FC2C547BEB8
:1093B000FC617B3F379B41BECDAC7B3FCF6E3BBE5C
:1093C00031F57B3F984035BE283B7C3FA2102FBE35
:1093D000B07E7C3FFCDE28BEC9BF7C3FB6AB22BE60
:1093E00073FE7C3FDE761CBEAC3A7D3F834016BEEA
:1093F00074747D3FB70810BECCAB7D3F86CF09BEED
:10940000B1E07D3F029503BE24137E3F73B2FABDE7
:1094100023437E3F7638EEBDB0707E3F2EBCE1BD6B
:10942000C99B7E3FB93DD5BD6DC47E3F36BDC8BD2D
:109430009DEA7E3FC33ABCBD580E7F3F80B6AFBDAC
:109440009D2F7F3F8C30A3BD6D4E7F3F05A996BDFC
:10945000C76A7F3F0A208ABDAB847F3F742B7BBDE8
:10946000189C7F3F681462BD0FB17F3F2FFB48BD42
:109470008FC37F3F07E02FBD98D37F3F2CC316BD1E
:1094800029E17F3FB949FBBC43EC7F3FB00AC9BC2F
:10949000E6F47F3FB6C996BC11FB7F3F900E49BCF6
:1094A000C4FE7F3F890FC9BB0800001010000002F6
:1094B00018000012200000042800001430000006EC
:1094C0003800001640000008480000185000000A4C
:1094D0005800001A6000000C6800001C7000000EAC
:1094E0007800001E800000088800401090004002B4
:1094F00098004012A0004004A8004014B0004006AC
:10950000B8004016C0004008C8004018D000400A0B
:10951000D800401AE000400CE800401CF000400E6B
:10952000F800401E000100080801801010018002B0
:109530001801801220018004280180143001800667
:109540003801801640018008480180185001800AC7
:109550005801801A6001800C6801801C7001800E27
:109560007801801E800140088801C0109001C0026F
:109570009801C012A001C004A801C014B001C00627
:10958000B801C016C001C008C801C018D001C00A87
:10959000D801C01AE001C00CE801C01CF001C00EE7
:1095A000F801C01E000200080802001110020003AA
:1095B00018020013200200052802001530020007DF
:1095C0003802001740020009480200195002000B3F
:1095D0005802001B6002000D6802001D7002000F9F
:1095E0007802001F80028008880240119002400328
:1095F00098024013A0024005A8024015B00240079F
:10960000B8024017C0024009C8024019D002400BFE
:10961000D802401BE002400DE802401DF002400F5E
:10962000F802401F00034008080380111003800364
:10963000180380132003800528038015300380075A
:109640003803801740038009480380195003800BBA
:109650005803801B6003800D6803801D7003800F1A
:109660007803801F8003C0088803C0119003C003E3
:109670009803C013A003C005A803C015B003C0071A
:10968000B803C017C003C009C803C019D003C00B7A
:10969000D803C01BE003C00DE803C01DF003C00FDA
:1096A000F803C01F00040010080408101004001183
:1096B00018040812200408102804081430040806AE
:1096C0003804081640040808480408185004080A1A
:1096D0005804081A6004080C6804081C7004080E7A
:1096E0007804081E800400188804481090040019AB
:1096F00098044812A0040818A8044814B0044806A6
:10970000B8044816C0044808C8044818D004480AD9
:10971000D804481AE004480CE804481CF004480E39
:10972000F804481E00054010080588101005401177
:109730001805881220054810280588143005880669
:109740003805881640058808480588185005880A95
:109750005805881A6005880C6805881C7005880EF5
:109760007805881E800540188805C81090054019A6
:109770009805C812A0054818A805C814B005C80661
:10978000B805C816C005C808C805C818D005C80A55
:10979000D805C81AE005C80CE805C81CF005C80EB5
:1097A000F805C81E00068010080608111006801172
:1097B0001806081320068810280608153006080722
:1097C0003806081740060809480608195006080B0D
:1097D0005806081B6006080D6806081D7006080F6D
:1097E0007806081F800680188806481190068019A0
:1097F00098064813A0068818A8064815B00648071A
:10980000B8064817C0064809C8064819D006480BCC
:10981000D806481BE006480DE806481DF006480F2C
:10982000F806481F0007C010080788111007C0116C
:10983000180788132007C8102807881530078807DD
:109840003807881740078809480788195007880B88
:109850005807881B6007880D6807881D7007880FE8
:109860007807881F8007C0188807C8119007C0199B
:109870009807C813A007C818A807C815B007C807D5
:10988000B807C817C007C809C807C819D007C80B48
:10989000D807C81BE007C80DE807C81DF007C80FA8
:1098A000F807C81F08081010100840081808101200
:1098B00020080011280810143008801138081016EC
:1098C000480810185008100A5808101A6008100CA0
:1098D0006808101C7008100E7808101E8008000A16
:1098E000880850109008000B98085012A008080A29
:1098F000A8085014B008080BB8085016C008100A81
:10990000C8085018D008500AD808501AE008500C5F
:10991000E808501CF008500EF808501E0809901076
:1099200010098009180990122009001928099014BB
:1099300030098019380990164009000B4809901821
:109940005009900A5809901A6009900C6809901CF7
:109950007009900E7809901E8009400A8809D0107D
:109960009009400B9809D012A009480AA809D01400
:10997000B009480BB809D016C009500AC809D01858
:10998000D009D00AD809D01AE009D00CE809D01CB7
:10999000F009D00EF809D01E080A1011180A101389
:1099A000200A4011280A1015300AC011380A101771
:1099B000480A1019500A100B580A101B600A100DA3
:1099C000680A101D700A100F780A101F880A5011BB
:1099D000900A800B980A5013A00A5011A80A50153B
:1099E000B00A880BB80A5017C00A800BC80A501971
:1099F000D00A500BD80A501BE00A500DE80A501D3F
:109A0000F00A500FF80A501F080B9011180B901312
:109A1000200B4019280B9015300BC019380B9017EC
:109A2000480B9019500B900B580B901B600B900D2E
:109A3000680B901D700B900F780B901F880BD01146
:109A4000900BC00B980BD013A00B5019A80BD0157E
:109A5000B00BC80BB80BD017C80BD019D80BD01B44
:109A6000E00BD00DE80BD01DF00BD00FF80BD01F82
:109A7000000C0012080C1810100C0013180C18120F
:109A8000200C0812280C1814300C0813380C181667
:109A9000400C1012480C1818500C1013580C181ABF
:109AA000600C1812680C181C700C180E780C181E1C
:109AB000800C001A880C5810900C001B980C58123F
:109AC000A00C081AA80C5814B00C081BB80C581697
:109AD000C00C101AC80C5818D00C101BD80C581AEF
:109AE000E00C181AE80C581CF00C580EF80C581E14
:109AF000000D4012080D9810100D4013180D98120B
:109B0000200D4812280D9814300D4813380D981662
:109B1000400D5012480D9818500D5013580D981ABA
:109B2000600D5812680D981C700D980E780D981ED7
:109B3000800D401A880DD810900D401B980DD8123A
:109B4000A00D481AA80DD814B00D481BB80DD81692
:109B5000C00D501AC80DD818D00D501BD80DD81AEA
:109B6000E00D581AE80DD81CF00DD80EF80DD81ECF
:109B7000000E8012080E1811100E8013180E181304
:109B8000200E8812280E1815300E8813380E18175C
:109B9000400E9012480E1819500E9013580E181BB4
:109BA000600E9812680E181D700E180F780E181F90
:109BB000800E801A880E5811900E801B980E581334
:109BC000A00E881AA80E5815B00E881BB80E58178C
:109BD000C00E901AC80E5819D00E901BD80E581BE4
:109BE000E00E981AE80E581DF00E580FF80E581F88
:109BF000000FC012080F9811100FC013180F981300
:109C0000200FC812280F9815300FC813380F981757
:109C1000400FD012480F9819500FD013580F981BAF
:109C2000600FD812680F981D700F980F780F981F4B
:109C3000800FC01A880FD811900FC01B980FD8132F
:109C4000A00FC81AA80FD815B00FC81BB80FD81787
:109C5000C00FD01AC80FD819D00FD01BD80FD81BDF
:109C6000E00FD81AE80FD81DF00FD81BF80FD81F37
:109C70000810201010104010181020122810201466
:109C8000301088103810201640100011481020188D
:109C9000501040115810201A601008126810201C33
:109CA000701088127810201E801000128810081280
:109CB0009010401298106012A0102012A81060148A
:109CC000B0106012B8106016C0100013C8106018F1
:109CD000D0104013D810601AE0101812E810601C61
:109CE000F0109812F810601E081120121011401187
:109CF0001811A012201108182811A014301188186A
:109D00003811A0164811A0185811A01A6011081A8D
:109D10006811A01C7011881A7811A01E80111012F1
:109D200088111812901150129811E012A0111818F1
:109D3000A811E014B0119818B811E016C011101352
:109D4000C811E018D0115013D811E01AE011181AF8
:109D5000E811E01CF011981AF811E01E001200182A
:109D60000812081810124018181220132012201878
:109D700028122015301260183812201740120019CE
:109D800048122019501240195812201B6012201935
:109D90006812201D7012C8127812201F8012001A3B
:109DA0008812081A9012401A98126013A012201AF2
:109DB000A8126015B012601AB8126017C012001B0A
:109DC000C8126019D012401BD812601BE012201B71
:109DD000E812601DF012601BF812601F00131018CB
:109DE00008131818101350181813A013201348182C
:109DF0002813A0153013C8183813A01740131019D2
:109E00004813A019501350195813A01B6013481A77
:109E10006813A01D7013C81A7813A01F8013101A9E
:109E20008813181A9013501A9813E013A013581897
:109E3000A813E015B013D818B813E017C013101BFF
:109E4000C813E019D013501BD813E01BE013581AA5
:109E5000E813E01DF013D81AF813E01F08142014BB
:109E6000101400151814201530140815381428166D
:109E70004014001548142818501410155814281AA6
:109E8000601420156814281C701418157814281EE6
:109E90008014001C8814201C9014001D9814201D90
:109EA000A014081CA814281CB014081DB8146816A7
:109EB000C014101CC8146818D014101DD814681AC7
:109EC000E014181CE814681CF014181DF814681E1F
:109ED000081520151015401518156015201528189F
:109EE0002815281C301548153815A8164815A81827
:109EF0005815A81A6015281A6815A81C7015A81AF4
:109F00007815A81E8015401C8815601C9015401DF2
:109F10009815601DA015481CA815681CB015481D93
:109F2000B815E816C015501CC815E818D015501DF6
:109F3000D815E81AE015581CE815E81CF015581D4E
:109F4000F815E81E0016001C0816081C1016401C08
:109F50001816481C2016201C2816281C3016601CB9
:109F6000381628174016001D481628195016401D8F
:109F70005816281B6016201D6816281D7016601DB7
:109F80007816281F8016801C8816A01C9016801D2D
:109F90009816A01DA016881CA816A81CB016881D0F
:109FA000B8166817C016901CC8166819D016901DF0
:109FB000D816681BE016981CE816681DF016981D48
:109FC000F816681F0017101C0817181C1017501CD3
:109FD0001817581C201768182817681C3017E8181D
:109FE0003817A8174017101D4817A8195017501DEB
:109FF0005817A81B6017681A6817A81D7017E81A69
:10A000007817A81F8017C01C8817E01C9017C01D68
:10A010009817E01DA017C81CA817E81CB017C81D8A
:10A02000B817E817C017D01CC817E819D017D01DEB
:10A03000D817E81BE017D81CE817E81DF017D81D43
:10A04000F817E81F18186018301848183818601CDE
:10A050005818301A6818301C7018181A7818301EE2
:10A060008018001A8818081A9018001B9818601990
:10A07000A018201AA818281AB018201BB818601D9C
:10A08000C018101AC818181AD018101BD818701A2F
:10A09000E018301AE818701CF018581AF818701EDA
:10A0A000081920191819601A2819081D301988195B
:10A0B0003819881D4819201B5819B01A6019081B37
:10A0C0006819B01C7019881B7819B01E8019401AC5
:10A0D0008819481A9019401B9819601BA019601A1A
:10A0E000A819181DB019601BB819981DC019501A6D
:10A0F000C819581AD019501BD819F01AE019181B92
:10A10000E819F01CF019981BF819F01E381A701C89
:10A11000581A301B681A301D701A181B781A301F15
:10A12000901AC01A981AC81AB01AE01AB81AE81A7F
:10A13000C01A801BC81A881BD01AC01BD81A701BE3
:10A14000E01AA01BE81A701DF01AE01BF81A701F25
:10A15000281B481D381BC81D481B601B581BB01B03
:10A16000681BB01D701BC81B781BB01F901BC01B49
:10A17000981BC81BA81B581DB01BE01BB81BD81D83
:10A18000D81BF01BE81BF01DF81BF01F081C201C3F
:10A19000181C301C381C681C481C601C581C701C87
:10A1A000781C381E801C001E881C201E901C001F5E
:10A1B000981C201FA01C081EA81C281EB01C081FCD
:10A1C000B81C281FC01C101EC81C301ED01C101F1D
:10A1D000D81C301FE01C181EE81C381EF01C181F6D
:10A1E000F81C781E081D201D181D301D381DA81DC7
:10A1F000481D601D581D701D681D281F781DB81E44
:10A20000801D401E881D601E901D401F981D601FF0
:10A21000A01D481EA81D681EB01D481FB81D681F40
:10A22000C01D501EC81D701ED01D501FD81D701F90
:10A23000E01D581EE81D781EF01D581FF81DF81E61
:10A24000081E201E181E301E481E601E581E701E3E
:10A25000781E381F881EA01E901E801F981EA01FEB
:10A26000B01E881FB81EA81FC01E801FC81E881FD2
:10A27000D01E901FD81EB01FE01EA01FE81EA81FF2
:10A28000F01E981FF81E781F081F201F181F301F70
:10A29000481F601F581F701F781FB81F881FA01FFE
:10A2A000901FC01F981FE01FB01FC81FB81FE81FD6
:10A2B000C81FE01FD81FF01F00040000A87403008F
:10A2C000A89403000807000004FA97999999D93FC8
:10A2D000AF788E1DC571CC3F9FC678D0099AC33F19
:10A2E000935555555555E53F599322942449D23FEE
:10A2F000DE03CB966446C73F44523EDF12F1C23FB5
:10A30000000000000000F03F000000000000F83FE7
:10A3100000000000000000000000004003B8E23F21
:10A32000000000000000000006D0CF43EBFD4C3ED3
:10A33000033333333333E33FFFAB6FDBB66DDB3FC8
:10A340004D268F515555D53F01411DA96074D13F10
:10A3500065DBC9934A86CD3FEF4E454A287ECA3F0A
:10A360003E5555555555C53F93BDBE166CC166BF8C
:10A370002CDE25AF6A56113FF16BD2C541BDBBBE85
:10A38000D0A4BE726937663E0000000000000000E5
:10A39000322E5143322E3000332E5143332E3000B3
:10A3A000312ED6F7CCE2D1D5C9AB3100322ED6F75B
:10A3B000CCE2D1D5C9AB320051433300332ED6F7AE
:10A3C000CCE2D1D5C9AB3300342ED6F7CCE2D1D50F
:10A3D000C9AB34005044C4ACC8CFD3D5C6AD3A00E5
:10A3E000505053D3D5C6ADB5E7D1B93A00000000FF
:10A3F000464958D3D5C6ADB5E7D1B93A00000000FB
:10A40000505053D3D5C6ADB5E7C1F73A00000000B0
:10A41000312E5044000000003230560031325600D8
:10A420003556000039560000372EB0E6B1BED0C513
:10A43000CFA20000332ED3D5C6ADB2CBB5A5000058
:10A44000332ECAB1BCE4BCC7C2BCE3D0D6B5000051
:10A45000342EB5E7C1F7D0A3D7BC0000D7D4B6AF30
:10A46000CFA2C6C100000000382EC9E8D6C3000044
:10A47000362ED6F7CCE2D1D5C9ABC9E8D6C3000099
:10A48000322E5044D3D5C6ADC9E8D6C30000000073
:10A49000312EB1B3B9E2C9E8D6C30000342E50441E
:10A4A0004FB1A8CEC4000000352EC1E3B5E3C6AF5E
:10A4B000D2C60000CFA2C6C1C1C1B6C8000000000C
:10A4C000B1B3B9E2C1C1B6C800000000362E456D77
:10A4D00061726B6572B2E2CAD4000000372EBFAA67
:10A4E000B6FBCEC4B2E2CFDF00000000312ECEC6F4
:10A4F000B2A8C6B5C6D7C7FACFDF0000322EBCE07F
:10A50000B2E2C7FACFDF0000382ED7A2B2E10000D6
:10A51000352E5044BCE0CCFD000000005044332EEA
:10A52000300000004C2D4331373000005044332EB2
:10A53000310000004C2D4331333500004E412D33A6
:10A54000410000004550522D354100004E756269B2
:10A55000612D3641000000004E756269612D384161
:10A56000000000004D492D50440000004155544F5B
:10A570002D50440043554B544543480048554157DE
:10A580004549000049514F4F00000000322EB1A351
:10A59000B3D64343CFC2C0AD2CBDF8C8EBD3D5C6AC
:10A5A000ADB2CBB5A5000000312EBDF8C8EB5044CC
:10A5B000D3D5C6AD2CBDFBD3C3C6E4CBFCD3D5C627
:10A5C000AD000000332EB1A3B3D64343CFC2C0AD1C
:10A5D0002CD0DEB8C4D3D5C6ADC9E8D6C3000000C0
:10A5E00010A603000080FF1FB0020000D06602002A
:10A5F000C0A80300B082FF1F900F0000B40A010042
:10A60000B4AA03004092FF1FF8D50200E0660200E2
:10A610002DE9F04107460D46164600F037F90120B6
:10A6200000F039F94FF48074204600F039F9012820
:10A63000FAD172B62A463146384600F039F862B689
:10A64000BDE8F04100F031B910B50446002C06D049
:10A65000012C04D040F22B117DA000F02BF987488B
:10A66000016864F30001016010BD8449083108608D
:10A6700070472DE9F04107460D4616463C46002F2F
:10A6800004D14FF4227172A000F014F9280009D10E
:10A6900040F289216EA000F00DF903E015F8010BDE
:10A6A00004F8010B761E701CF8D13846BDE8F08125
:10A6B0002DE9FC5F164600270024621E0092054625
:10A6C0004FEA910801F0030B6D4988420BD26C49A7
:10A6D0003831884207D96B49884204D940F2AB210E
:10A6E0005BA000F0E7F8300004D14FF42B7158A0C4
:10A6F00000F0E0F83F20FFF7B8FF6048001F016856
:10A70000C1F300410191016821F480310160012011
:10A71000FFF79AFF5948016821F07001303101605C
:10A720002020FFF7A2FF0120FFF79FFF0022DFF8A4
:10A730004C914FF4805A09F104090FE001CE01C594
:10A7400004E0641CA4B2544500D90927D9F80000DC
:10A75000C006F6D51020FFF788FF521C4245EDD306
:10A76000BBF1000F06D05A4631466846FFF781FF1D
:10A77000009828604148016821F0700101600020C4
:10A7800004E0401C80B2504500D90927D9F80010D8
:10A79000C905F6D51020FFF768FF0020FFF754FF2A
:10A7A0003649019A091F086862F31040086038466C
:10A7B000BDE8FC9F2DE9F041054600240026304805
:10A7C00085420BD22E483830854207D92D48854224
:10A7D00004D94FF43F711EA000F06CF83F20FFF742
:10A7E00044FFDFF89880A8F10408D8F80000C0F30F
:10A7F0000047D8F8000020F48030C8F8000001209D
:10A80000FFF722FF1D4A106820F0700040301060F2
:10A810001D4828609314101D04E0641CA4B29C42DF
:10A8200000D909260168C905F7D51020FFF71DFFDB
:10A83000106820F0700010600020FFF705FFD8F8C6
:10A84000000067F31040C8F8000030462EE7000013
:10A850002E2E5C2E2E5C2E2E5C2E2E5C2E2E5C64FC
:10A8600072697665725C7372635C686333326634F6
:10A8700036305F65666D2E63000000000C040140F9
:10A88000C00F0003DFFF07007856341245F6312C65
:10A89000C0F2010C604745F2CD7CC0F2010C60476C
:10A8A00045F6290CC0F2010C604745F6950CC0F244
:10A8B000010C604745F21D6CC0F2010C60470000BE
:10A8C000112324F413127A02170114E98502145D8E
:10A8D00086021A69041A81042AE90819141A31082F
:10A8E00017040309041201320225400511091D0253
:10A8F000010203491439A5021A59041BA5A43019F1
:10A90000041AC9041A85041A1514192531996E09F7
:10A91000167901370517333353401C4001106F621D
:10A920001A78094DFB79069ADB4DFB8409158802DC
:10A93000150A23D8421AFE04230F431A2204C968B9
:10A9400041042510A4030B2490A3280A2598280A63
:10A950001120780A1124140A111C140A1118140A5F
:10A9600011B8780A25ECDC01240A49FC4C0A493468
:10A970004C0A499C4C0B4810A54C0A49CC980A49F2
:10A98000DC4C0A49684C0A3D5C4C0A3DC0400A3D1B
:10A99000B4400B3CD4A340810A45F0480A45E04846
:10A9A000110A44A4480A41A0900A41AC440A41BC9F
:10A9B000440A41C8440B4090A44401140A558058ED
:10A9C0000A5540580A5550580A55A8580A55705803
:10A9D0000A5528580B5408A5580110023D018B7ADE
:10A9E0004404E1EBD00768496A0A256CD80A251CA3
:10A9F000280A252C280A2564280A253C280A2548E7
:10AA0000280A2544280A2574280A2534280A2524DA
:10AA1000280A257C280A254C280A2558280A258436
:10AA2000280A25A82801680A8D8C900A8DC49001F7
:10AA30001C14B98602149D8302140D87021AA10CFE
:10AA400014559C0214A99B0214F984022A4504138C
:10AA500094021A690405247091FF1F140902291336
:10AA6000010125C03209042B020312100821100134
:10AA7000210122211607058103402D010705020748
:10AA8000100A058C0906A10109061512269808FF6F
:10AA90007508954091820D248182C01B69A380199D
:10AAA000041AA5044114EDA2025A5D0C1A01085AB9
:04AAB0001D0CC100B8
:040000050001028173
:00000001FF
