ISO-10303-21;
HEADER;
FILE_DESCRIPTION(('Designed by EasyEDA Pro'),'2;1');
FILE_NAME('Open CASCADE Shape Model','2025-10-22T15:16:29',('Author'),(
    'Open CASCADE'),'Open CASCADE STEP processor 7.8','Open CASCADE 7.8'
  ,'Unknown');
FILE_SCHEMA(('AUTOMOTIVE_DESIGN { 1 0 10303 214 1 1 1 1 }'));
ENDSEC;
DATA;
#1 = APPLICATION_PROTOCOL_DEFINITION('international standard',
  'automotive_design',2000,#2);
#2 = APPLICATION_CONTEXT(
  'core data for automotive mechanical design processes');
#3 = SHAPE_DEFINITION_REPRESENTATION(#4,#10);
#4 = PRODUCT_DEFINITION_SHAPE('','',#5);
#5 = PRODUCT_DEFINITION('design','',#6,#9);
#6 = PRODUCT_DEFINITION_FORMATION('','',#7);
#7 = PRODUCT('EasyEDA PCB Model~LoBm','EasyEDA PCB Model~LoBm','',(#8));
#8 = PRODUCT_CONTEXT('',#2,'mechanical');
#9 = PRODUCT_DEFINITION_CONTEXT('part definition',#2,'design');
#10 = SHAPE_REPRESENTATION('',(#11,#15,#19,#23,#27,#31),#35);
#11 = AXIS2_PLACEMENT_3D('',#12,#13,#14);
#12 = CARTESIAN_POINT('',(0.,0.,0.));
#13 = DIRECTION('',(0.,0.,1.));
#14 = DIRECTION('',(1.,0.,-0.));
#15 = AXIS2_PLACEMENT_3D('',#16,#17,#18);
#16 = CARTESIAN_POINT('',(0.,0.,0.));
#17 = DIRECTION('',(0.,0.,1.));
#18 = DIRECTION('',(1.,0.,-0.));
#19 = AXIS2_PLACEMENT_3D('',#20,#21,#22);
#20 = CARTESIAN_POINT('',(0.,0.,1.610028244856));
#21 = DIRECTION('',(0.,0.,1.));
#22 = DIRECTION('',(1.,0.,-0.));
#23 = AXIS2_PLACEMENT_3D('',#24,#25,#26);
#24 = CARTESIAN_POINT('',(0.,0.,-1.E-02));
#25 = DIRECTION('',(0.,0.,1.));
#26 = DIRECTION('',(1.,0.,-0.));
#27 = AXIS2_PLACEMENT_3D('',#28,#29,#30);
#28 = CARTESIAN_POINT('',(0.,0.,0.));
#29 = DIRECTION('',(0.,0.,1.));
#30 = DIRECTION('',(1.,0.,-0.));
#31 = AXIS2_PLACEMENT_3D('',#32,#33,#34);
#32 = CARTESIAN_POINT('',(0.,0.,0.));
#33 = DIRECTION('',(0.,0.,1.));
#34 = DIRECTION('',(1.,0.,-0.));
#35 = ( GEOMETRIC_REPRESENTATION_CONTEXT(3) 
GLOBAL_UNCERTAINTY_ASSIGNED_CONTEXT((#39)) GLOBAL_UNIT_ASSIGNED_CONTEXT(
(#36,#37,#38)) REPRESENTATION_CONTEXT('Context #1',
  '3D Context with UNIT and UNCERTAINTY') );
#36 = ( LENGTH_UNIT() NAMED_UNIT(*) SI_UNIT(.MILLI.,.METRE.) );
#37 = ( NAMED_UNIT(*) PLANE_ANGLE_UNIT() SI_UNIT($,.RADIAN.) );
#38 = ( NAMED_UNIT(*) SI_UNIT($,.STERADIAN.) SOLID_ANGLE_UNIT() );
#39 = UNCERTAINTY_MEASURE_WITH_UNIT(LENGTH_MEASURE(1.E-07),#36,
  'distance_accuracy_value','confusion accuracy');
#40 = PRODUCT_RELATED_PRODUCT_CATEGORY('part',$,(#7));
#41 = SHAPE_DEFINITION_REPRESENTATION(#42,#48);
#42 = PRODUCT_DEFINITION_SHAPE('','',#43);
#43 = PRODUCT_DEFINITION('design','',#44,#47);
#44 = PRODUCT_DEFINITION_FORMATION('','',#45);
#45 = PRODUCT('Board~LoBm','Board~LoBm','',(#46));
#46 = PRODUCT_CONTEXT('',#2,'mechanical');
#47 = PRODUCT_DEFINITION_CONTEXT('part definition',#2,'design');
#48 = SHAPE_REPRESENTATION('',(#11,#49,#4380),#4971);
#49 = MANIFOLD_SOLID_BREP('',#50);
#50 = CLOSED_SHELL('',(#51,#91,#124,#155,#188,#219,#252,#283,#307,#349,
    #382,#415,#439,#481,#505,#547,#571,#613,#646,#677,#708,#741,#774,
    #805,#836,#869,#902,#933,#964,#995,#1026,#1057,#1088,#1110,#1150,
    #1183,#1214,#1247,#1278,#1311,#1342,#1375,#1406,#1439,#1470,#1503,
    #1534,#1567,#1598,#1631,#1662,#1695,#1726,#1759,#1790,#1823,#1854,
    #1887,#1918,#1951,#1982,#2015,#2046,#2079,#2110,#2143,#2174,#2207,
    #2238,#2271,#2302,#2335,#2366,#2399,#2430,#2463,#2494,#2527,#2558,
    #2591,#2622,#2655,#2686,#2719,#2750,#2783,#2814,#2847,#2878,#2911,
    #2942,#2975,#3006,#3039,#3070,#3103,#3134,#3167,#3198,#3231,#3262,
    #3295,#3326,#3359,#3390,#3414,#3456,#3480,#3522,#3546,#3588,#3612,
    #3654,#3678,#3718,#3749,#3780,#3802,#3844,#3877,#3910,#3934,#3976,
    #4009,#4042,#4066,#4223));
#51 = ADVANCED_FACE('',(#52),#86,.T.);
#52 = FACE_BOUND('',#53,.T.);
#53 = EDGE_LOOP('',(#54,#64,#72,#80));
#54 = ORIENTED_EDGE('',*,*,#55,.T.);
#55 = EDGE_CURVE('',#56,#58,#60,.T.);
#56 = VERTEX_POINT('',#57);
#57 = CARTESIAN_POINT('',(4.082282553977,74.145847091694,0.));
#58 = VERTEX_POINT('',#59);
#59 = CARTESIAN_POINT('',(4.082282553977,74.145847091694,1.600028244856)
  );
#60 = LINE('',#61,#62);
#61 = CARTESIAN_POINT('',(4.082282553977,74.145847091694,0.));
#62 = VECTOR('',#63,1.);
#63 = DIRECTION('',(0.,0.,1.));
#64 = ORIENTED_EDGE('',*,*,#65,.T.);
#65 = EDGE_CURVE('',#58,#66,#68,.T.);
#66 = VERTEX_POINT('',#67);
#67 = CARTESIAN_POINT('',(85.492469884854,74.145847091694,1.600028244856
    ));
#68 = LINE('',#69,#70);
#69 = CARTESIAN_POINT('',(4.082282553977,74.145847091694,1.600028244856)
  );
#70 = VECTOR('',#71,1.);
#71 = DIRECTION('',(1.,0.,0.));
#72 = ORIENTED_EDGE('',*,*,#73,.F.);
#73 = EDGE_CURVE('',#74,#66,#76,.T.);
#74 = VERTEX_POINT('',#75);
#75 = CARTESIAN_POINT('',(85.492469884854,74.145847091694,0.));
#76 = LINE('',#77,#78);
#77 = CARTESIAN_POINT('',(85.492469884854,74.145847091694,0.));
#78 = VECTOR('',#79,1.);
#79 = DIRECTION('',(0.,0.,1.));
#80 = ORIENTED_EDGE('',*,*,#81,.F.);
#81 = EDGE_CURVE('',#56,#74,#82,.T.);
#82 = LINE('',#83,#84);
#83 = CARTESIAN_POINT('',(4.082282553977,74.145847091694,0.));
#84 = VECTOR('',#85,1.);
#85 = DIRECTION('',(1.,0.,0.));
#86 = PLANE('',#87);
#87 = AXIS2_PLACEMENT_3D('',#88,#89,#90);
#88 = CARTESIAN_POINT('',(4.082282553977,74.145847091694,0.));
#89 = DIRECTION('',(0.,1.,0.));
#90 = DIRECTION('',(1.,0.,0.));
#91 = ADVANCED_FACE('',(#92),#119,.T.);
#92 = FACE_BOUND('',#93,.T.);
#93 = EDGE_LOOP('',(#94,#95,#104,#112));
#94 = ORIENTED_EDGE('',*,*,#73,.T.);
#95 = ORIENTED_EDGE('',*,*,#96,.T.);
#96 = EDGE_CURVE('',#66,#97,#99,.T.);
#97 = VERTEX_POINT('',#98);
#98 = CARTESIAN_POINT('',(89.574676149352,70.063640827196,1.600028244856
    ));
#99 = CIRCLE('',#100,4.089754566932);
#100 = AXIS2_PLACEMENT_3D('',#101,#102,#103);
#101 = CARTESIAN_POINT('',(85.484928535405,70.056099477747,
    1.600028244856));
#102 = DIRECTION('',(0.,0.,-1.));
#103 = DIRECTION('',(1.843961373614E-03,0.999998299902,0.));
#104 = ORIENTED_EDGE('',*,*,#105,.F.);
#105 = EDGE_CURVE('',#106,#97,#108,.T.);
#106 = VERTEX_POINT('',#107);
#107 = CARTESIAN_POINT('',(89.574676149352,70.063640827196,0.));
#108 = LINE('',#109,#110);
#109 = CARTESIAN_POINT('',(89.574676149352,70.063640827196,0.));
#110 = VECTOR('',#111,1.);
#111 = DIRECTION('',(0.,0.,1.));
#112 = ORIENTED_EDGE('',*,*,#113,.F.);
#113 = EDGE_CURVE('',#74,#106,#114,.T.);
#114 = CIRCLE('',#115,4.089754566932);
#115 = AXIS2_PLACEMENT_3D('',#116,#117,#118);
#116 = CARTESIAN_POINT('',(85.484928535405,70.056099477747,0.));
#117 = DIRECTION('',(0.,0.,-1.));
#118 = DIRECTION('',(1.843961373614E-03,0.999998299902,0.));
#119 = CYLINDRICAL_SURFACE('',#120,4.089754566932);
#120 = AXIS2_PLACEMENT_3D('',#121,#122,#123);
#121 = CARTESIAN_POINT('',(85.484928535405,70.056099477747,0.));
#122 = DIRECTION('',(0.,0.,-1.));
#123 = DIRECTION('',(1.843961373614E-03,0.999998299902,0.));
#124 = ADVANCED_FACE('',(#125),#150,.T.);
#125 = FACE_BOUND('',#126,.T.);
#126 = EDGE_LOOP('',(#127,#128,#136,#144));
#127 = ORIENTED_EDGE('',*,*,#105,.T.);
#128 = ORIENTED_EDGE('',*,*,#129,.T.);
#129 = EDGE_CURVE('',#97,#130,#132,.T.);
#130 = VERTEX_POINT('',#131);
#131 = CARTESIAN_POINT('',(89.574676149352,4.053351850215,1.600028244856
    ));
#132 = LINE('',#133,#134);
#133 = CARTESIAN_POINT('',(89.574676149352,70.063640827196,
    1.600028244856));
#134 = VECTOR('',#135,1.);
#135 = DIRECTION('',(-2.15282419384E-16,-1.,0.));
#136 = ORIENTED_EDGE('',*,*,#137,.F.);
#137 = EDGE_CURVE('',#138,#130,#140,.T.);
#138 = VERTEX_POINT('',#139);
#139 = CARTESIAN_POINT('',(89.574676149352,4.053351850215,0.));
#140 = LINE('',#141,#142);
#141 = CARTESIAN_POINT('',(89.574676149352,4.053351850215,0.));
#142 = VECTOR('',#143,1.);
#143 = DIRECTION('',(0.,0.,1.));
#144 = ORIENTED_EDGE('',*,*,#145,.F.);
#145 = EDGE_CURVE('',#106,#138,#146,.T.);
#146 = LINE('',#147,#148);
#147 = CARTESIAN_POINT('',(89.574676149352,70.063640827196,0.));
#148 = VECTOR('',#149,1.);
#149 = DIRECTION('',(-2.15282419384E-16,-1.,0.));
#150 = PLANE('',#151);
#151 = AXIS2_PLACEMENT_3D('',#152,#153,#154);
#152 = CARTESIAN_POINT('',(89.574676149352,70.063640827196,0.));
#153 = DIRECTION('',(1.,-2.15282419384E-16,0.));
#154 = DIRECTION('',(-2.15282419384E-16,-1.,0.));
#155 = ADVANCED_FACE('',(#156),#183,.T.);
#156 = FACE_BOUND('',#157,.T.);
#157 = EDGE_LOOP('',(#158,#159,#168,#176));
#158 = ORIENTED_EDGE('',*,*,#137,.T.);
#159 = ORIENTED_EDGE('',*,*,#160,.T.);
#160 = EDGE_CURVE('',#130,#161,#163,.T.);
#161 = VERTEX_POINT('',#162);
#162 = CARTESIAN_POINT('',(85.492469999098,-2.875285750572E-02,
    1.600028244856));
#163 = CIRCLE('',#164,4.08968072739);
#164 = AXIS2_PLACEMENT_3D('',#165,#166,#167);
#165 = CARTESIAN_POINT('',(85.485002426527,4.060921052153,1.600028244856
    ));
#166 = DIRECTION('',(0.,0.,-1.));
#167 = DIRECTION('',(0.999998287259,-1.850805097683E-03,0.));
#168 = ORIENTED_EDGE('',*,*,#169,.F.);
#169 = EDGE_CURVE('',#170,#161,#172,.T.);
#170 = VERTEX_POINT('',#171);
#171 = CARTESIAN_POINT('',(85.492469999098,-2.875285750572E-02,0.));
#172 = LINE('',#173,#174);
#173 = CARTESIAN_POINT('',(85.492469999098,-2.875285750572E-02,0.));
#174 = VECTOR('',#175,1.);
#175 = DIRECTION('',(0.,0.,1.));
#176 = ORIENTED_EDGE('',*,*,#177,.F.);
#177 = EDGE_CURVE('',#138,#170,#178,.T.);
#178 = CIRCLE('',#179,4.08968072739);
#179 = AXIS2_PLACEMENT_3D('',#180,#181,#182);
#180 = CARTESIAN_POINT('',(85.485002426527,4.060921052153,0.));
#181 = DIRECTION('',(0.,0.,-1.));
#182 = DIRECTION('',(0.999998287259,-1.850805097683E-03,0.));
#183 = CYLINDRICAL_SURFACE('',#184,4.08968072739);
#184 = AXIS2_PLACEMENT_3D('',#185,#186,#187);
#185 = CARTESIAN_POINT('',(85.485002426527,4.060921052153,0.));
#186 = DIRECTION('',(0.,0.,-1.));
#187 = DIRECTION('',(0.999998287259,-1.850805097683E-03,0.));
#188 = ADVANCED_FACE('',(#189),#214,.T.);
#189 = FACE_BOUND('',#190,.T.);
#190 = EDGE_LOOP('',(#191,#192,#200,#208));
#191 = ORIENTED_EDGE('',*,*,#169,.T.);
#192 = ORIENTED_EDGE('',*,*,#193,.T.);
#193 = EDGE_CURVE('',#161,#194,#196,.T.);
#194 = VERTEX_POINT('',#195);
#195 = CARTESIAN_POINT('',(4.08228243973,-2.875285750572E-02,
    1.600028244856));
#196 = LINE('',#197,#198);
#197 = CARTESIAN_POINT('',(85.492469999098,-2.875285750571E-02,
    1.600028244856));
#198 = VECTOR('',#199,1.);
#199 = DIRECTION('',(-1.,-1.005758007945E-17,0.));
#200 = ORIENTED_EDGE('',*,*,#201,.F.);
#201 = EDGE_CURVE('',#202,#194,#204,.T.);
#202 = VERTEX_POINT('',#203);
#203 = CARTESIAN_POINT('',(4.08228243973,-2.875285750572E-02,0.));
#204 = LINE('',#205,#206);
#205 = CARTESIAN_POINT('',(4.08228243973,-2.875285750572E-02,0.));
#206 = VECTOR('',#207,1.);
#207 = DIRECTION('',(0.,0.,1.));
#208 = ORIENTED_EDGE('',*,*,#209,.F.);
#209 = EDGE_CURVE('',#170,#202,#210,.T.);
#210 = LINE('',#211,#212);
#211 = CARTESIAN_POINT('',(85.492469999098,-2.875285750571E-02,0.));
#212 = VECTOR('',#213,1.);
#213 = DIRECTION('',(-1.,-1.005758007945E-17,0.));
#214 = PLANE('',#215);
#215 = AXIS2_PLACEMENT_3D('',#216,#217,#218);
#216 = CARTESIAN_POINT('',(85.492469999098,-2.875285750571E-02,0.));
#217 = DIRECTION('',(1.005758007945E-17,-1.,0.));
#218 = DIRECTION('',(-1.,-1.005758007945E-17,0.));
#219 = ADVANCED_FACE('',(#220),#247,.T.);
#220 = FACE_BOUND('',#221,.T.);
#221 = EDGE_LOOP('',(#222,#223,#232,#240));
#222 = ORIENTED_EDGE('',*,*,#201,.T.);
#223 = ORIENTED_EDGE('',*,*,#224,.T.);
#224 = EDGE_CURVE('',#194,#225,#227,.T.);
#225 = VERTEX_POINT('',#226);
#226 = CARTESIAN_POINT('',(7.620015240128E-05,4.053351939546,
    1.600028244856));
#227 = CIRCLE('',#228,4.089738607171);
#228 = AXIS2_PLACEMENT_3D('',#229,#230,#231);
#229 = CARTESIAN_POINT('',(4.089807695689,4.060978826298,1.600028244856)
  );
#230 = DIRECTION('',(0.,0.,-1.));
#231 = DIRECTION('',(-1.840033479365E-03,-0.999998307137,-0.));
#232 = ORIENTED_EDGE('',*,*,#233,.F.);
#233 = EDGE_CURVE('',#234,#225,#236,.T.);
#234 = VERTEX_POINT('',#235);
#235 = CARTESIAN_POINT('',(7.620015240128E-05,4.053351939546,0.));
#236 = LINE('',#237,#238);
#237 = CARTESIAN_POINT('',(7.620015240128E-05,4.053351939546,0.));
#238 = VECTOR('',#239,1.);
#239 = DIRECTION('',(0.,0.,1.));
#240 = ORIENTED_EDGE('',*,*,#241,.F.);
#241 = EDGE_CURVE('',#202,#234,#242,.T.);
#242 = CIRCLE('',#243,4.089738607171);
#243 = AXIS2_PLACEMENT_3D('',#244,#245,#246);
#244 = CARTESIAN_POINT('',(4.089807695689,4.060978826298,0.));
#245 = DIRECTION('',(0.,0.,-1.));
#246 = DIRECTION('',(-1.840033479365E-03,-0.999998307137,-0.));
#247 = CYLINDRICAL_SURFACE('',#248,4.089738607171);
#248 = AXIS2_PLACEMENT_3D('',#249,#250,#251);
#249 = CARTESIAN_POINT('',(4.089807695689,4.060978826298,0.));
#250 = DIRECTION('',(0.,0.,-1.));
#251 = DIRECTION('',(-1.840033479365E-03,-0.999998307137,-0.));
#252 = ADVANCED_FACE('',(#253),#278,.T.);
#253 = FACE_BOUND('',#254,.T.);
#254 = EDGE_LOOP('',(#255,#256,#264,#272));
#255 = ORIENTED_EDGE('',*,*,#233,.T.);
#256 = ORIENTED_EDGE('',*,*,#257,.T.);
#257 = EDGE_CURVE('',#225,#258,#260,.T.);
#258 = VERTEX_POINT('',#259);
#259 = CARTESIAN_POINT('',(7.620015240637E-05,70.063640737864,
    1.600028244856));
#260 = LINE('',#261,#262);
#261 = CARTESIAN_POINT('',(7.620015240217E-05,4.053351939546,
    1.600028244856));
#262 = VECTOR('',#263,1.);
#263 = DIRECTION('',(3.292196453945E-17,1.,0.));
#264 = ORIENTED_EDGE('',*,*,#265,.F.);
#265 = EDGE_CURVE('',#266,#258,#268,.T.);
#266 = VERTEX_POINT('',#267);
#267 = CARTESIAN_POINT('',(7.620015240637E-05,70.063640737864,0.));
#268 = LINE('',#269,#270);
#269 = CARTESIAN_POINT('',(7.620015240637E-05,70.063640737864,0.));
#270 = VECTOR('',#271,1.);
#271 = DIRECTION('',(0.,0.,1.));
#272 = ORIENTED_EDGE('',*,*,#273,.F.);
#273 = EDGE_CURVE('',#234,#266,#274,.T.);
#274 = LINE('',#275,#276);
#275 = CARTESIAN_POINT('',(7.620015240217E-05,4.053351939546,0.));
#276 = VECTOR('',#277,1.);
#277 = DIRECTION('',(3.292196453945E-17,1.,0.));
#278 = PLANE('',#279);
#279 = AXIS2_PLACEMENT_3D('',#280,#281,#282);
#280 = CARTESIAN_POINT('',(7.620015240217E-05,4.053351939546,0.));
#281 = DIRECTION('',(-1.,3.292196453945E-17,0.));
#282 = DIRECTION('',(3.292196453945E-17,1.,0.));
#283 = ADVANCED_FACE('',(#284),#302,.T.);
#284 = FACE_BOUND('',#285,.T.);
#285 = EDGE_LOOP('',(#286,#287,#294,#295));
#286 = ORIENTED_EDGE('',*,*,#265,.T.);
#287 = ORIENTED_EDGE('',*,*,#288,.T.);
#288 = EDGE_CURVE('',#258,#58,#289,.T.);
#289 = CIRCLE('',#290,4.089812449155);
#290 = AXIS2_PLACEMENT_3D('',#291,#292,#293);
#291 = CARTESIAN_POINT('',(4.089881589645,70.056041702202,1.600028244856
    ));
#292 = DIRECTION('',(0.,0.,-1.));
#293 = DIRECTION('',(-0.999998273842,1.858040131877E-03,0.));
#294 = ORIENTED_EDGE('',*,*,#55,.F.);
#295 = ORIENTED_EDGE('',*,*,#296,.F.);
#296 = EDGE_CURVE('',#266,#56,#297,.T.);
#297 = CIRCLE('',#298,4.089812449155);
#298 = AXIS2_PLACEMENT_3D('',#299,#300,#301);
#299 = CARTESIAN_POINT('',(4.089881589645,70.056041702202,0.));
#300 = DIRECTION('',(0.,0.,-1.));
#301 = DIRECTION('',(-0.999998273842,1.858040131877E-03,0.));
#302 = CYLINDRICAL_SURFACE('',#303,4.089812449155);
#303 = AXIS2_PLACEMENT_3D('',#304,#305,#306);
#304 = CARTESIAN_POINT('',(4.089881589645,70.056041702202,0.));
#305 = DIRECTION('',(0.,0.,-1.));
#306 = DIRECTION('',(-0.999998273842,1.858040131877E-03,0.));
#307 = ADVANCED_FACE('',(#308),#344,.F.);
#308 = FACE_BOUND('',#309,.T.);
#309 = EDGE_LOOP('',(#310,#320,#329,#337));
#310 = ORIENTED_EDGE('',*,*,#311,.T.);
#311 = EDGE_CURVE('',#312,#314,#316,.T.);
#312 = VERTEX_POINT('',#313);
#313 = CARTESIAN_POINT('',(5.044542176819,2.724946758839,0.));
#314 = VERTEX_POINT('',#315);
#315 = CARTESIAN_POINT('',(5.044542176819,2.724946758839,1.600028244856)
  );
#316 = LINE('',#317,#318);
#317 = CARTESIAN_POINT('',(5.044542176819,2.724946758839,0.));
#318 = VECTOR('',#319,1.);
#319 = DIRECTION('',(0.,0.,1.));
#320 = ORIENTED_EDGE('',*,*,#321,.T.);
#321 = EDGE_CURVE('',#314,#322,#324,.T.);
#322 = VERTEX_POINT('',#323);
#323 = CARTESIAN_POINT('',(6.252507346521,4.751532990234,1.600028244856)
  );
#324 = CIRCLE('',#325,1.650012700025);
#325 = AXIS2_PLACEMENT_3D('',#326,#327,#328);
#326 = CARTESIAN_POINT('',(4.657531115062,4.328930657861,1.600028244856)
  );
#327 = DIRECTION('',(0.,0.,1.));
#328 = DIRECTION('',(0.23455035331,-0.972103971683,0.));
#329 = ORIENTED_EDGE('',*,*,#330,.F.);
#330 = EDGE_CURVE('',#331,#322,#333,.T.);
#331 = VERTEX_POINT('',#332);
#332 = CARTESIAN_POINT('',(6.252507346521,4.751532990234,0.));
#333 = LINE('',#334,#335);
#334 = CARTESIAN_POINT('',(6.252507346521,4.751532990234,0.));
#335 = VECTOR('',#336,1.);
#336 = DIRECTION('',(0.,0.,1.));
#337 = ORIENTED_EDGE('',*,*,#338,.F.);
#338 = EDGE_CURVE('',#312,#331,#339,.T.);
#339 = CIRCLE('',#340,1.650012700025);
#340 = AXIS2_PLACEMENT_3D('',#341,#342,#343);
#341 = CARTESIAN_POINT('',(4.657531115062,4.328930657861,0.));
#342 = DIRECTION('',(0.,0.,1.));
#343 = DIRECTION('',(0.23455035331,-0.972103971683,0.));
#344 = CYLINDRICAL_SURFACE('',#345,1.650012700025);
#345 = AXIS2_PLACEMENT_3D('',#346,#347,#348);
#346 = CARTESIAN_POINT('',(4.657531115062,4.328930657861,0.));
#347 = DIRECTION('',(-0.,-0.,-1.));
#348 = DIRECTION('',(0.23455035331,-0.972103971683,0.));
#349 = ADVANCED_FACE('',(#350),#377,.F.);
#350 = FACE_BOUND('',#351,.T.);
#351 = EDGE_LOOP('',(#352,#353,#362,#370));
#352 = ORIENTED_EDGE('',*,*,#330,.T.);
#353 = ORIENTED_EDGE('',*,*,#354,.T.);
#354 = EDGE_CURVE('',#322,#355,#357,.T.);
#355 = VERTEX_POINT('',#356);
#356 = CARTESIAN_POINT('',(4.253298818863,6.004288699632,1.600028244856)
  );
#357 = CIRCLE('',#358,1.650012700025);
#358 = AXIS2_PLACEMENT_3D('',#359,#360,#361);
#359 = CARTESIAN_POINT('',(4.64030988062,4.40030480061,1.600028244856));
#360 = DIRECTION('',(0.,0.,1.));
#361 = DIRECTION('',(0.977081852689,0.212863931059,-0.));
#362 = ORIENTED_EDGE('',*,*,#363,.F.);
#363 = EDGE_CURVE('',#364,#355,#366,.T.);
#364 = VERTEX_POINT('',#365);
#365 = CARTESIAN_POINT('',(4.253298818863,6.004288699632,0.));
#366 = LINE('',#367,#368);
#367 = CARTESIAN_POINT('',(4.253298818863,6.004288699632,0.));
#368 = VECTOR('',#369,1.);
#369 = DIRECTION('',(0.,0.,1.));
#370 = ORIENTED_EDGE('',*,*,#371,.F.);
#371 = EDGE_CURVE('',#331,#364,#372,.T.);
#372 = CIRCLE('',#373,1.650012700025);
#373 = AXIS2_PLACEMENT_3D('',#374,#375,#376);
#374 = CARTESIAN_POINT('',(4.64030988062,4.40030480061,0.));
#375 = DIRECTION('',(0.,0.,1.));
#376 = DIRECTION('',(0.977081852689,0.212863931059,-0.));
#377 = CYLINDRICAL_SURFACE('',#378,1.650012700025);
#378 = AXIS2_PLACEMENT_3D('',#379,#380,#381);
#379 = CARTESIAN_POINT('',(4.64030988062,4.40030480061,0.));
#380 = DIRECTION('',(-0.,-0.,-1.));
#381 = DIRECTION('',(0.977081852689,0.212863931059,-0.));
#382 = ADVANCED_FACE('',(#383),#410,.F.);
#383 = FACE_BOUND('',#384,.T.);
#384 = EDGE_LOOP('',(#385,#386,#395,#403));
#385 = ORIENTED_EDGE('',*,*,#363,.T.);
#386 = ORIENTED_EDGE('',*,*,#387,.T.);
#387 = EDGE_CURVE('',#355,#388,#390,.T.);
#388 = VERTEX_POINT('',#389);
#389 = CARTESIAN_POINT('',(3.045333649161,3.977702468237,1.600028244856)
  );
#390 = CIRCLE('',#391,1.650012700025);
#391 = AXIS2_PLACEMENT_3D('',#392,#393,#394);
#392 = CARTESIAN_POINT('',(4.64030988062,4.40030480061,1.600028244856));
#393 = DIRECTION('',(0.,0.,1.));
#394 = DIRECTION('',(-0.23455035331,0.972103971683,0.));
#395 = ORIENTED_EDGE('',*,*,#396,.F.);
#396 = EDGE_CURVE('',#397,#388,#399,.T.);
#397 = VERTEX_POINT('',#398);
#398 = CARTESIAN_POINT('',(3.045333649161,3.977702468237,0.));
#399 = LINE('',#400,#401);
#400 = CARTESIAN_POINT('',(3.045333649161,3.977702468237,0.));
#401 = VECTOR('',#402,1.);
#402 = DIRECTION('',(0.,0.,1.));
#403 = ORIENTED_EDGE('',*,*,#404,.F.);
#404 = EDGE_CURVE('',#364,#397,#405,.T.);
#405 = CIRCLE('',#406,1.650012700025);
#406 = AXIS2_PLACEMENT_3D('',#407,#408,#409);
#407 = CARTESIAN_POINT('',(4.64030988062,4.40030480061,0.));
#408 = DIRECTION('',(0.,0.,1.));
#409 = DIRECTION('',(-0.23455035331,0.972103971683,0.));
#410 = CYLINDRICAL_SURFACE('',#411,1.650012700025);
#411 = AXIS2_PLACEMENT_3D('',#412,#413,#414);
#412 = CARTESIAN_POINT('',(4.64030988062,4.40030480061,0.));
#413 = DIRECTION('',(-0.,-0.,-1.));
#414 = DIRECTION('',(-0.23455035331,0.972103971683,0.));
#415 = ADVANCED_FACE('',(#416),#434,.F.);
#416 = FACE_BOUND('',#417,.T.);
#417 = EDGE_LOOP('',(#418,#419,#426,#427));
#418 = ORIENTED_EDGE('',*,*,#396,.T.);
#419 = ORIENTED_EDGE('',*,*,#420,.T.);
#420 = EDGE_CURVE('',#388,#314,#421,.T.);
#421 = CIRCLE('',#422,1.650012700025);
#422 = AXIS2_PLACEMENT_3D('',#423,#424,#425);
#423 = CARTESIAN_POINT('',(4.657531115062,4.328930657861,1.600028244856)
  );
#424 = DIRECTION('',(0.,0.,1.));
#425 = DIRECTION('',(-0.977081852689,-0.212863931059,0.));
#426 = ORIENTED_EDGE('',*,*,#311,.F.);
#427 = ORIENTED_EDGE('',*,*,#428,.F.);
#428 = EDGE_CURVE('',#397,#312,#429,.T.);
#429 = CIRCLE('',#430,1.650012700025);
#430 = AXIS2_PLACEMENT_3D('',#431,#432,#433);
#431 = CARTESIAN_POINT('',(4.657531115062,4.328930657861,0.));
#432 = DIRECTION('',(0.,0.,1.));
#433 = DIRECTION('',(-0.977081852689,-0.212863931059,0.));
#434 = CYLINDRICAL_SURFACE('',#435,1.650012700025);
#435 = AXIS2_PLACEMENT_3D('',#436,#437,#438);
#436 = CARTESIAN_POINT('',(4.657531115062,4.328930657861,0.));
#437 = DIRECTION('',(-0.,-0.,-1.));
#438 = DIRECTION('',(-0.977081852689,-0.212863931059,0.));
#439 = ADVANCED_FACE('',(#440),#476,.F.);
#440 = FACE_BOUND('',#441,.T.);
#441 = EDGE_LOOP('',(#442,#452,#461,#469));
#442 = ORIENTED_EDGE('',*,*,#443,.T.);
#443 = EDGE_CURVE('',#444,#446,#448,.T.);
#444 = VERTEX_POINT('',#445);
#445 = CARTESIAN_POINT('',(6.317551435103,69.608915417831,0.));
#446 = VERTEX_POINT('',#447);
#447 = CARTESIAN_POINT('',(6.317551435103,69.608915417831,1.600028244856
    ));
#448 = LINE('',#449,#450);
#449 = CARTESIAN_POINT('',(6.317551435103,69.608915417831,0.));
#450 = VECTOR('',#451,1.);
#451 = DIRECTION('',(0.,0.,1.));
#452 = ORIENTED_EDGE('',*,*,#453,.T.);
#453 = EDGE_CURVE('',#446,#454,#456,.T.);
#454 = VERTEX_POINT('',#455);
#455 = CARTESIAN_POINT('',(3.017526035052,69.608915417831,1.600028244856
    ));
#456 = CIRCLE('',#457,1.650012700025);
#457 = AXIS2_PLACEMENT_3D('',#458,#459,#460);
#458 = CARTESIAN_POINT('',(4.667538735077,69.608915417831,1.600028244856
    ));
#459 = DIRECTION('',(0.,0.,1.));
#460 = DIRECTION('',(1.,1.110223024625E-16,-0.));
#461 = ORIENTED_EDGE('',*,*,#462,.F.);
#462 = EDGE_CURVE('',#463,#454,#465,.T.);
#463 = VERTEX_POINT('',#464);
#464 = CARTESIAN_POINT('',(3.017526035052,69.608915417831,0.));
#465 = LINE('',#466,#467);
#466 = CARTESIAN_POINT('',(3.017526035052,69.608915417831,0.));
#467 = VECTOR('',#468,1.);
#468 = DIRECTION('',(0.,0.,1.));
#469 = ORIENTED_EDGE('',*,*,#470,.F.);
#470 = EDGE_CURVE('',#444,#463,#471,.T.);
#471 = CIRCLE('',#472,1.650012700025);
#472 = AXIS2_PLACEMENT_3D('',#473,#474,#475);
#473 = CARTESIAN_POINT('',(4.667538735077,69.608915417831,0.));
#474 = DIRECTION('',(0.,0.,1.));
#475 = DIRECTION('',(1.,1.110223024625E-16,-0.));
#476 = CYLINDRICAL_SURFACE('',#477,1.650012700025);
#477 = AXIS2_PLACEMENT_3D('',#478,#479,#480);
#478 = CARTESIAN_POINT('',(4.667538735077,69.608915417831,0.));
#479 = DIRECTION('',(-0.,-0.,-1.));
#480 = DIRECTION('',(1.,1.110223024625E-16,-0.));
#481 = ADVANCED_FACE('',(#482),#500,.F.);
#482 = FACE_BOUND('',#483,.T.);
#483 = EDGE_LOOP('',(#484,#485,#492,#493));
#484 = ORIENTED_EDGE('',*,*,#462,.T.);
#485 = ORIENTED_EDGE('',*,*,#486,.T.);
#486 = EDGE_CURVE('',#454,#446,#487,.T.);
#487 = CIRCLE('',#488,1.650012700025);
#488 = AXIS2_PLACEMENT_3D('',#489,#490,#491);
#489 = CARTESIAN_POINT('',(4.667538735077,69.608915417831,1.600028244856
    ));
#490 = DIRECTION('',(0.,0.,1.));
#491 = DIRECTION('',(-1.,-1.110223024625E-16,0.));
#492 = ORIENTED_EDGE('',*,*,#443,.F.);
#493 = ORIENTED_EDGE('',*,*,#494,.F.);
#494 = EDGE_CURVE('',#463,#444,#495,.T.);
#495 = CIRCLE('',#496,1.650012700025);
#496 = AXIS2_PLACEMENT_3D('',#497,#498,#499);
#497 = CARTESIAN_POINT('',(4.667538735077,69.608915417831,0.));
#498 = DIRECTION('',(0.,0.,1.));
#499 = DIRECTION('',(-1.,-1.110223024625E-16,0.));
#500 = CYLINDRICAL_SURFACE('',#501,1.650012700025);
#501 = AXIS2_PLACEMENT_3D('',#502,#503,#504);
#502 = CARTESIAN_POINT('',(4.667538735077,69.608915417831,0.));
#503 = DIRECTION('',(-0.,-0.,-1.));
#504 = DIRECTION('',(-1.,-1.110223024625E-16,0.));
#505 = ADVANCED_FACE('',(#506),#542,.F.);
#506 = FACE_BOUND('',#507,.T.);
#507 = EDGE_LOOP('',(#508,#518,#527,#535));
#508 = ORIENTED_EDGE('',*,*,#509,.T.);
#509 = EDGE_CURVE('',#510,#512,#514,.T.);
#510 = VERTEX_POINT('',#511);
#511 = CARTESIAN_POINT('',(14.15,13.2,0.));
#512 = VERTEX_POINT('',#513);
#513 = CARTESIAN_POINT('',(14.15,13.2,1.600028244856));
#514 = LINE('',#515,#516);
#515 = CARTESIAN_POINT('',(14.15,13.2,0.));
#516 = VECTOR('',#517,1.);
#517 = DIRECTION('',(0.,0.,1.));
#518 = ORIENTED_EDGE('',*,*,#519,.T.);
#519 = EDGE_CURVE('',#512,#520,#522,.T.);
#520 = VERTEX_POINT('',#521);
#521 = CARTESIAN_POINT('',(22.25,13.2,1.600028244856));
#522 = CIRCLE('',#523,4.050012700025);
#523 = AXIS2_PLACEMENT_3D('',#524,#525,#526);
#524 = CARTESIAN_POINT('',(18.2,13.189857496989,1.600028244856));
#525 = DIRECTION('',(0.,0.,1.));
#526 = DIRECTION('',(-0.999996864201,2.504313877943E-03,-0.));
#527 = ORIENTED_EDGE('',*,*,#528,.F.);
#528 = EDGE_CURVE('',#529,#520,#531,.T.);
#529 = VERTEX_POINT('',#530);
#530 = CARTESIAN_POINT('',(22.25,13.2,0.));
#531 = LINE('',#532,#533);
#532 = CARTESIAN_POINT('',(22.25,13.2,0.));
#533 = VECTOR('',#534,1.);
#534 = DIRECTION('',(0.,0.,1.));
#535 = ORIENTED_EDGE('',*,*,#536,.F.);
#536 = EDGE_CURVE('',#510,#529,#537,.T.);
#537 = CIRCLE('',#538,4.050012700025);
#538 = AXIS2_PLACEMENT_3D('',#539,#540,#541);
#539 = CARTESIAN_POINT('',(18.2,13.189857496989,0.));
#540 = DIRECTION('',(0.,0.,1.));
#541 = DIRECTION('',(-0.999996864201,2.504313877943E-03,-0.));
#542 = CYLINDRICAL_SURFACE('',#543,4.050012700025);
#543 = AXIS2_PLACEMENT_3D('',#544,#545,#546);
#544 = CARTESIAN_POINT('',(18.2,13.189857496989,0.));
#545 = DIRECTION('',(-0.,-0.,-1.));
#546 = DIRECTION('',(-0.999996864201,2.504313877943E-03,-0.));
#547 = ADVANCED_FACE('',(#548),#566,.F.);
#548 = FACE_BOUND('',#549,.T.);
#549 = EDGE_LOOP('',(#550,#551,#558,#559));
#550 = ORIENTED_EDGE('',*,*,#528,.T.);
#551 = ORIENTED_EDGE('',*,*,#552,.T.);
#552 = EDGE_CURVE('',#520,#512,#553,.T.);
#553 = CIRCLE('',#554,4.050012700025);
#554 = AXIS2_PLACEMENT_3D('',#555,#556,#557);
#555 = CARTESIAN_POINT('',(18.2,13.210142503011,1.600028244856));
#556 = DIRECTION('',(0.,-0.,1.));
#557 = DIRECTION('',(0.999996864201,-2.504313877942E-03,-0.));
#558 = ORIENTED_EDGE('',*,*,#509,.F.);
#559 = ORIENTED_EDGE('',*,*,#560,.F.);
#560 = EDGE_CURVE('',#529,#510,#561,.T.);
#561 = CIRCLE('',#562,4.050012700025);
#562 = AXIS2_PLACEMENT_3D('',#563,#564,#565);
#563 = CARTESIAN_POINT('',(18.2,13.210142503011,0.));
#564 = DIRECTION('',(0.,-0.,1.));
#565 = DIRECTION('',(0.999996864201,-2.504313877942E-03,-0.));
#566 = CYLINDRICAL_SURFACE('',#567,4.050012700025);
#567 = AXIS2_PLACEMENT_3D('',#568,#569,#570);
#568 = CARTESIAN_POINT('',(18.2,13.210142503011,0.));
#569 = DIRECTION('',(-0.,0.,-1.));
#570 = DIRECTION('',(0.999996864201,-2.504313877942E-03,-0.));
#571 = ADVANCED_FACE('',(#572),#608,.F.);
#572 = FACE_BOUND('',#573,.T.);
#573 = EDGE_LOOP('',(#574,#584,#593,#601));
#574 = ORIENTED_EDGE('',*,*,#575,.T.);
#575 = EDGE_CURVE('',#576,#578,#580,.T.);
#576 = VERTEX_POINT('',#577);
#577 = CARTESIAN_POINT('',(15.61077054529,29.300643188278,0.));
#578 = VERTEX_POINT('',#579);
#579 = CARTESIAN_POINT('',(15.61077054529,29.300643188278,1.600028244856
    ));
#580 = LINE('',#581,#582);
#581 = CARTESIAN_POINT('',(15.61077054529,29.300643188278,0.));
#582 = VECTOR('',#583,1.);
#583 = DIRECTION('',(0.,0.,1.));
#584 = ORIENTED_EDGE('',*,*,#585,.T.);
#585 = EDGE_CURVE('',#578,#586,#588,.T.);
#586 = VERTEX_POINT('',#587);
#587 = CARTESIAN_POINT('',(15.870088995203,28.984484559759,
    1.600028244856));
#588 = CIRCLE('',#589,0.723418513526);
#589 = AXIS2_PLACEMENT_3D('',#590,#591,#592);
#590 = CARTESIAN_POINT('',(16.276963758134,29.582637778426,
    1.600028244856));
#591 = DIRECTION('',(0.,0.,1.));
#592 = DIRECTION('',(-0.920895996422,-0.389808368013,0.));
#593 = ORIENTED_EDGE('',*,*,#594,.F.);
#594 = EDGE_CURVE('',#595,#586,#597,.T.);
#595 = VERTEX_POINT('',#596);
#596 = CARTESIAN_POINT('',(15.870088995203,28.984484559759,0.));
#597 = LINE('',#598,#599);
#598 = CARTESIAN_POINT('',(15.870088995203,28.984484559759,0.));
#599 = VECTOR('',#600,1.);
#600 = DIRECTION('',(0.,0.,1.));
#601 = ORIENTED_EDGE('',*,*,#602,.F.);
#602 = EDGE_CURVE('',#576,#595,#603,.T.);
#603 = CIRCLE('',#604,0.723418513526);
#604 = AXIS2_PLACEMENT_3D('',#605,#606,#607);
#605 = CARTESIAN_POINT('',(16.276963758134,29.582637778426,0.));
#606 = DIRECTION('',(0.,0.,1.));
#607 = DIRECTION('',(-0.920895996422,-0.389808368013,0.));
#608 = CYLINDRICAL_SURFACE('',#609,0.723418513526);
#609 = AXIS2_PLACEMENT_3D('',#610,#611,#612);
#610 = CARTESIAN_POINT('',(16.276963758134,29.582637778426,0.));
#611 = DIRECTION('',(-0.,-0.,-1.));
#612 = DIRECTION('',(-0.920895996422,-0.389808368013,0.));
#613 = ADVANCED_FACE('',(#614),#641,.F.);
#614 = FACE_BOUND('',#615,.T.);
#615 = EDGE_LOOP('',(#616,#617,#626,#634));
#616 = ORIENTED_EDGE('',*,*,#594,.T.);
#617 = ORIENTED_EDGE('',*,*,#618,.T.);
#618 = EDGE_CURVE('',#586,#619,#621,.T.);
#619 = VERTEX_POINT('',#620);
#620 = CARTESIAN_POINT('',(16.267898230315,28.862280924562,
    1.600028244856));
#621 = CIRCLE('',#622,0.707190187242);
#622 = AXIS2_PLACEMENT_3D('',#623,#624,#625);
#623 = CARTESIAN_POINT('',(16.267466459423,29.569470979996,
    1.600028244856));
#624 = DIRECTION('',(0.,0.,1.));
#625 = DIRECTION('',(-0.561910319725,-0.827198157993,0.));
#626 = ORIENTED_EDGE('',*,*,#627,.F.);
#627 = EDGE_CURVE('',#628,#619,#630,.T.);
#628 = VERTEX_POINT('',#629);
#629 = CARTESIAN_POINT('',(16.267898230315,28.862280924562,0.));
#630 = LINE('',#631,#632);
#631 = CARTESIAN_POINT('',(16.267898230315,28.862280924562,0.));
#632 = VECTOR('',#633,1.);
#633 = DIRECTION('',(0.,0.,1.));
#634 = ORIENTED_EDGE('',*,*,#635,.F.);
#635 = EDGE_CURVE('',#595,#628,#636,.T.);
#636 = CIRCLE('',#637,0.707190187242);
#637 = AXIS2_PLACEMENT_3D('',#638,#639,#640);
#638 = CARTESIAN_POINT('',(16.267466459423,29.569470979996,0.));
#639 = DIRECTION('',(0.,0.,1.));
#640 = DIRECTION('',(-0.561910319725,-0.827198157993,0.));
#641 = CYLINDRICAL_SURFACE('',#642,0.707190187242);
#642 = AXIS2_PLACEMENT_3D('',#643,#644,#645);
#643 = CARTESIAN_POINT('',(16.267466459423,29.569470979996,0.));
#644 = DIRECTION('',(-0.,-0.,-1.));
#645 = DIRECTION('',(-0.561910319725,-0.827198157993,0.));
#646 = ADVANCED_FACE('',(#647),#672,.T.);
#647 = FACE_BOUND('',#648,.T.);
#648 = EDGE_LOOP('',(#649,#650,#658,#666));
#649 = ORIENTED_EDGE('',*,*,#627,.T.);
#650 = ORIENTED_EDGE('',*,*,#651,.T.);
#651 = EDGE_CURVE('',#619,#652,#654,.T.);
#652 = VERTEX_POINT('',#653);
#653 = CARTESIAN_POINT('',(56.46794513589,28.862280924562,1.600028244856
    ));
#654 = LINE('',#655,#656);
#655 = CARTESIAN_POINT('',(16.267898230315,28.862280924562,
    1.600028244856));
#656 = VECTOR('',#657,1.);
#657 = DIRECTION('',(1.,0.,0.));
#658 = ORIENTED_EDGE('',*,*,#659,.F.);
#659 = EDGE_CURVE('',#660,#652,#662,.T.);
#660 = VERTEX_POINT('',#661);
#661 = CARTESIAN_POINT('',(56.46794513589,28.862280924562,0.));
#662 = LINE('',#663,#664);
#663 = CARTESIAN_POINT('',(56.46794513589,28.862280924562,0.));
#664 = VECTOR('',#665,1.);
#665 = DIRECTION('',(0.,0.,1.));
#666 = ORIENTED_EDGE('',*,*,#667,.F.);
#667 = EDGE_CURVE('',#628,#660,#668,.T.);
#668 = LINE('',#669,#670);
#669 = CARTESIAN_POINT('',(16.267898230315,28.862280924562,0.));
#670 = VECTOR('',#671,1.);
#671 = DIRECTION('',(1.,0.,0.));
#672 = PLANE('',#673);
#673 = AXIS2_PLACEMENT_3D('',#674,#675,#676);
#674 = CARTESIAN_POINT('',(16.267898230315,28.862280924562,0.));
#675 = DIRECTION('',(0.,1.,0.));
#676 = DIRECTION('',(1.,0.,0.));
#677 = ADVANCED_FACE('',(#678),#703,.T.);
#678 = FACE_BOUND('',#679,.T.);
#679 = EDGE_LOOP('',(#680,#681,#689,#697));
#680 = ORIENTED_EDGE('',*,*,#659,.T.);
#681 = ORIENTED_EDGE('',*,*,#682,.T.);
#682 = EDGE_CURVE('',#652,#683,#685,.T.);
#683 = VERTEX_POINT('',#684);
#684 = CARTESIAN_POINT('',(56.742328776555,28.917729159075,
    1.600028244856));
#685 = LINE('',#686,#687);
#686 = CARTESIAN_POINT('',(56.46794513589,28.862280924562,1.600028244856
    ));
#687 = VECTOR('',#688,1.);
#688 = DIRECTION('',(0.980186094626,0.198078822446,0.));
#689 = ORIENTED_EDGE('',*,*,#690,.F.);
#690 = EDGE_CURVE('',#691,#683,#693,.T.);
#691 = VERTEX_POINT('',#692);
#692 = CARTESIAN_POINT('',(56.742328776555,28.917729159075,0.));
#693 = LINE('',#694,#695);
#694 = CARTESIAN_POINT('',(56.742328776555,28.917729159075,0.));
#695 = VECTOR('',#696,1.);
#696 = DIRECTION('',(0.,0.,1.));
#697 = ORIENTED_EDGE('',*,*,#698,.F.);
#698 = EDGE_CURVE('',#660,#691,#699,.T.);
#699 = LINE('',#700,#701);
#700 = CARTESIAN_POINT('',(56.46794513589,28.862280924562,0.));
#701 = VECTOR('',#702,1.);
#702 = DIRECTION('',(0.980186094626,0.198078822446,0.));
#703 = PLANE('',#704);
#704 = AXIS2_PLACEMENT_3D('',#705,#706,#707);
#705 = CARTESIAN_POINT('',(56.46794513589,28.862280924562,0.));
#706 = DIRECTION('',(-0.198078822446,0.980186094626,0.));
#707 = DIRECTION('',(0.980186094626,0.198078822446,0.));
#708 = ADVANCED_FACE('',(#709),#736,.F.);
#709 = FACE_BOUND('',#710,.T.);
#710 = EDGE_LOOP('',(#711,#712,#721,#729));
#711 = ORIENTED_EDGE('',*,*,#690,.T.);
#712 = ORIENTED_EDGE('',*,*,#713,.T.);
#713 = EDGE_CURVE('',#683,#714,#716,.T.);
#714 = VERTEX_POINT('',#715);
#715 = CARTESIAN_POINT('',(57.05851678567,29.177174228472,1.600028244856
    ));
#716 = CIRCLE('',#717,0.725416457847);
#717 = AXIS2_PLACEMENT_3D('',#718,#719,#720);
#718 = CARTESIAN_POINT('',(56.458933441332,29.585498671174,
    1.600028244856));
#719 = DIRECTION('',(0.,0.,1.));
#720 = DIRECTION('',(0.390665709549,-0.920532619402,0.));
#721 = ORIENTED_EDGE('',*,*,#722,.F.);
#722 = EDGE_CURVE('',#723,#714,#725,.T.);
#723 = VERTEX_POINT('',#724);
#724 = CARTESIAN_POINT('',(57.05851678567,29.177174228472,0.));
#725 = LINE('',#726,#727);
#726 = CARTESIAN_POINT('',(57.05851678567,29.177174228472,0.));
#727 = VECTOR('',#728,1.);
#728 = DIRECTION('',(0.,0.,1.));
#729 = ORIENTED_EDGE('',*,*,#730,.F.);
#730 = EDGE_CURVE('',#691,#723,#731,.T.);
#731 = CIRCLE('',#732,0.725416457847);
#732 = AXIS2_PLACEMENT_3D('',#733,#734,#735);
#733 = CARTESIAN_POINT('',(56.458933441332,29.585498671174,0.));
#734 = DIRECTION('',(0.,0.,1.));
#735 = DIRECTION('',(0.390665709549,-0.920532619402,0.));
#736 = CYLINDRICAL_SURFACE('',#737,0.725416457847);
#737 = AXIS2_PLACEMENT_3D('',#738,#739,#740);
#738 = CARTESIAN_POINT('',(56.458933441332,29.585498671174,0.));
#739 = DIRECTION('',(-0.,-0.,-1.));
#740 = DIRECTION('',(0.390665709549,-0.920532619402,0.));
#741 = ADVANCED_FACE('',(#742),#769,.F.);
#742 = FACE_BOUND('',#743,.T.);
#743 = EDGE_LOOP('',(#744,#745,#754,#762));
#744 = ORIENTED_EDGE('',*,*,#722,.T.);
#745 = ORIENTED_EDGE('',*,*,#746,.T.);
#746 = EDGE_CURVE('',#714,#747,#749,.T.);
#747 = VERTEX_POINT('',#748);
#748 = CARTESIAN_POINT('',(57.18064516129,29.57498537225,1.600028244856)
  );
#749 = CIRCLE('',#750,0.707365965847);
#750 = AXIS2_PLACEMENT_3D('',#751,#752,#753);
#751 = CARTESIAN_POINT('',(56.473279365437,29.574494969935,
    1.600028244856));
#752 = DIRECTION('',(0.,0.,1.));
#753 = DIRECTION('',(0.827347438935,-0.561690497772,0.));
#754 = ORIENTED_EDGE('',*,*,#755,.F.);
#755 = EDGE_CURVE('',#756,#747,#758,.T.);
#756 = VERTEX_POINT('',#757);
#757 = CARTESIAN_POINT('',(57.18064516129,29.57498537225,0.));
#758 = LINE('',#759,#760);
#759 = CARTESIAN_POINT('',(57.18064516129,29.57498537225,0.));
#760 = VECTOR('',#761,1.);
#761 = DIRECTION('',(0.,0.,1.));
#762 = ORIENTED_EDGE('',*,*,#763,.F.);
#763 = EDGE_CURVE('',#723,#756,#764,.T.);
#764 = CIRCLE('',#765,0.707365965847);
#765 = AXIS2_PLACEMENT_3D('',#766,#767,#768);
#766 = CARTESIAN_POINT('',(56.473279365437,29.574494969935,0.));
#767 = DIRECTION('',(0.,0.,1.));
#768 = DIRECTION('',(0.827347438935,-0.561690497772,0.));
#769 = CYLINDRICAL_SURFACE('',#770,0.707365965847);
#770 = AXIS2_PLACEMENT_3D('',#771,#772,#773);
#771 = CARTESIAN_POINT('',(56.473279365437,29.574494969935,0.));
#772 = DIRECTION('',(-0.,-0.,-1.));
#773 = DIRECTION('',(0.827347438935,-0.561690497772,0.));
#774 = ADVANCED_FACE('',(#775),#800,.T.);
#775 = FACE_BOUND('',#776,.T.);
#776 = EDGE_LOOP('',(#777,#778,#786,#794));
#777 = ORIENTED_EDGE('',*,*,#755,.T.);
#778 = ORIENTED_EDGE('',*,*,#779,.T.);
#779 = EDGE_CURVE('',#747,#780,#782,.T.);
#780 = VERTEX_POINT('',#781);
#781 = CARTESIAN_POINT('',(57.18064516129,61.775006350013,1.600028244856
    ));
#782 = LINE('',#783,#784);
#783 = CARTESIAN_POINT('',(57.18064516129,29.57498537225,1.600028244856)
  );
#784 = VECTOR('',#785,1.);
#785 = DIRECTION('',(0.,1.,0.));
#786 = ORIENTED_EDGE('',*,*,#787,.F.);
#787 = EDGE_CURVE('',#788,#780,#790,.T.);
#788 = VERTEX_POINT('',#789);
#789 = CARTESIAN_POINT('',(57.18064516129,61.775006350013,0.));
#790 = LINE('',#791,#792);
#791 = CARTESIAN_POINT('',(57.18064516129,61.775006350013,0.));
#792 = VECTOR('',#793,1.);
#793 = DIRECTION('',(0.,0.,1.));
#794 = ORIENTED_EDGE('',*,*,#795,.F.);
#795 = EDGE_CURVE('',#756,#788,#796,.T.);
#796 = LINE('',#797,#798);
#797 = CARTESIAN_POINT('',(57.18064516129,29.57498537225,0.));
#798 = VECTOR('',#799,1.);
#799 = DIRECTION('',(0.,1.,0.));
#800 = PLANE('',#801);
#801 = AXIS2_PLACEMENT_3D('',#802,#803,#804);
#802 = CARTESIAN_POINT('',(57.18064516129,29.57498537225,0.));
#803 = DIRECTION('',(-1.,0.,0.));
#804 = DIRECTION('',(0.,1.,0.));
#805 = ADVANCED_FACE('',(#806),#831,.T.);
#806 = FACE_BOUND('',#807,.T.);
#807 = EDGE_LOOP('',(#808,#809,#817,#825));
#808 = ORIENTED_EDGE('',*,*,#787,.T.);
#809 = ORIENTED_EDGE('',*,*,#810,.T.);
#810 = EDGE_CURVE('',#780,#811,#813,.T.);
#811 = VERTEX_POINT('',#812);
#812 = CARTESIAN_POINT('',(57.125196834681,62.049339644148,
    1.600028244856));
#813 = LINE('',#814,#815);
#814 = CARTESIAN_POINT('',(57.18064516129,61.775006350013,1.600028244856
    ));
#815 = VECTOR('',#816,1.);
#816 = DIRECTION('',(-0.198114063991,0.980178972254,0.));
#817 = ORIENTED_EDGE('',*,*,#818,.F.);
#818 = EDGE_CURVE('',#819,#811,#821,.T.);
#819 = VERTEX_POINT('',#820);
#820 = CARTESIAN_POINT('',(57.125196834681,62.049339644148,0.));
#821 = LINE('',#822,#823);
#822 = CARTESIAN_POINT('',(57.125196834681,62.049339644148,0.));
#823 = VECTOR('',#824,1.);
#824 = DIRECTION('',(0.,0.,1.));
#825 = ORIENTED_EDGE('',*,*,#826,.F.);
#826 = EDGE_CURVE('',#788,#819,#827,.T.);
#827 = LINE('',#828,#829);
#828 = CARTESIAN_POINT('',(57.18064516129,61.775006350013,0.));
#829 = VECTOR('',#830,1.);
#830 = DIRECTION('',(-0.198114063991,0.980178972254,0.));
#831 = PLANE('',#832);
#832 = AXIS2_PLACEMENT_3D('',#833,#834,#835);
#833 = CARTESIAN_POINT('',(57.18064516129,61.775006350013,0.));
#834 = DIRECTION('',(-0.980178972254,-0.198114063991,0.));
#835 = DIRECTION('',(-0.198114063991,0.980178972254,0.));
#836 = ADVANCED_FACE('',(#837),#864,.F.);
#837 = FACE_BOUND('',#838,.T.);
#838 = EDGE_LOOP('',(#839,#840,#849,#857));
#839 = ORIENTED_EDGE('',*,*,#818,.T.);
#840 = ORIENTED_EDGE('',*,*,#841,.T.);
#841 = EDGE_CURVE('',#811,#842,#844,.T.);
#842 = VERTEX_POINT('',#843);
#843 = CARTESIAN_POINT('',(56.865745308191,62.365506243839,
    1.600028244856));
#844 = CIRCLE('',#845,0.722757934634);
#845 = AXIS2_PLACEMENT_3D('',#846,#847,#848);
#846 = CARTESIAN_POINT('',(56.459585070824,61.767666053104,
    1.600028244856));
#847 = DIRECTION('',(0.,0.,1.));
#848 = DIRECTION('',(0.92093318103,0.38972051021,-0.));
#849 = ORIENTED_EDGE('',*,*,#850,.F.);
#850 = EDGE_CURVE('',#851,#842,#853,.T.);
#851 = VERTEX_POINT('',#852);
#852 = CARTESIAN_POINT('',(56.865745308191,62.365506243839,0.));
#853 = LINE('',#854,#855);
#854 = CARTESIAN_POINT('',(56.865745308191,62.365506243839,0.));
#855 = VECTOR('',#856,1.);
#856 = DIRECTION('',(0.,0.,1.));
#857 = ORIENTED_EDGE('',*,*,#858,.F.);
#858 = EDGE_CURVE('',#819,#851,#859,.T.);
#859 = CIRCLE('',#860,0.722757934634);
#860 = AXIS2_PLACEMENT_3D('',#861,#862,#863);
#861 = CARTESIAN_POINT('',(56.459585070824,61.767666053104,0.));
#862 = DIRECTION('',(0.,0.,1.));
#863 = DIRECTION('',(0.92093318103,0.38972051021,-0.));
#864 = CYLINDRICAL_SURFACE('',#865,0.722757934634);
#865 = AXIS2_PLACEMENT_3D('',#866,#867,#868);
#866 = CARTESIAN_POINT('',(56.459585070824,61.767666053104,0.));
#867 = DIRECTION('',(-0.,-0.,-1.));
#868 = DIRECTION('',(0.92093318103,0.38972051021,-0.));
#869 = ADVANCED_FACE('',(#870),#897,.F.);
#870 = FACE_BOUND('',#871,.T.);
#871 = EDGE_LOOP('',(#872,#873,#882,#890));
#872 = ORIENTED_EDGE('',*,*,#850,.T.);
#873 = ORIENTED_EDGE('',*,*,#874,.T.);
#874 = EDGE_CURVE('',#842,#875,#877,.T.);
#875 = VERTEX_POINT('',#876);
#876 = CARTESIAN_POINT('',(56.467940914547,62.48768097466,1.600028244856
    ));
#877 = CIRCLE('',#878,0.707952413526);
#878 = AXIS2_PLACEMENT_3D('',#879,#880,#881);
#879 = CARTESIAN_POINT('',(56.468176229816,61.779728600242,
    1.600028244856));
#880 = DIRECTION('',(0.,0.,1.));
#881 = DIRECTION('',(0.561575991236,0.827425166445,-0.));
#882 = ORIENTED_EDGE('',*,*,#883,.F.);
#883 = EDGE_CURVE('',#884,#875,#886,.T.);
#884 = VERTEX_POINT('',#885);
#885 = CARTESIAN_POINT('',(56.467940914547,62.48768097466,0.));
#886 = LINE('',#887,#888);
#887 = CARTESIAN_POINT('',(56.467940914547,62.48768097466,0.));
#888 = VECTOR('',#889,1.);
#889 = DIRECTION('',(0.,0.,1.));
#890 = ORIENTED_EDGE('',*,*,#891,.F.);
#891 = EDGE_CURVE('',#851,#884,#892,.T.);
#892 = CIRCLE('',#893,0.707952413526);
#893 = AXIS2_PLACEMENT_3D('',#894,#895,#896);
#894 = CARTESIAN_POINT('',(56.468176229816,61.779728600242,0.));
#895 = DIRECTION('',(0.,0.,1.));
#896 = DIRECTION('',(0.561575991236,0.827425166445,-0.));
#897 = CYLINDRICAL_SURFACE('',#898,0.707952413526);
#898 = AXIS2_PLACEMENT_3D('',#899,#900,#901);
#899 = CARTESIAN_POINT('',(56.468176229816,61.779728600242,0.));
#900 = DIRECTION('',(-0.,-0.,-1.));
#901 = DIRECTION('',(0.561575991236,0.827425166445,-0.));
#902 = ADVANCED_FACE('',(#903),#928,.T.);
#903 = FACE_BOUND('',#904,.T.);
#904 = EDGE_LOOP('',(#905,#906,#914,#922));
#905 = ORIENTED_EDGE('',*,*,#883,.T.);
#906 = ORIENTED_EDGE('',*,*,#907,.T.);
#907 = EDGE_CURVE('',#875,#908,#910,.T.);
#908 = VERTEX_POINT('',#909);
#909 = CARTESIAN_POINT('',(16.267894335789,62.487680975362,
    1.600028244856));
#910 = LINE('',#911,#912);
#911 = CARTESIAN_POINT('',(56.467940914547,62.48768097466,1.600028244856
    ));
#912 = VECTOR('',#913,1.);
#913 = DIRECTION('',(-1.,1.745175777858E-11,0.));
#914 = ORIENTED_EDGE('',*,*,#915,.F.);
#915 = EDGE_CURVE('',#916,#908,#918,.T.);
#916 = VERTEX_POINT('',#917);
#917 = CARTESIAN_POINT('',(16.267894335789,62.487680975362,0.));
#918 = LINE('',#919,#920);
#919 = CARTESIAN_POINT('',(16.267894335789,62.487680975362,0.));
#920 = VECTOR('',#921,1.);
#921 = DIRECTION('',(0.,0.,1.));
#922 = ORIENTED_EDGE('',*,*,#923,.F.);
#923 = EDGE_CURVE('',#884,#916,#924,.T.);
#924 = LINE('',#925,#926);
#925 = CARTESIAN_POINT('',(56.467940914547,62.48768097466,0.));
#926 = VECTOR('',#927,1.);
#927 = DIRECTION('',(-1.,1.745175777858E-11,0.));
#928 = PLANE('',#929);
#929 = AXIS2_PLACEMENT_3D('',#930,#931,#932);
#930 = CARTESIAN_POINT('',(56.467940914547,62.48768097466,0.));
#931 = DIRECTION('',(-1.745175777858E-11,-1.,0.));
#932 = DIRECTION('',(-1.,1.745175777858E-11,0.));
#933 = ADVANCED_FACE('',(#934),#959,.T.);
#934 = FACE_BOUND('',#935,.T.);
#935 = EDGE_LOOP('',(#936,#937,#945,#953));
#936 = ORIENTED_EDGE('',*,*,#915,.T.);
#937 = ORIENTED_EDGE('',*,*,#938,.T.);
#938 = EDGE_CURVE('',#908,#939,#941,.T.);
#939 = VERTEX_POINT('',#940);
#940 = CARTESIAN_POINT('',(15.993637678466,62.432258137466,
    1.600028244856));
#941 = LINE('',#942,#943);
#942 = CARTESIAN_POINT('',(16.267894335789,62.487680975362,
    1.600028244856));
#943 = VECTOR('',#944,1.);
#944 = DIRECTION('',(-0.98018591106,-0.198079730815,0.));
#945 = ORIENTED_EDGE('',*,*,#946,.F.);
#946 = EDGE_CURVE('',#947,#939,#949,.T.);
#947 = VERTEX_POINT('',#948);
#948 = CARTESIAN_POINT('',(15.993637678466,62.432258137466,0.));
#949 = LINE('',#950,#951);
#950 = CARTESIAN_POINT('',(15.993637678466,62.432258137466,0.));
#951 = VECTOR('',#952,1.);
#952 = DIRECTION('',(0.,0.,1.));
#953 = ORIENTED_EDGE('',*,*,#954,.F.);
#954 = EDGE_CURVE('',#916,#947,#955,.T.);
#955 = LINE('',#956,#957);
#956 = CARTESIAN_POINT('',(16.267894335789,62.487680975362,0.));
#957 = VECTOR('',#958,1.);
#958 = DIRECTION('',(-0.98018591106,-0.198079730815,0.));
#959 = PLANE('',#960);
#960 = AXIS2_PLACEMENT_3D('',#961,#962,#963);
#961 = CARTESIAN_POINT('',(16.267894335789,62.487680975362,0.));
#962 = DIRECTION('',(0.198079730815,-0.98018591106,0.));
#963 = DIRECTION('',(-0.98018591106,-0.198079730815,0.));
#964 = ADVANCED_FACE('',(#965),#990,.T.);
#965 = FACE_BOUND('',#966,.T.);
#966 = EDGE_LOOP('',(#967,#968,#976,#984));
#967 = ORIENTED_EDGE('',*,*,#946,.T.);
#968 = ORIENTED_EDGE('',*,*,#969,.T.);
#969 = EDGE_CURVE('',#939,#970,#972,.T.);
#970 = VERTEX_POINT('',#971);
#971 = CARTESIAN_POINT('',(15.766424013158,62.279942162297,
    1.600028244856));
#972 = LINE('',#973,#974);
#973 = CARTESIAN_POINT('',(15.993637678466,62.432258137466,
    1.600028244856));
#974 = VECTOR('',#975,1.);
#975 = DIRECTION('',(-0.830629947295,-0.556824829418,0.));
#976 = ORIENTED_EDGE('',*,*,#977,.F.);
#977 = EDGE_CURVE('',#978,#970,#980,.T.);
#978 = VERTEX_POINT('',#979);
#979 = CARTESIAN_POINT('',(15.766424013158,62.279942162297,0.));
#980 = LINE('',#981,#982);
#981 = CARTESIAN_POINT('',(15.766424013158,62.279942162297,0.));
#982 = VECTOR('',#983,1.);
#983 = DIRECTION('',(0.,0.,1.));
#984 = ORIENTED_EDGE('',*,*,#985,.F.);
#985 = EDGE_CURVE('',#947,#978,#986,.T.);
#986 = LINE('',#987,#988);
#987 = CARTESIAN_POINT('',(15.993637678466,62.432258137466,0.));
#988 = VECTOR('',#989,1.);
#989 = DIRECTION('',(-0.830629947295,-0.556824829418,0.));
#990 = PLANE('',#991);
#991 = AXIS2_PLACEMENT_3D('',#992,#993,#994);
#992 = CARTESIAN_POINT('',(15.993637678466,62.432258137466,0.));
#993 = DIRECTION('',(0.556824829418,-0.830629947295,0.));
#994 = DIRECTION('',(-0.830629947295,-0.556824829418,0.));
#995 = ADVANCED_FACE('',(#996),#1021,.T.);
#996 = FACE_BOUND('',#997,.T.);
#997 = EDGE_LOOP('',(#998,#999,#1007,#1015));
#998 = ORIENTED_EDGE('',*,*,#977,.T.);
#999 = ORIENTED_EDGE('',*,*,#1000,.T.);
#1000 = EDGE_CURVE('',#970,#1001,#1003,.T.);
#1001 = VERTEX_POINT('',#1002);
#1002 = CARTESIAN_POINT('',(15.612690528264,62.053919510571,
    1.600028244856));
#1003 = LINE('',#1004,#1005);
#1004 = CARTESIAN_POINT('',(15.766424013158,62.279942162297,
    1.600028244856));
#1005 = VECTOR('',#1006,1.);
#1006 = DIRECTION('',(-0.56240528222,-0.826861716692,0.));
#1007 = ORIENTED_EDGE('',*,*,#1008,.F.);
#1008 = EDGE_CURVE('',#1009,#1001,#1011,.T.);
#1009 = VERTEX_POINT('',#1010);
#1010 = CARTESIAN_POINT('',(15.612690528264,62.053919510571,0.));
#1011 = LINE('',#1012,#1013);
#1012 = CARTESIAN_POINT('',(15.612690528264,62.053919510571,0.));
#1013 = VECTOR('',#1014,1.);
#1014 = DIRECTION('',(0.,0.,1.));
#1015 = ORIENTED_EDGE('',*,*,#1016,.F.);
#1016 = EDGE_CURVE('',#978,#1009,#1017,.T.);
#1017 = LINE('',#1018,#1019);
#1018 = CARTESIAN_POINT('',(15.766424013158,62.279942162297,0.));
#1019 = VECTOR('',#1020,1.);
#1020 = DIRECTION('',(-0.56240528222,-0.826861716692,0.));
#1021 = PLANE('',#1022);
#1022 = AXIS2_PLACEMENT_3D('',#1023,#1024,#1025);
#1023 = CARTESIAN_POINT('',(15.766424013158,62.279942162297,0.));
#1024 = DIRECTION('',(0.826861716692,-0.56240528222,0.));
#1025 = DIRECTION('',(-0.56240528222,-0.826861716692,0.));
#1026 = ADVANCED_FACE('',(#1027),#1052,.T.);
#1027 = FACE_BOUND('',#1028,.T.);
#1028 = EDGE_LOOP('',(#1029,#1030,#1038,#1046));
#1029 = ORIENTED_EDGE('',*,*,#1008,.T.);
#1030 = ORIENTED_EDGE('',*,*,#1031,.T.);
#1031 = EDGE_CURVE('',#1001,#1032,#1034,.T.);
#1032 = VERTEX_POINT('',#1033);
#1033 = CARTESIAN_POINT('',(15.555474634698,61.777538168084,
    1.600028244856));
#1034 = LINE('',#1035,#1036);
#1035 = CARTESIAN_POINT('',(15.612690528264,62.053919510571,
    1.600028244856));
#1036 = VECTOR('',#1037,1.);
#1037 = DIRECTION('',(-0.202719582253,-0.97923683089,0.));
#1038 = ORIENTED_EDGE('',*,*,#1039,.F.);
#1039 = EDGE_CURVE('',#1040,#1032,#1042,.T.);
#1040 = VERTEX_POINT('',#1041);
#1041 = CARTESIAN_POINT('',(15.555474634698,61.777538168084,0.));
#1042 = LINE('',#1043,#1044);
#1043 = CARTESIAN_POINT('',(15.555474634698,61.777538168084,0.));
#1044 = VECTOR('',#1045,1.);
#1045 = DIRECTION('',(0.,0.,1.));
#1046 = ORIENTED_EDGE('',*,*,#1047,.F.);
#1047 = EDGE_CURVE('',#1009,#1040,#1048,.T.);
#1048 = LINE('',#1049,#1050);
#1049 = CARTESIAN_POINT('',(15.612690528264,62.053919510571,0.));
#1050 = VECTOR('',#1051,1.);
#1051 = DIRECTION('',(-0.202719582253,-0.97923683089,0.));
#1052 = PLANE('',#1053);
#1053 = AXIS2_PLACEMENT_3D('',#1054,#1055,#1056);
#1054 = CARTESIAN_POINT('',(15.612690528264,62.053919510571,0.));
#1055 = DIRECTION('',(0.97923683089,-0.202719582253,0.));
#1056 = DIRECTION('',(-0.202719582253,-0.97923683089,0.));
#1057 = ADVANCED_FACE('',(#1058),#1083,.T.);
#1058 = FACE_BOUND('',#1059,.T.);
#1059 = EDGE_LOOP('',(#1060,#1061,#1069,#1077));
#1060 = ORIENTED_EDGE('',*,*,#1039,.T.);
#1061 = ORIENTED_EDGE('',*,*,#1062,.T.);
#1062 = EDGE_CURVE('',#1032,#1063,#1065,.T.);
#1063 = VERTEX_POINT('',#1064);
#1064 = CARTESIAN_POINT('',(15.555219710439,29.574980949962,
    1.600028244856));
#1065 = LINE('',#1066,#1067);
#1066 = CARTESIAN_POINT('',(15.555474634698,61.777538168084,
    1.600028244856));
#1067 = VECTOR('',#1068,1.);
#1068 = DIRECTION('',(-7.916273764818E-06,-0.999999999969,0.));
#1069 = ORIENTED_EDGE('',*,*,#1070,.F.);
#1070 = EDGE_CURVE('',#1071,#1063,#1073,.T.);
#1071 = VERTEX_POINT('',#1072);
#1072 = CARTESIAN_POINT('',(15.555219710439,29.574980949962,0.));
#1073 = LINE('',#1074,#1075);
#1074 = CARTESIAN_POINT('',(15.555219710439,29.574980949962,0.));
#1075 = VECTOR('',#1076,1.);
#1076 = DIRECTION('',(0.,0.,1.));
#1077 = ORIENTED_EDGE('',*,*,#1078,.F.);
#1078 = EDGE_CURVE('',#1040,#1071,#1079,.T.);
#1079 = LINE('',#1080,#1081);
#1080 = CARTESIAN_POINT('',(15.555474634698,61.777538168084,0.));
#1081 = VECTOR('',#1082,1.);
#1082 = DIRECTION('',(-7.916273764818E-06,-0.999999999969,0.));
#1083 = PLANE('',#1084);
#1084 = AXIS2_PLACEMENT_3D('',#1085,#1086,#1087);
#1085 = CARTESIAN_POINT('',(15.555474634698,61.777538168084,0.));
#1086 = DIRECTION('',(0.999999999969,-7.916273764818E-06,0.));
#1087 = DIRECTION('',(-7.916273764818E-06,-0.999999999969,0.));
#1088 = ADVANCED_FACE('',(#1089),#1105,.T.);
#1089 = FACE_BOUND('',#1090,.T.);
#1090 = EDGE_LOOP('',(#1091,#1092,#1098,#1099));
#1091 = ORIENTED_EDGE('',*,*,#1070,.T.);
#1092 = ORIENTED_EDGE('',*,*,#1093,.T.);
#1093 = EDGE_CURVE('',#1063,#578,#1094,.T.);
#1094 = LINE('',#1095,#1096);
#1095 = CARTESIAN_POINT('',(15.555219710439,29.574980949962,
    1.600028244856));
#1096 = VECTOR('',#1097,1.);
#1097 = DIRECTION('',(0.198462802466,-0.980108420552,0.));
#1098 = ORIENTED_EDGE('',*,*,#575,.F.);
#1099 = ORIENTED_EDGE('',*,*,#1100,.F.);
#1100 = EDGE_CURVE('',#1071,#576,#1101,.T.);
#1101 = LINE('',#1102,#1103);
#1102 = CARTESIAN_POINT('',(15.555219710439,29.574980949962,0.));
#1103 = VECTOR('',#1104,1.);
#1104 = DIRECTION('',(0.198462802466,-0.980108420552,0.));
#1105 = PLANE('',#1106);
#1106 = AXIS2_PLACEMENT_3D('',#1107,#1108,#1109);
#1107 = CARTESIAN_POINT('',(15.555219710439,29.574980949962,0.));
#1108 = DIRECTION('',(0.980108420552,0.198462802466,-0.));
#1109 = DIRECTION('',(0.198462802466,-0.980108420552,0.));
#1110 = ADVANCED_FACE('',(#1111),#1145,.T.);
#1111 = FACE_BOUND('',#1112,.T.);
#1112 = EDGE_LOOP('',(#1113,#1123,#1131,#1139));
#1113 = ORIENTED_EDGE('',*,*,#1114,.T.);
#1114 = EDGE_CURVE('',#1115,#1117,#1119,.T.);
#1115 = VERTEX_POINT('',#1116);
#1116 = CARTESIAN_POINT('',(40.28553975108,10.677541275083,0.));
#1117 = VERTEX_POINT('',#1118);
#1118 = CARTESIAN_POINT('',(40.28553975108,10.677541275083,
    1.600028244856));
#1119 = LINE('',#1120,#1121);
#1120 = CARTESIAN_POINT('',(40.28553975108,10.677541275083,0.));
#1121 = VECTOR('',#1122,1.);
#1122 = DIRECTION('',(0.,0.,1.));
#1123 = ORIENTED_EDGE('',*,*,#1124,.T.);
#1124 = EDGE_CURVE('',#1117,#1125,#1127,.T.);
#1125 = VERTEX_POINT('',#1126);
#1126 = CARTESIAN_POINT('',(40.635247650495,10.786609093218,
    1.600028244856));
#1127 = LINE('',#1128,#1129);
#1128 = CARTESIAN_POINT('',(40.28553975108,10.677541275083,
    1.600028244856));
#1129 = VECTOR('',#1130,1.);
#1130 = DIRECTION('',(0.954647620391,0.297738007115,0.));
#1131 = ORIENTED_EDGE('',*,*,#1132,.F.);
#1132 = EDGE_CURVE('',#1133,#1125,#1135,.T.);
#1133 = VERTEX_POINT('',#1134);
#1134 = CARTESIAN_POINT('',(40.635247650495,10.786609093218,0.));
#1135 = LINE('',#1136,#1137);
#1136 = CARTESIAN_POINT('',(40.635247650495,10.786609093218,0.));
#1137 = VECTOR('',#1138,1.);
#1138 = DIRECTION('',(0.,0.,1.));
#1139 = ORIENTED_EDGE('',*,*,#1140,.F.);
#1140 = EDGE_CURVE('',#1115,#1133,#1141,.T.);
#1141 = LINE('',#1142,#1143);
#1142 = CARTESIAN_POINT('',(40.28553975108,10.677541275083,0.));
#1143 = VECTOR('',#1144,1.);
#1144 = DIRECTION('',(0.954647620391,0.297738007115,0.));
#1145 = PLANE('',#1146);
#1146 = AXIS2_PLACEMENT_3D('',#1147,#1148,#1149);
#1147 = CARTESIAN_POINT('',(40.28553975108,10.677541275083,0.));
#1148 = DIRECTION('',(-0.297738007115,0.954647620391,0.));
#1149 = DIRECTION('',(0.954647620391,0.297738007115,0.));
#1150 = ADVANCED_FACE('',(#1151),#1178,.F.);
#1151 = FACE_BOUND('',#1152,.T.);
#1152 = EDGE_LOOP('',(#1153,#1154,#1163,#1171));
#1153 = ORIENTED_EDGE('',*,*,#1132,.T.);
#1154 = ORIENTED_EDGE('',*,*,#1155,.T.);
#1155 = EDGE_CURVE('',#1125,#1156,#1158,.T.);
#1156 = VERTEX_POINT('',#1157);
#1157 = CARTESIAN_POINT('',(40.658150876302,10.796301752604,
    1.600028244856));
#1158 = CIRCLE('',#1159,0.127000254001);
#1159 = AXIS2_PLACEMENT_3D('',#1160,#1161,#1162);
#1160 = CARTESIAN_POINT('',(40.597440443824,10.907851328599,
    1.600028244856));
#1161 = DIRECTION('',(0.,0.,1.));
#1162 = DIRECTION('',(0.29769394533,-0.954661361381,0.));
#1163 = ORIENTED_EDGE('',*,*,#1164,.F.);
#1164 = EDGE_CURVE('',#1165,#1156,#1167,.T.);
#1165 = VERTEX_POINT('',#1166);
#1166 = CARTESIAN_POINT('',(40.658150876302,10.796301752604,0.));
#1167 = LINE('',#1168,#1169);
#1168 = CARTESIAN_POINT('',(40.658150876302,10.796301752604,0.));
#1169 = VECTOR('',#1170,1.);
#1170 = DIRECTION('',(0.,0.,1.));
#1171 = ORIENTED_EDGE('',*,*,#1172,.F.);
#1172 = EDGE_CURVE('',#1133,#1165,#1173,.T.);
#1173 = CIRCLE('',#1174,0.127000254001);
#1174 = AXIS2_PLACEMENT_3D('',#1175,#1176,#1177);
#1175 = CARTESIAN_POINT('',(40.597440443824,10.907851328599,0.));
#1176 = DIRECTION('',(0.,0.,1.));
#1177 = DIRECTION('',(0.29769394533,-0.954661361381,0.));
#1178 = CYLINDRICAL_SURFACE('',#1179,0.127000254001);
#1179 = AXIS2_PLACEMENT_3D('',#1180,#1181,#1182);
#1180 = CARTESIAN_POINT('',(40.597440443824,10.907851328599,0.));
#1181 = DIRECTION('',(-0.,-0.,-1.));
#1182 = DIRECTION('',(0.29769394533,-0.954661361381,0.));
#1183 = ADVANCED_FACE('',(#1184),#1209,.T.);
#1184 = FACE_BOUND('',#1185,.T.);
#1185 = EDGE_LOOP('',(#1186,#1187,#1195,#1203));
#1186 = ORIENTED_EDGE('',*,*,#1164,.T.);
#1187 = ORIENTED_EDGE('',*,*,#1188,.T.);
#1188 = EDGE_CURVE('',#1156,#1189,#1191,.T.);
#1189 = VERTEX_POINT('',#1190);
#1190 = CARTESIAN_POINT('',(40.975092710185,10.968818897638,
    1.600028244856));
#1191 = LINE('',#1192,#1193);
#1192 = CARTESIAN_POINT('',(40.658150876302,10.796301752604,
    1.600028244856));
#1193 = VECTOR('',#1194,1.);
#1194 = DIRECTION('',(0.878314880226,0.478082598693,0.));
#1195 = ORIENTED_EDGE('',*,*,#1196,.F.);
#1196 = EDGE_CURVE('',#1197,#1189,#1199,.T.);
#1197 = VERTEX_POINT('',#1198);
#1198 = CARTESIAN_POINT('',(40.975092710185,10.968818897638,0.));
#1199 = LINE('',#1200,#1201);
#1200 = CARTESIAN_POINT('',(40.975092710185,10.968818897638,0.));
#1201 = VECTOR('',#1202,1.);
#1202 = DIRECTION('',(0.,0.,1.));
#1203 = ORIENTED_EDGE('',*,*,#1204,.F.);
#1204 = EDGE_CURVE('',#1165,#1197,#1205,.T.);
#1205 = LINE('',#1206,#1207);
#1206 = CARTESIAN_POINT('',(40.658150876302,10.796301752604,0.));
#1207 = VECTOR('',#1208,1.);
#1208 = DIRECTION('',(0.878314880226,0.478082598693,0.));
#1209 = PLANE('',#1210);
#1210 = AXIS2_PLACEMENT_3D('',#1211,#1212,#1213);
#1211 = CARTESIAN_POINT('',(40.658150876302,10.796301752604,0.));
#1212 = DIRECTION('',(-0.478082598693,0.878314880226,0.));
#1213 = DIRECTION('',(0.878314880226,0.478082598693,0.));
#1214 = ADVANCED_FACE('',(#1215),#1242,.F.);
#1215 = FACE_BOUND('',#1216,.T.);
#1216 = EDGE_LOOP('',(#1217,#1218,#1227,#1235));
#1217 = ORIENTED_EDGE('',*,*,#1196,.T.);
#1218 = ORIENTED_EDGE('',*,*,#1219,.T.);
#1219 = EDGE_CURVE('',#1189,#1220,#1222,.T.);
#1220 = VERTEX_POINT('',#1221);
#1221 = CARTESIAN_POINT('',(40.995257810516,10.982451104902,
    1.600028244856));
#1222 = CIRCLE('',#1223,0.127000254001);
#1223 = AXIS2_PLACEMENT_3D('',#1224,#1225,#1226);
#1224 = CARTESIAN_POINT('',(40.914374998192,11.080364511476,
    1.600028244856));
#1225 = DIRECTION('',(0.,0.,1.));
#1226 = DIRECTION('',(0.478091264234,-0.878310163361,0.));
#1227 = ORIENTED_EDGE('',*,*,#1228,.F.);
#1228 = EDGE_CURVE('',#1229,#1220,#1231,.T.);
#1229 = VERTEX_POINT('',#1230);
#1230 = CARTESIAN_POINT('',(40.995257810516,10.982451104902,0.));
#1231 = LINE('',#1232,#1233);
#1232 = CARTESIAN_POINT('',(40.995257810516,10.982451104902,0.));
#1233 = VECTOR('',#1234,1.);
#1234 = DIRECTION('',(0.,0.,1.));
#1235 = ORIENTED_EDGE('',*,*,#1236,.F.);
#1236 = EDGE_CURVE('',#1197,#1229,#1237,.T.);
#1237 = CIRCLE('',#1238,0.127000254001);
#1238 = AXIS2_PLACEMENT_3D('',#1239,#1240,#1241);
#1239 = CARTESIAN_POINT('',(40.914374998192,11.080364511476,0.));
#1240 = DIRECTION('',(0.,0.,1.));
#1241 = DIRECTION('',(0.478091264234,-0.878310163361,0.));
#1242 = CYLINDRICAL_SURFACE('',#1243,0.127000254001);
#1243 = AXIS2_PLACEMENT_3D('',#1244,#1245,#1246);
#1244 = CARTESIAN_POINT('',(40.914374998192,11.080364511476,0.));
#1245 = DIRECTION('',(-0.,-0.,-1.));
#1246 = DIRECTION('',(0.478091264234,-0.878310163361,0.));
#1247 = ADVANCED_FACE('',(#1248),#1273,.T.);
#1248 = FACE_BOUND('',#1249,.T.);
#1249 = EDGE_LOOP('',(#1250,#1251,#1259,#1267));
#1250 = ORIENTED_EDGE('',*,*,#1228,.T.);
#1251 = ORIENTED_EDGE('',*,*,#1252,.T.);
#1252 = EDGE_CURVE('',#1220,#1253,#1255,.T.);
#1253 = VERTEX_POINT('',#1254);
#1254 = CARTESIAN_POINT('',(41.271635763272,11.210746761494,
    1.600028244856));
#1255 = LINE('',#1256,#1257);
#1256 = CARTESIAN_POINT('',(40.995257810516,10.982451104902,
    1.600028244856));
#1257 = VECTOR('',#1258,1.);
#1258 = DIRECTION('',(0.770984440989,0.63685397993,0.));
#1259 = ORIENTED_EDGE('',*,*,#1260,.F.);
#1260 = EDGE_CURVE('',#1261,#1253,#1263,.T.);
#1261 = VERTEX_POINT('',#1262);
#1262 = CARTESIAN_POINT('',(41.271635763272,11.210746761494,0.));
#1263 = LINE('',#1264,#1265);
#1264 = CARTESIAN_POINT('',(41.271635763272,11.210746761494,0.));
#1265 = VECTOR('',#1266,1.);
#1266 = DIRECTION('',(0.,0.,1.));
#1267 = ORIENTED_EDGE('',*,*,#1268,.F.);
#1268 = EDGE_CURVE('',#1229,#1261,#1269,.T.);
#1269 = LINE('',#1270,#1271);
#1270 = CARTESIAN_POINT('',(40.995257810516,10.982451104902,0.));
#1271 = VECTOR('',#1272,1.);
#1272 = DIRECTION('',(0.770984440989,0.63685397993,0.));
#1273 = PLANE('',#1274);
#1274 = AXIS2_PLACEMENT_3D('',#1275,#1276,#1277);
#1275 = CARTESIAN_POINT('',(40.995257810516,10.982451104902,0.));
#1276 = DIRECTION('',(-0.63685397993,0.770984440989,0.));
#1277 = DIRECTION('',(0.770984440989,0.63685397993,0.));
#1278 = ADVANCED_FACE('',(#1279),#1306,.F.);
#1279 = FACE_BOUND('',#1280,.T.);
#1280 = EDGE_LOOP('',(#1281,#1282,#1291,#1299));
#1281 = ORIENTED_EDGE('',*,*,#1260,.T.);
#1282 = ORIENTED_EDGE('',*,*,#1283,.T.);
#1283 = EDGE_CURVE('',#1253,#1284,#1286,.T.);
#1284 = VERTEX_POINT('',#1285);
#1285 = CARTESIAN_POINT('',(41.288666497333,11.22777495555,
    1.600028244856));
#1286 = CIRCLE('',#1287,0.127000254);
#1287 = AXIS2_PLACEMENT_3D('',#1288,#1289,#1290);
#1288 = CARTESIAN_POINT('',(41.190759634307,11.30866568857,
    1.600028244856));
#1289 = DIRECTION('',(0.,0.,1.));
#1290 = DIRECTION('',(0.636818639466,-0.771013631805,0.));
#1291 = ORIENTED_EDGE('',*,*,#1292,.F.);
#1292 = EDGE_CURVE('',#1293,#1284,#1295,.T.);
#1293 = VERTEX_POINT('',#1294);
#1294 = CARTESIAN_POINT('',(41.288666497333,11.22777495555,0.));
#1295 = LINE('',#1296,#1297);
#1296 = CARTESIAN_POINT('',(41.288666497333,11.22777495555,0.));
#1297 = VECTOR('',#1298,1.);
#1298 = DIRECTION('',(0.,0.,1.));
#1299 = ORIENTED_EDGE('',*,*,#1300,.F.);
#1300 = EDGE_CURVE('',#1261,#1293,#1301,.T.);
#1301 = CIRCLE('',#1302,0.127000254);
#1302 = AXIS2_PLACEMENT_3D('',#1303,#1304,#1305);
#1303 = CARTESIAN_POINT('',(41.190759634307,11.30866568857,0.));
#1304 = DIRECTION('',(0.,0.,1.));
#1305 = DIRECTION('',(0.636818639466,-0.771013631805,0.));
#1306 = CYLINDRICAL_SURFACE('',#1307,0.127000254);
#1307 = AXIS2_PLACEMENT_3D('',#1308,#1309,#1310);
#1308 = CARTESIAN_POINT('',(41.190759634307,11.30866568857,0.));
#1309 = DIRECTION('',(-0.,-0.,-1.));
#1310 = DIRECTION('',(0.636818639466,-0.771013631805,0.));
#1311 = ADVANCED_FACE('',(#1312),#1337,.T.);
#1312 = FACE_BOUND('',#1313,.T.);
#1313 = EDGE_LOOP('',(#1314,#1315,#1323,#1331));
#1314 = ORIENTED_EDGE('',*,*,#1292,.T.);
#1315 = ORIENTED_EDGE('',*,*,#1316,.T.);
#1316 = EDGE_CURVE('',#1284,#1317,#1319,.T.);
#1317 = VERTEX_POINT('',#1318);
#1318 = CARTESIAN_POINT('',(41.517089154178,11.50427990856,
    1.600028244856));
#1319 = LINE('',#1320,#1321);
#1320 = CARTESIAN_POINT('',(41.288666497333,11.22777495555,
    1.600028244856));
#1321 = VECTOR('',#1322,1.);
#1322 = DIRECTION('',(0.636890597941,0.770954192059,0.));
#1323 = ORIENTED_EDGE('',*,*,#1324,.F.);
#1324 = EDGE_CURVE('',#1325,#1317,#1327,.T.);
#1325 = VERTEX_POINT('',#1326);
#1326 = CARTESIAN_POINT('',(41.517089154178,11.50427990856,0.));
#1327 = LINE('',#1328,#1329);
#1328 = CARTESIAN_POINT('',(41.517089154178,11.50427990856,0.));
#1329 = VECTOR('',#1330,1.);
#1330 = DIRECTION('',(0.,0.,1.));
#1331 = ORIENTED_EDGE('',*,*,#1332,.F.);
#1332 = EDGE_CURVE('',#1293,#1325,#1333,.T.);
#1333 = LINE('',#1334,#1335);
#1334 = CARTESIAN_POINT('',(41.288666497333,11.22777495555,0.));
#1335 = VECTOR('',#1336,1.);
#1336 = DIRECTION('',(0.636890597941,0.770954192059,0.));
#1337 = PLANE('',#1338);
#1338 = AXIS2_PLACEMENT_3D('',#1339,#1340,#1341);
#1339 = CARTESIAN_POINT('',(41.288666497333,11.22777495555,0.));
#1340 = DIRECTION('',(-0.770954192059,0.636890597941,0.));
#1341 = DIRECTION('',(0.636890597941,0.770954192059,0.));
#1342 = ADVANCED_FACE('',(#1343),#1370,.F.);
#1343 = FACE_BOUND('',#1344,.T.);
#1344 = EDGE_LOOP('',(#1345,#1346,#1355,#1363));
#1345 = ORIENTED_EDGE('',*,*,#1324,.T.);
#1346 = ORIENTED_EDGE('',*,*,#1347,.T.);
#1347 = EDGE_CURVE('',#1317,#1348,#1350,.T.);
#1348 = VERTEX_POINT('',#1349);
#1349 = CARTESIAN_POINT('',(41.530718821438,11.524442468885,
    1.600028244856));
#1350 = CIRCLE('',#1351,0.127000254001);
#1351 = AXIS2_PLACEMENT_3D('',#1352,#1353,#1354);
#1352 = CARTESIAN_POINT('',(41.419172353778,11.585158612281,
    1.600028244856));
#1353 = DIRECTION('',(0.,0.,1.));
#1354 = DIRECTION('',(0.770996886353,-0.636838913097,0.));
#1355 = ORIENTED_EDGE('',*,*,#1356,.F.);
#1356 = EDGE_CURVE('',#1357,#1348,#1359,.T.);
#1357 = VERTEX_POINT('',#1358);
#1358 = CARTESIAN_POINT('',(41.530718821438,11.524442468885,0.));
#1359 = LINE('',#1360,#1361);
#1360 = CARTESIAN_POINT('',(41.530718821438,11.524442468885,0.));
#1361 = VECTOR('',#1362,1.);
#1362 = DIRECTION('',(0.,0.,1.));
#1363 = ORIENTED_EDGE('',*,*,#1364,.F.);
#1364 = EDGE_CURVE('',#1325,#1357,#1365,.T.);
#1365 = CIRCLE('',#1366,0.127000254001);
#1366 = AXIS2_PLACEMENT_3D('',#1367,#1368,#1369);
#1367 = CARTESIAN_POINT('',(41.419172353778,11.585158612281,0.));
#1368 = DIRECTION('',(0.,0.,1.));
#1369 = DIRECTION('',(0.770996886353,-0.636838913097,0.));
#1370 = CYLINDRICAL_SURFACE('',#1371,0.127000254001);
#1371 = AXIS2_PLACEMENT_3D('',#1372,#1373,#1374);
#1372 = CARTESIAN_POINT('',(41.419172353778,11.585158612281,0.));
#1373 = DIRECTION('',(-0.,-0.,-1.));
#1374 = DIRECTION('',(0.770996886353,-0.636838913097,0.));
#1375 = ADVANCED_FACE('',(#1376),#1401,.T.);
#1376 = FACE_BOUND('',#1377,.T.);
#1377 = EDGE_LOOP('',(#1378,#1379,#1387,#1395));
#1378 = ORIENTED_EDGE('',*,*,#1356,.T.);
#1379 = ORIENTED_EDGE('',*,*,#1380,.T.);
#1380 = EDGE_CURVE('',#1348,#1381,#1383,.T.);
#1381 = VERTEX_POINT('',#1382);
#1382 = CARTESIAN_POINT('',(41.703286766574,11.84143510287,
    1.600028244856));
#1383 = LINE('',#1384,#1385);
#1384 = CARTESIAN_POINT('',(41.530718821438,11.524442468885,
    1.600028244856));
#1385 = VECTOR('',#1386,1.);
#1386 = DIRECTION('',(0.478132076226,0.878287946908,0.));
#1387 = ORIENTED_EDGE('',*,*,#1388,.F.);
#1388 = EDGE_CURVE('',#1389,#1381,#1391,.T.);
#1389 = VERTEX_POINT('',#1390);
#1390 = CARTESIAN_POINT('',(41.703286766574,11.84143510287,0.));
#1391 = LINE('',#1392,#1393);
#1392 = CARTESIAN_POINT('',(41.703286766574,11.84143510287,0.));
#1393 = VECTOR('',#1394,1.);
#1394 = DIRECTION('',(0.,0.,1.));
#1395 = ORIENTED_EDGE('',*,*,#1396,.F.);
#1396 = EDGE_CURVE('',#1357,#1389,#1397,.T.);
#1397 = LINE('',#1398,#1399);
#1398 = CARTESIAN_POINT('',(41.530718821438,11.524442468885,0.));
#1399 = VECTOR('',#1400,1.);
#1400 = DIRECTION('',(0.478132076226,0.878287946908,0.));
#1401 = PLANE('',#1402);
#1402 = AXIS2_PLACEMENT_3D('',#1403,#1404,#1405);
#1403 = CARTESIAN_POINT('',(41.530718821438,11.524442468885,0.));
#1404 = DIRECTION('',(-0.878287946908,0.478132076226,0.));
#1405 = DIRECTION('',(0.478132076226,0.878287946908,0.));
#1406 = ADVANCED_FACE('',(#1407),#1434,.F.);
#1407 = FACE_BOUND('',#1408,.T.);
#1408 = EDGE_LOOP('',(#1409,#1410,#1419,#1427));
#1409 = ORIENTED_EDGE('',*,*,#1388,.T.);
#1410 = ORIENTED_EDGE('',*,*,#1411,.T.);
#1411 = EDGE_CURVE('',#1381,#1412,#1414,.T.);
#1412 = VERTEX_POINT('',#1413);
#1413 = CARTESIAN_POINT('',(41.712984505969,11.864345948692,
    1.600028244856));
#1414 = CIRCLE('',#1415,0.127000254);
#1415 = AXIS2_PLACEMENT_3D('',#1416,#1417,#1418);
#1416 = CARTESIAN_POINT('',(41.591743521312,11.902157166015,
    1.600028244856));
#1417 = DIRECTION('',(0.,0.,1.));
#1418 = DIRECTION('',(0.878291513192,-0.478125525207,0.));
#1419 = ORIENTED_EDGE('',*,*,#1420,.F.);
#1420 = EDGE_CURVE('',#1421,#1412,#1423,.T.);
#1421 = VERTEX_POINT('',#1422);
#1422 = CARTESIAN_POINT('',(41.712984505969,11.864345948692,0.));
#1423 = LINE('',#1424,#1425);
#1424 = CARTESIAN_POINT('',(41.712984505969,11.864345948692,0.));
#1425 = VECTOR('',#1426,1.);
#1426 = DIRECTION('',(0.,0.,1.));
#1427 = ORIENTED_EDGE('',*,*,#1428,.F.);
#1428 = EDGE_CURVE('',#1389,#1421,#1429,.T.);
#1429 = CIRCLE('',#1430,0.127000254);
#1430 = AXIS2_PLACEMENT_3D('',#1431,#1432,#1433);
#1431 = CARTESIAN_POINT('',(41.591743521312,11.902157166015,0.));
#1432 = DIRECTION('',(0.,0.,1.));
#1433 = DIRECTION('',(0.878291513192,-0.478125525207,0.));
#1434 = CYLINDRICAL_SURFACE('',#1435,0.127000254);
#1435 = AXIS2_PLACEMENT_3D('',#1436,#1437,#1438);
#1436 = CARTESIAN_POINT('',(41.591743521312,11.902157166015,0.));
#1437 = DIRECTION('',(-0.,-0.,-1.));
#1438 = DIRECTION('',(0.878291513192,-0.478125525207,0.));
#1439 = ADVANCED_FACE('',(#1440),#1465,.T.);
#1440 = FACE_BOUND('',#1441,.T.);
#1441 = EDGE_LOOP('',(#1442,#1443,#1451,#1459));
#1442 = ORIENTED_EDGE('',*,*,#1420,.T.);
#1443 = ORIENTED_EDGE('',*,*,#1444,.T.);
#1444 = EDGE_CURVE('',#1412,#1445,#1447,.T.);
#1445 = VERTEX_POINT('',#1446);
#1446 = CARTESIAN_POINT('',(41.822052324105,12.214053848108,
    1.600028244856));
#1447 = LINE('',#1448,#1449);
#1448 = CARTESIAN_POINT('',(41.712984505969,11.864345948692,
    1.600028244856));
#1449 = VECTOR('',#1450,1.);
#1450 = DIRECTION('',(0.297738007115,0.954647620391,0.));
#1451 = ORIENTED_EDGE('',*,*,#1452,.F.);
#1452 = EDGE_CURVE('',#1453,#1445,#1455,.T.);
#1453 = VERTEX_POINT('',#1454);
#1454 = CARTESIAN_POINT('',(41.822052324105,12.214053848108,0.));
#1455 = LINE('',#1456,#1457);
#1456 = CARTESIAN_POINT('',(41.822052324105,12.214053848108,0.));
#1457 = VECTOR('',#1458,1.);
#1458 = DIRECTION('',(0.,0.,1.));
#1459 = ORIENTED_EDGE('',*,*,#1460,.F.);
#1460 = EDGE_CURVE('',#1421,#1453,#1461,.T.);
#1461 = LINE('',#1462,#1463);
#1462 = CARTESIAN_POINT('',(41.712984505969,11.864345948692,0.));
#1463 = VECTOR('',#1464,1.);
#1464 = DIRECTION('',(0.297738007115,0.954647620391,0.));
#1465 = PLANE('',#1466);
#1466 = AXIS2_PLACEMENT_3D('',#1467,#1468,#1469);
#1467 = CARTESIAN_POINT('',(41.712984505969,11.864345948692,0.));
#1468 = DIRECTION('',(-0.954647620391,0.297738007115,0.));
#1469 = DIRECTION('',(0.297738007115,0.954647620391,0.));
#1470 = ADVANCED_FACE('',(#1471),#1498,.F.);
#1471 = FACE_BOUND('',#1472,.T.);
#1472 = EDGE_LOOP('',(#1473,#1474,#1483,#1491));
#1473 = ORIENTED_EDGE('',*,*,#1452,.T.);
#1474 = ORIENTED_EDGE('',*,*,#1475,.T.);
#1475 = EDGE_CURVE('',#1445,#1476,#1478,.T.);
#1476 = VERTEX_POINT('',#1477);
#1477 = CARTESIAN_POINT('',(41.827160274321,12.239006858014,
    1.600028244856));
#1478 = CIRCLE('',#1479,0.127000254001);
#1479 = AXIS2_PLACEMENT_3D('',#1480,#1481,#1482);
#1480 = CARTESIAN_POINT('',(41.700813232978,12.251871136469,
    1.600028244856));
#1481 = DIRECTION('',(0.,0.,1.));
#1482 = DIRECTION('',(0.954636603532,-0.297773328553,0.));
#1483 = ORIENTED_EDGE('',*,*,#1484,.F.);
#1484 = EDGE_CURVE('',#1485,#1476,#1487,.T.);
#1485 = VERTEX_POINT('',#1486);
#1486 = CARTESIAN_POINT('',(41.827160274321,12.239006858014,0.));
#1487 = LINE('',#1488,#1489);
#1488 = CARTESIAN_POINT('',(41.827160274321,12.239006858014,0.));
#1489 = VECTOR('',#1490,1.);
#1490 = DIRECTION('',(0.,0.,1.));
#1491 = ORIENTED_EDGE('',*,*,#1492,.F.);
#1492 = EDGE_CURVE('',#1453,#1485,#1493,.T.);
#1493 = CIRCLE('',#1494,0.127000254001);
#1494 = AXIS2_PLACEMENT_3D('',#1495,#1496,#1497);
#1495 = CARTESIAN_POINT('',(41.700813232978,12.251871136469,0.));
#1496 = DIRECTION('',(0.,0.,1.));
#1497 = DIRECTION('',(0.954636603532,-0.297773328553,0.));
#1498 = CYLINDRICAL_SURFACE('',#1499,0.127000254001);
#1499 = AXIS2_PLACEMENT_3D('',#1500,#1501,#1502);
#1500 = CARTESIAN_POINT('',(41.700813232978,12.251871136469,0.));
#1501 = DIRECTION('',(-0.,-0.,-1.));
#1502 = DIRECTION('',(0.954636603532,-0.297773328553,0.));
#1503 = ADVANCED_FACE('',(#1504),#1529,.T.);
#1504 = FACE_BOUND('',#1505,.T.);
#1505 = EDGE_LOOP('',(#1506,#1507,#1515,#1523));
#1506 = ORIENTED_EDGE('',*,*,#1484,.T.);
#1507 = ORIENTED_EDGE('',*,*,#1508,.T.);
#1508 = EDGE_CURVE('',#1476,#1509,#1511,.T.);
#1509 = VERTEX_POINT('',#1510);
#1510 = CARTESIAN_POINT('',(41.865311150622,12.613835407671,
    1.600028244856));
#1511 = LINE('',#1512,#1513);
#1512 = CARTESIAN_POINT('',(41.827160274321,12.239006858014,
    1.600028244856));
#1513 = VECTOR('',#1514,1.);
#1514 = DIRECTION('',(0.101259053954,0.994860092673,0.));
#1515 = ORIENTED_EDGE('',*,*,#1516,.F.);
#1516 = EDGE_CURVE('',#1517,#1509,#1519,.T.);
#1517 = VERTEX_POINT('',#1518);
#1518 = CARTESIAN_POINT('',(41.865311150622,12.613835407671,0.));
#1519 = LINE('',#1520,#1521);
#1520 = CARTESIAN_POINT('',(41.865311150622,12.613835407671,0.));
#1521 = VECTOR('',#1522,1.);
#1522 = DIRECTION('',(0.,0.,1.));
#1523 = ORIENTED_EDGE('',*,*,#1524,.F.);
#1524 = EDGE_CURVE('',#1485,#1517,#1525,.T.);
#1525 = LINE('',#1526,#1527);
#1526 = CARTESIAN_POINT('',(41.827160274321,12.239006858014,0.));
#1527 = VECTOR('',#1528,1.);
#1528 = DIRECTION('',(0.101259053954,0.994860092673,0.));
#1529 = PLANE('',#1530);
#1530 = AXIS2_PLACEMENT_3D('',#1531,#1532,#1533);
#1531 = CARTESIAN_POINT('',(41.827160274321,12.239006858014,0.));
#1532 = DIRECTION('',(-0.994860092673,0.101259053954,0.));
#1533 = DIRECTION('',(0.101259053954,0.994860092673,0.));
#1534 = ADVANCED_FACE('',(#1535),#1562,.F.);
#1535 = FACE_BOUND('',#1536,.T.);
#1536 = EDGE_LOOP('',(#1537,#1538,#1547,#1555));
#1537 = ORIENTED_EDGE('',*,*,#1516,.T.);
#1538 = ORIENTED_EDGE('',*,*,#1539,.T.);
#1539 = EDGE_CURVE('',#1509,#1540,#1542,.T.);
#1540 = VERTEX_POINT('',#1541);
#1541 = CARTESIAN_POINT('',(41.865963931928,12.626695453391,
    1.600028244856));
#1542 = CIRCLE('',#1543,0.127000254);
#1543 = AXIS2_PLACEMENT_3D('',#1544,#1545,#1546);
#1544 = CARTESIAN_POINT('',(41.738963677928,12.626695448876,
    1.600028244856));
#1545 = DIRECTION('',(0.,0.,1.));
#1546 = DIRECTION('',(0.99486,-0.101259964449,0.));
#1547 = ORIENTED_EDGE('',*,*,#1548,.F.);
#1548 = EDGE_CURVE('',#1549,#1540,#1551,.T.);
#1549 = VERTEX_POINT('',#1550);
#1550 = CARTESIAN_POINT('',(41.865963931928,12.626695453391,0.));
#1551 = LINE('',#1552,#1553);
#1552 = CARTESIAN_POINT('',(41.865963931928,12.626695453391,0.));
#1553 = VECTOR('',#1554,1.);
#1554 = DIRECTION('',(0.,0.,1.));
#1555 = ORIENTED_EDGE('',*,*,#1556,.F.);
#1556 = EDGE_CURVE('',#1517,#1549,#1557,.T.);
#1557 = CIRCLE('',#1558,0.127000254);
#1558 = AXIS2_PLACEMENT_3D('',#1559,#1560,#1561);
#1559 = CARTESIAN_POINT('',(41.738963677928,12.626695448876,0.));
#1560 = DIRECTION('',(0.,0.,1.));
#1561 = DIRECTION('',(0.99486,-0.101259964449,0.));
#1562 = CYLINDRICAL_SURFACE('',#1563,0.127000254);
#1563 = AXIS2_PLACEMENT_3D('',#1564,#1565,#1566);
#1564 = CARTESIAN_POINT('',(41.738963677928,12.626695448876,0.));
#1565 = DIRECTION('',(-0.,-0.,-1.));
#1566 = DIRECTION('',(0.99486,-0.101259964449,0.));
#1567 = ADVANCED_FACE('',(#1568),#1593,.T.);
#1568 = FACE_BOUND('',#1569,.T.);
#1569 = EDGE_LOOP('',(#1570,#1571,#1579,#1587));
#1570 = ORIENTED_EDGE('',*,*,#1548,.T.);
#1571 = ORIENTED_EDGE('',*,*,#1572,.T.);
#1572 = EDGE_CURVE('',#1540,#1573,#1575,.T.);
#1573 = VERTEX_POINT('',#1574);
#1574 = CARTESIAN_POINT('',(41.865963931928,14.239827279655,
    1.600028244856));
#1575 = LINE('',#1576,#1577);
#1576 = CARTESIAN_POINT('',(41.865963931928,12.626695453391,
    1.600028244856));
#1577 = VECTOR('',#1578,1.);
#1578 = DIRECTION('',(-4.40474066776E-15,1.,0.));
#1579 = ORIENTED_EDGE('',*,*,#1580,.F.);
#1580 = EDGE_CURVE('',#1581,#1573,#1583,.T.);
#1581 = VERTEX_POINT('',#1582);
#1582 = CARTESIAN_POINT('',(41.865963931928,14.239827279655,0.));
#1583 = LINE('',#1584,#1585);
#1584 = CARTESIAN_POINT('',(41.865963931928,14.239827279655,0.));
#1585 = VECTOR('',#1586,1.);
#1586 = DIRECTION('',(0.,0.,1.));
#1587 = ORIENTED_EDGE('',*,*,#1588,.F.);
#1588 = EDGE_CURVE('',#1549,#1581,#1589,.T.);
#1589 = LINE('',#1590,#1591);
#1590 = CARTESIAN_POINT('',(41.865963931928,12.626695453391,0.));
#1591 = VECTOR('',#1592,1.);
#1592 = DIRECTION('',(-4.40474066776E-15,1.,0.));
#1593 = PLANE('',#1594);
#1594 = AXIS2_PLACEMENT_3D('',#1595,#1596,#1597);
#1595 = CARTESIAN_POINT('',(41.865963931928,12.626695453391,0.));
#1596 = DIRECTION('',(-1.,-4.40474066776E-15,0.));
#1597 = DIRECTION('',(-4.40474066776E-15,1.,0.));
#1598 = ADVANCED_FACE('',(#1599),#1626,.F.);
#1599 = FACE_BOUND('',#1600,.T.);
#1600 = EDGE_LOOP('',(#1601,#1602,#1611,#1619));
#1601 = ORIENTED_EDGE('',*,*,#1580,.T.);
#1602 = ORIENTED_EDGE('',*,*,#1603,.T.);
#1603 = EDGE_CURVE('',#1573,#1604,#1606,.T.);
#1604 = VERTEX_POINT('',#1605);
#1605 = CARTESIAN_POINT('',(41.865311150622,14.252679705359,
    1.600028244856));
#1606 = CIRCLE('',#1607,0.127000254);
#1607 = AXIS2_PLACEMENT_3D('',#1608,#1609,#1610);
#1608 = CARTESIAN_POINT('',(41.738963678156,14.23981966191,
    1.600028244856));
#1609 = DIRECTION('',(0.,0.,1.));
#1610 = DIRECTION('',(0.999999998201,5.998212134558E-05,-0.));
#1611 = ORIENTED_EDGE('',*,*,#1612,.F.);
#1612 = EDGE_CURVE('',#1613,#1604,#1615,.T.);
#1613 = VERTEX_POINT('',#1614);
#1614 = CARTESIAN_POINT('',(41.865311150622,14.252679705359,0.));
#1615 = LINE('',#1616,#1617);
#1616 = CARTESIAN_POINT('',(41.865311150622,14.252679705359,0.));
#1617 = VECTOR('',#1618,1.);
#1618 = DIRECTION('',(0.,0.,1.));
#1619 = ORIENTED_EDGE('',*,*,#1620,.F.);
#1620 = EDGE_CURVE('',#1581,#1613,#1621,.T.);
#1621 = CIRCLE('',#1622,0.127000254);
#1622 = AXIS2_PLACEMENT_3D('',#1623,#1624,#1625);
#1623 = CARTESIAN_POINT('',(41.738963678156,14.23981966191,0.));
#1624 = DIRECTION('',(0.,0.,1.));
#1625 = DIRECTION('',(0.999999998201,5.998212134558E-05,-0.));
#1626 = CYLINDRICAL_SURFACE('',#1627,0.127000254);
#1627 = AXIS2_PLACEMENT_3D('',#1628,#1629,#1630);
#1628 = CARTESIAN_POINT('',(41.738963678156,14.23981966191,0.));
#1629 = DIRECTION('',(-0.,-0.,-1.));
#1630 = DIRECTION('',(0.999999998201,5.998212134558E-05,-0.));
#1631 = ADVANCED_FACE('',(#1632),#1657,.T.);
#1632 = FACE_BOUND('',#1633,.T.);
#1633 = EDGE_LOOP('',(#1634,#1635,#1643,#1651));
#1634 = ORIENTED_EDGE('',*,*,#1612,.T.);
#1635 = ORIENTED_EDGE('',*,*,#1636,.T.);
#1636 = EDGE_CURVE('',#1604,#1637,#1639,.T.);
#1637 = VERTEX_POINT('',#1638);
#1638 = CARTESIAN_POINT('',(41.826347472695,14.635737871476,
    1.600028244856));
#1639 = LINE('',#1640,#1641);
#1640 = CARTESIAN_POINT('',(41.865311150622,14.252679705359,
    1.600028244856));
#1641 = VECTOR('',#1642,1.);
#1642 = DIRECTION('',(-0.101195235279,0.99486658621,0.));
#1643 = ORIENTED_EDGE('',*,*,#1644,.F.);
#1644 = EDGE_CURVE('',#1645,#1637,#1647,.T.);
#1645 = VERTEX_POINT('',#1646);
#1646 = CARTESIAN_POINT('',(41.826347472695,14.635737871476,0.));
#1647 = LINE('',#1648,#1649);
#1648 = CARTESIAN_POINT('',(41.826347472695,14.635737871476,0.));
#1649 = VECTOR('',#1650,1.);
#1650 = DIRECTION('',(0.,0.,1.));
#1651 = ORIENTED_EDGE('',*,*,#1652,.F.);
#1652 = EDGE_CURVE('',#1613,#1645,#1653,.T.);
#1653 = LINE('',#1654,#1655);
#1654 = CARTESIAN_POINT('',(41.865311150622,14.252679705359,0.));
#1655 = VECTOR('',#1656,1.);
#1656 = DIRECTION('',(-0.101195235279,0.99486658621,0.));
#1657 = PLANE('',#1658);
#1658 = AXIS2_PLACEMENT_3D('',#1659,#1660,#1661);
#1659 = CARTESIAN_POINT('',(41.865311150622,14.252679705359,0.));
#1660 = DIRECTION('',(-0.99486658621,-0.101195235279,0.));
#1661 = DIRECTION('',(-0.101195235279,0.99486658621,0.));
#1662 = ADVANCED_FACE('',(#1663),#1690,.F.);
#1663 = FACE_BOUND('',#1664,.T.);
#1664 = EDGE_LOOP('',(#1665,#1666,#1675,#1683));
#1665 = ORIENTED_EDGE('',*,*,#1644,.T.);
#1666 = ORIENTED_EDGE('',*,*,#1667,.T.);
#1667 = EDGE_CURVE('',#1637,#1668,#1670,.T.);
#1668 = VERTEX_POINT('',#1669);
#1669 = CARTESIAN_POINT('',(41.821236982474,14.660708661417,
    1.600028244856));
#1670 = CIRCLE('',#1671,0.127000254001);
#1671 = AXIS2_PLACEMENT_3D('',#1672,#1673,#1674);
#1672 = CARTESIAN_POINT('',(41.699998975838,14.622887896442,
    1.600028244856));
#1673 = DIRECTION('',(0.,0.,1.));
#1674 = DIRECTION('',(0.994868064246,0.101180703414,-0.));
#1675 = ORIENTED_EDGE('',*,*,#1676,.F.);
#1676 = EDGE_CURVE('',#1677,#1668,#1679,.T.);
#1677 = VERTEX_POINT('',#1678);
#1678 = CARTESIAN_POINT('',(41.821236982474,14.660708661417,0.));
#1679 = LINE('',#1680,#1681);
#1680 = CARTESIAN_POINT('',(41.821236982474,14.660708661417,0.));
#1681 = VECTOR('',#1682,1.);
#1682 = DIRECTION('',(0.,0.,1.));
#1683 = ORIENTED_EDGE('',*,*,#1684,.F.);
#1684 = EDGE_CURVE('',#1645,#1677,#1685,.T.);
#1685 = CIRCLE('',#1686,0.127000254001);
#1686 = AXIS2_PLACEMENT_3D('',#1687,#1688,#1689);
#1687 = CARTESIAN_POINT('',(41.699998975838,14.622887896442,0.));
#1688 = DIRECTION('',(0.,0.,1.));
#1689 = DIRECTION('',(0.994868064246,0.101180703414,-0.));
#1690 = CYLINDRICAL_SURFACE('',#1691,0.127000254001);
#1691 = AXIS2_PLACEMENT_3D('',#1692,#1693,#1694);
#1692 = CARTESIAN_POINT('',(41.699998975838,14.622887896442,0.));
#1693 = DIRECTION('',(-0.,-0.,-1.));
#1694 = DIRECTION('',(0.994868064246,0.101180703414,-0.));
#1695 = ADVANCED_FACE('',(#1696),#1721,.T.);
#1696 = FACE_BOUND('',#1697,.T.);
#1697 = EDGE_LOOP('',(#1698,#1699,#1707,#1715));
#1698 = ORIENTED_EDGE('',*,*,#1676,.T.);
#1699 = ORIENTED_EDGE('',*,*,#1700,.T.);
#1700 = EDGE_CURVE('',#1668,#1701,#1703,.T.);
#1701 = VERTEX_POINT('',#1702);
#1702 = CARTESIAN_POINT('',(41.709781559563,15.017960375921,
    1.600028244856));
#1703 = LINE('',#1704,#1705);
#1704 = CARTESIAN_POINT('',(41.821236982474,14.660708661417,
    1.600028244856));
#1705 = VECTOR('',#1706,1.);
#1706 = DIRECTION('',(-0.297822801011,0.954621170516,0.));
#1707 = ORIENTED_EDGE('',*,*,#1708,.F.);
#1708 = EDGE_CURVE('',#1709,#1701,#1711,.T.);
#1709 = VERTEX_POINT('',#1710);
#1710 = CARTESIAN_POINT('',(41.709781559563,15.017960375921,0.));
#1711 = LINE('',#1712,#1713);
#1712 = CARTESIAN_POINT('',(41.709781559563,15.017960375921,0.));
#1713 = VECTOR('',#1714,1.);
#1714 = DIRECTION('',(0.,0.,1.));
#1715 = ORIENTED_EDGE('',*,*,#1716,.F.);
#1716 = EDGE_CURVE('',#1677,#1709,#1717,.T.);
#1717 = LINE('',#1718,#1719);
#1718 = CARTESIAN_POINT('',(41.821236982474,14.660708661417,0.));
#1719 = VECTOR('',#1720,1.);
#1720 = DIRECTION('',(-0.297822801011,0.954621170516,0.));
#1721 = PLANE('',#1722);
#1722 = AXIS2_PLACEMENT_3D('',#1723,#1724,#1725);
#1723 = CARTESIAN_POINT('',(41.821236982474,14.660708661417,0.));
#1724 = DIRECTION('',(-0.954621170516,-0.297822801011,0.));
#1725 = DIRECTION('',(-0.297822801011,0.954621170516,0.));
#1726 = ADVANCED_FACE('',(#1727),#1754,.F.);
#1727 = FACE_BOUND('',#1728,.T.);
#1728 = EDGE_LOOP('',(#1729,#1730,#1739,#1747));
#1729 = ORIENTED_EDGE('',*,*,#1708,.T.);
#1730 = ORIENTED_EDGE('',*,*,#1731,.T.);
#1731 = EDGE_CURVE('',#1701,#1732,#1734,.T.);
#1732 = VERTEX_POINT('',#1733);
#1733 = CARTESIAN_POINT('',(41.700073660147,15.040883921768,
    1.600028244856));
#1734 = CIRCLE('',#1735,0.127000254001);
#1735 = AXIS2_PLACEMENT_3D('',#1736,#1737,#1738);
#1736 = CARTESIAN_POINT('',(41.588544925757,14.980135210493,
    1.600028244856));
#1737 = DIRECTION('',(0.,0.,1.));
#1738 = DIRECTION('',(0.954617254586,0.297835352579,-0.));
#1739 = ORIENTED_EDGE('',*,*,#1740,.F.);
#1740 = EDGE_CURVE('',#1741,#1732,#1743,.T.);
#1741 = VERTEX_POINT('',#1742);
#1742 = CARTESIAN_POINT('',(41.700073660147,15.040883921768,0.));
#1743 = LINE('',#1744,#1745);
#1744 = CARTESIAN_POINT('',(41.700073660147,15.040883921768,0.));
#1745 = VECTOR('',#1746,1.);
#1746 = DIRECTION('',(0.,0.,1.));
#1747 = ORIENTED_EDGE('',*,*,#1748,.F.);
#1748 = EDGE_CURVE('',#1709,#1741,#1749,.T.);
#1749 = CIRCLE('',#1750,0.127000254001);
#1750 = AXIS2_PLACEMENT_3D('',#1751,#1752,#1753);
#1751 = CARTESIAN_POINT('',(41.588544925757,14.980135210493,0.));
#1752 = DIRECTION('',(0.,0.,1.));
#1753 = DIRECTION('',(0.954617254586,0.297835352579,-0.));
#1754 = CYLINDRICAL_SURFACE('',#1755,0.127000254001);
#1755 = AXIS2_PLACEMENT_3D('',#1756,#1757,#1758);
#1756 = CARTESIAN_POINT('',(41.588544925757,14.980135210493,0.));
#1757 = DIRECTION('',(-0.,-0.,-1.));
#1758 = DIRECTION('',(0.954617254586,0.297835352579,-0.));
#1759 = ADVANCED_FACE('',(#1760),#1785,.T.);
#1760 = FACE_BOUND('',#1761,.T.);
#1761 = EDGE_LOOP('',(#1762,#1763,#1771,#1779));
#1762 = ORIENTED_EDGE('',*,*,#1740,.T.);
#1763 = ORIENTED_EDGE('',*,*,#1764,.T.);
#1764 = EDGE_CURVE('',#1732,#1765,#1767,.T.);
#1765 = VERTEX_POINT('',#1766);
#1766 = CARTESIAN_POINT('',(41.523721107442,15.364658369317,
    1.600028244856));
#1767 = LINE('',#1768,#1769);
#1768 = CARTESIAN_POINT('',(41.700073660147,15.040883921768,
    1.600028244856));
#1769 = VECTOR('',#1770,1.);
#1770 = DIRECTION('',(-0.4783259108,0.878182397374,0.));
#1771 = ORIENTED_EDGE('',*,*,#1772,.F.);
#1772 = EDGE_CURVE('',#1773,#1765,#1775,.T.);
#1773 = VERTEX_POINT('',#1774);
#1774 = CARTESIAN_POINT('',(41.523721107442,15.364658369317,0.));
#1775 = LINE('',#1776,#1777);
#1776 = CARTESIAN_POINT('',(41.523721107442,15.364658369317,0.));
#1777 = VECTOR('',#1778,1.);
#1778 = DIRECTION('',(0.,0.,1.));
#1779 = ORIENTED_EDGE('',*,*,#1780,.F.);
#1780 = EDGE_CURVE('',#1741,#1773,#1781,.T.);
#1781 = LINE('',#1782,#1783);
#1782 = CARTESIAN_POINT('',(41.700073660147,15.040883921768,0.));
#1783 = VECTOR('',#1784,1.);
#1784 = DIRECTION('',(-0.4783259108,0.878182397374,0.));
#1785 = PLANE('',#1786);
#1786 = AXIS2_PLACEMENT_3D('',#1787,#1788,#1789);
#1787 = CARTESIAN_POINT('',(41.700073660147,15.040883921768,0.));
#1788 = DIRECTION('',(-0.878182397374,-0.4783259108,0.));
#1789 = DIRECTION('',(-0.4783259108,0.878182397374,0.));
#1790 = ADVANCED_FACE('',(#1791),#1818,.F.);
#1791 = FACE_BOUND('',#1792,.T.);
#1792 = EDGE_LOOP('',(#1793,#1794,#1803,#1811));
#1793 = ORIENTED_EDGE('',*,*,#1772,.T.);
#1794 = ORIENTED_EDGE('',*,*,#1795,.T.);
#1795 = EDGE_CURVE('',#1765,#1796,#1798,.T.);
#1796 = VERTEX_POINT('',#1797);
#1797 = CARTESIAN_POINT('',(41.510127000254,15.38477012954,
    1.600028244856));
#1798 = CIRCLE('',#1799,0.127000254001);
#1799 = AXIS2_PLACEMENT_3D('',#1800,#1801,#1802);
#1800 = CARTESIAN_POINT('',(41.412187003627,15.303919516822,
    1.600028244856));
#1801 = DIRECTION('',(0.,0.,1.));
#1802 = DIRECTION('',(0.878219533438,0.478257724547,-0.));
#1803 = ORIENTED_EDGE('',*,*,#1804,.F.);
#1804 = EDGE_CURVE('',#1805,#1796,#1807,.T.);
#1805 = VERTEX_POINT('',#1806);
#1806 = CARTESIAN_POINT('',(41.510127000254,15.38477012954,0.));
#1807 = LINE('',#1808,#1809);
#1808 = CARTESIAN_POINT('',(41.510127000254,15.38477012954,0.));
#1809 = VECTOR('',#1810,1.);
#1810 = DIRECTION('',(0.,0.,1.));
#1811 = ORIENTED_EDGE('',*,*,#1812,.F.);
#1812 = EDGE_CURVE('',#1773,#1805,#1813,.T.);
#1813 = CIRCLE('',#1814,0.127000254001);
#1814 = AXIS2_PLACEMENT_3D('',#1815,#1816,#1817);
#1815 = CARTESIAN_POINT('',(41.412187003627,15.303919516822,0.));
#1816 = DIRECTION('',(0.,0.,1.));
#1817 = DIRECTION('',(0.878219533438,0.478257724547,-0.));
#1818 = CYLINDRICAL_SURFACE('',#1819,0.127000254001);
#1819 = AXIS2_PLACEMENT_3D('',#1820,#1821,#1822);
#1820 = CARTESIAN_POINT('',(41.412187003627,15.303919516822,0.));
#1821 = DIRECTION('',(-0.,-0.,-1.));
#1822 = DIRECTION('',(0.878219533438,0.478257724547,-0.));
#1823 = ADVANCED_FACE('',(#1824),#1849,.T.);
#1824 = FACE_BOUND('',#1825,.T.);
#1825 = EDGE_LOOP('',(#1826,#1827,#1835,#1843));
#1826 = ORIENTED_EDGE('',*,*,#1804,.T.);
#1827 = ORIENTED_EDGE('',*,*,#1828,.T.);
#1828 = EDGE_CURVE('',#1796,#1829,#1831,.T.);
#1829 = VERTEX_POINT('',#1830);
#1830 = CARTESIAN_POINT('',(41.276929133858,15.667218694437,
    1.600028244856));
#1831 = LINE('',#1832,#1833);
#1832 = CARTESIAN_POINT('',(41.510127000254,15.38477012954,
    1.600028244856));
#1833 = VECTOR('',#1834,1.);
#1834 = DIRECTION('',(-0.636671747173,0.771134933946,0.));
#1835 = ORIENTED_EDGE('',*,*,#1836,.F.);
#1836 = EDGE_CURVE('',#1837,#1829,#1839,.T.);
#1837 = VERTEX_POINT('',#1838);
#1838 = CARTESIAN_POINT('',(41.276929133858,15.667218694437,0.));
#1839 = LINE('',#1840,#1841);
#1840 = CARTESIAN_POINT('',(41.276929133858,15.667218694437,0.));
#1841 = VECTOR('',#1842,1.);
#1842 = DIRECTION('',(0.,0.,1.));
#1843 = ORIENTED_EDGE('',*,*,#1844,.F.);
#1844 = EDGE_CURVE('',#1805,#1837,#1845,.T.);
#1845 = LINE('',#1846,#1847);
#1846 = CARTESIAN_POINT('',(41.510127000254,15.38477012954,0.));
#1847 = VECTOR('',#1848,1.);
#1848 = DIRECTION('',(-0.636671747173,0.771134933946,0.));
#1849 = PLANE('',#1850);
#1850 = AXIS2_PLACEMENT_3D('',#1851,#1852,#1853);
#1851 = CARTESIAN_POINT('',(41.510127000254,15.38477012954,0.));
#1852 = DIRECTION('',(-0.771134933946,-0.636671747173,0.));
#1853 = DIRECTION('',(-0.636671747173,0.771134933946,0.));
#1854 = ADVANCED_FACE('',(#1855),#1882,.F.);
#1855 = FACE_BOUND('',#1856,.T.);
#1856 = EDGE_LOOP('',(#1857,#1858,#1867,#1875));
#1857 = ORIENTED_EDGE('',*,*,#1836,.T.);
#1858 = ORIENTED_EDGE('',*,*,#1859,.T.);
#1859 = EDGE_CURVE('',#1829,#1860,#1862,.T.);
#1860 = VERTEX_POINT('',#1861);
#1861 = CARTESIAN_POINT('',(41.259860299721,15.684287528575,
    1.600028244856));
#1862 = CIRCLE('',#1863,0.127000254001);
#1863 = AXIS2_PLACEMENT_3D('',#1864,#1865,#1866);
#1864 = CARTESIAN_POINT('',(41.178998430606,15.586356825322,
    1.600028244856));
#1865 = DIRECTION('',(0.,0.,1.));
#1866 = DIRECTION('',(0.771106357408,0.636706357409,-0.));
#1867 = ORIENTED_EDGE('',*,*,#1868,.F.);
#1868 = EDGE_CURVE('',#1869,#1860,#1871,.T.);
#1869 = VERTEX_POINT('',#1870);
#1870 = CARTESIAN_POINT('',(41.259860299721,15.684287528575,0.));
#1871 = LINE('',#1872,#1873);
#1872 = CARTESIAN_POINT('',(41.259860299721,15.684287528575,0.));
#1873 = VECTOR('',#1874,1.);
#1874 = DIRECTION('',(0.,0.,1.));
#1875 = ORIENTED_EDGE('',*,*,#1876,.F.);
#1876 = EDGE_CURVE('',#1837,#1869,#1877,.T.);
#1877 = CIRCLE('',#1878,0.127000254001);
#1878 = AXIS2_PLACEMENT_3D('',#1879,#1880,#1881);
#1879 = CARTESIAN_POINT('',(41.178998430606,15.586356825322,0.));
#1880 = DIRECTION('',(0.,0.,1.));
#1881 = DIRECTION('',(0.771106357408,0.636706357409,-0.));
#1882 = CYLINDRICAL_SURFACE('',#1883,0.127000254001);
#1883 = AXIS2_PLACEMENT_3D('',#1884,#1885,#1886);
#1884 = CARTESIAN_POINT('',(41.178998430606,15.586356825322,0.));
#1885 = DIRECTION('',(-0.,-0.,-1.));
#1886 = DIRECTION('',(0.771106357408,0.636706357409,-0.));
#1887 = ADVANCED_FACE('',(#1888),#1913,.T.);
#1888 = FACE_BOUND('',#1889,.T.);
#1889 = EDGE_LOOP('',(#1890,#1891,#1899,#1907));
#1890 = ORIENTED_EDGE('',*,*,#1868,.T.);
#1891 = ORIENTED_EDGE('',*,*,#1892,.T.);
#1892 = EDGE_CURVE('',#1860,#1893,#1895,.T.);
#1893 = VERTEX_POINT('',#1894);
#1894 = CARTESIAN_POINT('',(40.97731013462,15.917612395225,
    1.600028244856));
#1895 = LINE('',#1896,#1897);
#1896 = CARTESIAN_POINT('',(41.259860299721,15.684287528575,
    1.600028244856));
#1897 = VECTOR('',#1898,1.);
#1898 = DIRECTION('',(-0.771077162683,0.63674171309,0.));
#1899 = ORIENTED_EDGE('',*,*,#1900,.F.);
#1900 = EDGE_CURVE('',#1901,#1893,#1903,.T.);
#1901 = VERTEX_POINT('',#1902);
#1902 = CARTESIAN_POINT('',(40.97731013462,15.917612395225,0.));
#1903 = LINE('',#1904,#1905);
#1904 = CARTESIAN_POINT('',(40.97731013462,15.917612395225,0.));
#1905 = VECTOR('',#1906,1.);
#1906 = DIRECTION('',(0.,0.,1.));
#1907 = ORIENTED_EDGE('',*,*,#1908,.F.);
#1908 = EDGE_CURVE('',#1869,#1901,#1909,.T.);
#1909 = LINE('',#1910,#1911);
#1910 = CARTESIAN_POINT('',(41.259860299721,15.684287528575,0.));
#1911 = VECTOR('',#1912,1.);
#1912 = DIRECTION('',(-0.771077162683,0.63674171309,0.));
#1913 = PLANE('',#1914);
#1914 = AXIS2_PLACEMENT_3D('',#1915,#1916,#1917);
#1915 = CARTESIAN_POINT('',(41.259860299721,15.684287528575,0.));
#1916 = DIRECTION('',(-0.63674171309,-0.771077162683,0.));
#1917 = DIRECTION('',(-0.771077162683,0.63674171309,0.));
#1918 = ADVANCED_FACE('',(#1919),#1946,.F.);
#1919 = FACE_BOUND('',#1920,.T.);
#1920 = EDGE_LOOP('',(#1921,#1922,#1931,#1939));
#1921 = ORIENTED_EDGE('',*,*,#1900,.T.);
#1922 = ORIENTED_EDGE('',*,*,#1923,.T.);
#1923 = EDGE_CURVE('',#1893,#1924,#1926,.T.);
#1924 = VERTEX_POINT('',#1925);
#1925 = CARTESIAN_POINT('',(40.957188214376,15.931216662433,
    1.600028244856));
#1926 = CIRCLE('',#1927,0.127000254);
#1927 = AXIS2_PLACEMENT_3D('',#1928,#1929,#1930);
#1928 = CARTESIAN_POINT('',(40.896443058973,15.819685991266,
    1.600028244856));
#1929 = DIRECTION('',(0.,0.,1.));
#1930 = DIRECTION('',(0.636747353647,0.771072504777,-0.));
#1931 = ORIENTED_EDGE('',*,*,#1932,.F.);
#1932 = EDGE_CURVE('',#1933,#1924,#1935,.T.);
#1933 = VERTEX_POINT('',#1934);
#1934 = CARTESIAN_POINT('',(40.957188214376,15.931216662433,0.));
#1935 = LINE('',#1936,#1937);
#1936 = CARTESIAN_POINT('',(40.957188214376,15.931216662433,0.));
#1937 = VECTOR('',#1938,1.);
#1938 = DIRECTION('',(0.,0.,1.));
#1939 = ORIENTED_EDGE('',*,*,#1940,.F.);
#1940 = EDGE_CURVE('',#1901,#1933,#1941,.T.);
#1941 = CIRCLE('',#1942,0.127000254);
#1942 = AXIS2_PLACEMENT_3D('',#1943,#1944,#1945);
#1943 = CARTESIAN_POINT('',(40.896443058973,15.819685991266,0.));
#1944 = DIRECTION('',(0.,0.,1.));
#1945 = DIRECTION('',(0.636747353647,0.771072504777,-0.));
#1946 = CYLINDRICAL_SURFACE('',#1947,0.127000254);
#1947 = AXIS2_PLACEMENT_3D('',#1948,#1949,#1950);
#1948 = CARTESIAN_POINT('',(40.896443058973,15.819685991266,0.));
#1949 = DIRECTION('',(-0.,-0.,-1.));
#1950 = DIRECTION('',(0.636747353647,0.771072504777,-0.));
#1951 = ADVANCED_FACE('',(#1952),#1977,.T.);
#1952 = FACE_BOUND('',#1953,.T.);
#1953 = EDGE_LOOP('',(#1954,#1955,#1963,#1971));
#1954 = ORIENTED_EDGE('',*,*,#1932,.T.);
#1955 = ORIENTED_EDGE('',*,*,#1956,.T.);
#1956 = EDGE_CURVE('',#1924,#1957,#1959,.T.);
#1957 = VERTEX_POINT('',#1958);
#1958 = CARTESIAN_POINT('',(40.633388366777,16.107569215138,
    1.600028244856));
#1959 = LINE('',#1960,#1961);
#1960 = CARTESIAN_POINT('',(40.957188214376,15.931216662433,
    1.600028244856));
#1961 = VECTOR('',#1962,1.);
#1962 = DIRECTION('',(-0.878198158424,0.478296973167,0.));
#1963 = ORIENTED_EDGE('',*,*,#1964,.F.);
#1964 = EDGE_CURVE('',#1965,#1957,#1967,.T.);
#1965 = VERTEX_POINT('',#1966);
#1966 = CARTESIAN_POINT('',(40.633388366777,16.107569215138,0.));
#1967 = LINE('',#1968,#1969);
#1968 = CARTESIAN_POINT('',(40.633388366777,16.107569215138,0.));
#1969 = VECTOR('',#1970,1.);
#1970 = DIRECTION('',(0.,0.,1.));
#1971 = ORIENTED_EDGE('',*,*,#1972,.F.);
#1972 = EDGE_CURVE('',#1933,#1965,#1973,.T.);
#1973 = LINE('',#1974,#1975);
#1974 = CARTESIAN_POINT('',(40.957188214376,15.931216662433,0.));
#1975 = VECTOR('',#1976,1.);
#1976 = DIRECTION('',(-0.878198158424,0.478296973167,0.));
#1977 = PLANE('',#1978);
#1978 = AXIS2_PLACEMENT_3D('',#1979,#1980,#1981);
#1979 = CARTESIAN_POINT('',(40.957188214376,15.931216662433,0.));
#1980 = DIRECTION('',(-0.478296973167,-0.878198158424,0.));
#1981 = DIRECTION('',(-0.878198158424,0.478296973167,0.));
#1982 = ADVANCED_FACE('',(#1983),#2010,.F.);
#1983 = FACE_BOUND('',#1984,.T.);
#1984 = EDGE_LOOP('',(#1985,#1986,#1995,#2003));
#1985 = ORIENTED_EDGE('',*,*,#1964,.T.);
#1986 = ORIENTED_EDGE('',*,*,#1987,.T.);
#1987 = EDGE_CURVE('',#1957,#1988,#1990,.T.);
#1988 = VERTEX_POINT('',#1989);
#1989 = CARTESIAN_POINT('',(40.610467360935,16.117274574549,
    1.600028244856));
#1990 = CIRCLE('',#1991,0.127000254001);
#1991 = AXIS2_PLACEMENT_3D('',#1992,#1993,#1994);
#1992 = CARTESIAN_POINT('',(40.57264716637,15.996036389973,
    1.600028244856));
#1993 = DIRECTION('',(0.,0.,1.));
#1994 = DIRECTION('',(0.478276212002,0.878209465352,-0.));
#1995 = ORIENTED_EDGE('',*,*,#1996,.F.);
#1996 = EDGE_CURVE('',#1997,#1988,#1999,.T.);
#1997 = VERTEX_POINT('',#1998);
#1998 = CARTESIAN_POINT('',(40.610467360935,16.117274574549,0.));
#1999 = LINE('',#2000,#2001);
#2000 = CARTESIAN_POINT('',(40.610467360935,16.117274574549,0.));
#2001 = VECTOR('',#2002,1.);
#2002 = DIRECTION('',(0.,0.,1.));
#2003 = ORIENTED_EDGE('',*,*,#2004,.F.);
#2004 = EDGE_CURVE('',#1965,#1997,#2005,.T.);
#2005 = CIRCLE('',#2006,0.127000254001);
#2006 = AXIS2_PLACEMENT_3D('',#2007,#2008,#2009);
#2007 = CARTESIAN_POINT('',(40.57264716637,15.996036389973,0.));
#2008 = DIRECTION('',(0.,0.,1.));
#2009 = DIRECTION('',(0.478276212002,0.878209465352,-0.));
#2010 = CYLINDRICAL_SURFACE('',#2011,0.127000254001);
#2011 = AXIS2_PLACEMENT_3D('',#2012,#2013,#2014);
#2012 = CARTESIAN_POINT('',(40.57264716637,15.996036389973,0.));
#2013 = DIRECTION('',(-0.,-0.,-1.));
#2014 = DIRECTION('',(0.478276212002,0.878209465352,-0.));
#2015 = ADVANCED_FACE('',(#2016),#2041,.T.);
#2016 = FACE_BOUND('',#2017,.T.);
#2017 = EDGE_LOOP('',(#2018,#2019,#2027,#2035));
#2018 = ORIENTED_EDGE('',*,*,#1996,.T.);
#2019 = ORIENTED_EDGE('',*,*,#2020,.T.);
#2020 = EDGE_CURVE('',#1988,#2021,#2023,.T.);
#2021 = VERTEX_POINT('',#2022);
#2022 = CARTESIAN_POINT('',(40.253215646431,16.22872999746,
    1.600028244856));
#2023 = LINE('',#2024,#2025);
#2024 = CARTESIAN_POINT('',(40.610467360935,16.117274574549,
    1.600028244856));
#2025 = VECTOR('',#2026,1.);
#2026 = DIRECTION('',(-0.954621170516,0.297822801011,0.));
#2027 = ORIENTED_EDGE('',*,*,#2028,.F.);
#2028 = EDGE_CURVE('',#2029,#2021,#2031,.T.);
#2029 = VERTEX_POINT('',#2030);
#2030 = CARTESIAN_POINT('',(40.253215646431,16.22872999746,0.));
#2031 = LINE('',#2032,#2033);
#2032 = CARTESIAN_POINT('',(40.253215646431,16.22872999746,0.));
#2033 = VECTOR('',#2034,1.);
#2034 = DIRECTION('',(0.,0.,1.));
#2035 = ORIENTED_EDGE('',*,*,#2036,.F.);
#2036 = EDGE_CURVE('',#1997,#2029,#2037,.T.);
#2037 = LINE('',#2038,#2039);
#2038 = CARTESIAN_POINT('',(40.610467360935,16.117274574549,0.));
#2039 = VECTOR('',#2040,1.);
#2040 = DIRECTION('',(-0.954621170516,0.297822801011,0.));
#2041 = PLANE('',#2042);
#2042 = AXIS2_PLACEMENT_3D('',#2043,#2044,#2045);
#2043 = CARTESIAN_POINT('',(40.610467360935,16.117274574549,0.));
#2044 = DIRECTION('',(-0.297822801011,-0.954621170516,0.));
#2045 = DIRECTION('',(-0.954621170516,0.297822801011,0.));
#2046 = ADVANCED_FACE('',(#2047),#2074,.F.);
#2047 = FACE_BOUND('',#2048,.T.);
#2048 = EDGE_LOOP('',(#2049,#2050,#2059,#2067));
#2049 = ORIENTED_EDGE('',*,*,#2028,.T.);
#2050 = ORIENTED_EDGE('',*,*,#2051,.T.);
#2051 = EDGE_CURVE('',#2021,#2052,#2054,.T.);
#2052 = VERTEX_POINT('',#2053);
#2053 = CARTESIAN_POINT('',(40.228219456439,16.233843027686,
    1.600028244856));
#2054 = CIRCLE('',#2055,0.127000254);
#2055 = AXIS2_PLACEMENT_3D('',#2056,#2057,#2058);
#2056 = CARTESIAN_POINT('',(40.215395074693,16.107491930545,
    1.600028244856));
#2057 = DIRECTION('',(0.,0.,1.));
#2058 = DIRECTION('',(0.297799181872,0.954628538897,-0.));
#2059 = ORIENTED_EDGE('',*,*,#2060,.F.);
#2060 = EDGE_CURVE('',#2061,#2052,#2063,.T.);
#2061 = VERTEX_POINT('',#2062);
#2062 = CARTESIAN_POINT('',(40.228219456439,16.233843027686,0.));
#2063 = LINE('',#2064,#2065);
#2064 = CARTESIAN_POINT('',(40.228219456439,16.233843027686,0.));
#2065 = VECTOR('',#2066,1.);
#2066 = DIRECTION('',(0.,0.,1.));
#2067 = ORIENTED_EDGE('',*,*,#2068,.F.);
#2068 = EDGE_CURVE('',#2029,#2061,#2069,.T.);
#2069 = CIRCLE('',#2070,0.127000254);
#2070 = AXIS2_PLACEMENT_3D('',#2071,#2072,#2073);
#2071 = CARTESIAN_POINT('',(40.215395074693,16.107491930545,0.));
#2072 = DIRECTION('',(0.,0.,1.));
#2073 = DIRECTION('',(0.297799181872,0.954628538897,-0.));
#2074 = CYLINDRICAL_SURFACE('',#2075,0.127000254);
#2075 = AXIS2_PLACEMENT_3D('',#2076,#2077,#2078);
#2076 = CARTESIAN_POINT('',(40.215395074693,16.107491930545,0.));
#2077 = DIRECTION('',(-0.,-0.,-1.));
#2078 = DIRECTION('',(0.297799181872,0.954628538897,-0.));
#2079 = ADVANCED_FACE('',(#2080),#2105,.T.);
#2080 = FACE_BOUND('',#2081,.T.);
#2081 = EDGE_LOOP('',(#2082,#2083,#2091,#2099));
#2082 = ORIENTED_EDGE('',*,*,#2060,.T.);
#2083 = ORIENTED_EDGE('',*,*,#2084,.T.);
#2084 = EDGE_CURVE('',#2052,#2085,#2087,.T.);
#2085 = VERTEX_POINT('',#2086);
#2086 = CARTESIAN_POINT('',(39.845186690373,16.272730505461,
    1.600028244856));
#2087 = LINE('',#2088,#2089);
#2088 = CARTESIAN_POINT('',(40.228219456439,16.233843027686,
    1.600028244856));
#2089 = VECTOR('',#2090,1.);
#2090 = DIRECTION('',(-0.994885818511,0.101005980646,0.));
#2091 = ORIENTED_EDGE('',*,*,#2092,.F.);
#2092 = EDGE_CURVE('',#2093,#2085,#2095,.T.);
#2093 = VERTEX_POINT('',#2094);
#2094 = CARTESIAN_POINT('',(39.845186690373,16.272730505461,0.));
#2095 = LINE('',#2096,#2097);
#2096 = CARTESIAN_POINT('',(39.845186690373,16.272730505461,0.));
#2097 = VECTOR('',#2098,1.);
#2098 = DIRECTION('',(0.,0.,1.));
#2099 = ORIENTED_EDGE('',*,*,#2100,.F.);
#2100 = EDGE_CURVE('',#2061,#2093,#2101,.T.);
#2101 = LINE('',#2102,#2103);
#2102 = CARTESIAN_POINT('',(40.228219456439,16.233843027686,0.));
#2103 = VECTOR('',#2104,1.);
#2104 = DIRECTION('',(-0.994885818511,0.101005980646,0.));
#2105 = PLANE('',#2106);
#2106 = AXIS2_PLACEMENT_3D('',#2107,#2108,#2109);
#2107 = CARTESIAN_POINT('',(40.228219456439,16.233843027686,0.));
#2108 = DIRECTION('',(-0.101005980646,-0.994885818511,0.));
#2109 = DIRECTION('',(-0.994885818511,0.101005980646,0.));
#2110 = ADVANCED_FACE('',(#2111),#2138,.F.);
#2111 = FACE_BOUND('',#2112,.T.);
#2112 = EDGE_LOOP('',(#2113,#2114,#2123,#2131));
#2113 = ORIENTED_EDGE('',*,*,#2092,.T.);
#2114 = ORIENTED_EDGE('',*,*,#2115,.T.);
#2115 = EDGE_CURVE('',#2085,#2116,#2118,.T.);
#2116 = VERTEX_POINT('',#2117);
#2117 = CARTESIAN_POINT('',(39.832359664719,16.273380746761,
    1.600028244856));
#2118 = CIRCLE('',#2119,0.127000254002);
#2119 = AXIS2_PLACEMENT_3D('',#2120,#2121,#2122);
#2120 = CARTESIAN_POINT('',(39.832351626245,16.146380493014,
    1.600028244856));
#2121 = DIRECTION('',(0.,0.,1.));
#2122 = DIRECTION('',(0.101063294947,0.994879997997,-0.));
#2123 = ORIENTED_EDGE('',*,*,#2124,.F.);
#2124 = EDGE_CURVE('',#2125,#2116,#2127,.T.);
#2125 = VERTEX_POINT('',#2126);
#2126 = CARTESIAN_POINT('',(39.832359664719,16.273380746761,0.));
#2127 = LINE('',#2128,#2129);
#2128 = CARTESIAN_POINT('',(39.832359664719,16.273380746761,0.));
#2129 = VECTOR('',#2130,1.);
#2130 = DIRECTION('',(0.,0.,1.));
#2131 = ORIENTED_EDGE('',*,*,#2132,.F.);
#2132 = EDGE_CURVE('',#2093,#2125,#2133,.T.);
#2133 = CIRCLE('',#2134,0.127000254002);
#2134 = AXIS2_PLACEMENT_3D('',#2135,#2136,#2137);
#2135 = CARTESIAN_POINT('',(39.832351626245,16.146380493014,0.));
#2136 = DIRECTION('',(0.,0.,1.));
#2137 = DIRECTION('',(0.101063294947,0.994879997997,-0.));
#2138 = CYLINDRICAL_SURFACE('',#2139,0.127000254002);
#2139 = AXIS2_PLACEMENT_3D('',#2140,#2141,#2142);
#2140 = CARTESIAN_POINT('',(39.832351626245,16.146380493014,0.));
#2141 = DIRECTION('',(-0.,-0.,-1.));
#2142 = DIRECTION('',(0.101063294947,0.994879997997,-0.));
#2143 = ADVANCED_FACE('',(#2144),#2169,.T.);
#2144 = FACE_BOUND('',#2145,.T.);
#2145 = EDGE_LOOP('',(#2146,#2147,#2155,#2163));
#2146 = ORIENTED_EDGE('',*,*,#2124,.T.);
#2147 = ORIENTED_EDGE('',*,*,#2148,.T.);
#2148 = EDGE_CURVE('',#2116,#2149,#2151,.T.);
#2149 = VERTEX_POINT('',#2150);
#2150 = CARTESIAN_POINT('',(31.987223774448,16.273380746761,
    1.600028244856));
#2151 = LINE('',#2152,#2153);
#2152 = CARTESIAN_POINT('',(39.832359664719,16.273380746761,
    1.600028244856));
#2153 = VECTOR('',#2154,1.);
#2154 = DIRECTION('',(-1.,4.528555946629E-16,0.));
#2155 = ORIENTED_EDGE('',*,*,#2156,.F.);
#2156 = EDGE_CURVE('',#2157,#2149,#2159,.T.);
#2157 = VERTEX_POINT('',#2158);
#2158 = CARTESIAN_POINT('',(31.987223774448,16.273380746761,0.));
#2159 = LINE('',#2160,#2161);
#2160 = CARTESIAN_POINT('',(31.987223774448,16.273380746761,0.));
#2161 = VECTOR('',#2162,1.);
#2162 = DIRECTION('',(0.,0.,1.));
#2163 = ORIENTED_EDGE('',*,*,#2164,.F.);
#2164 = EDGE_CURVE('',#2125,#2157,#2165,.T.);
#2165 = LINE('',#2166,#2167);
#2166 = CARTESIAN_POINT('',(39.832359664719,16.273380746761,0.));
#2167 = VECTOR('',#2168,1.);
#2168 = DIRECTION('',(-1.,4.528555946629E-16,0.));
#2169 = PLANE('',#2170);
#2170 = AXIS2_PLACEMENT_3D('',#2171,#2172,#2173);
#2171 = CARTESIAN_POINT('',(39.832359664719,16.273380746761,0.));
#2172 = DIRECTION('',(-4.528555946629E-16,-1.,0.));
#2173 = DIRECTION('',(-1.,4.528555946629E-16,0.));
#2174 = ADVANCED_FACE('',(#2175),#2202,.F.);
#2175 = FACE_BOUND('',#2176,.T.);
#2176 = EDGE_LOOP('',(#2177,#2178,#2187,#2195));
#2177 = ORIENTED_EDGE('',*,*,#2156,.T.);
#2178 = ORIENTED_EDGE('',*,*,#2179,.T.);
#2179 = EDGE_CURVE('',#2149,#2180,#2182,.T.);
#2180 = VERTEX_POINT('',#2181);
#2181 = CARTESIAN_POINT('',(31.974305308611,16.272722885446,
    1.600028244856));
#2182 = CIRCLE('',#2183,0.127000254);
#2183 = AXIS2_PLACEMENT_3D('',#2184,#2185,#2186);
#2184 = CARTESIAN_POINT('',(31.987215165334,16.146380493054,
    1.600028244856));
#2185 = DIRECTION('',(0.,0.,1.));
#2186 = DIRECTION('',(6.778816283208E-05,0.999999997702,-0.));
#2187 = ORIENTED_EDGE('',*,*,#2188,.F.);
#2188 = EDGE_CURVE('',#2189,#2180,#2191,.T.);
#2189 = VERTEX_POINT('',#2190);
#2190 = CARTESIAN_POINT('',(31.974305308611,16.272722885446,0.));
#2191 = LINE('',#2192,#2193);
#2192 = CARTESIAN_POINT('',(31.974305308611,16.272722885446,0.));
#2193 = VECTOR('',#2194,1.);
#2194 = DIRECTION('',(0.,0.,1.));
#2195 = ORIENTED_EDGE('',*,*,#2196,.F.);
#2196 = EDGE_CURVE('',#2157,#2189,#2197,.T.);
#2197 = CIRCLE('',#2198,0.127000254);
#2198 = AXIS2_PLACEMENT_3D('',#2199,#2200,#2201);
#2199 = CARTESIAN_POINT('',(31.987215165334,16.146380493054,0.));
#2200 = DIRECTION('',(0.,0.,1.));
#2201 = DIRECTION('',(6.778816283208E-05,0.999999997702,-0.));
#2202 = CYLINDRICAL_SURFACE('',#2203,0.127000254);
#2203 = AXIS2_PLACEMENT_3D('',#2204,#2205,#2206);
#2204 = CARTESIAN_POINT('',(31.987215165334,16.146380493054,0.));
#2205 = DIRECTION('',(-0.,-0.,-1.));
#2206 = DIRECTION('',(6.778816283208E-05,0.999999997702,-0.));
#2207 = ADVANCED_FACE('',(#2208),#2233,.T.);
#2208 = FACE_BOUND('',#2209,.T.);
#2209 = EDGE_LOOP('',(#2210,#2211,#2219,#2227));
#2210 = ORIENTED_EDGE('',*,*,#2188,.T.);
#2211 = ORIENTED_EDGE('',*,*,#2212,.T.);
#2212 = EDGE_CURVE('',#2180,#2213,#2215,.T.);
#2213 = VERTEX_POINT('',#2214);
#2214 = CARTESIAN_POINT('',(31.824013208026,16.257355854712,
    1.600028244856));
#2215 = LINE('',#2216,#2217);
#2216 = CARTESIAN_POINT('',(31.974305308611,16.272722885446,
    1.600028244856));
#2217 = VECTOR('',#2218,1.);
#2218 = DIRECTION('',(-0.994813330901,-0.101717435389,0.));
#2219 = ORIENTED_EDGE('',*,*,#2220,.F.);
#2220 = EDGE_CURVE('',#2221,#2213,#2223,.T.);
#2221 = VERTEX_POINT('',#2222);
#2222 = CARTESIAN_POINT('',(31.824013208026,16.257355854712,0.));
#2223 = LINE('',#2224,#2225);
#2224 = CARTESIAN_POINT('',(31.824013208026,16.257355854712,0.));
#2225 = VECTOR('',#2226,1.);
#2226 = DIRECTION('',(0.,0.,1.));
#2227 = ORIENTED_EDGE('',*,*,#2228,.F.);
#2228 = EDGE_CURVE('',#2189,#2221,#2229,.T.);
#2229 = LINE('',#2230,#2231);
#2230 = CARTESIAN_POINT('',(31.974305308611,16.272722885446,0.));
#2231 = VECTOR('',#2232,1.);
#2232 = DIRECTION('',(-0.994813330901,-0.101717435389,0.));
#2233 = PLANE('',#2234);
#2234 = AXIS2_PLACEMENT_3D('',#2235,#2236,#2237);
#2235 = CARTESIAN_POINT('',(31.974305308611,16.272722885446,0.));
#2236 = DIRECTION('',(0.101717435389,-0.994813330901,0.));
#2237 = DIRECTION('',(-0.994813330901,-0.101717435389,0.));
#2238 = ADVANCED_FACE('',(#2239),#2266,.F.);
#2239 = FACE_BOUND('',#2240,.T.);
#2240 = EDGE_LOOP('',(#2241,#2242,#2251,#2259));
#2241 = ORIENTED_EDGE('',*,*,#2220,.T.);
#2242 = ORIENTED_EDGE('',*,*,#2243,.T.);
#2243 = EDGE_CURVE('',#2213,#2244,#2246,.T.);
#2244 = VERTEX_POINT('',#2245);
#2245 = CARTESIAN_POINT('',(31.799263398527,16.252298704597,
    1.600028244856));
#2246 = CIRCLE('',#2247,0.127000254);
#2247 = AXIS2_PLACEMENT_3D('',#2248,#2249,#2250);
#2248 = CARTESIAN_POINT('',(31.836936997272,16.131014886742,
    1.600028244856));
#2249 = DIRECTION('',(0.,0.,1.));
#2250 = DIRECTION('',(-0.101761916519,0.9948087818,0.));
#2251 = ORIENTED_EDGE('',*,*,#2252,.F.);
#2252 = EDGE_CURVE('',#2253,#2244,#2255,.T.);
#2253 = VERTEX_POINT('',#2254);
#2254 = CARTESIAN_POINT('',(31.799263398527,16.252298704597,0.));
#2255 = LINE('',#2256,#2257);
#2256 = CARTESIAN_POINT('',(31.799263398527,16.252298704597,0.));
#2257 = VECTOR('',#2258,1.);
#2258 = DIRECTION('',(0.,0.,1.));
#2259 = ORIENTED_EDGE('',*,*,#2260,.F.);
#2260 = EDGE_CURVE('',#2221,#2253,#2261,.T.);
#2261 = CIRCLE('',#2262,0.127000254);
#2262 = AXIS2_PLACEMENT_3D('',#2263,#2264,#2265);
#2263 = CARTESIAN_POINT('',(31.836936997272,16.131014886742,0.));
#2264 = DIRECTION('',(0.,0.,1.));
#2265 = DIRECTION('',(-0.101761916519,0.9948087818,0.));
#2266 = CYLINDRICAL_SURFACE('',#2267,0.127000254);
#2267 = AXIS2_PLACEMENT_3D('',#2268,#2269,#2270);
#2268 = CARTESIAN_POINT('',(31.836936997272,16.131014886742,0.));
#2269 = DIRECTION('',(-0.,-0.,-1.));
#2270 = DIRECTION('',(-0.101761916519,0.9948087818,0.));
#2271 = ADVANCED_FACE('',(#2272),#2297,.T.);
#2272 = FACE_BOUND('',#2273,.T.);
#2273 = EDGE_LOOP('',(#2274,#2275,#2283,#2291));
#2274 = ORIENTED_EDGE('',*,*,#2252,.T.);
#2275 = ORIENTED_EDGE('',*,*,#2276,.T.);
#2276 = EDGE_CURVE('',#2244,#2277,#2279,.T.);
#2277 = VERTEX_POINT('',#2278);
#2278 = CARTESIAN_POINT('',(31.659004318009,16.208737617475,
    1.600028244856));
#2279 = LINE('',#2280,#2281);
#2280 = CARTESIAN_POINT('',(31.799263398527,16.252298704597,
    1.600028244856));
#2281 = VECTOR('',#2282,1.);
#2282 = DIRECTION('',(-0.955001652863,-0.296600477121,0.));
#2283 = ORIENTED_EDGE('',*,*,#2284,.F.);
#2284 = EDGE_CURVE('',#2285,#2277,#2287,.T.);
#2285 = VERTEX_POINT('',#2286);
#2286 = CARTESIAN_POINT('',(31.659004318009,16.208737617475,0.));
#2287 = LINE('',#2288,#2289);
#2288 = CARTESIAN_POINT('',(31.659004318009,16.208737617475,0.));
#2289 = VECTOR('',#2290,1.);
#2290 = DIRECTION('',(0.,0.,1.));
#2291 = ORIENTED_EDGE('',*,*,#2292,.F.);
#2292 = EDGE_CURVE('',#2253,#2285,#2293,.T.);
#2293 = LINE('',#2294,#2295);
#2294 = CARTESIAN_POINT('',(31.799263398527,16.252298704597,0.));
#2295 = VECTOR('',#2296,1.);
#2296 = DIRECTION('',(-0.955001652863,-0.296600477121,0.));
#2297 = PLANE('',#2298);
#2298 = AXIS2_PLACEMENT_3D('',#2299,#2300,#2301);
#2299 = CARTESIAN_POINT('',(31.799263398527,16.252298704597,0.));
#2300 = DIRECTION('',(0.296600477121,-0.955001652863,0.));
#2301 = DIRECTION('',(-0.955001652863,-0.296600477121,0.));
#2302 = ADVANCED_FACE('',(#2303),#2330,.F.);
#2303 = FACE_BOUND('',#2304,.T.);
#2304 = EDGE_LOOP('',(#2305,#2306,#2315,#2323));
#2305 = ORIENTED_EDGE('',*,*,#2284,.T.);
#2306 = ORIENTED_EDGE('',*,*,#2307,.T.);
#2307 = EDGE_CURVE('',#2277,#2308,#2310,.T.);
#2308 = VERTEX_POINT('',#2309);
#2309 = CARTESIAN_POINT('',(31.635862331725,16.198948437897,
    1.600028244856));
#2310 = CIRCLE('',#2311,0.127000254);
#2311 = AXIS2_PLACEMENT_3D('',#2312,#2313,#2314);
#2312 = CARTESIAN_POINT('',(31.696667886483,16.087450684437,
    1.600028244856));
#2313 = DIRECTION('',(0.,0.,1.));
#2314 = DIRECTION('',(-0.296562938165,0.955013310749,0.));
#2315 = ORIENTED_EDGE('',*,*,#2316,.F.);
#2316 = EDGE_CURVE('',#2317,#2308,#2319,.T.);
#2317 = VERTEX_POINT('',#2318);
#2318 = CARTESIAN_POINT('',(31.635862331725,16.198948437897,0.));
#2319 = LINE('',#2320,#2321);
#2320 = CARTESIAN_POINT('',(31.635862331725,16.198948437897,0.));
#2321 = VECTOR('',#2322,1.);
#2322 = DIRECTION('',(0.,0.,1.));
#2323 = ORIENTED_EDGE('',*,*,#2324,.F.);
#2324 = EDGE_CURVE('',#2285,#2317,#2325,.T.);
#2325 = CIRCLE('',#2326,0.127000254);
#2326 = AXIS2_PLACEMENT_3D('',#2327,#2328,#2329);
#2327 = CARTESIAN_POINT('',(31.696667886483,16.087450684437,0.));
#2328 = DIRECTION('',(0.,0.,1.));
#2329 = DIRECTION('',(-0.296562938165,0.955013310749,0.));
#2330 = CYLINDRICAL_SURFACE('',#2331,0.127000254);
#2331 = AXIS2_PLACEMENT_3D('',#2332,#2333,#2334);
#2332 = CARTESIAN_POINT('',(31.696667886483,16.087450684437,0.));
#2333 = DIRECTION('',(-0.,-0.,-1.));
#2334 = DIRECTION('',(-0.296562938165,0.955013310749,0.));
#2335 = ADVANCED_FACE('',(#2336),#2361,.T.);
#2336 = FACE_BOUND('',#2337,.T.);
#2337 = EDGE_LOOP('',(#2338,#2339,#2347,#2355));
#2338 = ORIENTED_EDGE('',*,*,#2316,.T.);
#2339 = ORIENTED_EDGE('',*,*,#2340,.T.);
#2340 = EDGE_CURVE('',#2308,#2341,#2343,.T.);
#2341 = VERTEX_POINT('',#2342);
#2342 = CARTESIAN_POINT('',(31.508862077724,16.129682499365,
    1.600028244856));
#2343 = LINE('',#2344,#2345);
#2344 = CARTESIAN_POINT('',(31.635862331725,16.198948437897,
    1.600028244856));
#2345 = VECTOR('',#2346,1.);
#2346 = DIRECTION('',(-0.87791570269,-0.478815224247,0.));
#2347 = ORIENTED_EDGE('',*,*,#2348,.F.);
#2348 = EDGE_CURVE('',#2349,#2341,#2351,.T.);
#2349 = VERTEX_POINT('',#2350);
#2350 = CARTESIAN_POINT('',(31.508862077724,16.129682499365,0.));
#2351 = LINE('',#2352,#2353);
#2352 = CARTESIAN_POINT('',(31.508862077724,16.129682499365,0.));
#2353 = VECTOR('',#2354,1.);
#2354 = DIRECTION('',(0.,0.,1.));
#2355 = ORIENTED_EDGE('',*,*,#2356,.F.);
#2356 = EDGE_CURVE('',#2317,#2349,#2357,.T.);
#2357 = LINE('',#2358,#2359);
#2358 = CARTESIAN_POINT('',(31.635862331725,16.198948437897,0.));
#2359 = VECTOR('',#2360,1.);
#2360 = DIRECTION('',(-0.87791570269,-0.478815224247,0.));
#2361 = PLANE('',#2362);
#2362 = AXIS2_PLACEMENT_3D('',#2363,#2364,#2365);
#2363 = CARTESIAN_POINT('',(31.635862331725,16.198948437897,0.));
#2364 = DIRECTION('',(0.478815224247,-0.87791570269,0.));
#2365 = DIRECTION('',(-0.87791570269,-0.478815224247,0.));
#2366 = ADVANCED_FACE('',(#2367),#2394,.F.);
#2367 = FACE_BOUND('',#2368,.T.);
#2368 = EDGE_LOOP('',(#2369,#2370,#2379,#2387));
#2369 = ORIENTED_EDGE('',*,*,#2348,.T.);
#2370 = ORIENTED_EDGE('',*,*,#2371,.T.);
#2371 = EDGE_CURVE('',#2341,#2372,#2374,.T.);
#2372 = VERTEX_POINT('',#2373);
#2373 = CARTESIAN_POINT('',(31.488823977648,16.116129032258,
    1.600028244856));
#2374 = CIRCLE('',#2375,0.127000254001);
#2375 = AXIS2_PLACEMENT_3D('',#2376,#2377,#2378);
#2376 = CARTESIAN_POINT('',(31.569672823162,16.01818757681,
    1.600028244856));
#2377 = DIRECTION('',(0.,0.,1.));
#2378 = DIRECTION('',(-0.478823809579,0.877911020195,0.));
#2379 = ORIENTED_EDGE('',*,*,#2380,.F.);
#2380 = EDGE_CURVE('',#2381,#2372,#2383,.T.);
#2381 = VERTEX_POINT('',#2382);
#2382 = CARTESIAN_POINT('',(31.488823977648,16.116129032258,0.));
#2383 = LINE('',#2384,#2385);
#2384 = CARTESIAN_POINT('',(31.488823977648,16.116129032258,0.));
#2385 = VECTOR('',#2386,1.);
#2386 = DIRECTION('',(0.,0.,1.));
#2387 = ORIENTED_EDGE('',*,*,#2388,.F.);
#2388 = EDGE_CURVE('',#2349,#2381,#2389,.T.);
#2389 = CIRCLE('',#2390,0.127000254001);
#2390 = AXIS2_PLACEMENT_3D('',#2391,#2392,#2393);
#2391 = CARTESIAN_POINT('',(31.569672823162,16.01818757681,0.));
#2392 = DIRECTION('',(0.,0.,1.));
#2393 = DIRECTION('',(-0.478823809579,0.877911020195,0.));
#2394 = CYLINDRICAL_SURFACE('',#2395,0.127000254001);
#2395 = AXIS2_PLACEMENT_3D('',#2396,#2397,#2398);
#2396 = CARTESIAN_POINT('',(31.569672823162,16.01818757681,0.));
#2397 = DIRECTION('',(-0.,-0.,-1.));
#2398 = DIRECTION('',(-0.478823809579,0.877911020195,0.));
#2399 = ADVANCED_FACE('',(#2400),#2425,.T.);
#2400 = FACE_BOUND('',#2401,.T.);
#2401 = EDGE_LOOP('',(#2402,#2403,#2411,#2419));
#2402 = ORIENTED_EDGE('',*,*,#2380,.T.);
#2403 = ORIENTED_EDGE('',*,*,#2404,.T.);
#2404 = EDGE_CURVE('',#2372,#2405,#2407,.T.);
#2405 = VERTEX_POINT('',#2406);
#2406 = CARTESIAN_POINT('',(31.377927355855,16.024587249175,
    1.600028244856));
#2407 = LINE('',#2408,#2409);
#2408 = CARTESIAN_POINT('',(31.488823977648,16.116129032258,
    1.600028244856));
#2409 = VECTOR('',#2410,1.);
#2410 = DIRECTION('',(-0.771195495121,-0.636598388551,0.));
#2411 = ORIENTED_EDGE('',*,*,#2412,.F.);
#2412 = EDGE_CURVE('',#2413,#2405,#2415,.T.);
#2413 = VERTEX_POINT('',#2414);
#2414 = CARTESIAN_POINT('',(31.377927355855,16.024587249175,0.));
#2415 = LINE('',#2416,#2417);
#2416 = CARTESIAN_POINT('',(31.377927355855,16.024587249175,0.));
#2417 = VECTOR('',#2418,1.);
#2418 = DIRECTION('',(0.,0.,1.));
#2419 = ORIENTED_EDGE('',*,*,#2420,.F.);
#2420 = EDGE_CURVE('',#2381,#2413,#2421,.T.);
#2421 = LINE('',#2422,#2423);
#2422 = CARTESIAN_POINT('',(31.488823977648,16.116129032258,0.));
#2423 = VECTOR('',#2424,1.);
#2424 = DIRECTION('',(-0.771195495121,-0.636598388551,0.));
#2425 = PLANE('',#2426);
#2426 = AXIS2_PLACEMENT_3D('',#2427,#2428,#2429);
#2427 = CARTESIAN_POINT('',(31.488823977648,16.116129032258,0.));
#2428 = DIRECTION('',(0.636598388551,-0.771195495121,0.));
#2429 = DIRECTION('',(-0.771195495121,-0.636598388551,0.));
#2430 = ADVANCED_FACE('',(#2431),#2458,.F.);
#2431 = FACE_BOUND('',#2432,.T.);
#2432 = EDGE_LOOP('',(#2433,#2434,#2443,#2451));
#2433 = ORIENTED_EDGE('',*,*,#2412,.T.);
#2434 = ORIENTED_EDGE('',*,*,#2435,.T.);
#2435 = EDGE_CURVE('',#2405,#2436,#2438,.T.);
#2436 = VERTEX_POINT('',#2437);
#2437 = CARTESIAN_POINT('',(31.360873761748,16.007541275083,
    1.600028244856));
#2438 = CIRCLE('',#2439,0.127000254);
#2439 = AXIS2_PLACEMENT_3D('',#2440,#2441,#2442);
#2440 = CARTESIAN_POINT('',(31.458777774521,15.926647092356,
    1.600028244856));
#2441 = DIRECTION('',(0.,0.,1.));
#2442 = DIRECTION('',(-0.63661619658,0.77118079479,0.));
#2443 = ORIENTED_EDGE('',*,*,#2444,.F.);
#2444 = EDGE_CURVE('',#2445,#2436,#2447,.T.);
#2445 = VERTEX_POINT('',#2446);
#2446 = CARTESIAN_POINT('',(31.360873761748,16.007541275083,0.));
#2447 = LINE('',#2448,#2449);
#2448 = CARTESIAN_POINT('',(31.360873761748,16.007541275083,0.));
#2449 = VECTOR('',#2450,1.);
#2450 = DIRECTION('',(0.,0.,1.));
#2451 = ORIENTED_EDGE('',*,*,#2452,.F.);
#2452 = EDGE_CURVE('',#2413,#2445,#2453,.T.);
#2453 = CIRCLE('',#2454,0.127000254);
#2454 = AXIS2_PLACEMENT_3D('',#2455,#2456,#2457);
#2455 = CARTESIAN_POINT('',(31.458777774521,15.926647092356,0.));
#2456 = DIRECTION('',(0.,0.,1.));
#2457 = DIRECTION('',(-0.63661619658,0.77118079479,0.));
#2458 = CYLINDRICAL_SURFACE('',#2459,0.127000254);
#2459 = AXIS2_PLACEMENT_3D('',#2460,#2461,#2462);
#2460 = CARTESIAN_POINT('',(31.458777774521,15.926647092356,0.));
#2461 = DIRECTION('',(-0.,-0.,-1.));
#2462 = DIRECTION('',(-0.63661619658,0.77118079479,0.));
#2463 = ADVANCED_FACE('',(#2464),#2489,.T.);
#2464 = FACE_BOUND('',#2465,.T.);
#2465 = EDGE_LOOP('',(#2466,#2467,#2475,#2483));
#2466 = ORIENTED_EDGE('',*,*,#2444,.T.);
#2467 = ORIENTED_EDGE('',*,*,#2468,.T.);
#2468 = EDGE_CURVE('',#2436,#2469,#2471,.T.);
#2469 = VERTEX_POINT('',#2470);
#2470 = CARTESIAN_POINT('',(31.269281178562,15.896695453391,
    1.600028244856));
#2471 = LINE('',#2472,#2473);
#2472 = CARTESIAN_POINT('',(31.360873761748,16.007541275083,
    1.600028244856));
#2473 = VECTOR('',#2474,1.);
#2474 = DIRECTION('',(-0.636981871222,-0.770878781479,0.));
#2475 = ORIENTED_EDGE('',*,*,#2476,.F.);
#2476 = EDGE_CURVE('',#2477,#2469,#2479,.T.);
#2477 = VERTEX_POINT('',#2478);
#2478 = CARTESIAN_POINT('',(31.269281178562,15.896695453391,0.));
#2479 = LINE('',#2480,#2481);
#2480 = CARTESIAN_POINT('',(31.269281178562,15.896695453391,0.));
#2481 = VECTOR('',#2482,1.);
#2482 = DIRECTION('',(0.,0.,1.));
#2483 = ORIENTED_EDGE('',*,*,#2484,.F.);
#2484 = EDGE_CURVE('',#2445,#2477,#2485,.T.);
#2485 = LINE('',#2486,#2487);
#2486 = CARTESIAN_POINT('',(31.360873761748,16.007541275083,0.));
#2487 = VECTOR('',#2488,1.);
#2488 = DIRECTION('',(-0.636981871222,-0.770878781479,0.));
#2489 = PLANE('',#2490);
#2490 = AXIS2_PLACEMENT_3D('',#2491,#2492,#2493);
#2491 = CARTESIAN_POINT('',(31.360873761748,16.007541275083,0.));
#2492 = DIRECTION('',(0.770878781479,-0.636981871222,0.));
#2493 = DIRECTION('',(-0.636981871222,-0.770878781479,0.));
#2494 = ADVANCED_FACE('',(#2495),#2522,.F.);
#2495 = FACE_BOUND('',#2496,.T.);
#2496 = EDGE_LOOP('',(#2497,#2498,#2507,#2515));
#2497 = ORIENTED_EDGE('',*,*,#2476,.T.);
#2498 = ORIENTED_EDGE('',*,*,#2499,.T.);
#2499 = EDGE_CURVE('',#2469,#2500,#2502,.T.);
#2500 = VERTEX_POINT('',#2501);
#2501 = CARTESIAN_POINT('',(31.255659131318,15.876555753112,
    1.600028244856));
#2502 = CIRCLE('',#2503,0.127000254);
#2503 = AXIS2_PLACEMENT_3D('',#2504,#2505,#2506);
#2504 = CARTESIAN_POINT('',(31.367183813771,15.815799603465,
    1.600028244856));
#2505 = DIRECTION('',(0.,0.,1.));
#2506 = DIRECTION('',(-0.770885349635,0.636973922322,0.));
#2507 = ORIENTED_EDGE('',*,*,#2508,.F.);
#2508 = EDGE_CURVE('',#2509,#2500,#2511,.T.);
#2509 = VERTEX_POINT('',#2510);
#2510 = CARTESIAN_POINT('',(31.255659131318,15.876555753112,0.));
#2511 = LINE('',#2512,#2513);
#2512 = CARTESIAN_POINT('',(31.255659131318,15.876555753112,0.));
#2513 = VECTOR('',#2514,1.);
#2514 = DIRECTION('',(0.,0.,1.));
#2515 = ORIENTED_EDGE('',*,*,#2516,.F.);
#2516 = EDGE_CURVE('',#2477,#2509,#2517,.T.);
#2517 = CIRCLE('',#2518,0.127000254);
#2518 = AXIS2_PLACEMENT_3D('',#2519,#2520,#2521);
#2519 = CARTESIAN_POINT('',(31.367183813771,15.815799603465,0.));
#2520 = DIRECTION('',(0.,0.,1.));
#2521 = DIRECTION('',(-0.770885349635,0.636973922322,0.));
#2522 = CYLINDRICAL_SURFACE('',#2523,0.127000254);
#2523 = AXIS2_PLACEMENT_3D('',#2524,#2525,#2526);
#2524 = CARTESIAN_POINT('',(31.367183813771,15.815799603465,0.));
#2525 = DIRECTION('',(-0.,-0.,-1.));
#2526 = DIRECTION('',(-0.770885349635,0.636973922322,0.));
#2527 = ADVANCED_FACE('',(#2528),#2553,.T.);
#2528 = FACE_BOUND('',#2529,.T.);
#2529 = EDGE_LOOP('',(#2530,#2531,#2539,#2547));
#2530 = ORIENTED_EDGE('',*,*,#2508,.T.);
#2531 = ORIENTED_EDGE('',*,*,#2532,.T.);
#2532 = EDGE_CURVE('',#2500,#2533,#2535,.T.);
#2533 = VERTEX_POINT('',#2534);
#2534 = CARTESIAN_POINT('',(31.186443992888,15.749504699009,
    1.600028244856));
#2535 = LINE('',#2536,#2537);
#2536 = CARTESIAN_POINT('',(31.255659131318,15.876555753112,
    1.600028244856));
#2537 = VECTOR('',#2538,1.);
#2538 = DIRECTION('',(-0.478396956042,-0.878143696925,0.));
#2539 = ORIENTED_EDGE('',*,*,#2540,.F.);
#2540 = EDGE_CURVE('',#2541,#2533,#2543,.T.);
#2541 = VERTEX_POINT('',#2542);
#2542 = CARTESIAN_POINT('',(31.186443992888,15.749504699009,0.));
#2543 = LINE('',#2544,#2545);
#2544 = CARTESIAN_POINT('',(31.186443992888,15.749504699009,0.));
#2545 = VECTOR('',#2546,1.);
#2546 = DIRECTION('',(0.,0.,1.));
#2547 = ORIENTED_EDGE('',*,*,#2548,.F.);
#2548 = EDGE_CURVE('',#2509,#2541,#2549,.T.);
#2549 = LINE('',#2550,#2551);
#2550 = CARTESIAN_POINT('',(31.255659131318,15.876555753112,0.));
#2551 = VECTOR('',#2552,1.);
#2552 = DIRECTION('',(-0.478396956042,-0.878143696925,0.));
#2553 = PLANE('',#2554);
#2554 = AXIS2_PLACEMENT_3D('',#2555,#2556,#2557);
#2555 = CARTESIAN_POINT('',(31.255659131318,15.876555753112,0.));
#2556 = DIRECTION('',(0.878143696925,-0.478396956042,0.));
#2557 = DIRECTION('',(-0.478396956042,-0.878143696925,0.));
#2558 = ADVANCED_FACE('',(#2559),#2586,.F.);
#2559 = FACE_BOUND('',#2560,.T.);
#2560 = EDGE_LOOP('',(#2561,#2562,#2571,#2579));
#2561 = ORIENTED_EDGE('',*,*,#2540,.T.);
#2562 = ORIENTED_EDGE('',*,*,#2563,.T.);
#2563 = EDGE_CURVE('',#2533,#2564,#2566,.T.);
#2564 = VERTEX_POINT('',#2565);
#2565 = CARTESIAN_POINT('',(31.176723393447,15.726543053086,
    1.600028244856));
#2566 = CIRCLE('',#2567,0.127000254);
#2567 = AXIS2_PLACEMENT_3D('',#2568,#2569,#2570);
#2568 = CARTESIAN_POINT('',(31.297970811629,15.68875247092,
    1.600028244856));
#2569 = DIRECTION('',(0.,0.,1.));
#2570 = DIRECTION('',(-0.878162170764,0.478363043973,0.));
#2571 = ORIENTED_EDGE('',*,*,#2572,.F.);
#2572 = EDGE_CURVE('',#2573,#2564,#2575,.T.);
#2573 = VERTEX_POINT('',#2574);
#2574 = CARTESIAN_POINT('',(31.176723393447,15.726543053086,0.));
#2575 = LINE('',#2576,#2577);
#2576 = CARTESIAN_POINT('',(31.176723393447,15.726543053086,0.));
#2577 = VECTOR('',#2578,1.);
#2578 = DIRECTION('',(0.,0.,1.));
#2579 = ORIENTED_EDGE('',*,*,#2580,.F.);
#2580 = EDGE_CURVE('',#2541,#2573,#2581,.T.);
#2581 = CIRCLE('',#2582,0.127000254);
#2582 = AXIS2_PLACEMENT_3D('',#2583,#2584,#2585);
#2583 = CARTESIAN_POINT('',(31.297970811629,15.68875247092,0.));
#2584 = DIRECTION('',(0.,0.,1.));
#2585 = DIRECTION('',(-0.878162170764,0.478363043973,0.));
#2586 = CYLINDRICAL_SURFACE('',#2587,0.127000254);
#2587 = AXIS2_PLACEMENT_3D('',#2588,#2589,#2590);
#2588 = CARTESIAN_POINT('',(31.297970811629,15.68875247092,0.));
#2589 = DIRECTION('',(-0.,-0.,-1.));
#2590 = DIRECTION('',(-0.878162170764,0.478363043973,0.));
#2591 = ADVANCED_FACE('',(#2592),#2617,.T.);
#2592 = FACE_BOUND('',#2593,.T.);
#2593 = EDGE_LOOP('',(#2594,#2595,#2603,#2611));
#2594 = ORIENTED_EDGE('',*,*,#2572,.T.);
#2595 = ORIENTED_EDGE('',*,*,#2596,.T.);
#2596 = EDGE_CURVE('',#2564,#2597,#2599,.T.);
#2597 = VERTEX_POINT('',#2598);
#2598 = CARTESIAN_POINT('',(31.132984505969,15.586233172466,
    1.600028244856));
#2599 = LINE('',#2600,#2601);
#2600 = CARTESIAN_POINT('',(31.176723393447,15.726543053086,
    1.600028244856));
#2601 = VECTOR('',#2602,1.);
#2602 = DIRECTION('',(-0.297605758623,-0.954688856348,0.));
#2603 = ORIENTED_EDGE('',*,*,#2604,.F.);
#2604 = EDGE_CURVE('',#2605,#2597,#2607,.T.);
#2605 = VERTEX_POINT('',#2606);
#2606 = CARTESIAN_POINT('',(31.132984505969,15.586233172466,0.));
#2607 = LINE('',#2608,#2609);
#2608 = CARTESIAN_POINT('',(31.132984505969,15.586233172466,0.));
#2609 = VECTOR('',#2610,1.);
#2610 = DIRECTION('',(0.,0.,1.));
#2611 = ORIENTED_EDGE('',*,*,#2612,.F.);
#2612 = EDGE_CURVE('',#2573,#2605,#2613,.T.);
#2613 = LINE('',#2614,#2615);
#2614 = CARTESIAN_POINT('',(31.176723393447,15.726543053086,0.));
#2615 = VECTOR('',#2616,1.);
#2616 = DIRECTION('',(-0.297605758623,-0.954688856348,0.));
#2617 = PLANE('',#2618);
#2618 = AXIS2_PLACEMENT_3D('',#2619,#2620,#2621);
#2619 = CARTESIAN_POINT('',(31.176723393447,15.726543053086,0.));
#2620 = DIRECTION('',(0.954688856348,-0.297605758623,0.));
#2621 = DIRECTION('',(-0.297605758623,-0.954688856348,0.));
#2622 = ADVANCED_FACE('',(#2623),#2650,.F.);
#2623 = FACE_BOUND('',#2624,.T.);
#2624 = EDGE_LOOP('',(#2625,#2626,#2635,#2643));
#2625 = ORIENTED_EDGE('',*,*,#2604,.T.);
#2626 = ORIENTED_EDGE('',*,*,#2627,.T.);
#2627 = EDGE_CURVE('',#2597,#2628,#2630,.T.);
#2628 = VERTEX_POINT('',#2629);
#2629 = CARTESIAN_POINT('',(31.127881635763,15.561292862586,
    1.600028244856));
#2630 = CIRCLE('',#2631,0.127000254);
#2631 = AXIS2_PLACEMENT_3D('',#2632,#2633,#2634);
#2632 = CARTESIAN_POINT('',(31.25422921971,15.548433914458,
    1.600028244856));
#2633 = DIRECTION('',(0.,0.,1.));
#2634 = DIRECTION('',(-0.954680875998,0.29763135756,0.));
#2635 = ORIENTED_EDGE('',*,*,#2636,.F.);
#2636 = EDGE_CURVE('',#2637,#2628,#2639,.T.);
#2637 = VERTEX_POINT('',#2638);
#2638 = CARTESIAN_POINT('',(31.127881635763,15.561292862586,0.));
#2639 = LINE('',#2640,#2641);
#2640 = CARTESIAN_POINT('',(31.127881635763,15.561292862586,0.));
#2641 = VECTOR('',#2642,1.);
#2642 = DIRECTION('',(0.,0.,1.));
#2643 = ORIENTED_EDGE('',*,*,#2644,.F.);
#2644 = EDGE_CURVE('',#2605,#2637,#2645,.T.);
#2645 = CIRCLE('',#2646,0.127000254);
#2646 = AXIS2_PLACEMENT_3D('',#2647,#2648,#2649);
#2647 = CARTESIAN_POINT('',(31.25422921971,15.548433914458,0.));
#2648 = DIRECTION('',(0.,0.,1.));
#2649 = DIRECTION('',(-0.954680875998,0.29763135756,0.));
#2650 = CYLINDRICAL_SURFACE('',#2651,0.127000254);
#2651 = AXIS2_PLACEMENT_3D('',#2652,#2653,#2654);
#2652 = CARTESIAN_POINT('',(31.25422921971,15.548433914458,0.));
#2653 = DIRECTION('',(-0.,-0.,-1.));
#2654 = DIRECTION('',(-0.954680875998,0.29763135756,0.));
#2655 = ADVANCED_FACE('',(#2656),#2681,.T.);
#2656 = FACE_BOUND('',#2657,.T.);
#2657 = EDGE_LOOP('',(#2658,#2659,#2667,#2675));
#2658 = ORIENTED_EDGE('',*,*,#2636,.T.);
#2659 = ORIENTED_EDGE('',*,*,#2660,.T.);
#2660 = EDGE_CURVE('',#2628,#2661,#2663,.T.);
#2661 = VERTEX_POINT('',#2662);
#2662 = CARTESIAN_POINT('',(31.112590805182,15.411000762002,
    1.600028244856));
#2663 = LINE('',#2664,#2665);
#2664 = CARTESIAN_POINT('',(31.127881635763,15.561292862586,
    1.600028244856));
#2665 = VECTOR('',#2666,1.);
#2666 = DIRECTION('',(-0.101218231634,-0.994864246812,0.));
#2667 = ORIENTED_EDGE('',*,*,#2668,.F.);
#2668 = EDGE_CURVE('',#2669,#2661,#2671,.T.);
#2669 = VERTEX_POINT('',#2670);
#2670 = CARTESIAN_POINT('',(31.112590805182,15.411000762002,0.));
#2671 = LINE('',#2672,#2673);
#2672 = CARTESIAN_POINT('',(31.112590805182,15.411000762002,0.));
#2673 = VECTOR('',#2674,1.);
#2674 = DIRECTION('',(0.,0.,1.));
#2675 = ORIENTED_EDGE('',*,*,#2676,.F.);
#2676 = EDGE_CURVE('',#2637,#2669,#2677,.T.);
#2677 = LINE('',#2678,#2679);
#2678 = CARTESIAN_POINT('',(31.127881635763,15.561292862586,0.));
#2679 = VECTOR('',#2680,1.);
#2680 = DIRECTION('',(-0.101218231634,-0.994864246812,0.));
#2681 = PLANE('',#2682);
#2682 = AXIS2_PLACEMENT_3D('',#2683,#2684,#2685);
#2683 = CARTESIAN_POINT('',(31.127881635763,15.561292862586,0.));
#2684 = DIRECTION('',(0.994864246812,-0.101218231634,0.));
#2685 = DIRECTION('',(-0.101218231634,-0.994864246812,0.));
#2686 = ADVANCED_FACE('',(#2687),#2714,.F.);
#2687 = FACE_BOUND('',#2688,.T.);
#2688 = EDGE_LOOP('',(#2689,#2690,#2699,#2707));
#2689 = ORIENTED_EDGE('',*,*,#2668,.T.);
#2690 = ORIENTED_EDGE('',*,*,#2691,.T.);
#2691 = EDGE_CURVE('',#2661,#2692,#2694,.T.);
#2692 = VERTEX_POINT('',#2693);
#2693 = CARTESIAN_POINT('',(31.111938023876,15.398145796292,
    1.600028244856));
#2694 = CIRCLE('',#2695,0.127000254001);
#2695 = AXIS2_PLACEMENT_3D('',#2696,#2697,#2698);
#2696 = CARTESIAN_POINT('',(31.238938277776,15.3981407198,1.600028244856
    ));
#2697 = DIRECTION('',(0.,0.,1.));
#2698 = DIRECTION('',(-0.994859999201,0.101259972297,0.));
#2699 = ORIENTED_EDGE('',*,*,#2700,.F.);
#2700 = EDGE_CURVE('',#2701,#2692,#2703,.T.);
#2701 = VERTEX_POINT('',#2702);
#2702 = CARTESIAN_POINT('',(31.111938023876,15.398145796292,0.));
#2703 = LINE('',#2704,#2705);
#2704 = CARTESIAN_POINT('',(31.111938023876,15.398145796292,0.));
#2705 = VECTOR('',#2706,1.);
#2706 = DIRECTION('',(0.,0.,1.));
#2707 = ORIENTED_EDGE('',*,*,#2708,.F.);
#2708 = EDGE_CURVE('',#2669,#2701,#2709,.T.);
#2709 = CIRCLE('',#2710,0.127000254001);
#2710 = AXIS2_PLACEMENT_3D('',#2711,#2712,#2713);
#2711 = CARTESIAN_POINT('',(31.238938277776,15.3981407198,0.));
#2712 = DIRECTION('',(0.,0.,1.));
#2713 = DIRECTION('',(-0.994859999201,0.101259972297,0.));
#2714 = CYLINDRICAL_SURFACE('',#2715,0.127000254001);
#2715 = AXIS2_PLACEMENT_3D('',#2716,#2717,#2718);
#2716 = CARTESIAN_POINT('',(31.238938277776,15.3981407198,0.));
#2717 = DIRECTION('',(-0.,-0.,-1.));
#2718 = DIRECTION('',(-0.994859999201,0.101259972297,0.));
#2719 = ADVANCED_FACE('',(#2720),#2745,.T.);
#2720 = FACE_BOUND('',#2721,.T.);
#2721 = EDGE_LOOP('',(#2722,#2723,#2731,#2739));
#2722 = ORIENTED_EDGE('',*,*,#2700,.T.);
#2723 = ORIENTED_EDGE('',*,*,#2724,.T.);
#2724 = EDGE_CURVE('',#2692,#2725,#2727,.T.);
#2725 = VERTEX_POINT('',#2726);
#2726 = CARTESIAN_POINT('',(31.111938023876,11.517094234188,
    1.600028244856));
#2727 = LINE('',#2728,#2729);
#2728 = CARTESIAN_POINT('',(31.111938023876,15.398145796292,
    1.600028244856));
#2729 = VECTOR('',#2730,1.);
#2730 = DIRECTION('',(0.,-1.,0.));
#2731 = ORIENTED_EDGE('',*,*,#2732,.F.);
#2732 = EDGE_CURVE('',#2733,#2725,#2735,.T.);
#2733 = VERTEX_POINT('',#2734);
#2734 = CARTESIAN_POINT('',(31.111938023876,11.517094234188,0.));
#2735 = LINE('',#2736,#2737);
#2736 = CARTESIAN_POINT('',(31.111938023876,11.517094234188,0.));
#2737 = VECTOR('',#2738,1.);
#2738 = DIRECTION('',(0.,0.,1.));
#2739 = ORIENTED_EDGE('',*,*,#2740,.F.);
#2740 = EDGE_CURVE('',#2701,#2733,#2741,.T.);
#2741 = LINE('',#2742,#2743);
#2742 = CARTESIAN_POINT('',(31.111938023876,15.398145796292,0.));
#2743 = VECTOR('',#2744,1.);
#2744 = DIRECTION('',(0.,-1.,0.));
#2745 = PLANE('',#2746);
#2746 = AXIS2_PLACEMENT_3D('',#2747,#2748,#2749);
#2747 = CARTESIAN_POINT('',(31.111938023876,15.398145796292,0.));
#2748 = DIRECTION('',(1.,0.,-0.));
#2749 = DIRECTION('',(0.,-1.,0.));
#2750 = ADVANCED_FACE('',(#2751),#2778,.F.);
#2751 = FACE_BOUND('',#2752,.T.);
#2752 = EDGE_LOOP('',(#2753,#2754,#2763,#2771));
#2753 = ORIENTED_EDGE('',*,*,#2732,.T.);
#2754 = ORIENTED_EDGE('',*,*,#2755,.T.);
#2755 = EDGE_CURVE('',#2725,#2756,#2758,.T.);
#2756 = VERTEX_POINT('',#2757);
#2757 = CARTESIAN_POINT('',(31.112585725171,11.50427990856,
    1.600028244856));
#2758 = CIRCLE('',#2759,0.127000254);
#2759 = AXIS2_PLACEMENT_3D('',#2760,#2761,#2762);
#2760 = CARTESIAN_POINT('',(31.238938277804,11.517089942105,
    1.600028244856));
#2761 = DIRECTION('',(0.,0.,1.));
#2762 = DIRECTION('',(-0.999999999429,3.379586644859E-05,0.));
#2763 = ORIENTED_EDGE('',*,*,#2764,.F.);
#2764 = EDGE_CURVE('',#2765,#2756,#2767,.T.);
#2765 = VERTEX_POINT('',#2766);
#2766 = CARTESIAN_POINT('',(31.112585725171,11.50427990856,0.));
#2767 = LINE('',#2768,#2769);
#2768 = CARTESIAN_POINT('',(31.112585725171,11.50427990856,0.));
#2769 = VECTOR('',#2770,1.);
#2770 = DIRECTION('',(0.,0.,1.));
#2771 = ORIENTED_EDGE('',*,*,#2772,.F.);
#2772 = EDGE_CURVE('',#2733,#2765,#2773,.T.);
#2773 = CIRCLE('',#2774,0.127000254);
#2774 = AXIS2_PLACEMENT_3D('',#2775,#2776,#2777);
#2775 = CARTESIAN_POINT('',(31.238938277804,11.517089942105,0.));
#2776 = DIRECTION('',(0.,0.,1.));
#2777 = DIRECTION('',(-0.999999999429,3.379586644859E-05,0.));
#2778 = CYLINDRICAL_SURFACE('',#2779,0.127000254);
#2779 = AXIS2_PLACEMENT_3D('',#2780,#2781,#2782);
#2780 = CARTESIAN_POINT('',(31.238938277804,11.517089942105,0.));
#2781 = DIRECTION('',(-0.,-0.,-1.));
#2782 = DIRECTION('',(-0.999999999429,3.379586644859E-05,0.));
#2783 = ADVANCED_FACE('',(#2784),#2809,.T.);
#2784 = FACE_BOUND('',#2785,.T.);
#2785 = EDGE_LOOP('',(#2786,#2787,#2795,#2803));
#2786 = ORIENTED_EDGE('',*,*,#2764,.T.);
#2787 = ORIENTED_EDGE('',*,*,#2788,.T.);
#2788 = EDGE_CURVE('',#2756,#2789,#2791,.T.);
#2789 = VERTEX_POINT('',#2790);
#2790 = CARTESIAN_POINT('',(31.128003556007,11.352260604521,
    1.600028244856));
#2791 = LINE('',#2792,#2793);
#2792 = CARTESIAN_POINT('',(31.112585725171,11.50427990856,
    1.600028244856));
#2793 = VECTOR('',#2794,1.);
#2794 = DIRECTION('',(0.100902599745,-0.994896308851,0.));
#2795 = ORIENTED_EDGE('',*,*,#2796,.F.);
#2796 = EDGE_CURVE('',#2797,#2789,#2799,.T.);
#2797 = VERTEX_POINT('',#2798);
#2798 = CARTESIAN_POINT('',(31.128003556007,11.352260604521,0.));
#2799 = LINE('',#2800,#2801);
#2800 = CARTESIAN_POINT('',(31.128003556007,11.352260604521,0.));
#2801 = VECTOR('',#2802,1.);
#2802 = DIRECTION('',(0.,0.,1.));
#2803 = ORIENTED_EDGE('',*,*,#2804,.F.);
#2804 = EDGE_CURVE('',#2765,#2797,#2805,.T.);
#2805 = LINE('',#2806,#2807);
#2806 = CARTESIAN_POINT('',(31.112585725171,11.50427990856,0.));
#2807 = VECTOR('',#2808,1.);
#2808 = DIRECTION('',(0.100902599745,-0.994896308851,0.));
#2809 = PLANE('',#2810);
#2810 = AXIS2_PLACEMENT_3D('',#2811,#2812,#2813);
#2811 = CARTESIAN_POINT('',(31.112585725171,11.50427990856,0.));
#2812 = DIRECTION('',(0.994896308851,0.100902599745,-0.));
#2813 = DIRECTION('',(0.100902599745,-0.994896308851,0.));
#2814 = ADVANCED_FACE('',(#2815),#2842,.F.);
#2815 = FACE_BOUND('',#2816,.T.);
#2816 = EDGE_LOOP('',(#2817,#2818,#2827,#2835));
#2817 = ORIENTED_EDGE('',*,*,#2796,.T.);
#2818 = ORIENTED_EDGE('',*,*,#2819,.T.);
#2819 = EDGE_CURVE('',#2789,#2820,#2822,.T.);
#2820 = VERTEX_POINT('',#2821);
#2821 = CARTESIAN_POINT('',(31.133139446279,11.327188214376,
    1.600028244856));
#2822 = CIRCLE('',#2823,0.127000254001);
#2823 = AXIS2_PLACEMENT_3D('',#2824,#2825,#2826);
#2824 = CARTESIAN_POINT('',(31.254355103542,11.365080548042,
    1.600028244856));
#2825 = DIRECTION('',(0.,0.,1.));
#2826 = DIRECTION('',(-0.994892085285,-0.10094423528,0.));
#2827 = ORIENTED_EDGE('',*,*,#2828,.F.);
#2828 = EDGE_CURVE('',#2829,#2820,#2831,.T.);
#2829 = VERTEX_POINT('',#2830);
#2830 = CARTESIAN_POINT('',(31.133139446279,11.327188214376,0.));
#2831 = LINE('',#2832,#2833);
#2832 = CARTESIAN_POINT('',(31.133139446279,11.327188214376,0.));
#2833 = VECTOR('',#2834,1.);
#2834 = DIRECTION('',(0.,0.,1.));
#2835 = ORIENTED_EDGE('',*,*,#2836,.F.);
#2836 = EDGE_CURVE('',#2797,#2829,#2837,.T.);
#2837 = CIRCLE('',#2838,0.127000254001);
#2838 = AXIS2_PLACEMENT_3D('',#2839,#2840,#2841);
#2839 = CARTESIAN_POINT('',(31.254355103542,11.365080548042,0.));
#2840 = DIRECTION('',(0.,0.,1.));
#2841 = DIRECTION('',(-0.994892085285,-0.10094423528,0.));
#2842 = CYLINDRICAL_SURFACE('',#2843,0.127000254001);
#2843 = AXIS2_PLACEMENT_3D('',#2844,#2845,#2846);
#2844 = CARTESIAN_POINT('',(31.254355103542,11.365080548042,0.));
#2845 = DIRECTION('',(-0.,-0.,-1.));
#2846 = DIRECTION('',(-0.994892085285,-0.10094423528,0.));
#2847 = ADVANCED_FACE('',(#2848),#2873,.T.);
#2848 = FACE_BOUND('',#2849,.T.);
#2849 = EDGE_LOOP('',(#2850,#2851,#2859,#2867));
#2850 = ORIENTED_EDGE('',*,*,#2828,.T.);
#2851 = ORIENTED_EDGE('',*,*,#2852,.T.);
#2852 = EDGE_CURVE('',#2820,#2853,#2855,.T.);
#2853 = VERTEX_POINT('',#2854);
#2854 = CARTESIAN_POINT('',(31.177437134874,11.185455930912,
    1.600028244856));
#2855 = LINE('',#2856,#2857);
#2856 = CARTESIAN_POINT('',(31.133139446279,11.327188214376,
    1.600028244856));
#2857 = VECTOR('',#2858,1.);
#2858 = DIRECTION('',(0.298313951254,-0.95446780275,0.));
#2859 = ORIENTED_EDGE('',*,*,#2860,.F.);
#2860 = EDGE_CURVE('',#2861,#2853,#2863,.T.);
#2861 = VERTEX_POINT('',#2862);
#2862 = CARTESIAN_POINT('',(31.177437134874,11.185455930912,0.));
#2863 = LINE('',#2864,#2865);
#2864 = CARTESIAN_POINT('',(31.177437134874,11.185455930912,0.));
#2865 = VECTOR('',#2866,1.);
#2866 = DIRECTION('',(0.,0.,1.));
#2867 = ORIENTED_EDGE('',*,*,#2868,.F.);
#2868 = EDGE_CURVE('',#2829,#2861,#2869,.T.);
#2869 = LINE('',#2870,#2871);
#2870 = CARTESIAN_POINT('',(31.133139446279,11.327188214376,0.));
#2871 = VECTOR('',#2872,1.);
#2872 = DIRECTION('',(0.298313951254,-0.95446780275,0.));
#2873 = PLANE('',#2874);
#2874 = AXIS2_PLACEMENT_3D('',#2875,#2876,#2877);
#2875 = CARTESIAN_POINT('',(31.133139446279,11.327188214376,0.));
#2876 = DIRECTION('',(0.95446780275,0.298313951254,-0.));
#2877 = DIRECTION('',(0.298313951254,-0.95446780275,0.));
#2878 = ADVANCED_FACE('',(#2879),#2906,.F.);
#2879 = FACE_BOUND('',#2880,.T.);
#2880 = EDGE_LOOP('',(#2881,#2882,#2891,#2899));
#2881 = ORIENTED_EDGE('',*,*,#2860,.T.);
#2882 = ORIENTED_EDGE('',*,*,#2883,.T.);
#2883 = EDGE_CURVE('',#2853,#2884,#2886,.T.);
#2884 = VERTEX_POINT('',#2885);
#2885 = CARTESIAN_POINT('',(31.187096774194,11.162646685293,
    1.600028244856));
#2886 = CIRCLE('',#2887,0.127000254);
#2887 = AXIS2_PLACEMENT_3D('',#2888,#2889,#2890);
#2888 = CARTESIAN_POINT('',(31.298654984675,11.223341250043,
    1.600028244856));
#2889 = DIRECTION('',(0.,0.,1.));
#2890 = DIRECTION('',(-0.954469349337,-0.298309002842,0.));
#2891 = ORIENTED_EDGE('',*,*,#2892,.F.);
#2892 = EDGE_CURVE('',#2893,#2884,#2895,.T.);
#2893 = VERTEX_POINT('',#2894);
#2894 = CARTESIAN_POINT('',(31.187096774194,11.162646685293,0.));
#2895 = LINE('',#2896,#2897);
#2896 = CARTESIAN_POINT('',(31.187096774194,11.162646685293,0.));
#2897 = VECTOR('',#2898,1.);
#2898 = DIRECTION('',(0.,0.,1.));
#2899 = ORIENTED_EDGE('',*,*,#2900,.F.);
#2900 = EDGE_CURVE('',#2861,#2893,#2901,.T.);
#2901 = CIRCLE('',#2902,0.127000254);
#2902 = AXIS2_PLACEMENT_3D('',#2903,#2904,#2905);
#2903 = CARTESIAN_POINT('',(31.298654984675,11.223341250043,0.));
#2904 = DIRECTION('',(0.,0.,1.));
#2905 = DIRECTION('',(-0.954469349337,-0.298309002842,0.));
#2906 = CYLINDRICAL_SURFACE('',#2907,0.127000254);
#2907 = AXIS2_PLACEMENT_3D('',#2908,#2909,#2910);
#2908 = CARTESIAN_POINT('',(31.298654984675,11.223341250043,0.));
#2909 = DIRECTION('',(-0.,-0.,-1.));
#2910 = DIRECTION('',(-0.954469349337,-0.298309002842,0.));
#2911 = ADVANCED_FACE('',(#2912),#2937,.T.);
#2912 = FACE_BOUND('',#2913,.T.);
#2913 = EDGE_LOOP('',(#2914,#2915,#2923,#2931));
#2914 = ORIENTED_EDGE('',*,*,#2892,.T.);
#2915 = ORIENTED_EDGE('',*,*,#2916,.T.);
#2916 = EDGE_CURVE('',#2884,#2917,#2919,.T.);
#2917 = VERTEX_POINT('',#2918);
#2918 = CARTESIAN_POINT('',(31.256997713995,11.034173228346,
    1.600028244856));
#2919 = LINE('',#2920,#2921);
#2920 = CARTESIAN_POINT('',(31.187096774194,11.162646685293,
    1.600028244856));
#2921 = VECTOR('',#2922,1.);
#2922 = DIRECTION('',(0.477927124529,-0.878399489777,0.));
#2923 = ORIENTED_EDGE('',*,*,#2924,.F.);
#2924 = EDGE_CURVE('',#2925,#2917,#2927,.T.);
#2925 = VERTEX_POINT('',#2926);
#2926 = CARTESIAN_POINT('',(31.256997713995,11.034173228346,0.));
#2927 = LINE('',#2928,#2929);
#2928 = CARTESIAN_POINT('',(31.256997713995,11.034173228346,0.));
#2929 = VECTOR('',#2930,1.);
#2930 = DIRECTION('',(0.,0.,1.));
#2931 = ORIENTED_EDGE('',*,*,#2932,.F.);
#2932 = EDGE_CURVE('',#2893,#2925,#2933,.T.);
#2933 = LINE('',#2934,#2935);
#2934 = CARTESIAN_POINT('',(31.187096774194,11.162646685293,0.));
#2935 = VECTOR('',#2936,1.);
#2936 = DIRECTION('',(0.477927124529,-0.878399489777,0.));
#2937 = PLANE('',#2938);
#2938 = AXIS2_PLACEMENT_3D('',#2939,#2940,#2941);
#2939 = CARTESIAN_POINT('',(31.187096774194,11.162646685293,0.));
#2940 = DIRECTION('',(0.878399489777,0.477927124529,-0.));
#2941 = DIRECTION('',(0.477927124529,-0.878399489777,0.));
#2942 = ADVANCED_FACE('',(#2943),#2970,.F.);
#2943 = FACE_BOUND('',#2944,.T.);
#2944 = EDGE_LOOP('',(#2945,#2946,#2955,#2963));
#2945 = ORIENTED_EDGE('',*,*,#2924,.T.);
#2946 = ORIENTED_EDGE('',*,*,#2947,.T.);
#2947 = EDGE_CURVE('',#2917,#2948,#2950,.T.);
#2948 = VERTEX_POINT('',#2949);
#2949 = CARTESIAN_POINT('',(31.270675641351,11.013944627889,
    1.600028244856));
#2950 = CIRCLE('',#2951,0.127000254001);
#2951 = AXIS2_PLACEMENT_3D('',#2952,#2953,#2954);
#2952 = CARTESIAN_POINT('',(31.36855635681,11.094866998453,
    1.600028244856));
#2953 = DIRECTION('',(0.,0.,1.));
#2954 = DIRECTION('',(-0.878412753516,-0.477902745818,0.));
#2955 = ORIENTED_EDGE('',*,*,#2956,.F.);
#2956 = EDGE_CURVE('',#2957,#2948,#2959,.T.);
#2957 = VERTEX_POINT('',#2958);
#2958 = CARTESIAN_POINT('',(31.270675641351,11.013944627889,0.));
#2959 = LINE('',#2960,#2961);
#2960 = CARTESIAN_POINT('',(31.270675641351,11.013944627889,0.));
#2961 = VECTOR('',#2962,1.);
#2962 = DIRECTION('',(0.,0.,1.));
#2963 = ORIENTED_EDGE('',*,*,#2964,.F.);
#2964 = EDGE_CURVE('',#2925,#2957,#2965,.T.);
#2965 = CIRCLE('',#2966,0.127000254001);
#2966 = AXIS2_PLACEMENT_3D('',#2967,#2968,#2969);
#2967 = CARTESIAN_POINT('',(31.36855635681,11.094866998453,0.));
#2968 = DIRECTION('',(0.,0.,1.));
#2969 = DIRECTION('',(-0.878412753516,-0.477902745818,0.));
#2970 = CYLINDRICAL_SURFACE('',#2971,0.127000254001);
#2971 = AXIS2_PLACEMENT_3D('',#2972,#2973,#2974);
#2972 = CARTESIAN_POINT('',(31.36855635681,11.094866998453,0.));
#2973 = DIRECTION('',(-0.,-0.,-1.));
#2974 = DIRECTION('',(-0.878412753516,-0.477902745818,0.));
#2975 = ADVANCED_FACE('',(#2976),#3001,.T.);
#2976 = FACE_BOUND('',#2977,.T.);
#2977 = EDGE_LOOP('',(#2978,#2979,#2987,#2995));
#2978 = ORIENTED_EDGE('',*,*,#2956,.T.);
#2979 = ORIENTED_EDGE('',*,*,#2980,.T.);
#2980 = EDGE_CURVE('',#2948,#2981,#2983,.T.);
#2981 = VERTEX_POINT('',#2982);
#2982 = CARTESIAN_POINT('',(31.363309626619,10.90190500381,
    1.600028244856));
#2983 = LINE('',#2984,#2985);
#2984 = CARTESIAN_POINT('',(31.270675641351,11.013944627889,
    1.600028244856));
#2985 = VECTOR('',#2986,1.);
#2986 = DIRECTION('',(0.637206488713,-0.770693123585,0.));
#2987 = ORIENTED_EDGE('',*,*,#2988,.F.);
#2988 = EDGE_CURVE('',#2989,#2981,#2991,.T.);
#2989 = VERTEX_POINT('',#2990);
#2990 = CARTESIAN_POINT('',(31.363309626619,10.90190500381,0.));
#2991 = LINE('',#2992,#2993);
#2992 = CARTESIAN_POINT('',(31.363309626619,10.90190500381,0.));
#2993 = VECTOR('',#2994,1.);
#2994 = DIRECTION('',(0.,0.,1.));
#2995 = ORIENTED_EDGE('',*,*,#2996,.F.);
#2996 = EDGE_CURVE('',#2957,#2989,#2997,.T.);
#2997 = LINE('',#2998,#2999);
#2998 = CARTESIAN_POINT('',(31.270675641351,11.013944627889,0.));
#2999 = VECTOR('',#3000,1.);
#3000 = DIRECTION('',(0.637206488713,-0.770693123585,0.));
#3001 = PLANE('',#3002);
#3002 = AXIS2_PLACEMENT_3D('',#3003,#3004,#3005);
#3003 = CARTESIAN_POINT('',(31.270675641351,11.013944627889,0.));
#3004 = DIRECTION('',(0.770693123585,0.637206488713,-0.));
#3005 = DIRECTION('',(0.637206488713,-0.770693123585,0.));
#3006 = ADVANCED_FACE('',(#3007),#3034,.F.);
#3007 = FACE_BOUND('',#3008,.T.);
#3008 = EDGE_LOOP('',(#3009,#3010,#3019,#3027));
#3009 = ORIENTED_EDGE('',*,*,#2988,.T.);
#3010 = ORIENTED_EDGE('',*,*,#3011,.T.);
#3011 = EDGE_CURVE('',#2981,#3012,#3014,.T.);
#3012 = VERTEX_POINT('',#3013);
#3013 = CARTESIAN_POINT('',(31.380264160528,10.884950469901,
    1.600028244856));
#3014 = CIRCLE('',#3015,0.127000254001);
#3015 = AXIS2_PLACEMENT_3D('',#3016,#3017,#3018);
#3016 = CARTESIAN_POINT('',(31.461188617288,10.98282946057,
    1.600028244856));
#3017 = DIRECTION('',(0.,0.,1.));
#3018 = DIRECTION('',(-0.770699172526,-0.637199172526,0.));
#3019 = ORIENTED_EDGE('',*,*,#3020,.F.);
#3020 = EDGE_CURVE('',#3021,#3012,#3023,.T.);
#3021 = VERTEX_POINT('',#3022);
#3022 = CARTESIAN_POINT('',(31.380264160528,10.884950469901,0.));
#3023 = LINE('',#3024,#3025);
#3024 = CARTESIAN_POINT('',(31.380264160528,10.884950469901,0.));
#3025 = VECTOR('',#3026,1.);
#3026 = DIRECTION('',(0.,0.,1.));
#3027 = ORIENTED_EDGE('',*,*,#3028,.F.);
#3028 = EDGE_CURVE('',#2989,#3021,#3029,.T.);
#3029 = CIRCLE('',#3030,0.127000254001);
#3030 = AXIS2_PLACEMENT_3D('',#3031,#3032,#3033);
#3031 = CARTESIAN_POINT('',(31.461188617288,10.98282946057,0.));
#3032 = DIRECTION('',(0.,0.,1.));
#3033 = DIRECTION('',(-0.770699172526,-0.637199172526,0.));
#3034 = CYLINDRICAL_SURFACE('',#3035,0.127000254001);
#3035 = AXIS2_PLACEMENT_3D('',#3036,#3037,#3038);
#3036 = CARTESIAN_POINT('',(31.461188617288,10.98282946057,0.));
#3037 = DIRECTION('',(-0.,-0.,-1.));
#3038 = DIRECTION('',(-0.770699172526,-0.637199172526,0.));
#3039 = ADVANCED_FACE('',(#3040),#3065,.T.);
#3040 = FACE_BOUND('',#3041,.T.);
#3041 = EDGE_LOOP('',(#3042,#3043,#3051,#3059));
#3042 = ORIENTED_EDGE('',*,*,#3020,.T.);
#3043 = ORIENTED_EDGE('',*,*,#3044,.T.);
#3044 = EDGE_CURVE('',#3012,#3045,#3047,.T.);
#3045 = VERTEX_POINT('',#3046);
#3046 = CARTESIAN_POINT('',(31.492303784608,10.792316484633,
    1.600028244856));
#3047 = LINE('',#3048,#3049);
#3048 = CARTESIAN_POINT('',(31.380264160528,10.884950469901,
    1.600028244856));
#3049 = VECTOR('',#3050,1.);
#3050 = DIRECTION('',(0.770693123585,-0.637206488713,0.));
#3051 = ORIENTED_EDGE('',*,*,#3052,.F.);
#3052 = EDGE_CURVE('',#3053,#3045,#3055,.T.);
#3053 = VERTEX_POINT('',#3054);
#3054 = CARTESIAN_POINT('',(31.492303784608,10.792316484633,0.));
#3055 = LINE('',#3056,#3057);
#3056 = CARTESIAN_POINT('',(31.492303784608,10.792316484633,0.));
#3057 = VECTOR('',#3058,1.);
#3058 = DIRECTION('',(0.,0.,1.));
#3059 = ORIENTED_EDGE('',*,*,#3060,.F.);
#3060 = EDGE_CURVE('',#3021,#3053,#3061,.T.);
#3061 = LINE('',#3062,#3063);
#3062 = CARTESIAN_POINT('',(31.380264160528,10.884950469901,0.));
#3063 = VECTOR('',#3064,1.);
#3064 = DIRECTION('',(0.770693123585,-0.637206488713,0.));
#3065 = PLANE('',#3066);
#3066 = AXIS2_PLACEMENT_3D('',#3067,#3068,#3069);
#3067 = CARTESIAN_POINT('',(31.380264160528,10.884950469901,0.));
#3068 = DIRECTION('',(0.637206488713,0.770693123585,-0.));
#3069 = DIRECTION('',(0.770693123585,-0.637206488713,0.));
#3070 = ADVANCED_FACE('',(#3071),#3098,.F.);
#3071 = FACE_BOUND('',#3072,.T.);
#3072 = EDGE_LOOP('',(#3073,#3074,#3083,#3091));
#3073 = ORIENTED_EDGE('',*,*,#3052,.T.);
#3074 = ORIENTED_EDGE('',*,*,#3075,.T.);
#3075 = EDGE_CURVE('',#3045,#3076,#3078,.T.);
#3076 = VERTEX_POINT('',#3077);
#3077 = CARTESIAN_POINT('',(31.512583185166,10.778610617221,
    1.600028244856));
#3078 = CIRCLE('',#3079,0.127000254);
#3079 = AXIS2_PLACEMENT_3D('',#3080,#3081,#3082);
#3080 = CARTESIAN_POINT('',(31.573227274589,10.890196274607,
    1.600028244856));
#3081 = DIRECTION('',(0.,0.,1.));
#3082 = DIRECTION('',(-0.637191560112,-0.770705466259,0.));
#3083 = ORIENTED_EDGE('',*,*,#3084,.F.);
#3084 = EDGE_CURVE('',#3085,#3076,#3087,.T.);
#3085 = VERTEX_POINT('',#3086);
#3086 = CARTESIAN_POINT('',(31.512583185166,10.778610617221,0.));
#3087 = LINE('',#3088,#3089);
#3088 = CARTESIAN_POINT('',(31.512583185166,10.778610617221,0.));
#3089 = VECTOR('',#3090,1.);
#3090 = DIRECTION('',(0.,0.,1.));
#3091 = ORIENTED_EDGE('',*,*,#3092,.F.);
#3092 = EDGE_CURVE('',#3053,#3085,#3093,.T.);
#3093 = CIRCLE('',#3094,0.127000254);
#3094 = AXIS2_PLACEMENT_3D('',#3095,#3096,#3097);
#3095 = CARTESIAN_POINT('',(31.573227274589,10.890196274607,0.));
#3096 = DIRECTION('',(0.,0.,1.));
#3097 = DIRECTION('',(-0.637191560112,-0.770705466259,0.));
#3098 = CYLINDRICAL_SURFACE('',#3099,0.127000254);
#3099 = AXIS2_PLACEMENT_3D('',#3100,#3101,#3102);
#3100 = CARTESIAN_POINT('',(31.573227274589,10.890196274607,0.));
#3101 = DIRECTION('',(-0.,-0.,-1.));
#3102 = DIRECTION('',(-0.637191560112,-0.770705466259,0.));
#3103 = ADVANCED_FACE('',(#3104),#3129,.T.);
#3104 = FACE_BOUND('',#3105,.T.);
#3105 = EDGE_LOOP('',(#3106,#3107,#3115,#3123));
#3106 = ORIENTED_EDGE('',*,*,#3084,.T.);
#3107 = ORIENTED_EDGE('',*,*,#3108,.T.);
#3108 = EDGE_CURVE('',#3076,#3109,#3111,.T.);
#3109 = VERTEX_POINT('',#3110);
#3110 = CARTESIAN_POINT('',(31.641056642113,10.708785877572,
    1.600028244856));
#3111 = LINE('',#3112,#3113);
#3112 = CARTESIAN_POINT('',(31.512583185166,10.778610617221,
    1.600028244856));
#3113 = VECTOR('',#3114,1.);
#3114 = DIRECTION('',(0.878618172078,-0.477524981226,0.));
#3115 = ORIENTED_EDGE('',*,*,#3116,.F.);
#3116 = EDGE_CURVE('',#3117,#3109,#3119,.T.);
#3117 = VERTEX_POINT('',#3118);
#3118 = CARTESIAN_POINT('',(31.641056642113,10.708785877572,0.));
#3119 = LINE('',#3120,#3121);
#3120 = CARTESIAN_POINT('',(31.641056642113,10.708785877572,0.));
#3121 = VECTOR('',#3122,1.);
#3122 = DIRECTION('',(0.,0.,1.));
#3123 = ORIENTED_EDGE('',*,*,#3124,.F.);
#3124 = EDGE_CURVE('',#3085,#3117,#3125,.T.);
#3125 = LINE('',#3126,#3127);
#3126 = CARTESIAN_POINT('',(31.512583185166,10.778610617221,0.));
#3127 = VECTOR('',#3128,1.);
#3128 = DIRECTION('',(0.878618172078,-0.477524981226,0.));
#3129 = PLANE('',#3130);
#3130 = AXIS2_PLACEMENT_3D('',#3131,#3132,#3133);
#3131 = CARTESIAN_POINT('',(31.512583185166,10.778610617221,0.));
#3132 = DIRECTION('',(0.477524981226,0.878618172078,-0.));
#3133 = DIRECTION('',(0.878618172078,-0.477524981226,0.));
#3134 = ADVANCED_FACE('',(#3135),#3162,.F.);
#3135 = FACE_BOUND('',#3136,.T.);
#3136 = EDGE_LOOP('',(#3137,#3138,#3147,#3155));
#3137 = ORIENTED_EDGE('',*,*,#3116,.T.);
#3138 = ORIENTED_EDGE('',*,*,#3139,.T.);
#3139 = EDGE_CURVE('',#3109,#3140,#3142,.T.);
#3140 = VERTEX_POINT('',#3141);
#3141 = CARTESIAN_POINT('',(31.663756667513,10.699171958344,
    1.600028244856));
#3142 = CIRCLE('',#3143,0.127000254001);
#3143 = AXIS2_PLACEMENT_3D('',#3144,#3145,#3146);
#3144 = CARTESIAN_POINT('',(31.701701176474,10.820371293144,
    1.600028244856));
#3145 = DIRECTION('',(0.,0.,1.));
#3146 = DIRECTION('',(-0.477515063554,-0.878623562215,0.));
#3147 = ORIENTED_EDGE('',*,*,#3148,.F.);
#3148 = EDGE_CURVE('',#3149,#3140,#3151,.T.);
#3149 = VERTEX_POINT('',#3150);
#3150 = CARTESIAN_POINT('',(31.663756667513,10.699171958344,0.));
#3151 = LINE('',#3152,#3153);
#3152 = CARTESIAN_POINT('',(31.663756667513,10.699171958344,0.));
#3153 = VECTOR('',#3154,1.);
#3154 = DIRECTION('',(0.,0.,1.));
#3155 = ORIENTED_EDGE('',*,*,#3156,.F.);
#3156 = EDGE_CURVE('',#3117,#3149,#3157,.T.);
#3157 = CIRCLE('',#3158,0.127000254001);
#3158 = AXIS2_PLACEMENT_3D('',#3159,#3160,#3161);
#3159 = CARTESIAN_POINT('',(31.701701176474,10.820371293144,0.));
#3160 = DIRECTION('',(0.,0.,1.));
#3161 = DIRECTION('',(-0.477515063554,-0.878623562215,0.));
#3162 = CYLINDRICAL_SURFACE('',#3163,0.127000254001);
#3163 = AXIS2_PLACEMENT_3D('',#3164,#3165,#3166);
#3164 = CARTESIAN_POINT('',(31.701701176474,10.820371293144,0.));
#3165 = DIRECTION('',(-0.,-0.,-1.));
#3166 = DIRECTION('',(-0.477515063554,-0.878623562215,0.));
#3167 = ADVANCED_FACE('',(#3168),#3193,.T.);
#3168 = FACE_BOUND('',#3169,.T.);
#3169 = EDGE_LOOP('',(#3170,#3171,#3179,#3187));
#3170 = ORIENTED_EDGE('',*,*,#3148,.T.);
#3171 = ORIENTED_EDGE('',*,*,#3172,.T.);
#3172 = EDGE_CURVE('',#3140,#3173,#3175,.T.);
#3173 = VERTEX_POINT('',#3174);
#3174 = CARTESIAN_POINT('',(31.805488950978,10.654798069596,
    1.600028244856));
#3175 = LINE('',#3176,#3177);
#3176 = CARTESIAN_POINT('',(31.663756667513,10.699171958344,
    1.600028244856));
#3177 = VECTOR('',#3178,1.);
#3178 = DIRECTION('',(0.954321599589,-0.298781332345,0.));
#3179 = ORIENTED_EDGE('',*,*,#3180,.F.);
#3180 = EDGE_CURVE('',#3181,#3173,#3183,.T.);
#3181 = VERTEX_POINT('',#3182);
#3182 = CARTESIAN_POINT('',(31.805488950978,10.654798069596,0.));
#3183 = LINE('',#3184,#3185);
#3184 = CARTESIAN_POINT('',(31.805488950978,10.654798069596,0.));
#3185 = VECTOR('',#3186,1.);
#3186 = DIRECTION('',(0.,0.,1.));
#3187 = ORIENTED_EDGE('',*,*,#3188,.F.);
#3188 = EDGE_CURVE('',#3149,#3181,#3189,.T.);
#3189 = LINE('',#3190,#3191);
#3190 = CARTESIAN_POINT('',(31.663756667513,10.699171958344,0.));
#3191 = VECTOR('',#3192,1.);
#3192 = DIRECTION('',(0.954321599589,-0.298781332345,0.));
#3193 = PLANE('',#3194);
#3194 = AXIS2_PLACEMENT_3D('',#3195,#3196,#3197);
#3195 = CARTESIAN_POINT('',(31.663756667513,10.699171958344,0.));
#3196 = DIRECTION('',(0.298781332345,0.954321599589,-0.));
#3197 = DIRECTION('',(0.954321599589,-0.298781332345,0.));
#3198 = ADVANCED_FACE('',(#3199),#3226,.F.);
#3199 = FACE_BOUND('',#3200,.T.);
#3200 = EDGE_LOOP('',(#3201,#3202,#3211,#3219));
#3201 = ORIENTED_EDGE('',*,*,#3180,.T.);
#3202 = ORIENTED_EDGE('',*,*,#3203,.T.);
#3203 = EDGE_CURVE('',#3173,#3204,#3206,.T.);
#3204 = VERTEX_POINT('',#3205);
#3205 = CARTESIAN_POINT('',(31.83061976124,10.649644399289,
    1.600028244856));
#3206 = CIRCLE('',#3207,0.127000254001);
#3207 = AXIS2_PLACEMENT_3D('',#3208,#3209,#3210);
#3208 = CARTESIAN_POINT('',(31.843437353424,10.775996185374,
    1.600028244856));
#3209 = DIRECTION('',(0.,0.,1.));
#3210 = DIRECTION('',(-0.298805720862,-0.954313963631,0.));
#3211 = ORIENTED_EDGE('',*,*,#3212,.F.);
#3212 = EDGE_CURVE('',#3213,#3204,#3215,.T.);
#3213 = VERTEX_POINT('',#3214);
#3214 = CARTESIAN_POINT('',(31.83061976124,10.649644399289,0.));
#3215 = LINE('',#3216,#3217);
#3216 = CARTESIAN_POINT('',(31.83061976124,10.649644399289,0.));
#3217 = VECTOR('',#3218,1.);
#3218 = DIRECTION('',(0.,0.,1.));
#3219 = ORIENTED_EDGE('',*,*,#3220,.F.);
#3220 = EDGE_CURVE('',#3181,#3213,#3221,.T.);
#3221 = CIRCLE('',#3222,0.127000254001);
#3222 = AXIS2_PLACEMENT_3D('',#3223,#3224,#3225);
#3223 = CARTESIAN_POINT('',(31.843437353424,10.775996185374,0.));
#3224 = DIRECTION('',(0.,0.,1.));
#3225 = DIRECTION('',(-0.298805720862,-0.954313963631,0.));
#3226 = CYLINDRICAL_SURFACE('',#3227,0.127000254001);
#3227 = AXIS2_PLACEMENT_3D('',#3228,#3229,#3230);
#3228 = CARTESIAN_POINT('',(31.843437353424,10.775996185374,0.));
#3229 = DIRECTION('',(-0.,-0.,-1.));
#3230 = DIRECTION('',(-0.298805720862,-0.954313963631,0.));
#3231 = ADVANCED_FACE('',(#3232),#3257,.T.);
#3232 = FACE_BOUND('',#3233,.T.);
#3233 = EDGE_LOOP('',(#3234,#3235,#3243,#3251));
#3234 = ORIENTED_EDGE('',*,*,#3212,.T.);
#3235 = ORIENTED_EDGE('',*,*,#3236,.T.);
#3236 = EDGE_CURVE('',#3204,#3237,#3239,.T.);
#3237 = VERTEX_POINT('',#3238);
#3238 = CARTESIAN_POINT('',(31.982639065278,10.634226568453,
    1.600028244856));
#3239 = LINE('',#3240,#3241);
#3240 = CARTESIAN_POINT('',(31.83061976124,10.649644399289,
    1.600028244856));
#3241 = VECTOR('',#3242,1.);
#3242 = DIRECTION('',(0.994896308851,-0.100902599745,0.));
#3243 = ORIENTED_EDGE('',*,*,#3244,.F.);
#3244 = EDGE_CURVE('',#3245,#3237,#3247,.T.);
#3245 = VERTEX_POINT('',#3246);
#3246 = CARTESIAN_POINT('',(31.982639065278,10.634226568453,0.));
#3247 = LINE('',#3248,#3249);
#3248 = CARTESIAN_POINT('',(31.982639065278,10.634226568453,0.));
#3249 = VECTOR('',#3250,1.);
#3250 = DIRECTION('',(0.,0.,1.));
#3251 = ORIENTED_EDGE('',*,*,#3252,.F.);
#3252 = EDGE_CURVE('',#3213,#3245,#3253,.T.);
#3253 = LINE('',#3254,#3255);
#3254 = CARTESIAN_POINT('',(31.83061976124,10.649644399289,0.));
#3255 = VECTOR('',#3256,1.);
#3256 = DIRECTION('',(0.994896308851,-0.100902599745,0.));
#3257 = PLANE('',#3258);
#3258 = AXIS2_PLACEMENT_3D('',#3259,#3260,#3261);
#3259 = CARTESIAN_POINT('',(31.83061976124,10.649644399289,0.));
#3260 = DIRECTION('',(0.100902599745,0.994896308851,-0.));
#3261 = DIRECTION('',(0.994896308851,-0.100902599745,0.));
#3262 = ADVANCED_FACE('',(#3263),#3290,.F.);
#3263 = FACE_BOUND('',#3264,.T.);
#3264 = EDGE_LOOP('',(#3265,#3266,#3275,#3283));
#3265 = ORIENTED_EDGE('',*,*,#3244,.T.);
#3266 = ORIENTED_EDGE('',*,*,#3267,.T.);
#3267 = EDGE_CURVE('',#3237,#3268,#3270,.T.);
#3268 = VERTEX_POINT('',#3269);
#3269 = CARTESIAN_POINT('',(31.995453390907,10.633578867158,
    1.600028244856));
#3270 = CIRCLE('',#3271,0.127000253999);
#3271 = AXIS2_PLACEMENT_3D('',#3272,#3273,#3274);
#3272 = CARTESIAN_POINT('',(31.995449098823,10.760579121084,
    1.600028244856));
#3273 = DIRECTION('',(0.,0.,1.));
#3274 = DIRECTION('',(-0.100866204134,-0.994899999429,0.));
#3275 = ORIENTED_EDGE('',*,*,#3276,.F.);
#3276 = EDGE_CURVE('',#3277,#3268,#3279,.T.);
#3277 = VERTEX_POINT('',#3278);
#3278 = CARTESIAN_POINT('',(31.995453390907,10.633578867158,0.));
#3279 = LINE('',#3280,#3281);
#3280 = CARTESIAN_POINT('',(31.995453390907,10.633578867158,0.));
#3281 = VECTOR('',#3282,1.);
#3282 = DIRECTION('',(0.,0.,1.));
#3283 = ORIENTED_EDGE('',*,*,#3284,.F.);
#3284 = EDGE_CURVE('',#3245,#3277,#3285,.T.);
#3285 = CIRCLE('',#3286,0.127000253999);
#3286 = AXIS2_PLACEMENT_3D('',#3287,#3288,#3289);
#3287 = CARTESIAN_POINT('',(31.995449098823,10.760579121084,0.));
#3288 = DIRECTION('',(0.,0.,1.));
#3289 = DIRECTION('',(-0.100866204134,-0.994899999429,0.));
#3290 = CYLINDRICAL_SURFACE('',#3291,0.127000253999);
#3291 = AXIS2_PLACEMENT_3D('',#3292,#3293,#3294);
#3292 = CARTESIAN_POINT('',(31.995449098823,10.760579121084,0.));
#3293 = DIRECTION('',(-0.,-0.,-1.));
#3294 = DIRECTION('',(-0.100866204134,-0.994899999429,0.));
#3295 = ADVANCED_FACE('',(#3296),#3321,.T.);
#3296 = FACE_BOUND('',#3297,.T.);
#3297 = EDGE_LOOP('',(#3298,#3299,#3307,#3315));
#3298 = ORIENTED_EDGE('',*,*,#3276,.T.);
#3299 = ORIENTED_EDGE('',*,*,#3300,.T.);
#3300 = EDGE_CURVE('',#3268,#3301,#3303,.T.);
#3301 = VERTEX_POINT('',#3302);
#3302 = CARTESIAN_POINT('',(39.872898145796,10.633578867158,
    1.600028244856));
#3303 = LINE('',#3304,#3305);
#3304 = CARTESIAN_POINT('',(31.995453390907,10.633578867158,
    1.600028244856));
#3305 = VECTOR('',#3306,1.);
#3306 = DIRECTION('',(1.,0.,0.));
#3307 = ORIENTED_EDGE('',*,*,#3308,.F.);
#3308 = EDGE_CURVE('',#3309,#3301,#3311,.T.);
#3309 = VERTEX_POINT('',#3310);
#3310 = CARTESIAN_POINT('',(39.872898145796,10.633578867158,0.));
#3311 = LINE('',#3312,#3313);
#3312 = CARTESIAN_POINT('',(39.872898145796,10.633578867158,0.));
#3313 = VECTOR('',#3314,1.);
#3314 = DIRECTION('',(0.,0.,1.));
#3315 = ORIENTED_EDGE('',*,*,#3316,.F.);
#3316 = EDGE_CURVE('',#3277,#3309,#3317,.T.);
#3317 = LINE('',#3318,#3319);
#3318 = CARTESIAN_POINT('',(31.995453390907,10.633578867158,0.));
#3319 = VECTOR('',#3320,1.);
#3320 = DIRECTION('',(1.,0.,0.));
#3321 = PLANE('',#3322);
#3322 = AXIS2_PLACEMENT_3D('',#3323,#3324,#3325);
#3323 = CARTESIAN_POINT('',(31.995453390907,10.633578867158,0.));
#3324 = DIRECTION('',(0.,1.,0.));
#3325 = DIRECTION('',(1.,0.,0.));
#3326 = ADVANCED_FACE('',(#3327),#3354,.F.);
#3327 = FACE_BOUND('',#3328,.T.);
#3328 = EDGE_LOOP('',(#3329,#3330,#3339,#3347));
#3329 = ORIENTED_EDGE('',*,*,#3308,.T.);
#3330 = ORIENTED_EDGE('',*,*,#3331,.T.);
#3331 = EDGE_CURVE('',#3301,#3332,#3334,.T.);
#3332 = VERTEX_POINT('',#3333);
#3333 = CARTESIAN_POINT('',(39.885775971552,10.634234188468,
    1.600028244856));
#3334 = CIRCLE('',#3335,0.127000254001);
#3335 = AXIS2_PLACEMENT_3D('',#3336,#3337,#3338);
#3336 = CARTESIAN_POINT('',(39.872890997721,10.760579120958,
    1.600028244856));
#3337 = DIRECTION('',(0.,0.,1.));
#3338 = DIRECTION('',(5.628394325734E-05,-0.999999998416,0.));
#3339 = ORIENTED_EDGE('',*,*,#3340,.F.);
#3340 = EDGE_CURVE('',#3341,#3332,#3343,.T.);
#3341 = VERTEX_POINT('',#3342);
#3342 = CARTESIAN_POINT('',(39.885775971552,10.634234188468,0.));
#3343 = LINE('',#3344,#3345);
#3344 = CARTESIAN_POINT('',(39.885775971552,10.634234188468,0.));
#3345 = VECTOR('',#3346,1.);
#3346 = DIRECTION('',(0.,0.,1.));
#3347 = ORIENTED_EDGE('',*,*,#3348,.F.);
#3348 = EDGE_CURVE('',#3309,#3341,#3349,.T.);
#3349 = CIRCLE('',#3350,0.127000254001);
#3350 = AXIS2_PLACEMENT_3D('',#3351,#3352,#3353);
#3351 = CARTESIAN_POINT('',(39.872890997721,10.760579120958,0.));
#3352 = DIRECTION('',(0.,0.,1.));
#3353 = DIRECTION('',(5.628394325734E-05,-0.999999998416,0.));
#3354 = CYLINDRICAL_SURFACE('',#3355,0.127000254001);
#3355 = AXIS2_PLACEMENT_3D('',#3356,#3357,#3358);
#3356 = CARTESIAN_POINT('',(39.872890997721,10.760579120958,0.));
#3357 = DIRECTION('',(-0.,-0.,-1.));
#3358 = DIRECTION('',(5.628394325734E-05,-0.999999998416,0.));
#3359 = ADVANCED_FACE('',(#3360),#3385,.T.);
#3360 = FACE_BOUND('',#3361,.T.);
#3361 = EDGE_LOOP('',(#3362,#3363,#3371,#3379));
#3362 = ORIENTED_EDGE('',*,*,#3340,.T.);
#3363 = ORIENTED_EDGE('',*,*,#3364,.T.);
#3364 = EDGE_CURVE('',#3332,#3365,#3367,.T.);
#3365 = VERTEX_POINT('',#3366);
#3366 = CARTESIAN_POINT('',(40.260604521209,10.672435864872,
    1.600028244856));
#3367 = LINE('',#3368,#3369);
#3368 = CARTESIAN_POINT('',(39.885775971552,10.634234188468,
    1.600028244856));
#3369 = VECTOR('',#3370,1.);
#3370 = DIRECTION('',(0.994846501092,0.101392501026,0.));
#3371 = ORIENTED_EDGE('',*,*,#3372,.F.);
#3372 = EDGE_CURVE('',#3373,#3365,#3375,.T.);
#3373 = VERTEX_POINT('',#3374);
#3374 = CARTESIAN_POINT('',(40.260604521209,10.672435864872,0.));
#3375 = LINE('',#3376,#3377);
#3376 = CARTESIAN_POINT('',(40.260604521209,10.672435864872,0.));
#3377 = VECTOR('',#3378,1.);
#3378 = DIRECTION('',(0.,0.,1.));
#3379 = ORIENTED_EDGE('',*,*,#3380,.F.);
#3380 = EDGE_CURVE('',#3341,#3373,#3381,.T.);
#3381 = LINE('',#3382,#3383);
#3382 = CARTESIAN_POINT('',(39.885775971552,10.634234188468,0.));
#3383 = VECTOR('',#3384,1.);
#3384 = DIRECTION('',(0.994846501092,0.101392501026,0.));
#3385 = PLANE('',#3386);
#3386 = AXIS2_PLACEMENT_3D('',#3387,#3388,#3389);
#3387 = CARTESIAN_POINT('',(39.885775971552,10.634234188468,0.));
#3388 = DIRECTION('',(-0.101392501026,0.994846501092,0.));
#3389 = DIRECTION('',(0.994846501092,0.101392501026,0.));
#3390 = ADVANCED_FACE('',(#3391),#3409,.F.);
#3391 = FACE_BOUND('',#3392,.T.);
#3392 = EDGE_LOOP('',(#3393,#3394,#3401,#3402));
#3393 = ORIENTED_EDGE('',*,*,#3372,.T.);
#3394 = ORIENTED_EDGE('',*,*,#3395,.T.);
#3395 = EDGE_CURVE('',#3365,#1117,#3396,.T.);
#3396 = CIRCLE('',#3397,0.127000254);
#3397 = AXIS2_PLACEMENT_3D('',#3398,#3399,#3400);
#3398 = CARTESIAN_POINT('',(40.247725932062,10.798781448323,
    1.600028244856));
#3399 = DIRECTION('',(0.,0.,1.));
#3400 = DIRECTION('',(0.101406010944,-0.994845124099,0.));
#3401 = ORIENTED_EDGE('',*,*,#1114,.F.);
#3402 = ORIENTED_EDGE('',*,*,#3403,.F.);
#3403 = EDGE_CURVE('',#3373,#1115,#3404,.T.);
#3404 = CIRCLE('',#3405,0.127000254);
#3405 = AXIS2_PLACEMENT_3D('',#3406,#3407,#3408);
#3406 = CARTESIAN_POINT('',(40.247725932062,10.798781448323,0.));
#3407 = DIRECTION('',(0.,0.,1.));
#3408 = DIRECTION('',(0.101406010944,-0.994845124099,0.));
#3409 = CYLINDRICAL_SURFACE('',#3410,0.127000254);
#3410 = AXIS2_PLACEMENT_3D('',#3411,#3412,#3413);
#3411 = CARTESIAN_POINT('',(40.247725932062,10.798781448323,0.));
#3412 = DIRECTION('',(-0.,-0.,-1.));
#3413 = DIRECTION('',(0.101406010944,-0.994845124099,0.));
#3414 = ADVANCED_FACE('',(#3415),#3451,.F.);
#3415 = FACE_BOUND('',#3416,.T.);
#3416 = EDGE_LOOP('',(#3417,#3427,#3436,#3444));
#3417 = ORIENTED_EDGE('',*,*,#3418,.T.);
#3418 = EDGE_CURVE('',#3419,#3421,#3423,.T.);
#3419 = VERTEX_POINT('',#3420);
#3420 = CARTESIAN_POINT('',(50.600012700025,13.2,0.));
#3421 = VERTEX_POINT('',#3422);
#3422 = CARTESIAN_POINT('',(50.600012700025,13.2,1.600028244856));
#3423 = LINE('',#3424,#3425);
#3424 = CARTESIAN_POINT('',(50.600012700025,13.2,0.));
#3425 = VECTOR('',#3426,1.);
#3426 = DIRECTION('',(0.,0.,1.));
#3427 = ORIENTED_EDGE('',*,*,#3428,.T.);
#3428 = EDGE_CURVE('',#3421,#3429,#3431,.T.);
#3429 = VERTEX_POINT('',#3430);
#3430 = CARTESIAN_POINT('',(58.700012700025,13.2,1.600028244856));
#3431 = CIRCLE('',#3432,4.050012700025);
#3432 = AXIS2_PLACEMENT_3D('',#3433,#3434,#3435);
#3433 = CARTESIAN_POINT('',(54.650012700025,13.189857496989,
    1.600028244856));
#3434 = DIRECTION('',(0.,0.,1.));
#3435 = DIRECTION('',(-0.999996864201,2.504313877943E-03,-0.));
#3436 = ORIENTED_EDGE('',*,*,#3437,.F.);
#3437 = EDGE_CURVE('',#3438,#3429,#3440,.T.);
#3438 = VERTEX_POINT('',#3439);
#3439 = CARTESIAN_POINT('',(58.700012700025,13.2,0.));
#3440 = LINE('',#3441,#3442);
#3441 = CARTESIAN_POINT('',(58.700012700025,13.2,0.));
#3442 = VECTOR('',#3443,1.);
#3443 = DIRECTION('',(0.,0.,1.));
#3444 = ORIENTED_EDGE('',*,*,#3445,.F.);
#3445 = EDGE_CURVE('',#3419,#3438,#3446,.T.);
#3446 = CIRCLE('',#3447,4.050012700025);
#3447 = AXIS2_PLACEMENT_3D('',#3448,#3449,#3450);
#3448 = CARTESIAN_POINT('',(54.650012700025,13.189857496989,0.));
#3449 = DIRECTION('',(0.,0.,1.));
#3450 = DIRECTION('',(-0.999996864201,2.504313877943E-03,-0.));
#3451 = CYLINDRICAL_SURFACE('',#3452,4.050012700025);
#3452 = AXIS2_PLACEMENT_3D('',#3453,#3454,#3455);
#3453 = CARTESIAN_POINT('',(54.650012700025,13.189857496989,0.));
#3454 = DIRECTION('',(-0.,-0.,-1.));
#3455 = DIRECTION('',(-0.999996864201,2.504313877943E-03,-0.));
#3456 = ADVANCED_FACE('',(#3457),#3475,.F.);
#3457 = FACE_BOUND('',#3458,.T.);
#3458 = EDGE_LOOP('',(#3459,#3460,#3467,#3468));
#3459 = ORIENTED_EDGE('',*,*,#3437,.T.);
#3460 = ORIENTED_EDGE('',*,*,#3461,.T.);
#3461 = EDGE_CURVE('',#3429,#3421,#3462,.T.);
#3462 = CIRCLE('',#3463,4.050012700025);
#3463 = AXIS2_PLACEMENT_3D('',#3464,#3465,#3466);
#3464 = CARTESIAN_POINT('',(54.650012700025,13.210142503011,
    1.600028244856));
#3465 = DIRECTION('',(0.,-0.,1.));
#3466 = DIRECTION('',(0.999996864201,-2.504313877942E-03,-0.));
#3467 = ORIENTED_EDGE('',*,*,#3418,.F.);
#3468 = ORIENTED_EDGE('',*,*,#3469,.F.);
#3469 = EDGE_CURVE('',#3438,#3419,#3470,.T.);
#3470 = CIRCLE('',#3471,4.050012700025);
#3471 = AXIS2_PLACEMENT_3D('',#3472,#3473,#3474);
#3472 = CARTESIAN_POINT('',(54.650012700025,13.210142503011,0.));
#3473 = DIRECTION('',(0.,-0.,1.));
#3474 = DIRECTION('',(0.999996864201,-2.504313877942E-03,-0.));
#3475 = CYLINDRICAL_SURFACE('',#3476,4.050012700025);
#3476 = AXIS2_PLACEMENT_3D('',#3477,#3478,#3479);
#3477 = CARTESIAN_POINT('',(54.650012700025,13.210142503011,0.));
#3478 = DIRECTION('',(-0.,0.,-1.));
#3479 = DIRECTION('',(0.999996864201,-2.504313877942E-03,-0.));
#3480 = ADVANCED_FACE('',(#3481),#3517,.F.);
#3481 = FACE_BOUND('',#3482,.T.);
#3482 = EDGE_LOOP('',(#3483,#3493,#3502,#3510));
#3483 = ORIENTED_EDGE('',*,*,#3484,.T.);
#3484 = EDGE_CURVE('',#3485,#3487,#3489,.T.);
#3485 = VERTEX_POINT('',#3486);
#3486 = CARTESIAN_POINT('',(69.81300508001,30.28001016002,0.));
#3487 = VERTEX_POINT('',#3488);
#3488 = CARTESIAN_POINT('',(69.81300508001,30.28001016002,1.600028244856
    ));
#3489 = LINE('',#3490,#3491);
#3490 = CARTESIAN_POINT('',(69.81300508001,30.28001016002,0.));
#3491 = VECTOR('',#3492,1.);
#3492 = DIRECTION('',(0.,0.,1.));
#3493 = ORIENTED_EDGE('',*,*,#3494,.T.);
#3494 = EDGE_CURVE('',#3487,#3495,#3497,.T.);
#3495 = VERTEX_POINT('',#3496);
#3496 = CARTESIAN_POINT('',(77.06700508001,30.28001016002,1.600028244856
    ));
#3497 = CIRCLE('',#3498,3.627);
#3498 = AXIS2_PLACEMENT_3D('',#3499,#3500,#3501);
#3499 = CARTESIAN_POINT('',(73.44000508001,30.28001016002,1.600028244856
    ));
#3500 = DIRECTION('',(0.,0.,1.));
#3501 = DIRECTION('',(-1.,-1.110223024625E-16,0.));
#3502 = ORIENTED_EDGE('',*,*,#3503,.F.);
#3503 = EDGE_CURVE('',#3504,#3495,#3506,.T.);
#3504 = VERTEX_POINT('',#3505);
#3505 = CARTESIAN_POINT('',(77.06700508001,30.28001016002,0.));
#3506 = LINE('',#3507,#3508);
#3507 = CARTESIAN_POINT('',(77.06700508001,30.28001016002,0.));
#3508 = VECTOR('',#3509,1.);
#3509 = DIRECTION('',(0.,0.,1.));
#3510 = ORIENTED_EDGE('',*,*,#3511,.F.);
#3511 = EDGE_CURVE('',#3485,#3504,#3512,.T.);
#3512 = CIRCLE('',#3513,3.627);
#3513 = AXIS2_PLACEMENT_3D('',#3514,#3515,#3516);
#3514 = CARTESIAN_POINT('',(73.44000508001,30.28001016002,0.));
#3515 = DIRECTION('',(0.,0.,1.));
#3516 = DIRECTION('',(-1.,-1.110223024625E-16,0.));
#3517 = CYLINDRICAL_SURFACE('',#3518,3.627);
#3518 = AXIS2_PLACEMENT_3D('',#3519,#3520,#3521);
#3519 = CARTESIAN_POINT('',(73.44000508001,30.28001016002,0.));
#3520 = DIRECTION('',(-0.,-0.,-1.));
#3521 = DIRECTION('',(-1.,-1.110223024625E-16,0.));
#3522 = ADVANCED_FACE('',(#3523),#3541,.F.);
#3523 = FACE_BOUND('',#3524,.T.);
#3524 = EDGE_LOOP('',(#3525,#3526,#3533,#3534));
#3525 = ORIENTED_EDGE('',*,*,#3503,.T.);
#3526 = ORIENTED_EDGE('',*,*,#3527,.T.);
#3527 = EDGE_CURVE('',#3495,#3487,#3528,.T.);
#3528 = CIRCLE('',#3529,3.627);
#3529 = AXIS2_PLACEMENT_3D('',#3530,#3531,#3532);
#3530 = CARTESIAN_POINT('',(73.44000508001,30.28001016002,1.600028244856
    ));
#3531 = DIRECTION('',(0.,0.,1.));
#3532 = DIRECTION('',(1.,1.110223024625E-16,-0.));
#3533 = ORIENTED_EDGE('',*,*,#3484,.F.);
#3534 = ORIENTED_EDGE('',*,*,#3535,.F.);
#3535 = EDGE_CURVE('',#3504,#3485,#3536,.T.);
#3536 = CIRCLE('',#3537,3.627);
#3537 = AXIS2_PLACEMENT_3D('',#3538,#3539,#3540);
#3538 = CARTESIAN_POINT('',(73.44000508001,30.28001016002,0.));
#3539 = DIRECTION('',(0.,0.,1.));
#3540 = DIRECTION('',(1.,1.110223024625E-16,-0.));
#3541 = CYLINDRICAL_SURFACE('',#3542,3.627);
#3542 = AXIS2_PLACEMENT_3D('',#3543,#3544,#3545);
#3543 = CARTESIAN_POINT('',(73.44000508001,30.28001016002,0.));
#3544 = DIRECTION('',(-0.,-0.,-1.));
#3545 = DIRECTION('',(1.,1.110223024625E-16,-0.));
#3546 = ADVANCED_FACE('',(#3547),#3583,.F.);
#3547 = FACE_BOUND('',#3548,.T.);
#3548 = EDGE_LOOP('',(#3549,#3559,#3568,#3576));
#3549 = ORIENTED_EDGE('',*,*,#3550,.T.);
#3550 = EDGE_CURVE('',#3551,#3553,#3555,.T.);
#3551 = VERTEX_POINT('',#3552);
#3552 = CARTESIAN_POINT('',(77.019608839218,45.659918719837,0.));
#3553 = VERTEX_POINT('',#3554);
#3554 = CARTESIAN_POINT('',(77.019608839218,45.659918719837,
    1.600028244856));
#3555 = LINE('',#3556,#3557);
#3556 = CARTESIAN_POINT('',(77.019608839218,45.659918719837,0.));
#3557 = VECTOR('',#3558,1.);
#3558 = DIRECTION('',(0.,0.,1.));
#3559 = ORIENTED_EDGE('',*,*,#3560,.T.);
#3560 = EDGE_CURVE('',#3553,#3561,#3563,.T.);
#3561 = VERTEX_POINT('',#3562);
#3562 = CARTESIAN_POINT('',(69.819608839218,45.659918719837,
    1.600028244856));
#3563 = CIRCLE('',#3564,3.6);
#3564 = AXIS2_PLACEMENT_3D('',#3565,#3566,#3567);
#3565 = CARTESIAN_POINT('',(73.419608839218,45.659918719837,
    1.600028244856));
#3566 = DIRECTION('',(0.,0.,1.));
#3567 = DIRECTION('',(1.,1.110223024625E-16,-0.));
#3568 = ORIENTED_EDGE('',*,*,#3569,.F.);
#3569 = EDGE_CURVE('',#3570,#3561,#3572,.T.);
#3570 = VERTEX_POINT('',#3571);
#3571 = CARTESIAN_POINT('',(69.819608839218,45.659918719837,0.));
#3572 = LINE('',#3573,#3574);
#3573 = CARTESIAN_POINT('',(69.819608839218,45.659918719837,0.));
#3574 = VECTOR('',#3575,1.);
#3575 = DIRECTION('',(0.,0.,1.));
#3576 = ORIENTED_EDGE('',*,*,#3577,.F.);
#3577 = EDGE_CURVE('',#3551,#3570,#3578,.T.);
#3578 = CIRCLE('',#3579,3.6);
#3579 = AXIS2_PLACEMENT_3D('',#3580,#3581,#3582);
#3580 = CARTESIAN_POINT('',(73.419608839218,45.659918719837,0.));
#3581 = DIRECTION('',(0.,0.,1.));
#3582 = DIRECTION('',(1.,1.110223024625E-16,-0.));
#3583 = CYLINDRICAL_SURFACE('',#3584,3.6);
#3584 = AXIS2_PLACEMENT_3D('',#3585,#3586,#3587);
#3585 = CARTESIAN_POINT('',(73.419608839218,45.659918719837,0.));
#3586 = DIRECTION('',(-0.,-0.,-1.));
#3587 = DIRECTION('',(1.,1.110223024625E-16,-0.));
#3588 = ADVANCED_FACE('',(#3589),#3607,.F.);
#3589 = FACE_BOUND('',#3590,.T.);
#3590 = EDGE_LOOP('',(#3591,#3592,#3599,#3600));
#3591 = ORIENTED_EDGE('',*,*,#3569,.T.);
#3592 = ORIENTED_EDGE('',*,*,#3593,.T.);
#3593 = EDGE_CURVE('',#3561,#3553,#3594,.T.);
#3594 = CIRCLE('',#3595,3.6);
#3595 = AXIS2_PLACEMENT_3D('',#3596,#3597,#3598);
#3596 = CARTESIAN_POINT('',(73.419608839218,45.659918719837,
    1.600028244856));
#3597 = DIRECTION('',(0.,0.,1.));
#3598 = DIRECTION('',(-1.,-1.110223024625E-16,0.));
#3599 = ORIENTED_EDGE('',*,*,#3550,.F.);
#3600 = ORIENTED_EDGE('',*,*,#3601,.F.);
#3601 = EDGE_CURVE('',#3570,#3551,#3602,.T.);
#3602 = CIRCLE('',#3603,3.6);
#3603 = AXIS2_PLACEMENT_3D('',#3604,#3605,#3606);
#3604 = CARTESIAN_POINT('',(73.419608839218,45.659918719837,0.));
#3605 = DIRECTION('',(0.,0.,1.));
#3606 = DIRECTION('',(-1.,-1.110223024625E-16,0.));
#3607 = CYLINDRICAL_SURFACE('',#3608,3.6);
#3608 = AXIS2_PLACEMENT_3D('',#3609,#3610,#3611);
#3609 = CARTESIAN_POINT('',(73.419608839218,45.659918719837,0.));
#3610 = DIRECTION('',(-0.,-0.,-1.));
#3611 = DIRECTION('',(-1.,-1.110223024625E-16,0.));
#3612 = ADVANCED_FACE('',(#3613),#3649,.F.);
#3613 = FACE_BOUND('',#3614,.T.);
#3614 = EDGE_LOOP('',(#3615,#3625,#3634,#3642));
#3615 = ORIENTED_EDGE('',*,*,#3616,.T.);
#3616 = EDGE_CURVE('',#3617,#3619,#3621,.T.);
#3617 = VERTEX_POINT('',#3618);
#3618 = CARTESIAN_POINT('',(69.823012446025,61.029997459995,0.));
#3619 = VERTEX_POINT('',#3620);
#3620 = CARTESIAN_POINT('',(69.823012446025,61.029997459995,
    1.600028244856));
#3621 = LINE('',#3622,#3623);
#3622 = CARTESIAN_POINT('',(69.823012446025,61.029997459995,0.));
#3623 = VECTOR('',#3624,1.);
#3624 = DIRECTION('',(0.,0.,1.));
#3625 = ORIENTED_EDGE('',*,*,#3626,.T.);
#3626 = EDGE_CURVE('',#3619,#3627,#3629,.T.);
#3627 = VERTEX_POINT('',#3628);
#3628 = CARTESIAN_POINT('',(77.077012954026,61.029997459995,
    1.600028244856));
#3629 = CIRCLE('',#3630,3.627000254001);
#3630 = AXIS2_PLACEMENT_3D('',#3631,#3632,#3633);
#3631 = CARTESIAN_POINT('',(73.450012700025,61.029997459995,
    1.600028244856));
#3632 = DIRECTION('',(0.,0.,1.));
#3633 = DIRECTION('',(-1.,-1.110223024625E-16,0.));
#3634 = ORIENTED_EDGE('',*,*,#3635,.F.);
#3635 = EDGE_CURVE('',#3636,#3627,#3638,.T.);
#3636 = VERTEX_POINT('',#3637);
#3637 = CARTESIAN_POINT('',(77.077012954026,61.029997459995,0.));
#3638 = LINE('',#3639,#3640);
#3639 = CARTESIAN_POINT('',(77.077012954026,61.029997459995,0.));
#3640 = VECTOR('',#3641,1.);
#3641 = DIRECTION('',(0.,0.,1.));
#3642 = ORIENTED_EDGE('',*,*,#3643,.F.);
#3643 = EDGE_CURVE('',#3617,#3636,#3644,.T.);
#3644 = CIRCLE('',#3645,3.627000254001);
#3645 = AXIS2_PLACEMENT_3D('',#3646,#3647,#3648);
#3646 = CARTESIAN_POINT('',(73.450012700025,61.029997459995,0.));
#3647 = DIRECTION('',(0.,0.,1.));
#3648 = DIRECTION('',(-1.,-1.110223024625E-16,0.));
#3649 = CYLINDRICAL_SURFACE('',#3650,3.627000254001);
#3650 = AXIS2_PLACEMENT_3D('',#3651,#3652,#3653);
#3651 = CARTESIAN_POINT('',(73.450012700025,61.029997459995,0.));
#3652 = DIRECTION('',(-0.,-0.,-1.));
#3653 = DIRECTION('',(-1.,-1.110223024625E-16,0.));
#3654 = ADVANCED_FACE('',(#3655),#3673,.F.);
#3655 = FACE_BOUND('',#3656,.T.);
#3656 = EDGE_LOOP('',(#3657,#3658,#3665,#3666));
#3657 = ORIENTED_EDGE('',*,*,#3635,.T.);
#3658 = ORIENTED_EDGE('',*,*,#3659,.T.);
#3659 = EDGE_CURVE('',#3627,#3619,#3660,.T.);
#3660 = CIRCLE('',#3661,3.627000254001);
#3661 = AXIS2_PLACEMENT_3D('',#3662,#3663,#3664);
#3662 = CARTESIAN_POINT('',(73.450012700025,61.029997459995,
    1.600028244856));
#3663 = DIRECTION('',(0.,0.,1.));
#3664 = DIRECTION('',(1.,1.110223024625E-16,-0.));
#3665 = ORIENTED_EDGE('',*,*,#3616,.F.);
#3666 = ORIENTED_EDGE('',*,*,#3667,.F.);
#3667 = EDGE_CURVE('',#3636,#3617,#3668,.T.);
#3668 = CIRCLE('',#3669,3.627000254001);
#3669 = AXIS2_PLACEMENT_3D('',#3670,#3671,#3672);
#3670 = CARTESIAN_POINT('',(73.450012700025,61.029997459995,0.));
#3671 = DIRECTION('',(0.,0.,1.));
#3672 = DIRECTION('',(1.,1.110223024625E-16,-0.));
#3673 = CYLINDRICAL_SURFACE('',#3674,3.627000254001);
#3674 = AXIS2_PLACEMENT_3D('',#3675,#3676,#3677);
#3675 = CARTESIAN_POINT('',(73.450012700025,61.029997459995,0.));
#3676 = DIRECTION('',(-0.,-0.,-1.));
#3677 = DIRECTION('',(1.,1.110223024625E-16,-0.));
#3678 = ADVANCED_FACE('',(#3679),#3713,.T.);
#3679 = FACE_BOUND('',#3680,.T.);
#3680 = EDGE_LOOP('',(#3681,#3691,#3699,#3707));
#3681 = ORIENTED_EDGE('',*,*,#3682,.T.);
#3682 = EDGE_CURVE('',#3683,#3685,#3687,.T.);
#3683 = VERTEX_POINT('',#3684);
#3684 = CARTESIAN_POINT('',(76.84000508001,11.,0.));
#3685 = VERTEX_POINT('',#3686);
#3686 = CARTESIAN_POINT('',(76.84000508001,11.,1.600028244856));
#3687 = LINE('',#3688,#3689);
#3688 = CARTESIAN_POINT('',(76.84000508001,11.,0.));
#3689 = VECTOR('',#3690,1.);
#3690 = DIRECTION('',(0.,0.,1.));
#3691 = ORIENTED_EDGE('',*,*,#3692,.T.);
#3692 = EDGE_CURVE('',#3685,#3693,#3695,.T.);
#3693 = VERTEX_POINT('',#3694);
#3694 = CARTESIAN_POINT('',(76.84000508001,15.2,1.600028244856));
#3695 = LINE('',#3696,#3697);
#3696 = CARTESIAN_POINT('',(76.84000508001,11.,1.600028244856));
#3697 = VECTOR('',#3698,1.);
#3698 = DIRECTION('',(0.,1.,0.));
#3699 = ORIENTED_EDGE('',*,*,#3700,.F.);
#3700 = EDGE_CURVE('',#3701,#3693,#3703,.T.);
#3701 = VERTEX_POINT('',#3702);
#3702 = CARTESIAN_POINT('',(76.84000508001,15.2,0.));
#3703 = LINE('',#3704,#3705);
#3704 = CARTESIAN_POINT('',(76.84000508001,15.2,0.));
#3705 = VECTOR('',#3706,1.);
#3706 = DIRECTION('',(0.,0.,1.));
#3707 = ORIENTED_EDGE('',*,*,#3708,.F.);
#3708 = EDGE_CURVE('',#3683,#3701,#3709,.T.);
#3709 = LINE('',#3710,#3711);
#3710 = CARTESIAN_POINT('',(76.84000508001,11.,0.));
#3711 = VECTOR('',#3712,1.);
#3712 = DIRECTION('',(0.,1.,0.));
#3713 = PLANE('',#3714);
#3714 = AXIS2_PLACEMENT_3D('',#3715,#3716,#3717);
#3715 = CARTESIAN_POINT('',(76.84000508001,11.,0.));
#3716 = DIRECTION('',(-1.,0.,0.));
#3717 = DIRECTION('',(0.,1.,0.));
#3718 = ADVANCED_FACE('',(#3719),#3744,.T.);
#3719 = FACE_BOUND('',#3720,.T.);
#3720 = EDGE_LOOP('',(#3721,#3722,#3730,#3738));
#3721 = ORIENTED_EDGE('',*,*,#3700,.T.);
#3722 = ORIENTED_EDGE('',*,*,#3723,.T.);
#3723 = EDGE_CURVE('',#3693,#3724,#3726,.T.);
#3724 = VERTEX_POINT('',#3725);
#3725 = CARTESIAN_POINT('',(70.04000508001,15.2,1.600028244856));
#3726 = LINE('',#3727,#3728);
#3727 = CARTESIAN_POINT('',(76.84000508001,15.2,1.600028244856));
#3728 = VECTOR('',#3729,1.);
#3729 = DIRECTION('',(-1.,0.,0.));
#3730 = ORIENTED_EDGE('',*,*,#3731,.F.);
#3731 = EDGE_CURVE('',#3732,#3724,#3734,.T.);
#3732 = VERTEX_POINT('',#3733);
#3733 = CARTESIAN_POINT('',(70.04000508001,15.2,0.));
#3734 = LINE('',#3735,#3736);
#3735 = CARTESIAN_POINT('',(70.04000508001,15.2,0.));
#3736 = VECTOR('',#3737,1.);
#3737 = DIRECTION('',(0.,0.,1.));
#3738 = ORIENTED_EDGE('',*,*,#3739,.F.);
#3739 = EDGE_CURVE('',#3701,#3732,#3740,.T.);
#3740 = LINE('',#3741,#3742);
#3741 = CARTESIAN_POINT('',(76.84000508001,15.2,0.));
#3742 = VECTOR('',#3743,1.);
#3743 = DIRECTION('',(-1.,0.,0.));
#3744 = PLANE('',#3745);
#3745 = AXIS2_PLACEMENT_3D('',#3746,#3747,#3748);
#3746 = CARTESIAN_POINT('',(76.84000508001,15.2,0.));
#3747 = DIRECTION('',(0.,-1.,0.));
#3748 = DIRECTION('',(-1.,0.,0.));
#3749 = ADVANCED_FACE('',(#3750),#3775,.T.);
#3750 = FACE_BOUND('',#3751,.T.);
#3751 = EDGE_LOOP('',(#3752,#3753,#3761,#3769));
#3752 = ORIENTED_EDGE('',*,*,#3731,.T.);
#3753 = ORIENTED_EDGE('',*,*,#3754,.T.);
#3754 = EDGE_CURVE('',#3724,#3755,#3757,.T.);
#3755 = VERTEX_POINT('',#3756);
#3756 = CARTESIAN_POINT('',(70.04000508001,11.,1.600028244856));
#3757 = LINE('',#3758,#3759);
#3758 = CARTESIAN_POINT('',(70.04000508001,15.2,1.600028244856));
#3759 = VECTOR('',#3760,1.);
#3760 = DIRECTION('',(0.,-1.,0.));
#3761 = ORIENTED_EDGE('',*,*,#3762,.F.);
#3762 = EDGE_CURVE('',#3763,#3755,#3765,.T.);
#3763 = VERTEX_POINT('',#3764);
#3764 = CARTESIAN_POINT('',(70.04000508001,11.,0.));
#3765 = LINE('',#3766,#3767);
#3766 = CARTESIAN_POINT('',(70.04000508001,11.,0.));
#3767 = VECTOR('',#3768,1.);
#3768 = DIRECTION('',(0.,0.,1.));
#3769 = ORIENTED_EDGE('',*,*,#3770,.F.);
#3770 = EDGE_CURVE('',#3732,#3763,#3771,.T.);
#3771 = LINE('',#3772,#3773);
#3772 = CARTESIAN_POINT('',(70.04000508001,15.2,0.));
#3773 = VECTOR('',#3774,1.);
#3774 = DIRECTION('',(0.,-1.,0.));
#3775 = PLANE('',#3776);
#3776 = AXIS2_PLACEMENT_3D('',#3777,#3778,#3779);
#3777 = CARTESIAN_POINT('',(70.04000508001,15.2,0.));
#3778 = DIRECTION('',(1.,0.,-0.));
#3779 = DIRECTION('',(0.,-1.,0.));
#3780 = ADVANCED_FACE('',(#3781),#3797,.T.);
#3781 = FACE_BOUND('',#3782,.T.);
#3782 = EDGE_LOOP('',(#3783,#3784,#3790,#3791));
#3783 = ORIENTED_EDGE('',*,*,#3762,.T.);
#3784 = ORIENTED_EDGE('',*,*,#3785,.T.);
#3785 = EDGE_CURVE('',#3755,#3685,#3786,.T.);
#3786 = LINE('',#3787,#3788);
#3787 = CARTESIAN_POINT('',(70.04000508001,11.,1.600028244856));
#3788 = VECTOR('',#3789,1.);
#3789 = DIRECTION('',(1.,0.,0.));
#3790 = ORIENTED_EDGE('',*,*,#3682,.F.);
#3791 = ORIENTED_EDGE('',*,*,#3792,.F.);
#3792 = EDGE_CURVE('',#3763,#3683,#3793,.T.);
#3793 = LINE('',#3794,#3795);
#3794 = CARTESIAN_POINT('',(70.04000508001,11.,0.));
#3795 = VECTOR('',#3796,1.);
#3796 = DIRECTION('',(1.,0.,0.));
#3797 = PLANE('',#3798);
#3798 = AXIS2_PLACEMENT_3D('',#3799,#3800,#3801);
#3799 = CARTESIAN_POINT('',(70.04000508001,11.,0.));
#3800 = DIRECTION('',(0.,1.,0.));
#3801 = DIRECTION('',(1.,0.,0.));
#3802 = ADVANCED_FACE('',(#3803),#3839,.F.);
#3803 = FACE_BOUND('',#3804,.T.);
#3804 = EDGE_LOOP('',(#3805,#3815,#3824,#3832));
#3805 = ORIENTED_EDGE('',*,*,#3806,.T.);
#3806 = EDGE_CURVE('',#3807,#3809,#3811,.T.);
#3807 = VERTEX_POINT('',#3808);
#3808 = CARTESIAN_POINT('',(86.024511436441,5.901669936552,0.));
#3809 = VERTEX_POINT('',#3810);
#3810 = CARTESIAN_POINT('',(86.024511436441,5.901669936552,
    1.600028244856));
#3811 = LINE('',#3812,#3813);
#3812 = CARTESIAN_POINT('',(86.024511436441,5.901669936552,0.));
#3813 = VECTOR('',#3814,1.);
#3814 = DIRECTION('',(0.,0.,1.));
#3815 = ORIENTED_EDGE('',*,*,#3816,.T.);
#3816 = EDGE_CURVE('',#3809,#3817,#3819,.T.);
#3817 = VERTEX_POINT('',#3818);
#3818 = CARTESIAN_POINT('',(83.822871607961,5.048854506356,
    1.600028244856));
#3819 = CIRCLE('',#3820,1.650012700025);
#3820 = AXIS2_PLACEMENT_3D('',#3821,#3822,#3823);
#3821 = CARTESIAN_POINT('',(85.340081280163,4.40030480061,1.600028244856
    ));
#3822 = DIRECTION('',(0.,0.,1.));
#3823 = DIRECTION('',(0.414802962588,0.909911260634,-0.));
#3824 = ORIENTED_EDGE('',*,*,#3825,.F.);
#3825 = EDGE_CURVE('',#3826,#3817,#3828,.T.);
#3826 = VERTEX_POINT('',#3827);
#3827 = CARTESIAN_POINT('',(83.822871607961,5.048854506356,0.));
#3828 = LINE('',#3829,#3830);
#3829 = CARTESIAN_POINT('',(83.822871607961,5.048854506356,0.));
#3830 = VECTOR('',#3831,1.);
#3831 = DIRECTION('',(0.,0.,1.));
#3832 = ORIENTED_EDGE('',*,*,#3833,.F.);
#3833 = EDGE_CURVE('',#3807,#3826,#3834,.T.);
#3834 = CIRCLE('',#3835,1.650012700025);
#3835 = AXIS2_PLACEMENT_3D('',#3836,#3837,#3838);
#3836 = CARTESIAN_POINT('',(85.340081280163,4.40030480061,0.));
#3837 = DIRECTION('',(0.,0.,1.));
#3838 = DIRECTION('',(0.414802962588,0.909911260634,-0.));
#3839 = CYLINDRICAL_SURFACE('',#3840,1.650012700025);
#3840 = AXIS2_PLACEMENT_3D('',#3841,#3842,#3843);
#3841 = CARTESIAN_POINT('',(85.340081280163,4.40030480061,0.));
#3842 = DIRECTION('',(-0.,-0.,-1.));
#3843 = DIRECTION('',(0.414802962588,0.909911260634,-0.));
#3844 = ADVANCED_FACE('',(#3845),#3872,.F.);
#3845 = FACE_BOUND('',#3846,.T.);
#3846 = EDGE_LOOP('',(#3847,#3848,#3857,#3865));
#3847 = ORIENTED_EDGE('',*,*,#3825,.T.);
#3848 = ORIENTED_EDGE('',*,*,#3849,.T.);
#3849 = EDGE_CURVE('',#3817,#3850,#3852,.T.);
#3850 = VERTEX_POINT('',#3851);
#3851 = CARTESIAN_POINT('',(84.623113658809,2.827565521919,
    1.600028244856));
#3852 = CIRCLE('',#3853,1.650012700025);
#3853 = AXIS2_PLACEMENT_3D('',#3854,#3855,#3856);
#3854 = CARTESIAN_POINT('',(85.307543815088,4.328930657861,
    1.600028244856));
#3855 = DIRECTION('',(0.,0.,1.));
#3856 = DIRECTION('',(-0.899794411948,0.436314125633,0.));
#3857 = ORIENTED_EDGE('',*,*,#3858,.F.);
#3858 = EDGE_CURVE('',#3859,#3850,#3861,.T.);
#3859 = VERTEX_POINT('',#3860);
#3860 = CARTESIAN_POINT('',(84.623113658809,2.827565521919,0.));
#3861 = LINE('',#3862,#3863);
#3862 = CARTESIAN_POINT('',(84.623113658809,2.827565521919,0.));
#3863 = VECTOR('',#3864,1.);
#3864 = DIRECTION('',(0.,0.,1.));
#3865 = ORIENTED_EDGE('',*,*,#3866,.F.);
#3866 = EDGE_CURVE('',#3826,#3859,#3867,.T.);
#3867 = CIRCLE('',#3868,1.650012700025);
#3868 = AXIS2_PLACEMENT_3D('',#3869,#3870,#3871);
#3869 = CARTESIAN_POINT('',(85.307543815088,4.328930657861,0.));
#3870 = DIRECTION('',(0.,0.,1.));
#3871 = DIRECTION('',(-0.899794411948,0.436314125633,0.));
#3872 = CYLINDRICAL_SURFACE('',#3873,1.650012700025);
#3873 = AXIS2_PLACEMENT_3D('',#3874,#3875,#3876);
#3874 = CARTESIAN_POINT('',(85.307543815088,4.328930657861,0.));
#3875 = DIRECTION('',(-0.,-0.,-1.));
#3876 = DIRECTION('',(-0.899794411948,0.436314125633,0.));
#3877 = ADVANCED_FACE('',(#3878),#3905,.F.);
#3878 = FACE_BOUND('',#3879,.T.);
#3879 = EDGE_LOOP('',(#3880,#3881,#3890,#3898));
#3880 = ORIENTED_EDGE('',*,*,#3858,.T.);
#3881 = ORIENTED_EDGE('',*,*,#3882,.T.);
#3882 = EDGE_CURVE('',#3850,#3883,#3885,.T.);
#3883 = VERTEX_POINT('',#3884);
#3884 = CARTESIAN_POINT('',(86.824753487289,3.680380952115,
    1.600028244856));
#3885 = CIRCLE('',#3886,1.650012700025);
#3886 = AXIS2_PLACEMENT_3D('',#3887,#3888,#3889);
#3887 = CARTESIAN_POINT('',(85.307543815088,4.328930657861,
    1.600028244856));
#3888 = DIRECTION('',(0.,0.,1.));
#3889 = DIRECTION('',(-0.414802962588,-0.909911260634,0.));
#3890 = ORIENTED_EDGE('',*,*,#3891,.F.);
#3891 = EDGE_CURVE('',#3892,#3883,#3894,.T.);
#3892 = VERTEX_POINT('',#3893);
#3893 = CARTESIAN_POINT('',(86.824753487289,3.680380952115,0.));
#3894 = LINE('',#3895,#3896);
#3895 = CARTESIAN_POINT('',(86.824753487289,3.680380952115,0.));
#3896 = VECTOR('',#3897,1.);
#3897 = DIRECTION('',(0.,0.,1.));
#3898 = ORIENTED_EDGE('',*,*,#3899,.F.);
#3899 = EDGE_CURVE('',#3859,#3892,#3900,.T.);
#3900 = CIRCLE('',#3901,1.650012700025);
#3901 = AXIS2_PLACEMENT_3D('',#3902,#3903,#3904);
#3902 = CARTESIAN_POINT('',(85.307543815088,4.328930657861,0.));
#3903 = DIRECTION('',(0.,0.,1.));
#3904 = DIRECTION('',(-0.414802962588,-0.909911260634,0.));
#3905 = CYLINDRICAL_SURFACE('',#3906,1.650012700025);
#3906 = AXIS2_PLACEMENT_3D('',#3907,#3908,#3909);
#3907 = CARTESIAN_POINT('',(85.307543815088,4.328930657861,0.));
#3908 = DIRECTION('',(-0.,-0.,-1.));
#3909 = DIRECTION('',(-0.414802962588,-0.909911260634,0.));
#3910 = ADVANCED_FACE('',(#3911),#3929,.F.);
#3911 = FACE_BOUND('',#3912,.T.);
#3912 = EDGE_LOOP('',(#3913,#3914,#3921,#3922));
#3913 = ORIENTED_EDGE('',*,*,#3891,.T.);
#3914 = ORIENTED_EDGE('',*,*,#3915,.T.);
#3915 = EDGE_CURVE('',#3883,#3809,#3916,.T.);
#3916 = CIRCLE('',#3917,1.650012700025);
#3917 = AXIS2_PLACEMENT_3D('',#3918,#3919,#3920);
#3918 = CARTESIAN_POINT('',(85.340081280163,4.40030480061,1.600028244856
    ));
#3919 = DIRECTION('',(0.,-0.,1.));
#3920 = DIRECTION('',(0.899794411948,-0.436314125633,-0.));
#3921 = ORIENTED_EDGE('',*,*,#3806,.F.);
#3922 = ORIENTED_EDGE('',*,*,#3923,.F.);
#3923 = EDGE_CURVE('',#3892,#3807,#3924,.T.);
#3924 = CIRCLE('',#3925,1.650012700025);
#3925 = AXIS2_PLACEMENT_3D('',#3926,#3927,#3928);
#3926 = CARTESIAN_POINT('',(85.340081280163,4.40030480061,0.));
#3927 = DIRECTION('',(0.,-0.,1.));
#3928 = DIRECTION('',(0.899794411948,-0.436314125633,-0.));
#3929 = CYLINDRICAL_SURFACE('',#3930,1.650012700025);
#3930 = AXIS2_PLACEMENT_3D('',#3931,#3932,#3933);
#3931 = CARTESIAN_POINT('',(85.340081280163,4.40030480061,0.));
#3932 = DIRECTION('',(-0.,0.,-1.));
#3933 = DIRECTION('',(0.899794411948,-0.436314125633,-0.));
#3934 = ADVANCED_FACE('',(#3935),#3971,.F.);
#3935 = FACE_BOUND('',#3936,.T.);
#3936 = EDGE_LOOP('',(#3937,#3947,#3956,#3964));
#3937 = ORIENTED_EDGE('',*,*,#3938,.T.);
#3938 = EDGE_CURVE('',#3939,#3941,#3943,.T.);
#3939 = VERTEX_POINT('',#3940);
#3940 = CARTESIAN_POINT('',(86.988629888706,69.669798652961,0.));
#3941 = VERTEX_POINT('',#3942);
#3942 = CARTESIAN_POINT('',(86.988629888706,69.669798652961,
    1.600028244856));
#3943 = LINE('',#3944,#3945);
#3944 = CARTESIAN_POINT('',(86.988629888706,69.669798652961,0.));
#3945 = VECTOR('',#3946,1.);
#3946 = DIRECTION('',(0.,0.,1.));
#3947 = ORIENTED_EDGE('',*,*,#3948,.T.);
#3948 = EDGE_CURVE('',#3941,#3949,#3951,.T.);
#3949 = VERTEX_POINT('',#3950);
#3950 = CARTESIAN_POINT('',(85.254322079278,71.248087331682,
    1.600028244856));
#3951 = CIRCLE('',#3952,1.650012700025);
#3952 = AXIS2_PLACEMENT_3D('',#3953,#3954,#3955);
#3953 = CARTESIAN_POINT('',(85.340081280163,69.60030480061,
    1.600028244856));
#3954 = DIRECTION('',(0.,0.,1.));
#3955 = DIRECTION('',(0.999112678659,4.211716209845E-02,-0.));
#3956 = ORIENTED_EDGE('',*,*,#3957,.F.);
#3957 = EDGE_CURVE('',#3958,#3949,#3960,.T.);
#3958 = VERTEX_POINT('',#3959);
#3959 = CARTESIAN_POINT('',(85.254322079278,71.248087331682,0.));
#3960 = LINE('',#3961,#3962);
#3961 = CARTESIAN_POINT('',(85.254322079278,71.248087331682,0.));
#3962 = VECTOR('',#3963,1.);
#3963 = DIRECTION('',(0.,0.,1.));
#3964 = ORIENTED_EDGE('',*,*,#3965,.F.);
#3965 = EDGE_CURVE('',#3939,#3958,#3966,.T.);
#3966 = CIRCLE('',#3967,1.650012700025);
#3967 = AXIS2_PLACEMENT_3D('',#3968,#3969,#3970);
#3968 = CARTESIAN_POINT('',(85.340081280163,69.60030480061,0.));
#3969 = DIRECTION('',(0.,0.,1.));
#3970 = DIRECTION('',(0.999112678659,4.211716209845E-02,-0.));
#3971 = CYLINDRICAL_SURFACE('',#3972,1.650012700025);
#3972 = AXIS2_PLACEMENT_3D('',#3973,#3974,#3975);
#3973 = CARTESIAN_POINT('',(85.340081280163,69.60030480061,0.));
#3974 = DIRECTION('',(-0.,-0.,-1.));
#3975 = DIRECTION('',(0.999112678659,4.211716209845E-02,-0.));
#3976 = ADVANCED_FACE('',(#3977),#4004,.F.);
#3977 = FACE_BOUND('',#3978,.T.);
#3978 = EDGE_LOOP('',(#3979,#3980,#3989,#3997));
#3979 = ORIENTED_EDGE('',*,*,#3957,.T.);
#3980 = ORIENTED_EDGE('',*,*,#3981,.T.);
#3981 = EDGE_CURVE('',#3949,#3982,#3984,.T.);
#3982 = VERTEX_POINT('',#3983);
#3983 = CARTESIAN_POINT('',(83.658995206544,69.529439345515,
    1.600028244856));
#3984 = CIRCLE('',#3985,1.650012700025);
#3985 = AXIS2_PLACEMENT_3D('',#3986,#3987,#3988);
#3986 = CARTESIAN_POINT('',(85.307543815088,69.598933197866,
    1.600028244856));
#3987 = DIRECTION('',(0.,0.,1.));
#3988 = DIRECTION('',(-3.225534919156E-02,0.999479660848,0.));
#3989 = ORIENTED_EDGE('',*,*,#3990,.F.);
#3990 = EDGE_CURVE('',#3991,#3982,#3993,.T.);
#3991 = VERTEX_POINT('',#3992);
#3992 = CARTESIAN_POINT('',(83.658995206544,69.529439345515,0.));
#3993 = LINE('',#3994,#3995);
#3994 = CARTESIAN_POINT('',(83.658995206544,69.529439345515,0.));
#3995 = VECTOR('',#3996,1.);
#3996 = DIRECTION('',(0.,0.,1.));
#3997 = ORIENTED_EDGE('',*,*,#3998,.F.);
#3998 = EDGE_CURVE('',#3958,#3991,#3999,.T.);
#3999 = CIRCLE('',#4000,1.650012700025);
#4000 = AXIS2_PLACEMENT_3D('',#4001,#4002,#4003);
#4001 = CARTESIAN_POINT('',(85.307543815088,69.598933197866,0.));
#4002 = DIRECTION('',(0.,0.,1.));
#4003 = DIRECTION('',(-3.225534919156E-02,0.999479660848,0.));
#4004 = CYLINDRICAL_SURFACE('',#4005,1.650012700025);
#4005 = AXIS2_PLACEMENT_3D('',#4006,#4007,#4008);
#4006 = CARTESIAN_POINT('',(85.307543815088,69.598933197866,0.));
#4007 = DIRECTION('',(-0.,-0.,-1.));
#4008 = DIRECTION('',(-3.225534919156E-02,0.999479660848,0.));
#4009 = ADVANCED_FACE('',(#4010),#4037,.F.);
#4010 = FACE_BOUND('',#4011,.T.);
#4011 = EDGE_LOOP('',(#4012,#4013,#4022,#4030));
#4012 = ORIENTED_EDGE('',*,*,#3990,.T.);
#4013 = ORIENTED_EDGE('',*,*,#4014,.T.);
#4014 = EDGE_CURVE('',#3982,#4015,#4017,.T.);
#4015 = VERTEX_POINT('',#4016);
#4016 = CARTESIAN_POINT('',(85.393303015972,67.951150666794,
    1.600028244856));
#4017 = CIRCLE('',#4018,1.650012700025);
#4018 = AXIS2_PLACEMENT_3D('',#4019,#4020,#4021);
#4019 = CARTESIAN_POINT('',(85.307543815088,69.598933197866,
    1.600028244856));
#4020 = DIRECTION('',(0.,0.,1.));
#4021 = DIRECTION('',(-0.999112678659,-4.211716209845E-02,0.));
#4022 = ORIENTED_EDGE('',*,*,#4023,.F.);
#4023 = EDGE_CURVE('',#4024,#4015,#4026,.T.);
#4024 = VERTEX_POINT('',#4025);
#4025 = CARTESIAN_POINT('',(85.393303015972,67.951150666794,0.));
#4026 = LINE('',#4027,#4028);
#4027 = CARTESIAN_POINT('',(85.393303015972,67.951150666794,0.));
#4028 = VECTOR('',#4029,1.);
#4029 = DIRECTION('',(0.,0.,1.));
#4030 = ORIENTED_EDGE('',*,*,#4031,.F.);
#4031 = EDGE_CURVE('',#3991,#4024,#4032,.T.);
#4032 = CIRCLE('',#4033,1.650012700025);
#4033 = AXIS2_PLACEMENT_3D('',#4034,#4035,#4036);
#4034 = CARTESIAN_POINT('',(85.307543815088,69.598933197866,0.));
#4035 = DIRECTION('',(0.,0.,1.));
#4036 = DIRECTION('',(-0.999112678659,-4.211716209845E-02,0.));
#4037 = CYLINDRICAL_SURFACE('',#4038,1.650012700025);
#4038 = AXIS2_PLACEMENT_3D('',#4039,#4040,#4041);
#4039 = CARTESIAN_POINT('',(85.307543815088,69.598933197866,0.));
#4040 = DIRECTION('',(-0.,-0.,-1.));
#4041 = DIRECTION('',(-0.999112678659,-4.211716209845E-02,0.));
#4042 = ADVANCED_FACE('',(#4043),#4061,.F.);
#4043 = FACE_BOUND('',#4044,.T.);
#4044 = EDGE_LOOP('',(#4045,#4046,#4053,#4054));
#4045 = ORIENTED_EDGE('',*,*,#4023,.T.);
#4046 = ORIENTED_EDGE('',*,*,#4047,.T.);
#4047 = EDGE_CURVE('',#4015,#3941,#4048,.T.);
#4048 = CIRCLE('',#4049,1.650012700025);
#4049 = AXIS2_PLACEMENT_3D('',#4050,#4051,#4052);
#4050 = CARTESIAN_POINT('',(85.340081280163,69.60030480061,
    1.600028244856));
#4051 = DIRECTION('',(0.,0.,1.));
#4052 = DIRECTION('',(3.225534919156E-02,-0.999479660848,0.));
#4053 = ORIENTED_EDGE('',*,*,#3938,.F.);
#4054 = ORIENTED_EDGE('',*,*,#4055,.F.);
#4055 = EDGE_CURVE('',#4024,#3939,#4056,.T.);
#4056 = CIRCLE('',#4057,1.650012700025);
#4057 = AXIS2_PLACEMENT_3D('',#4058,#4059,#4060);
#4058 = CARTESIAN_POINT('',(85.340081280163,69.60030480061,0.));
#4059 = DIRECTION('',(0.,0.,1.));
#4060 = DIRECTION('',(3.225534919156E-02,-0.999479660848,0.));
#4061 = CYLINDRICAL_SURFACE('',#4062,1.650012700025);
#4062 = AXIS2_PLACEMENT_3D('',#4063,#4064,#4065);
#4063 = CARTESIAN_POINT('',(85.340081280163,69.60030480061,0.));
#4064 = DIRECTION('',(-0.,-0.,-1.));
#4065 = DIRECTION('',(3.225534919156E-02,-0.999479660848,0.));
#4066 = ADVANCED_FACE('',(#4067,#4077,#4083,#4087,#4091,#4110,#4184,
    #4188,#4192,#4196,#4200,#4206,#4212),#4218,.T.);
#4067 = FACE_BOUND('',#4068,.T.);
#4068 = EDGE_LOOP('',(#4069,#4070,#4071,#4072,#4073,#4074,#4075,#4076));
#4069 = ORIENTED_EDGE('',*,*,#81,.T.);
#4070 = ORIENTED_EDGE('',*,*,#113,.T.);
#4071 = ORIENTED_EDGE('',*,*,#145,.T.);
#4072 = ORIENTED_EDGE('',*,*,#177,.T.);
#4073 = ORIENTED_EDGE('',*,*,#209,.T.);
#4074 = ORIENTED_EDGE('',*,*,#241,.T.);
#4075 = ORIENTED_EDGE('',*,*,#273,.T.);
#4076 = ORIENTED_EDGE('',*,*,#296,.T.);
#4077 = FACE_BOUND('',#4078,.T.);
#4078 = EDGE_LOOP('',(#4079,#4080,#4081,#4082));
#4079 = ORIENTED_EDGE('',*,*,#338,.T.);
#4080 = ORIENTED_EDGE('',*,*,#371,.T.);
#4081 = ORIENTED_EDGE('',*,*,#404,.T.);
#4082 = ORIENTED_EDGE('',*,*,#428,.T.);
#4083 = FACE_BOUND('',#4084,.T.);
#4084 = EDGE_LOOP('',(#4085,#4086));
#4085 = ORIENTED_EDGE('',*,*,#470,.T.);
#4086 = ORIENTED_EDGE('',*,*,#494,.T.);
#4087 = FACE_BOUND('',#4088,.T.);
#4088 = EDGE_LOOP('',(#4089,#4090));
#4089 = ORIENTED_EDGE('',*,*,#536,.T.);
#4090 = ORIENTED_EDGE('',*,*,#560,.T.);
#4091 = FACE_BOUND('',#4092,.T.);
#4092 = EDGE_LOOP('',(#4093,#4094,#4095,#4096,#4097,#4098,#4099,#4100,
    #4101,#4102,#4103,#4104,#4105,#4106,#4107,#4108,#4109));
#4093 = ORIENTED_EDGE('',*,*,#602,.T.);
#4094 = ORIENTED_EDGE('',*,*,#635,.T.);
#4095 = ORIENTED_EDGE('',*,*,#667,.T.);
#4096 = ORIENTED_EDGE('',*,*,#698,.T.);
#4097 = ORIENTED_EDGE('',*,*,#730,.T.);
#4098 = ORIENTED_EDGE('',*,*,#763,.T.);
#4099 = ORIENTED_EDGE('',*,*,#795,.T.);
#4100 = ORIENTED_EDGE('',*,*,#826,.T.);
#4101 = ORIENTED_EDGE('',*,*,#858,.T.);
#4102 = ORIENTED_EDGE('',*,*,#891,.T.);
#4103 = ORIENTED_EDGE('',*,*,#923,.T.);
#4104 = ORIENTED_EDGE('',*,*,#954,.T.);
#4105 = ORIENTED_EDGE('',*,*,#985,.T.);
#4106 = ORIENTED_EDGE('',*,*,#1016,.T.);
#4107 = ORIENTED_EDGE('',*,*,#1047,.T.);
#4108 = ORIENTED_EDGE('',*,*,#1078,.T.);
#4109 = ORIENTED_EDGE('',*,*,#1100,.T.);
#4110 = FACE_BOUND('',#4111,.T.);
#4111 = EDGE_LOOP('',(#4112,#4113,#4114,#4115,#4116,#4117,#4118,#4119,
    #4120,#4121,#4122,#4123,#4124,#4125,#4126,#4127,#4128,#4129,#4130,
    #4131,#4132,#4133,#4134,#4135,#4136,#4137,#4138,#4139,#4140,#4141,
    #4142,#4143,#4144,#4145,#4146,#4147,#4148,#4149,#4150,#4151,#4152,
    #4153,#4154,#4155,#4156,#4157,#4158,#4159,#4160,#4161,#4162,#4163,
    #4164,#4165,#4166,#4167,#4168,#4169,#4170,#4171,#4172,#4173,#4174,
    #4175,#4176,#4177,#4178,#4179,#4180,#4181,#4182,#4183));
#4112 = ORIENTED_EDGE('',*,*,#1140,.T.);
#4113 = ORIENTED_EDGE('',*,*,#1172,.T.);
#4114 = ORIENTED_EDGE('',*,*,#1204,.T.);
#4115 = ORIENTED_EDGE('',*,*,#1236,.T.);
#4116 = ORIENTED_EDGE('',*,*,#1268,.T.);
#4117 = ORIENTED_EDGE('',*,*,#1300,.T.);
#4118 = ORIENTED_EDGE('',*,*,#1332,.T.);
#4119 = ORIENTED_EDGE('',*,*,#1364,.T.);
#4120 = ORIENTED_EDGE('',*,*,#1396,.T.);
#4121 = ORIENTED_EDGE('',*,*,#1428,.T.);
#4122 = ORIENTED_EDGE('',*,*,#1460,.T.);
#4123 = ORIENTED_EDGE('',*,*,#1492,.T.);
#4124 = ORIENTED_EDGE('',*,*,#1524,.T.);
#4125 = ORIENTED_EDGE('',*,*,#1556,.T.);
#4126 = ORIENTED_EDGE('',*,*,#1588,.T.);
#4127 = ORIENTED_EDGE('',*,*,#1620,.T.);
#4128 = ORIENTED_EDGE('',*,*,#1652,.T.);
#4129 = ORIENTED_EDGE('',*,*,#1684,.T.);
#4130 = ORIENTED_EDGE('',*,*,#1716,.T.);
#4131 = ORIENTED_EDGE('',*,*,#1748,.T.);
#4132 = ORIENTED_EDGE('',*,*,#1780,.T.);
#4133 = ORIENTED_EDGE('',*,*,#1812,.T.);
#4134 = ORIENTED_EDGE('',*,*,#1844,.T.);
#4135 = ORIENTED_EDGE('',*,*,#1876,.T.);
#4136 = ORIENTED_EDGE('',*,*,#1908,.T.);
#4137 = ORIENTED_EDGE('',*,*,#1940,.T.);
#4138 = ORIENTED_EDGE('',*,*,#1972,.T.);
#4139 = ORIENTED_EDGE('',*,*,#2004,.T.);
#4140 = ORIENTED_EDGE('',*,*,#2036,.T.);
#4141 = ORIENTED_EDGE('',*,*,#2068,.T.);
#4142 = ORIENTED_EDGE('',*,*,#2100,.T.);
#4143 = ORIENTED_EDGE('',*,*,#2132,.T.);
#4144 = ORIENTED_EDGE('',*,*,#2164,.T.);
#4145 = ORIENTED_EDGE('',*,*,#2196,.T.);
#4146 = ORIENTED_EDGE('',*,*,#2228,.T.);
#4147 = ORIENTED_EDGE('',*,*,#2260,.T.);
#4148 = ORIENTED_EDGE('',*,*,#2292,.T.);
#4149 = ORIENTED_EDGE('',*,*,#2324,.T.);
#4150 = ORIENTED_EDGE('',*,*,#2356,.T.);
#4151 = ORIENTED_EDGE('',*,*,#2388,.T.);
#4152 = ORIENTED_EDGE('',*,*,#2420,.T.);
#4153 = ORIENTED_EDGE('',*,*,#2452,.T.);
#4154 = ORIENTED_EDGE('',*,*,#2484,.T.);
#4155 = ORIENTED_EDGE('',*,*,#2516,.T.);
#4156 = ORIENTED_EDGE('',*,*,#2548,.T.);
#4157 = ORIENTED_EDGE('',*,*,#2580,.T.);
#4158 = ORIENTED_EDGE('',*,*,#2612,.T.);
#4159 = ORIENTED_EDGE('',*,*,#2644,.T.);
#4160 = ORIENTED_EDGE('',*,*,#2676,.T.);
#4161 = ORIENTED_EDGE('',*,*,#2708,.T.);
#4162 = ORIENTED_EDGE('',*,*,#2740,.T.);
#4163 = ORIENTED_EDGE('',*,*,#2772,.T.);
#4164 = ORIENTED_EDGE('',*,*,#2804,.T.);
#4165 = ORIENTED_EDGE('',*,*,#2836,.T.);
#4166 = ORIENTED_EDGE('',*,*,#2868,.T.);
#4167 = ORIENTED_EDGE('',*,*,#2900,.T.);
#4168 = ORIENTED_EDGE('',*,*,#2932,.T.);
#4169 = ORIENTED_EDGE('',*,*,#2964,.T.);
#4170 = ORIENTED_EDGE('',*,*,#2996,.T.);
#4171 = ORIENTED_EDGE('',*,*,#3028,.T.);
#4172 = ORIENTED_EDGE('',*,*,#3060,.T.);
#4173 = ORIENTED_EDGE('',*,*,#3092,.T.);
#4174 = ORIENTED_EDGE('',*,*,#3124,.T.);
#4175 = ORIENTED_EDGE('',*,*,#3156,.T.);
#4176 = ORIENTED_EDGE('',*,*,#3188,.T.);
#4177 = ORIENTED_EDGE('',*,*,#3220,.T.);
#4178 = ORIENTED_EDGE('',*,*,#3252,.T.);
#4179 = ORIENTED_EDGE('',*,*,#3284,.T.);
#4180 = ORIENTED_EDGE('',*,*,#3316,.T.);
#4181 = ORIENTED_EDGE('',*,*,#3348,.T.);
#4182 = ORIENTED_EDGE('',*,*,#3380,.T.);
#4183 = ORIENTED_EDGE('',*,*,#3403,.T.);
#4184 = FACE_BOUND('',#4185,.T.);
#4185 = EDGE_LOOP('',(#4186,#4187));
#4186 = ORIENTED_EDGE('',*,*,#3445,.T.);
#4187 = ORIENTED_EDGE('',*,*,#3469,.T.);
#4188 = FACE_BOUND('',#4189,.T.);
#4189 = EDGE_LOOP('',(#4190,#4191));
#4190 = ORIENTED_EDGE('',*,*,#3511,.T.);
#4191 = ORIENTED_EDGE('',*,*,#3535,.T.);
#4192 = FACE_BOUND('',#4193,.T.);
#4193 = EDGE_LOOP('',(#4194,#4195));
#4194 = ORIENTED_EDGE('',*,*,#3577,.T.);
#4195 = ORIENTED_EDGE('',*,*,#3601,.T.);
#4196 = FACE_BOUND('',#4197,.T.);
#4197 = EDGE_LOOP('',(#4198,#4199));
#4198 = ORIENTED_EDGE('',*,*,#3643,.T.);
#4199 = ORIENTED_EDGE('',*,*,#3667,.T.);
#4200 = FACE_BOUND('',#4201,.T.);
#4201 = EDGE_LOOP('',(#4202,#4203,#4204,#4205));
#4202 = ORIENTED_EDGE('',*,*,#3708,.T.);
#4203 = ORIENTED_EDGE('',*,*,#3739,.T.);
#4204 = ORIENTED_EDGE('',*,*,#3770,.T.);
#4205 = ORIENTED_EDGE('',*,*,#3792,.T.);
#4206 = FACE_BOUND('',#4207,.T.);
#4207 = EDGE_LOOP('',(#4208,#4209,#4210,#4211));
#4208 = ORIENTED_EDGE('',*,*,#3833,.T.);
#4209 = ORIENTED_EDGE('',*,*,#3866,.T.);
#4210 = ORIENTED_EDGE('',*,*,#3899,.T.);
#4211 = ORIENTED_EDGE('',*,*,#3923,.T.);
#4212 = FACE_BOUND('',#4213,.T.);
#4213 = EDGE_LOOP('',(#4214,#4215,#4216,#4217));
#4214 = ORIENTED_EDGE('',*,*,#3965,.T.);
#4215 = ORIENTED_EDGE('',*,*,#3998,.T.);
#4216 = ORIENTED_EDGE('',*,*,#4031,.T.);
#4217 = ORIENTED_EDGE('',*,*,#4055,.T.);
#4218 = PLANE('',#4219);
#4219 = AXIS2_PLACEMENT_3D('',#4220,#4221,#4222);
#4220 = CARTESIAN_POINT('',(44.78738243895,37.058539597931,0.));
#4221 = DIRECTION('',(-0.,-0.,-1.));
#4222 = DIRECTION('',(-1.,0.,0.));
#4223 = ADVANCED_FACE('',(#4224,#4234,#4240,#4244,#4248,#4267,#4341,
    #4345,#4349,#4353,#4357,#4363,#4369),#4375,.F.);
#4224 = FACE_BOUND('',#4225,.F.);
#4225 = EDGE_LOOP('',(#4226,#4227,#4228,#4229,#4230,#4231,#4232,#4233));
#4226 = ORIENTED_EDGE('',*,*,#65,.T.);
#4227 = ORIENTED_EDGE('',*,*,#96,.T.);
#4228 = ORIENTED_EDGE('',*,*,#129,.T.);
#4229 = ORIENTED_EDGE('',*,*,#160,.T.);
#4230 = ORIENTED_EDGE('',*,*,#193,.T.);
#4231 = ORIENTED_EDGE('',*,*,#224,.T.);
#4232 = ORIENTED_EDGE('',*,*,#257,.T.);
#4233 = ORIENTED_EDGE('',*,*,#288,.T.);
#4234 = FACE_BOUND('',#4235,.F.);
#4235 = EDGE_LOOP('',(#4236,#4237,#4238,#4239));
#4236 = ORIENTED_EDGE('',*,*,#321,.T.);
#4237 = ORIENTED_EDGE('',*,*,#354,.T.);
#4238 = ORIENTED_EDGE('',*,*,#387,.T.);
#4239 = ORIENTED_EDGE('',*,*,#420,.T.);
#4240 = FACE_BOUND('',#4241,.F.);
#4241 = EDGE_LOOP('',(#4242,#4243));
#4242 = ORIENTED_EDGE('',*,*,#453,.T.);
#4243 = ORIENTED_EDGE('',*,*,#486,.T.);
#4244 = FACE_BOUND('',#4245,.F.);
#4245 = EDGE_LOOP('',(#4246,#4247));
#4246 = ORIENTED_EDGE('',*,*,#519,.T.);
#4247 = ORIENTED_EDGE('',*,*,#552,.T.);
#4248 = FACE_BOUND('',#4249,.F.);
#4249 = EDGE_LOOP('',(#4250,#4251,#4252,#4253,#4254,#4255,#4256,#4257,
    #4258,#4259,#4260,#4261,#4262,#4263,#4264,#4265,#4266));
#4250 = ORIENTED_EDGE('',*,*,#585,.T.);
#4251 = ORIENTED_EDGE('',*,*,#618,.T.);
#4252 = ORIENTED_EDGE('',*,*,#651,.T.);
#4253 = ORIENTED_EDGE('',*,*,#682,.T.);
#4254 = ORIENTED_EDGE('',*,*,#713,.T.);
#4255 = ORIENTED_EDGE('',*,*,#746,.T.);
#4256 = ORIENTED_EDGE('',*,*,#779,.T.);
#4257 = ORIENTED_EDGE('',*,*,#810,.T.);
#4258 = ORIENTED_EDGE('',*,*,#841,.T.);
#4259 = ORIENTED_EDGE('',*,*,#874,.T.);
#4260 = ORIENTED_EDGE('',*,*,#907,.T.);
#4261 = ORIENTED_EDGE('',*,*,#938,.T.);
#4262 = ORIENTED_EDGE('',*,*,#969,.T.);
#4263 = ORIENTED_EDGE('',*,*,#1000,.T.);
#4264 = ORIENTED_EDGE('',*,*,#1031,.T.);
#4265 = ORIENTED_EDGE('',*,*,#1062,.T.);
#4266 = ORIENTED_EDGE('',*,*,#1093,.T.);
#4267 = FACE_BOUND('',#4268,.F.);
#4268 = EDGE_LOOP('',(#4269,#4270,#4271,#4272,#4273,#4274,#4275,#4276,
    #4277,#4278,#4279,#4280,#4281,#4282,#4283,#4284,#4285,#4286,#4287,
    #4288,#4289,#4290,#4291,#4292,#4293,#4294,#4295,#4296,#4297,#4298,
    #4299,#4300,#4301,#4302,#4303,#4304,#4305,#4306,#4307,#4308,#4309,
    #4310,#4311,#4312,#4313,#4314,#4315,#4316,#4317,#4318,#4319,#4320,
    #4321,#4322,#4323,#4324,#4325,#4326,#4327,#4328,#4329,#4330,#4331,
    #4332,#4333,#4334,#4335,#4336,#4337,#4338,#4339,#4340));
#4269 = ORIENTED_EDGE('',*,*,#1124,.T.);
#4270 = ORIENTED_EDGE('',*,*,#1155,.T.);
#4271 = ORIENTED_EDGE('',*,*,#1188,.T.);
#4272 = ORIENTED_EDGE('',*,*,#1219,.T.);
#4273 = ORIENTED_EDGE('',*,*,#1252,.T.);
#4274 = ORIENTED_EDGE('',*,*,#1283,.T.);
#4275 = ORIENTED_EDGE('',*,*,#1316,.T.);
#4276 = ORIENTED_EDGE('',*,*,#1347,.T.);
#4277 = ORIENTED_EDGE('',*,*,#1380,.T.);
#4278 = ORIENTED_EDGE('',*,*,#1411,.T.);
#4279 = ORIENTED_EDGE('',*,*,#1444,.T.);
#4280 = ORIENTED_EDGE('',*,*,#1475,.T.);
#4281 = ORIENTED_EDGE('',*,*,#1508,.T.);
#4282 = ORIENTED_EDGE('',*,*,#1539,.T.);
#4283 = ORIENTED_EDGE('',*,*,#1572,.T.);
#4284 = ORIENTED_EDGE('',*,*,#1603,.T.);
#4285 = ORIENTED_EDGE('',*,*,#1636,.T.);
#4286 = ORIENTED_EDGE('',*,*,#1667,.T.);
#4287 = ORIENTED_EDGE('',*,*,#1700,.T.);
#4288 = ORIENTED_EDGE('',*,*,#1731,.T.);
#4289 = ORIENTED_EDGE('',*,*,#1764,.T.);
#4290 = ORIENTED_EDGE('',*,*,#1795,.T.);
#4291 = ORIENTED_EDGE('',*,*,#1828,.T.);
#4292 = ORIENTED_EDGE('',*,*,#1859,.T.);
#4293 = ORIENTED_EDGE('',*,*,#1892,.T.);
#4294 = ORIENTED_EDGE('',*,*,#1923,.T.);
#4295 = ORIENTED_EDGE('',*,*,#1956,.T.);
#4296 = ORIENTED_EDGE('',*,*,#1987,.T.);
#4297 = ORIENTED_EDGE('',*,*,#2020,.T.);
#4298 = ORIENTED_EDGE('',*,*,#2051,.T.);
#4299 = ORIENTED_EDGE('',*,*,#2084,.T.);
#4300 = ORIENTED_EDGE('',*,*,#2115,.T.);
#4301 = ORIENTED_EDGE('',*,*,#2148,.T.);
#4302 = ORIENTED_EDGE('',*,*,#2179,.T.);
#4303 = ORIENTED_EDGE('',*,*,#2212,.T.);
#4304 = ORIENTED_EDGE('',*,*,#2243,.T.);
#4305 = ORIENTED_EDGE('',*,*,#2276,.T.);
#4306 = ORIENTED_EDGE('',*,*,#2307,.T.);
#4307 = ORIENTED_EDGE('',*,*,#2340,.T.);
#4308 = ORIENTED_EDGE('',*,*,#2371,.T.);
#4309 = ORIENTED_EDGE('',*,*,#2404,.T.);
#4310 = ORIENTED_EDGE('',*,*,#2435,.T.);
#4311 = ORIENTED_EDGE('',*,*,#2468,.T.);
#4312 = ORIENTED_EDGE('',*,*,#2499,.T.);
#4313 = ORIENTED_EDGE('',*,*,#2532,.T.);
#4314 = ORIENTED_EDGE('',*,*,#2563,.T.);
#4315 = ORIENTED_EDGE('',*,*,#2596,.T.);
#4316 = ORIENTED_EDGE('',*,*,#2627,.T.);
#4317 = ORIENTED_EDGE('',*,*,#2660,.T.);
#4318 = ORIENTED_EDGE('',*,*,#2691,.T.);
#4319 = ORIENTED_EDGE('',*,*,#2724,.T.);
#4320 = ORIENTED_EDGE('',*,*,#2755,.T.);
#4321 = ORIENTED_EDGE('',*,*,#2788,.T.);
#4322 = ORIENTED_EDGE('',*,*,#2819,.T.);
#4323 = ORIENTED_EDGE('',*,*,#2852,.T.);
#4324 = ORIENTED_EDGE('',*,*,#2883,.T.);
#4325 = ORIENTED_EDGE('',*,*,#2916,.T.);
#4326 = ORIENTED_EDGE('',*,*,#2947,.T.);
#4327 = ORIENTED_EDGE('',*,*,#2980,.T.);
#4328 = ORIENTED_EDGE('',*,*,#3011,.T.);
#4329 = ORIENTED_EDGE('',*,*,#3044,.T.);
#4330 = ORIENTED_EDGE('',*,*,#3075,.T.);
#4331 = ORIENTED_EDGE('',*,*,#3108,.T.);
#4332 = ORIENTED_EDGE('',*,*,#3139,.T.);
#4333 = ORIENTED_EDGE('',*,*,#3172,.T.);
#4334 = ORIENTED_EDGE('',*,*,#3203,.T.);
#4335 = ORIENTED_EDGE('',*,*,#3236,.T.);
#4336 = ORIENTED_EDGE('',*,*,#3267,.T.);
#4337 = ORIENTED_EDGE('',*,*,#3300,.T.);
#4338 = ORIENTED_EDGE('',*,*,#3331,.T.);
#4339 = ORIENTED_EDGE('',*,*,#3364,.T.);
#4340 = ORIENTED_EDGE('',*,*,#3395,.T.);
#4341 = FACE_BOUND('',#4342,.F.);
#4342 = EDGE_LOOP('',(#4343,#4344));
#4343 = ORIENTED_EDGE('',*,*,#3428,.T.);
#4344 = ORIENTED_EDGE('',*,*,#3461,.T.);
#4345 = FACE_BOUND('',#4346,.F.);
#4346 = EDGE_LOOP('',(#4347,#4348));
#4347 = ORIENTED_EDGE('',*,*,#3494,.T.);
#4348 = ORIENTED_EDGE('',*,*,#3527,.T.);
#4349 = FACE_BOUND('',#4350,.F.);
#4350 = EDGE_LOOP('',(#4351,#4352));
#4351 = ORIENTED_EDGE('',*,*,#3560,.T.);
#4352 = ORIENTED_EDGE('',*,*,#3593,.T.);
#4353 = FACE_BOUND('',#4354,.F.);
#4354 = EDGE_LOOP('',(#4355,#4356));
#4355 = ORIENTED_EDGE('',*,*,#3626,.T.);
#4356 = ORIENTED_EDGE('',*,*,#3659,.T.);
#4357 = FACE_BOUND('',#4358,.F.);
#4358 = EDGE_LOOP('',(#4359,#4360,#4361,#4362));
#4359 = ORIENTED_EDGE('',*,*,#3692,.T.);
#4360 = ORIENTED_EDGE('',*,*,#3723,.T.);
#4361 = ORIENTED_EDGE('',*,*,#3754,.T.);
#4362 = ORIENTED_EDGE('',*,*,#3785,.T.);
#4363 = FACE_BOUND('',#4364,.F.);
#4364 = EDGE_LOOP('',(#4365,#4366,#4367,#4368));
#4365 = ORIENTED_EDGE('',*,*,#3816,.T.);
#4366 = ORIENTED_EDGE('',*,*,#3849,.T.);
#4367 = ORIENTED_EDGE('',*,*,#3882,.T.);
#4368 = ORIENTED_EDGE('',*,*,#3915,.T.);
#4369 = FACE_BOUND('',#4370,.F.);
#4370 = EDGE_LOOP('',(#4371,#4372,#4373,#4374));
#4371 = ORIENTED_EDGE('',*,*,#3948,.T.);
#4372 = ORIENTED_EDGE('',*,*,#3981,.T.);
#4373 = ORIENTED_EDGE('',*,*,#4014,.T.);
#4374 = ORIENTED_EDGE('',*,*,#4047,.T.);
#4375 = PLANE('',#4376);
#4376 = AXIS2_PLACEMENT_3D('',#4377,#4378,#4379);
#4377 = CARTESIAN_POINT('',(44.78738243895,37.058539597931,
    1.600028244856));
#4378 = DIRECTION('',(-0.,-0.,-1.));
#4379 = DIRECTION('',(-1.,0.,0.));
#4380 = MANIFOLD_SOLID_BREP('',#4381);
#4381 = CLOSED_SHELL('',(#4382,#4422,#4453,#4484,#4515,#4546,#4579,#4612
    ,#4643,#4674,#4707,#4740,#4771,#4802,#4835,#4868,#4899,#4921,#4946)
  );
#4382 = ADVANCED_FACE('',(#4383),#4417,.T.);
#4383 = FACE_BOUND('',#4384,.T.);
#4384 = EDGE_LOOP('',(#4385,#4395,#4403,#4411));
#4385 = ORIENTED_EDGE('',*,*,#4386,.T.);
#4386 = EDGE_CURVE('',#4387,#4389,#4391,.T.);
#4387 = VERTEX_POINT('',#4388);
#4388 = CARTESIAN_POINT('',(15.58061976124,61.773727607042,0.));
#4389 = VERTEX_POINT('',#4390);
#4390 = CARTESIAN_POINT('',(15.58061976124,61.773727607042,
    1.600028244856));
#4391 = LINE('',#4392,#4393);
#4392 = CARTESIAN_POINT('',(15.58061976124,61.773727607042,0.));
#4393 = VECTOR('',#4394,1.);
#4394 = DIRECTION('',(0.,0.,1.));
#4395 = ORIENTED_EDGE('',*,*,#4396,.T.);
#4396 = EDGE_CURVE('',#4389,#4397,#4399,.T.);
#4397 = VERTEX_POINT('',#4398);
#4398 = CARTESIAN_POINT('',(15.635156439042,62.041801557046,
    1.600028244856));
#4399 = LINE('',#4400,#4401);
#4400 = CARTESIAN_POINT('',(15.58061976124,61.773727607042,
    1.600028244856));
#4401 = VECTOR('',#4402,1.);
#4402 = DIRECTION('',(0.199355354959,0.979927263856,0.));
#4403 = ORIENTED_EDGE('',*,*,#4404,.F.);
#4404 = EDGE_CURVE('',#4405,#4397,#4407,.T.);
#4405 = VERTEX_POINT('',#4406);
#4406 = CARTESIAN_POINT('',(15.635156439042,62.041801557046,0.));
#4407 = LINE('',#4408,#4409);
#4408 = CARTESIAN_POINT('',(15.635156439042,62.041801557046,0.));
#4409 = VECTOR('',#4410,1.);
#4410 = DIRECTION('',(0.,0.,1.));
#4411 = ORIENTED_EDGE('',*,*,#4412,.F.);
#4412 = EDGE_CURVE('',#4387,#4405,#4413,.T.);
#4413 = LINE('',#4414,#4415);
#4414 = CARTESIAN_POINT('',(15.58061976124,61.773727607042,0.));
#4415 = VECTOR('',#4416,1.);
#4416 = DIRECTION('',(0.199355354959,0.979927263856,0.));
#4417 = PLANE('',#4418);
#4418 = AXIS2_PLACEMENT_3D('',#4419,#4420,#4421);
#4419 = CARTESIAN_POINT('',(15.58061976124,61.773727607042,0.));
#4420 = DIRECTION('',(-0.979927263856,0.199355354959,0.));
#4421 = DIRECTION('',(0.199355354959,0.979927263856,0.));
#4422 = ADVANCED_FACE('',(#4423),#4448,.T.);
#4423 = FACE_BOUND('',#4424,.T.);
#4424 = EDGE_LOOP('',(#4425,#4426,#4434,#4442));
#4425 = ORIENTED_EDGE('',*,*,#4404,.T.);
#4426 = ORIENTED_EDGE('',*,*,#4427,.T.);
#4427 = EDGE_CURVE('',#4397,#4428,#4430,.T.);
#4428 = VERTEX_POINT('',#4429);
#4429 = CARTESIAN_POINT('',(15.782681253971,62.260271898047,
    1.600028244856));
#4430 = LINE('',#4431,#4432);
#4431 = CARTESIAN_POINT('',(15.635156439042,62.041801557046,
    1.600028244856));
#4432 = VECTOR('',#4433,1.);
#4433 = DIRECTION('',(0.559622262339,0.828747804519,0.));
#4434 = ORIENTED_EDGE('',*,*,#4435,.F.);
#4435 = EDGE_CURVE('',#4436,#4428,#4438,.T.);
#4436 = VERTEX_POINT('',#4437);
#4437 = CARTESIAN_POINT('',(15.782681253971,62.260271898047,0.));
#4438 = LINE('',#4439,#4440);
#4439 = CARTESIAN_POINT('',(15.782681253971,62.260271898047,0.));
#4440 = VECTOR('',#4441,1.);
#4441 = DIRECTION('',(0.,0.,1.));
#4442 = ORIENTED_EDGE('',*,*,#4443,.F.);
#4443 = EDGE_CURVE('',#4405,#4436,#4444,.T.);
#4444 = LINE('',#4445,#4446);
#4445 = CARTESIAN_POINT('',(15.635156439042,62.041801557046,0.));
#4446 = VECTOR('',#4447,1.);
#4447 = DIRECTION('',(0.559622262339,0.828747804519,0.));
#4448 = PLANE('',#4449);
#4449 = AXIS2_PLACEMENT_3D('',#4450,#4451,#4452);
#4450 = CARTESIAN_POINT('',(15.635156439042,62.041801557046,0.));
#4451 = DIRECTION('',(-0.828747804519,0.559622262339,0.));
#4452 = DIRECTION('',(0.559622262339,0.828747804519,0.));
#4453 = ADVANCED_FACE('',(#4454),#4479,.T.);
#4454 = FACE_BOUND('',#4455,.T.);
#4455 = EDGE_LOOP('',(#4456,#4457,#4465,#4473));
#4456 = ORIENTED_EDGE('',*,*,#4435,.T.);
#4457 = ORIENTED_EDGE('',*,*,#4458,.T.);
#4458 = EDGE_CURVE('',#4428,#4459,#4461,.T.);
#4459 = VERTEX_POINT('',#4460);
#4460 = CARTESIAN_POINT('',(16.0011743514,62.407870030377,1.600028244856
    ));
#4461 = LINE('',#4462,#4463);
#4462 = CARTESIAN_POINT('',(15.782681253971,62.260271898047,
    1.600028244856));
#4463 = VECTOR('',#4464,1.);
#4464 = DIRECTION('',(0.828645859286,0.559773203974,0.));
#4465 = ORIENTED_EDGE('',*,*,#4466,.F.);
#4466 = EDGE_CURVE('',#4467,#4459,#4469,.T.);
#4467 = VERTEX_POINT('',#4468);
#4468 = CARTESIAN_POINT('',(16.0011743514,62.407870030377,0.));
#4469 = LINE('',#4470,#4471);
#4470 = CARTESIAN_POINT('',(16.0011743514,62.407870030377,0.));
#4471 = VECTOR('',#4472,1.);
#4472 = DIRECTION('',(0.,0.,1.));
#4473 = ORIENTED_EDGE('',*,*,#4474,.F.);
#4474 = EDGE_CURVE('',#4436,#4467,#4475,.T.);
#4475 = LINE('',#4476,#4477);
#4476 = CARTESIAN_POINT('',(15.782681253971,62.260271898047,0.));
#4477 = VECTOR('',#4478,1.);
#4478 = DIRECTION('',(0.828645859286,0.559773203974,0.));
#4479 = PLANE('',#4480);
#4480 = AXIS2_PLACEMENT_3D('',#4481,#4482,#4483);
#4481 = CARTESIAN_POINT('',(15.782681253971,62.260271898047,0.));
#4482 = DIRECTION('',(-0.559773203974,0.828645859286,0.));
#4483 = DIRECTION('',(0.828645859286,0.559773203974,0.));
#4484 = ADVANCED_FACE('',(#4485),#4510,.T.);
#4485 = FACE_BOUND('',#4486,.T.);
#4486 = EDGE_LOOP('',(#4487,#4488,#4496,#4504));
#4487 = ORIENTED_EDGE('',*,*,#4466,.T.);
#4488 = ORIENTED_EDGE('',*,*,#4489,.T.);
#4489 = EDGE_CURVE('',#4459,#4490,#4492,.T.);
#4490 = VERTEX_POINT('',#4491);
#4491 = CARTESIAN_POINT('',(16.269170551209,62.462280924562,
    1.600028244856));
#4492 = LINE('',#4493,#4494);
#4493 = CARTESIAN_POINT('',(16.0011743514,62.407870030377,1.600028244856
    ));
#4494 = VECTOR('',#4495,1.);
#4495 = DIRECTION('',(0.980005744065,0.198969197617,0.));
#4496 = ORIENTED_EDGE('',*,*,#4497,.F.);
#4497 = EDGE_CURVE('',#4498,#4490,#4500,.T.);
#4498 = VERTEX_POINT('',#4499);
#4499 = CARTESIAN_POINT('',(16.269170551209,62.462280924562,0.));
#4500 = LINE('',#4501,#4502);
#4501 = CARTESIAN_POINT('',(16.269170551209,62.462280924562,0.));
#4502 = VECTOR('',#4503,1.);
#4503 = DIRECTION('',(0.,0.,1.));
#4504 = ORIENTED_EDGE('',*,*,#4505,.F.);
#4505 = EDGE_CURVE('',#4467,#4498,#4506,.T.);
#4506 = LINE('',#4507,#4508);
#4507 = CARTESIAN_POINT('',(16.0011743514,62.407870030377,0.));
#4508 = VECTOR('',#4509,1.);
#4509 = DIRECTION('',(0.980005744065,0.198969197617,0.));
#4510 = PLANE('',#4511);
#4511 = AXIS2_PLACEMENT_3D('',#4512,#4513,#4514);
#4512 = CARTESIAN_POINT('',(16.0011743514,62.407870030377,0.));
#4513 = DIRECTION('',(-0.198969197617,0.980005744065,0.));
#4514 = DIRECTION('',(0.980005744065,0.198969197617,0.));
#4515 = ADVANCED_FACE('',(#4516),#4541,.T.);
#4516 = FACE_BOUND('',#4517,.T.);
#4517 = EDGE_LOOP('',(#4518,#4519,#4527,#4535));
#4518 = ORIENTED_EDGE('',*,*,#4497,.T.);
#4519 = ORIENTED_EDGE('',*,*,#4520,.T.);
#4520 = EDGE_CURVE('',#4490,#4521,#4523,.T.);
#4521 = VERTEX_POINT('',#4522);
#4522 = CARTESIAN_POINT('',(56.467949357233,62.462280925263,
    1.600028244856));
#4523 = LINE('',#4524,#4525);
#4524 = CARTESIAN_POINT('',(16.269170551209,62.462280924562,
    1.600028244856));
#4525 = VECTOR('',#4526,1.);
#4526 = DIRECTION('',(1.,1.745177789314E-11,0.));
#4527 = ORIENTED_EDGE('',*,*,#4528,.F.);
#4528 = EDGE_CURVE('',#4529,#4521,#4531,.T.);
#4529 = VERTEX_POINT('',#4530);
#4530 = CARTESIAN_POINT('',(56.467949357233,62.462280925263,0.));
#4531 = LINE('',#4532,#4533);
#4532 = CARTESIAN_POINT('',(56.467949357233,62.462280925263,0.));
#4533 = VECTOR('',#4534,1.);
#4534 = DIRECTION('',(0.,0.,1.));
#4535 = ORIENTED_EDGE('',*,*,#4536,.F.);
#4536 = EDGE_CURVE('',#4498,#4529,#4537,.T.);
#4537 = LINE('',#4538,#4539);
#4538 = CARTESIAN_POINT('',(16.269170551209,62.462280924562,0.));
#4539 = VECTOR('',#4540,1.);
#4540 = DIRECTION('',(1.,1.745177789314E-11,0.));
#4541 = PLANE('',#4542);
#4542 = AXIS2_PLACEMENT_3D('',#4543,#4544,#4545);
#4543 = CARTESIAN_POINT('',(16.269170551209,62.462280924562,0.));
#4544 = DIRECTION('',(-1.745177789314E-11,1.,0.));
#4545 = DIRECTION('',(1.,1.745177789314E-11,0.));
#4546 = ADVANCED_FACE('',(#4547),#4574,.T.);
#4547 = FACE_BOUND('',#4548,.T.);
#4548 = EDGE_LOOP('',(#4549,#4550,#4559,#4567));
#4549 = ORIENTED_EDGE('',*,*,#4528,.T.);
#4550 = ORIENTED_EDGE('',*,*,#4551,.T.);
#4551 = EDGE_CURVE('',#4521,#4552,#4554,.T.);
#4552 = VERTEX_POINT('',#4553);
#4553 = CARTESIAN_POINT('',(56.851491090822,62.344482893533,
    1.600028244856));
#4554 = CIRCLE('',#4555,0.68255235057);
#4555 = AXIS2_PLACEMENT_3D('',#4556,#4557,#4558);
#4556 = CARTESIAN_POINT('',(56.468176189997,61.779728612385,
    1.600028244856));
#4557 = DIRECTION('',(0.,0.,-1.));
#4558 = DIRECTION('',(-3.323302073219E-04,0.999999944778,0.));
#4559 = ORIENTED_EDGE('',*,*,#4560,.F.);
#4560 = EDGE_CURVE('',#4561,#4552,#4563,.T.);
#4561 = VERTEX_POINT('',#4562);
#4562 = CARTESIAN_POINT('',(56.851491090822,62.344482893533,0.));
#4563 = LINE('',#4564,#4565);
#4564 = CARTESIAN_POINT('',(56.851491090822,62.344482893533,0.));
#4565 = VECTOR('',#4566,1.);
#4566 = DIRECTION('',(0.,0.,1.));
#4567 = ORIENTED_EDGE('',*,*,#4568,.F.);
#4568 = EDGE_CURVE('',#4529,#4561,#4569,.T.);
#4569 = CIRCLE('',#4570,0.68255235057);
#4570 = AXIS2_PLACEMENT_3D('',#4571,#4572,#4573);
#4571 = CARTESIAN_POINT('',(56.468176189997,61.779728612385,0.));
#4572 = DIRECTION('',(0.,0.,-1.));
#4573 = DIRECTION('',(-3.323302073219E-04,0.999999944778,0.));
#4574 = CYLINDRICAL_SURFACE('',#4575,0.68255235057);
#4575 = AXIS2_PLACEMENT_3D('',#4576,#4577,#4578);
#4576 = CARTESIAN_POINT('',(56.468176189997,61.779728612385,0.));
#4577 = DIRECTION('',(0.,0.,-1.));
#4578 = DIRECTION('',(-3.323302073219E-04,0.999999944778,0.));
#4579 = ADVANCED_FACE('',(#4580),#4607,.T.);
#4580 = FACE_BOUND('',#4581,.T.);
#4581 = EDGE_LOOP('',(#4582,#4583,#4592,#4600));
#4582 = ORIENTED_EDGE('',*,*,#4560,.T.);
#4583 = ORIENTED_EDGE('',*,*,#4584,.T.);
#4584 = EDGE_CURVE('',#4552,#4585,#4587,.T.);
#4585 = VERTEX_POINT('',#4586);
#4586 = CARTESIAN_POINT('',(57.100562587359,62.043015542337,
    1.600028244856));
#4587 = CIRCLE('',#4588,0.69315909957);
#4588 = AXIS2_PLACEMENT_3D('',#4589,#4590,#4591);
#4589 = CARTESIAN_POINT('',(56.463356492756,61.770182387612,
    1.600028244856));
#4590 = DIRECTION('',(0.,0.,-1.));
#4591 = DIRECTION('',(0.559950231206,0.828526244951,0.));
#4592 = ORIENTED_EDGE('',*,*,#4593,.F.);
#4593 = EDGE_CURVE('',#4594,#4585,#4596,.T.);
#4594 = VERTEX_POINT('',#4595);
#4595 = CARTESIAN_POINT('',(57.100562587359,62.043015542337,0.));
#4596 = LINE('',#4597,#4598);
#4597 = CARTESIAN_POINT('',(57.100562587359,62.043015542337,0.));
#4598 = VECTOR('',#4599,1.);
#4599 = DIRECTION('',(0.,0.,1.));
#4600 = ORIENTED_EDGE('',*,*,#4601,.F.);
#4601 = EDGE_CURVE('',#4561,#4594,#4602,.T.);
#4602 = CIRCLE('',#4603,0.69315909957);
#4603 = AXIS2_PLACEMENT_3D('',#4604,#4605,#4606);
#4604 = CARTESIAN_POINT('',(56.463356492756,61.770182387612,0.));
#4605 = DIRECTION('',(0.,0.,-1.));
#4606 = DIRECTION('',(0.559950231206,0.828526244951,0.));
#4607 = CYLINDRICAL_SURFACE('',#4608,0.69315909957);
#4608 = AXIS2_PLACEMENT_3D('',#4609,#4610,#4611);
#4609 = CARTESIAN_POINT('',(56.463356492756,61.770182387612,0.));
#4610 = DIRECTION('',(0.,0.,-1.));
#4611 = DIRECTION('',(0.559950231206,0.828526244951,0.));
#4612 = ADVANCED_FACE('',(#4613),#4638,.T.);
#4613 = FACE_BOUND('',#4614,.T.);
#4614 = EDGE_LOOP('',(#4615,#4616,#4624,#4632));
#4615 = ORIENTED_EDGE('',*,*,#4593,.T.);
#4616 = ORIENTED_EDGE('',*,*,#4617,.T.);
#4617 = EDGE_CURVE('',#4585,#4618,#4620,.T.);
#4618 = VERTEX_POINT('',#4619);
#4619 = CARTESIAN_POINT('',(57.15524511049,61.773729909557,
    1.600028244856));
#4620 = LINE('',#4621,#4622);
#4621 = CARTESIAN_POINT('',(57.100562587359,62.043015542337,
    1.600028244856));
#4622 = VECTOR('',#4623,1.);
#4623 = DIRECTION('',(0.199003580184,-0.979998762792,0.));
#4624 = ORIENTED_EDGE('',*,*,#4625,.F.);
#4625 = EDGE_CURVE('',#4626,#4618,#4628,.T.);
#4626 = VERTEX_POINT('',#4627);
#4627 = CARTESIAN_POINT('',(57.15524511049,61.773729909557,0.));
#4628 = LINE('',#4629,#4630);
#4629 = CARTESIAN_POINT('',(57.15524511049,61.773729909557,0.));
#4630 = VECTOR('',#4631,1.);
#4631 = DIRECTION('',(0.,0.,1.));
#4632 = ORIENTED_EDGE('',*,*,#4633,.F.);
#4633 = EDGE_CURVE('',#4594,#4626,#4634,.T.);
#4634 = LINE('',#4635,#4636);
#4635 = CARTESIAN_POINT('',(57.100562587359,62.043015542337,0.));
#4636 = VECTOR('',#4637,1.);
#4637 = DIRECTION('',(0.199003580184,-0.979998762792,0.));
#4638 = PLANE('',#4639);
#4639 = AXIS2_PLACEMENT_3D('',#4640,#4641,#4642);
#4640 = CARTESIAN_POINT('',(57.100562587359,62.043015542337,0.));
#4641 = DIRECTION('',(0.979998762792,0.199003580184,-0.));
#4642 = DIRECTION('',(0.199003580184,-0.979998762792,0.));
#4643 = ADVANCED_FACE('',(#4644),#4669,.T.);
#4644 = FACE_BOUND('',#4645,.T.);
#4645 = EDGE_LOOP('',(#4646,#4647,#4655,#4663));
#4646 = ORIENTED_EDGE('',*,*,#4625,.T.);
#4647 = ORIENTED_EDGE('',*,*,#4648,.T.);
#4648 = EDGE_CURVE('',#4618,#4649,#4651,.T.);
#4649 = VERTEX_POINT('',#4650);
#4650 = CARTESIAN_POINT('',(57.155245113598,29.574972065175,
    1.600028244856));
#4651 = LINE('',#4652,#4653);
#4652 = CARTESIAN_POINT('',(57.15524511049,61.773729909557,
    1.600028244856));
#4653 = VECTOR('',#4654,1.);
#4654 = DIRECTION('',(9.652058278029E-11,-1.,0.));
#4655 = ORIENTED_EDGE('',*,*,#4656,.F.);
#4656 = EDGE_CURVE('',#4657,#4649,#4659,.T.);
#4657 = VERTEX_POINT('',#4658);
#4658 = CARTESIAN_POINT('',(57.155245113598,29.574972065175,0.));
#4659 = LINE('',#4660,#4661);
#4660 = CARTESIAN_POINT('',(57.155245113598,29.574972065175,0.));
#4661 = VECTOR('',#4662,1.);
#4662 = DIRECTION('',(0.,0.,1.));
#4663 = ORIENTED_EDGE('',*,*,#4664,.F.);
#4664 = EDGE_CURVE('',#4626,#4657,#4665,.T.);
#4665 = LINE('',#4666,#4667);
#4666 = CARTESIAN_POINT('',(57.15524511049,61.773729909557,0.));
#4667 = VECTOR('',#4668,1.);
#4668 = DIRECTION('',(9.652058278029E-11,-1.,0.));
#4669 = PLANE('',#4670);
#4670 = AXIS2_PLACEMENT_3D('',#4671,#4672,#4673);
#4671 = CARTESIAN_POINT('',(57.15524511049,61.773729909557,0.));
#4672 = DIRECTION('',(1.,9.652058278029E-11,-0.));
#4673 = DIRECTION('',(9.652058278029E-11,-1.,0.));
#4674 = ADVANCED_FACE('',(#4675),#4702,.T.);
#4675 = FACE_BOUND('',#4676,.T.);
#4676 = EDGE_LOOP('',(#4677,#4678,#4687,#4695));
#4677 = ORIENTED_EDGE('',*,*,#4656,.T.);
#4678 = ORIENTED_EDGE('',*,*,#4679,.T.);
#4679 = EDGE_CURVE('',#4649,#4680,#4682,.T.);
#4680 = VERTEX_POINT('',#4681);
#4681 = CARTESIAN_POINT('',(57.037498818968,29.1914363459,1.600028244856
    ));
#4682 = CIRCLE('',#4683,0.681965912089);
#4683 = AXIS2_PLACEMENT_3D('',#4684,#4685,#4686);
#4684 = CARTESIAN_POINT('',(56.473279368388,29.574494979582,
    1.600028244856));
#4685 = DIRECTION('',(0.,0.,-1.));
#4686 = DIRECTION('',(0.999999755298,6.995739587415E-04,0.));
#4687 = ORIENTED_EDGE('',*,*,#4688,.F.);
#4688 = EDGE_CURVE('',#4689,#4680,#4691,.T.);
#4689 = VERTEX_POINT('',#4690);
#4690 = CARTESIAN_POINT('',(57.037498818968,29.1914363459,0.));
#4691 = LINE('',#4692,#4693);
#4692 = CARTESIAN_POINT('',(57.037498818968,29.1914363459,0.));
#4693 = VECTOR('',#4694,1.);
#4694 = DIRECTION('',(0.,0.,1.));
#4695 = ORIENTED_EDGE('',*,*,#4696,.F.);
#4696 = EDGE_CURVE('',#4657,#4689,#4697,.T.);
#4697 = CIRCLE('',#4698,0.681965912089);
#4698 = AXIS2_PLACEMENT_3D('',#4699,#4700,#4701);
#4699 = CARTESIAN_POINT('',(56.473279368388,29.574494979582,0.));
#4700 = DIRECTION('',(0.,0.,-1.));
#4701 = DIRECTION('',(0.999999755298,6.995739587415E-04,0.));
#4702 = CYLINDRICAL_SURFACE('',#4703,0.681965912089);
#4703 = AXIS2_PLACEMENT_3D('',#4704,#4705,#4706);
#4704 = CARTESIAN_POINT('',(56.473279368388,29.574494979582,0.));
#4705 = DIRECTION('',(0.,0.,-1.));
#4706 = DIRECTION('',(0.999999755298,6.995739587415E-04,0.));
#4707 = ADVANCED_FACE('',(#4708),#4735,.T.);
#4708 = FACE_BOUND('',#4709,.T.);
#4709 = EDGE_LOOP('',(#4710,#4711,#4720,#4728));
#4710 = ORIENTED_EDGE('',*,*,#4688,.T.);
#4711 = ORIENTED_EDGE('',*,*,#4712,.T.);
#4712 = EDGE_CURVE('',#4680,#4713,#4715,.T.);
#4713 = VERTEX_POINT('',#4714);
#4714 = CARTESIAN_POINT('',(56.735998820236,28.942362265958,
    1.600028244856));
#4715 = CIRCLE('',#4716,0.695779120038);
#4716 = AXIS2_PLACEMENT_3D('',#4717,#4718,#4719);
#4717 = CARTESIAN_POINT('',(56.461470113995,29.581692050444,
    1.600028244856));
#4718 = DIRECTION('',(0.,0.,-1.));
#4719 = DIRECTION('',(0.827890185812,-0.560890221199,0.));
#4720 = ORIENTED_EDGE('',*,*,#4721,.F.);
#4721 = EDGE_CURVE('',#4722,#4713,#4724,.T.);
#4722 = VERTEX_POINT('',#4723);
#4723 = CARTESIAN_POINT('',(56.735998820236,28.942362265958,0.));
#4724 = LINE('',#4725,#4726);
#4725 = CARTESIAN_POINT('',(56.735998820236,28.942362265958,0.));
#4726 = VECTOR('',#4727,1.);
#4727 = DIRECTION('',(0.,0.,1.));
#4728 = ORIENTED_EDGE('',*,*,#4729,.F.);
#4729 = EDGE_CURVE('',#4689,#4722,#4730,.T.);
#4730 = CIRCLE('',#4731,0.695779120038);
#4731 = AXIS2_PLACEMENT_3D('',#4732,#4733,#4734);
#4732 = CARTESIAN_POINT('',(56.461470113995,29.581692050444,0.));
#4733 = DIRECTION('',(0.,0.,-1.));
#4734 = DIRECTION('',(0.827890185812,-0.560890221199,0.));
#4735 = CYLINDRICAL_SURFACE('',#4736,0.695779120038);
#4736 = AXIS2_PLACEMENT_3D('',#4737,#4738,#4739);
#4737 = CARTESIAN_POINT('',(56.461470113995,29.581692050444,0.));
#4738 = DIRECTION('',(0.,0.,-1.));
#4739 = DIRECTION('',(0.827890185812,-0.560890221199,0.));
#4740 = ADVANCED_FACE('',(#4741),#4766,.T.);
#4741 = FACE_BOUND('',#4742,.T.);
#4742 = EDGE_LOOP('',(#4743,#4744,#4752,#4760));
#4743 = ORIENTED_EDGE('',*,*,#4721,.T.);
#4744 = ORIENTED_EDGE('',*,*,#4745,.T.);
#4745 = EDGE_CURVE('',#4713,#4746,#4748,.T.);
#4746 = VERTEX_POINT('',#4747);
#4747 = CARTESIAN_POINT('',(56.466668929185,28.887680975362,
    1.600028244856));
#4748 = LINE('',#4749,#4750);
#4749 = CARTESIAN_POINT('',(56.735998820236,28.942362265958,
    1.600028244856));
#4750 = VECTOR('',#4751,1.);
#4751 = DIRECTION('',(-0.980006014428,-0.198967865958,0.));
#4752 = ORIENTED_EDGE('',*,*,#4753,.F.);
#4753 = EDGE_CURVE('',#4754,#4746,#4756,.T.);
#4754 = VERTEX_POINT('',#4755);
#4755 = CARTESIAN_POINT('',(56.466668929185,28.887680975362,0.));
#4756 = LINE('',#4757,#4758);
#4757 = CARTESIAN_POINT('',(56.466668929185,28.887680975362,0.));
#4758 = VECTOR('',#4759,1.);
#4759 = DIRECTION('',(0.,0.,1.));
#4760 = ORIENTED_EDGE('',*,*,#4761,.F.);
#4761 = EDGE_CURVE('',#4722,#4754,#4762,.T.);
#4762 = LINE('',#4763,#4764);
#4763 = CARTESIAN_POINT('',(56.735998820236,28.942362265958,0.));
#4764 = VECTOR('',#4765,1.);
#4765 = DIRECTION('',(-0.980006014428,-0.198967865958,0.));
#4766 = PLANE('',#4767);
#4767 = AXIS2_PLACEMENT_3D('',#4768,#4769,#4770);
#4768 = CARTESIAN_POINT('',(56.735998820236,28.942362265958,0.));
#4769 = DIRECTION('',(0.198967865958,-0.980006014428,0.));
#4770 = DIRECTION('',(-0.980006014428,-0.198967865958,0.));
#4771 = ADVANCED_FACE('',(#4772),#4797,.T.);
#4772 = FACE_BOUND('',#4773,.T.);
#4773 = EDGE_LOOP('',(#4774,#4775,#4783,#4791));
#4774 = ORIENTED_EDGE('',*,*,#4753,.T.);
#4775 = ORIENTED_EDGE('',*,*,#4776,.T.);
#4776 = EDGE_CURVE('',#4746,#4777,#4779,.T.);
#4777 = VERTEX_POINT('',#4778);
#4778 = CARTESIAN_POINT('',(16.267886511285,28.887680972952,
    1.600028244856));
#4779 = LINE('',#4780,#4781);
#4780 = CARTESIAN_POINT('',(56.466668929185,28.887680975362,
    1.600028244856));
#4781 = VECTOR('',#4782,1.);
#4782 = DIRECTION('',(-1.,-5.995880842274E-11,0.));
#4783 = ORIENTED_EDGE('',*,*,#4784,.F.);
#4784 = EDGE_CURVE('',#4785,#4777,#4787,.T.);
#4785 = VERTEX_POINT('',#4786);
#4786 = CARTESIAN_POINT('',(16.267886511285,28.887680972952,0.));
#4787 = LINE('',#4788,#4789);
#4788 = CARTESIAN_POINT('',(16.267886511285,28.887680972952,0.));
#4789 = VECTOR('',#4790,1.);
#4790 = DIRECTION('',(0.,0.,1.));
#4791 = ORIENTED_EDGE('',*,*,#4792,.F.);
#4792 = EDGE_CURVE('',#4754,#4785,#4793,.T.);
#4793 = LINE('',#4794,#4795);
#4794 = CARTESIAN_POINT('',(56.466668929185,28.887680975362,0.));
#4795 = VECTOR('',#4796,1.);
#4796 = DIRECTION('',(-1.,-5.995880842274E-11,0.));
#4797 = PLANE('',#4798);
#4798 = AXIS2_PLACEMENT_3D('',#4799,#4800,#4801);
#4799 = CARTESIAN_POINT('',(56.466668929185,28.887680975362,0.));
#4800 = DIRECTION('',(5.995880842274E-11,-1.,0.));
#4801 = DIRECTION('',(-1.,-5.995880842274E-11,0.));
#4802 = ADVANCED_FACE('',(#4803),#4830,.T.);
#4803 = FACE_BOUND('',#4804,.T.);
#4804 = EDGE_LOOP('',(#4805,#4806,#4815,#4823));
#4805 = ORIENTED_EDGE('',*,*,#4784,.T.);
#4806 = ORIENTED_EDGE('',*,*,#4807,.T.);
#4807 = EDGE_CURVE('',#4777,#4808,#4810,.T.);
#4808 = VERTEX_POINT('',#4809);
#4809 = CARTESIAN_POINT('',(15.884334021238,29.00551410886,
    1.600028244856));
#4810 = CIRCLE('',#4811,0.681826594072);
#4811 = AXIS2_PLACEMENT_3D('',#4812,#4813,#4814);
#4812 = CARTESIAN_POINT('',(16.267477625943,29.569507444421,
    1.600028244856));
#4813 = DIRECTION('',(-0.,0.,-1.));
#4814 = DIRECTION('',(5.996911035245E-04,-0.999999820185,-0.));
#4815 = ORIENTED_EDGE('',*,*,#4816,.F.);
#4816 = EDGE_CURVE('',#4817,#4808,#4819,.T.);
#4817 = VERTEX_POINT('',#4818);
#4818 = CARTESIAN_POINT('',(15.884334021238,29.00551410886,0.));
#4819 = LINE('',#4820,#4821);
#4820 = CARTESIAN_POINT('',(15.884334021238,29.00551410886,0.));
#4821 = VECTOR('',#4822,1.);
#4822 = DIRECTION('',(0.,0.,1.));
#4823 = ORIENTED_EDGE('',*,*,#4824,.F.);
#4824 = EDGE_CURVE('',#4785,#4817,#4825,.T.);
#4825 = CIRCLE('',#4826,0.681826594072);
#4826 = AXIS2_PLACEMENT_3D('',#4827,#4828,#4829);
#4827 = CARTESIAN_POINT('',(16.267477625943,29.569507444421,0.));
#4828 = DIRECTION('',(-0.,0.,-1.));
#4829 = DIRECTION('',(5.996911035245E-04,-0.999999820185,-0.));
#4830 = CYLINDRICAL_SURFACE('',#4831,0.681826594072);
#4831 = AXIS2_PLACEMENT_3D('',#4832,#4833,#4834);
#4832 = CARTESIAN_POINT('',(16.267477625943,29.569507444421,0.));
#4833 = DIRECTION('',(-0.,0.,-1.));
#4834 = DIRECTION('',(5.996911035245E-04,-0.999999820185,-0.));
#4835 = ADVANCED_FACE('',(#4836),#4863,.T.);
#4836 = FACE_BOUND('',#4837,.T.);
#4837 = EDGE_LOOP('',(#4838,#4839,#4848,#4856));
#4838 = ORIENTED_EDGE('',*,*,#4816,.T.);
#4839 = ORIENTED_EDGE('',*,*,#4840,.T.);
#4840 = EDGE_CURVE('',#4808,#4841,#4843,.T.);
#4841 = VERTEX_POINT('',#4842);
#4842 = CARTESIAN_POINT('',(15.635402867512,29.306974428708,
    1.600028244856));
#4843 = CIRCLE('',#4844,0.693819679685);
#4844 = AXIS2_PLACEMENT_3D('',#4845,#4846,#4847);
#4845 = CARTESIAN_POINT('',(16.273192776341,29.580122337567,
    1.600028244856));
#4846 = DIRECTION('',(0.,0.,-1.));
#4847 = DIRECTION('',(-0.560460832244,-0.828180931633,-0.));
#4848 = ORIENTED_EDGE('',*,*,#4849,.F.);
#4849 = EDGE_CURVE('',#4850,#4841,#4852,.T.);
#4850 = VERTEX_POINT('',#4851);
#4851 = CARTESIAN_POINT('',(15.635402867512,29.306974428708,0.));
#4852 = LINE('',#4853,#4854);
#4853 = CARTESIAN_POINT('',(15.635402867512,29.306974428708,0.));
#4854 = VECTOR('',#4855,1.);
#4855 = DIRECTION('',(0.,0.,1.));
#4856 = ORIENTED_EDGE('',*,*,#4857,.F.);
#4857 = EDGE_CURVE('',#4817,#4850,#4858,.T.);
#4858 = CIRCLE('',#4859,0.693819679685);
#4859 = AXIS2_PLACEMENT_3D('',#4860,#4861,#4862);
#4860 = CARTESIAN_POINT('',(16.273192776341,29.580122337567,0.));
#4861 = DIRECTION('',(0.,0.,-1.));
#4862 = DIRECTION('',(-0.560460832244,-0.828180931633,-0.));
#4863 = CYLINDRICAL_SURFACE('',#4864,0.693819679685);
#4864 = AXIS2_PLACEMENT_3D('',#4865,#4866,#4867);
#4865 = CARTESIAN_POINT('',(16.273192776341,29.580122337567,0.));
#4866 = DIRECTION('',(0.,0.,-1.));
#4867 = DIRECTION('',(-0.560460832244,-0.828180931633,-0.));
#4868 = ADVANCED_FACE('',(#4869),#4894,.T.);
#4869 = FACE_BOUND('',#4870,.T.);
#4870 = EDGE_LOOP('',(#4871,#4872,#4880,#4888));
#4871 = ORIENTED_EDGE('',*,*,#4849,.T.);
#4872 = ORIENTED_EDGE('',*,*,#4873,.T.);
#4873 = EDGE_CURVE('',#4841,#4874,#4876,.T.);
#4874 = VERTEX_POINT('',#4875);
#4875 = CARTESIAN_POINT('',(15.58061976124,29.576259692933,
    1.600028244856));
#4876 = LINE('',#4877,#4878);
#4877 = CARTESIAN_POINT('',(15.635402867512,29.306974428708,
    1.600028244856));
#4878 = VECTOR('',#4879,1.);
#4879 = DIRECTION('',(-0.199355354959,0.979927263856,0.));
#4880 = ORIENTED_EDGE('',*,*,#4881,.F.);
#4881 = EDGE_CURVE('',#4882,#4874,#4884,.T.);
#4882 = VERTEX_POINT('',#4883);
#4883 = CARTESIAN_POINT('',(15.58061976124,29.576259692933,0.));
#4884 = LINE('',#4885,#4886);
#4885 = CARTESIAN_POINT('',(15.58061976124,29.576259692933,0.));
#4886 = VECTOR('',#4887,1.);
#4887 = DIRECTION('',(0.,0.,1.));
#4888 = ORIENTED_EDGE('',*,*,#4889,.F.);
#4889 = EDGE_CURVE('',#4850,#4882,#4890,.T.);
#4890 = LINE('',#4891,#4892);
#4891 = CARTESIAN_POINT('',(15.635402867512,29.306974428708,0.));
#4892 = VECTOR('',#4893,1.);
#4893 = DIRECTION('',(-0.199355354959,0.979927263856,0.));
#4894 = PLANE('',#4895);
#4895 = AXIS2_PLACEMENT_3D('',#4896,#4897,#4898);
#4896 = CARTESIAN_POINT('',(15.635402867512,29.306974428708,0.));
#4897 = DIRECTION('',(-0.979927263856,-0.199355354959,0.));
#4898 = DIRECTION('',(-0.199355354959,0.979927263856,0.));
#4899 = ADVANCED_FACE('',(#4900),#4916,.T.);
#4900 = FACE_BOUND('',#4901,.T.);
#4901 = EDGE_LOOP('',(#4902,#4903,#4909,#4910));
#4902 = ORIENTED_EDGE('',*,*,#4881,.T.);
#4903 = ORIENTED_EDGE('',*,*,#4904,.T.);
#4904 = EDGE_CURVE('',#4874,#4389,#4905,.T.);
#4905 = LINE('',#4906,#4907);
#4906 = CARTESIAN_POINT('',(15.58061976124,29.576259692933,
    1.600028244856));
#4907 = VECTOR('',#4908,1.);
#4908 = DIRECTION('',(1.103413997734E-16,1.,0.));
#4909 = ORIENTED_EDGE('',*,*,#4386,.F.);
#4910 = ORIENTED_EDGE('',*,*,#4911,.F.);
#4911 = EDGE_CURVE('',#4882,#4387,#4912,.T.);
#4912 = LINE('',#4913,#4914);
#4913 = CARTESIAN_POINT('',(15.58061976124,29.576259692933,0.));
#4914 = VECTOR('',#4915,1.);
#4915 = DIRECTION('',(1.103413997734E-16,1.,0.));
#4916 = PLANE('',#4917);
#4917 = AXIS2_PLACEMENT_3D('',#4918,#4919,#4920);
#4918 = CARTESIAN_POINT('',(15.58061976124,29.576259692933,0.));
#4919 = DIRECTION('',(-1.,1.103413997734E-16,0.));
#4920 = DIRECTION('',(1.103413997734E-16,1.,0.));
#4921 = ADVANCED_FACE('',(#4922),#4941,.T.);
#4922 = FACE_BOUND('',#4923,.T.);
#4923 = EDGE_LOOP('',(#4924,#4925,#4926,#4927,#4928,#4929,#4930,#4931,
    #4932,#4933,#4934,#4935,#4936,#4937,#4938,#4939,#4940));
#4924 = ORIENTED_EDGE('',*,*,#4412,.T.);
#4925 = ORIENTED_EDGE('',*,*,#4443,.T.);
#4926 = ORIENTED_EDGE('',*,*,#4474,.T.);
#4927 = ORIENTED_EDGE('',*,*,#4505,.T.);
#4928 = ORIENTED_EDGE('',*,*,#4536,.T.);
#4929 = ORIENTED_EDGE('',*,*,#4568,.T.);
#4930 = ORIENTED_EDGE('',*,*,#4601,.T.);
#4931 = ORIENTED_EDGE('',*,*,#4633,.T.);
#4932 = ORIENTED_EDGE('',*,*,#4664,.T.);
#4933 = ORIENTED_EDGE('',*,*,#4696,.T.);
#4934 = ORIENTED_EDGE('',*,*,#4729,.T.);
#4935 = ORIENTED_EDGE('',*,*,#4761,.T.);
#4936 = ORIENTED_EDGE('',*,*,#4792,.T.);
#4937 = ORIENTED_EDGE('',*,*,#4824,.T.);
#4938 = ORIENTED_EDGE('',*,*,#4857,.T.);
#4939 = ORIENTED_EDGE('',*,*,#4889,.T.);
#4940 = ORIENTED_EDGE('',*,*,#4911,.T.);
#4941 = PLANE('',#4942);
#4942 = AXIS2_PLACEMENT_3D('',#4943,#4944,#4945);
#4943 = CARTESIAN_POINT('',(36.368539095673,45.674513906335,0.));
#4944 = DIRECTION('',(-0.,-0.,-1.));
#4945 = DIRECTION('',(-1.,0.,0.));
#4946 = ADVANCED_FACE('',(#4947),#4966,.F.);
#4947 = FACE_BOUND('',#4948,.F.);
#4948 = EDGE_LOOP('',(#4949,#4950,#4951,#4952,#4953,#4954,#4955,#4956,
    #4957,#4958,#4959,#4960,#4961,#4962,#4963,#4964,#4965));
#4949 = ORIENTED_EDGE('',*,*,#4396,.T.);
#4950 = ORIENTED_EDGE('',*,*,#4427,.T.);
#4951 = ORIENTED_EDGE('',*,*,#4458,.T.);
#4952 = ORIENTED_EDGE('',*,*,#4489,.T.);
#4953 = ORIENTED_EDGE('',*,*,#4520,.T.);
#4954 = ORIENTED_EDGE('',*,*,#4551,.T.);
#4955 = ORIENTED_EDGE('',*,*,#4584,.T.);
#4956 = ORIENTED_EDGE('',*,*,#4617,.T.);
#4957 = ORIENTED_EDGE('',*,*,#4648,.T.);
#4958 = ORIENTED_EDGE('',*,*,#4679,.T.);
#4959 = ORIENTED_EDGE('',*,*,#4712,.T.);
#4960 = ORIENTED_EDGE('',*,*,#4745,.T.);
#4961 = ORIENTED_EDGE('',*,*,#4776,.T.);
#4962 = ORIENTED_EDGE('',*,*,#4807,.T.);
#4963 = ORIENTED_EDGE('',*,*,#4840,.T.);
#4964 = ORIENTED_EDGE('',*,*,#4873,.T.);
#4965 = ORIENTED_EDGE('',*,*,#4904,.T.);
#4966 = PLANE('',#4967);
#4967 = AXIS2_PLACEMENT_3D('',#4968,#4969,#4970);
#4968 = CARTESIAN_POINT('',(36.368539095673,45.674513906335,
    1.600028244856));
#4969 = DIRECTION('',(-0.,-0.,-1.));
#4970 = DIRECTION('',(-1.,0.,0.));
#4971 = ( GEOMETRIC_REPRESENTATION_CONTEXT(3) 
GLOBAL_UNCERTAINTY_ASSIGNED_CONTEXT((#4975)) 
GLOBAL_UNIT_ASSIGNED_CONTEXT((#4972,#4973,#4974)) REPRESENTATION_CONTEXT
('Context #1','3D Context with UNIT and UNCERTAINTY') );
#4972 = ( LENGTH_UNIT() NAMED_UNIT(*) SI_UNIT(.MILLI.,.METRE.) );
#4973 = ( NAMED_UNIT(*) PLANE_ANGLE_UNIT() SI_UNIT($,.RADIAN.) );
#4974 = ( NAMED_UNIT(*) SI_UNIT($,.STERADIAN.) SOLID_ANGLE_UNIT() );
#4975 = UNCERTAINTY_MEASURE_WITH_UNIT(LENGTH_MEASURE(1.E-07),#4972,
  'distance_accuracy_value','confusion accuracy');
#4976 = CONTEXT_DEPENDENT_SHAPE_REPRESENTATION(#4977,#4979);
#4977 = ( REPRESENTATION_RELATIONSHIP('','',#48,#10) 
REPRESENTATION_RELATIONSHIP_WITH_TRANSFORMATION(#4978) 
SHAPE_REPRESENTATION_RELATIONSHIP() );
#4978 = ITEM_DEFINED_TRANSFORMATION('','',#11,#15);
#4979 = PRODUCT_DEFINITION_SHAPE('Placement','Placement of an item',
  #4980);
#4980 = NEXT_ASSEMBLY_USAGE_OCCURRENCE('1','=>[0:1:1:2]','',#5,#43,$);
#4981 = PRODUCT_RELATED_PRODUCT_CATEGORY('part',$,(#45));
#4982 = SHAPE_DEFINITION_REPRESENTATION(#4983,#4989);
#4983 = PRODUCT_DEFINITION_SHAPE('','',#4984);
#4984 = PRODUCT_DEFINITION('design','',#4985,#4988);
#4985 = PRODUCT_DEFINITION_FORMATION('','',#4986);
#4986 = PRODUCT('TopCopper~LoBm','TopCopper~LoBm','',(#4987));
#4987 = PRODUCT_CONTEXT('',#2,'mechanical');
#4988 = PRODUCT_DEFINITION_CONTEXT('part definition',#2,'design');
#4989 = SHAPE_REPRESENTATION('',(#11),#4990);
#4990 = ( GEOMETRIC_REPRESENTATION_CONTEXT(3) 
GLOBAL_UNCERTAINTY_ASSIGNED_CONTEXT((#4994)) 
GLOBAL_UNIT_ASSIGNED_CONTEXT((#4991,#4992,#4993)) REPRESENTATION_CONTEXT
('Context #1','3D Context with UNIT and UNCERTAINTY') );
#4991 = ( LENGTH_UNIT() NAMED_UNIT(*) SI_UNIT(.MILLI.,.METRE.) );
#4992 = ( NAMED_UNIT(*) PLANE_ANGLE_UNIT() SI_UNIT($,.RADIAN.) );
#4993 = ( NAMED_UNIT(*) SI_UNIT($,.STERADIAN.) SOLID_ANGLE_UNIT() );
#4994 = UNCERTAINTY_MEASURE_WITH_UNIT(LENGTH_MEASURE(1.E-07),#4991,
  'distance_accuracy_value','confusion accuracy');
#4995 = CONTEXT_DEPENDENT_SHAPE_REPRESENTATION(#4996,#4998);
#4996 = ( REPRESENTATION_RELATIONSHIP('','',#4989,#10) 
REPRESENTATION_RELATIONSHIP_WITH_TRANSFORMATION(#4997) 
SHAPE_REPRESENTATION_RELATIONSHIP() );
#4997 = ITEM_DEFINED_TRANSFORMATION('','',#11,#19);
#4998 = PRODUCT_DEFINITION_SHAPE('Placement','Placement of an item',
  #4999);
#4999 = NEXT_ASSEMBLY_USAGE_OCCURRENCE('2','=>[0:1:1:3]','',#5,#4984,$);
#5000 = PRODUCT_RELATED_PRODUCT_CATEGORY('part',$,(#4986));
#5001 = SHAPE_DEFINITION_REPRESENTATION(#5002,#5008);
#5002 = PRODUCT_DEFINITION_SHAPE('','',#5003);
#5003 = PRODUCT_DEFINITION('design','',#5004,#5007);
#5004 = PRODUCT_DEFINITION_FORMATION('','',#5005);
#5005 = PRODUCT('BottomCopper~LoBm','BottomCopper~LoBm','',(#5006));
#5006 = PRODUCT_CONTEXT('',#2,'mechanical');
#5007 = PRODUCT_DEFINITION_CONTEXT('part definition',#2,'design');
#5008 = SHAPE_REPRESENTATION('',(#11),#5009);
#5009 = ( GEOMETRIC_REPRESENTATION_CONTEXT(3) 
GLOBAL_UNCERTAINTY_ASSIGNED_CONTEXT((#5013)) 
GLOBAL_UNIT_ASSIGNED_CONTEXT((#5010,#5011,#5012)) REPRESENTATION_CONTEXT
('Context #1','3D Context with UNIT and UNCERTAINTY') );
#5010 = ( LENGTH_UNIT() NAMED_UNIT(*) SI_UNIT(.MILLI.,.METRE.) );
#5011 = ( NAMED_UNIT(*) PLANE_ANGLE_UNIT() SI_UNIT($,.RADIAN.) );
#5012 = ( NAMED_UNIT(*) SI_UNIT($,.STERADIAN.) SOLID_ANGLE_UNIT() );
#5013 = UNCERTAINTY_MEASURE_WITH_UNIT(LENGTH_MEASURE(1.E-07),#5010,
  'distance_accuracy_value','confusion accuracy');
#5014 = CONTEXT_DEPENDENT_SHAPE_REPRESENTATION(#5015,#5017);
#5015 = ( REPRESENTATION_RELATIONSHIP('','',#5008,#10) 
REPRESENTATION_RELATIONSHIP_WITH_TRANSFORMATION(#5016) 
SHAPE_REPRESENTATION_RELATIONSHIP() );
#5016 = ITEM_DEFINED_TRANSFORMATION('','',#11,#23);
#5017 = PRODUCT_DEFINITION_SHAPE('Placement','Placement of an item',
  #5018);
#5018 = NEXT_ASSEMBLY_USAGE_OCCURRENCE('3','=>[0:1:1:4]','',#5,#5003,$);
#5019 = PRODUCT_RELATED_PRODUCT_CATEGORY('part',$,(#5005));
#5020 = SHAPE_DEFINITION_REPRESENTATION(#5021,#5027);
#5021 = PRODUCT_DEFINITION_SHAPE('','',#5022);
#5022 = PRODUCT_DEFINITION('design','',#5023,#5026);
#5023 = PRODUCT_DEFINITION_FORMATION('','',#5024);
#5024 = PRODUCT('TopFpcStiffener~LoBm','TopFpcStiffener~LoBm','',(#5025)
  );
#5025 = PRODUCT_CONTEXT('',#2,'mechanical');
#5026 = PRODUCT_DEFINITION_CONTEXT('part definition',#2,'design');
#5027 = SHAPE_REPRESENTATION('',(#11),#5028);
#5028 = ( GEOMETRIC_REPRESENTATION_CONTEXT(3) 
GLOBAL_UNCERTAINTY_ASSIGNED_CONTEXT((#5032)) 
GLOBAL_UNIT_ASSIGNED_CONTEXT((#5029,#5030,#5031)) REPRESENTATION_CONTEXT
('Context #1','3D Context with UNIT and UNCERTAINTY') );
#5029 = ( LENGTH_UNIT() NAMED_UNIT(*) SI_UNIT(.MILLI.,.METRE.) );
#5030 = ( NAMED_UNIT(*) PLANE_ANGLE_UNIT() SI_UNIT($,.RADIAN.) );
#5031 = ( NAMED_UNIT(*) SI_UNIT($,.STERADIAN.) SOLID_ANGLE_UNIT() );
#5032 = UNCERTAINTY_MEASURE_WITH_UNIT(LENGTH_MEASURE(1.E-07),#5029,
  'distance_accuracy_value','confusion accuracy');
#5033 = CONTEXT_DEPENDENT_SHAPE_REPRESENTATION(#5034,#5036);
#5034 = ( REPRESENTATION_RELATIONSHIP('','',#5027,#10) 
REPRESENTATION_RELATIONSHIP_WITH_TRANSFORMATION(#5035) 
SHAPE_REPRESENTATION_RELATIONSHIP() );
#5035 = ITEM_DEFINED_TRANSFORMATION('','',#11,#27);
#5036 = PRODUCT_DEFINITION_SHAPE('Placement','Placement of an item',
  #5037);
#5037 = NEXT_ASSEMBLY_USAGE_OCCURRENCE('4','=>[0:1:1:5]','',#5,#5022,$);
#5038 = PRODUCT_RELATED_PRODUCT_CATEGORY('part',$,(#5024));
#5039 = SHAPE_DEFINITION_REPRESENTATION(#5040,#5046);
#5040 = PRODUCT_DEFINITION_SHAPE('','',#5041);
#5041 = PRODUCT_DEFINITION('design','',#5042,#5045);
#5042 = PRODUCT_DEFINITION_FORMATION('','',#5043);
#5043 = PRODUCT('BottomFpcStiffener~LoBm','BottomFpcStiffener~LoBm','',(
    #5044));
#5044 = PRODUCT_CONTEXT('',#2,'mechanical');
#5045 = PRODUCT_DEFINITION_CONTEXT('part definition',#2,'design');
#5046 = SHAPE_REPRESENTATION('',(#11),#5047);
#5047 = ( GEOMETRIC_REPRESENTATION_CONTEXT(3) 
GLOBAL_UNCERTAINTY_ASSIGNED_CONTEXT((#5051)) 
GLOBAL_UNIT_ASSIGNED_CONTEXT((#5048,#5049,#5050)) REPRESENTATION_CONTEXT
('Context #1','3D Context with UNIT and UNCERTAINTY') );
#5048 = ( LENGTH_UNIT() NAMED_UNIT(*) SI_UNIT(.MILLI.,.METRE.) );
#5049 = ( NAMED_UNIT(*) PLANE_ANGLE_UNIT() SI_UNIT($,.RADIAN.) );
#5050 = ( NAMED_UNIT(*) SI_UNIT($,.STERADIAN.) SOLID_ANGLE_UNIT() );
#5051 = UNCERTAINTY_MEASURE_WITH_UNIT(LENGTH_MEASURE(1.E-07),#5048,
  'distance_accuracy_value','confusion accuracy');
#5052 = CONTEXT_DEPENDENT_SHAPE_REPRESENTATION(#5053,#5055);
#5053 = ( REPRESENTATION_RELATIONSHIP('','',#5046,#10) 
REPRESENTATION_RELATIONSHIP_WITH_TRANSFORMATION(#5054) 
SHAPE_REPRESENTATION_RELATIONSHIP() );
#5054 = ITEM_DEFINED_TRANSFORMATION('','',#11,#31);
#5055 = PRODUCT_DEFINITION_SHAPE('Placement','Placement of an item',
  #5056);
#5056 = NEXT_ASSEMBLY_USAGE_OCCURRENCE('5','=>[0:1:1:6]','',#5,#5041,$);
#5057 = PRODUCT_RELATED_PRODUCT_CATEGORY('part',$,(#5043));
#5058 = MECHANICAL_DESIGN_GEOMETRIC_PRESENTATION_REPRESENTATION('',(
    #5059,#5069,#5077,#5084,#5091,#5098,#5105,#5112,#5119,#5126,#5133,
    #5140,#5147,#5154,#5161,#5168,#5175,#5182,#5189,#5196,#5203,#5210,
    #5217,#5224,#5231,#5238,#5245,#5252,#5259,#5266,#5273,#5280,#5287,
    #5294,#5301,#5308,#5315,#5322,#5329,#5336,#5343,#5350,#5357,#5364,
    #5371,#5378,#5385,#5392,#5399,#5406,#5413,#5420,#5427,#5434,#5441,
    #5448,#5455,#5462,#5469,#5476,#5483,#5490,#5497,#5504,#5511,#5518,
    #5525,#5532,#5539,#5546,#5553,#5560,#5567,#5574,#5581,#5588,#5595,
    #5602,#5609,#5616,#5623,#5630,#5637,#5644,#5651,#5658,#5665,#5672,
    #5679,#5686,#5693,#5700,#5707,#5714,#5721,#5728,#5735,#5742,#5749,
    #5756,#5763,#5770,#5777,#5784,#5791,#5798,#5805,#5812,#5819,#5826,
    #5833,#5840,#5847,#5854,#5861,#5868,#5875,#5882,#5889,#5896,#5903,
    #5910,#5917,#5924,#5931,#5938,#5945,#5954,#5961,#5968,#5975,#5982,
    #5989,#5996,#6003,#6010,#6017,#6024,#6031,#6038,#6045,#6052,#6059,
    #6066),#4971);
#5059 = STYLED_ITEM('color',(#5060),#49);
#5060 = PRESENTATION_STYLE_ASSIGNMENT((#5061,#5067));
#5061 = SURFACE_STYLE_USAGE(.BOTH.,#5062);
#5062 = SURFACE_SIDE_STYLE('',(#5063));
#5063 = SURFACE_STYLE_FILL_AREA(#5064);
#5064 = FILL_AREA_STYLE('',(#5065));
#5065 = FILL_AREA_STYLE_COLOUR('',#5066);
#5066 = COLOUR_RGB('',0.,0.377508427907,0.578582128266);
#5067 = CURVE_STYLE('',#5068,POSITIVE_LENGTH_MEASURE(0.1),#5066);
#5068 = DRAUGHTING_PRE_DEFINED_CURVE_FONT('continuous');
#5069 = OVER_RIDING_STYLED_ITEM('overriding color',(#5070),#51,#5059);
#5070 = PRESENTATION_STYLE_ASSIGNMENT((#5071));
#5071 = SURFACE_STYLE_USAGE(.BOTH.,#5072);
#5072 = SURFACE_SIDE_STYLE('',(#5073));
#5073 = SURFACE_STYLE_FILL_AREA(#5074);
#5074 = FILL_AREA_STYLE('',(#5075));
#5075 = FILL_AREA_STYLE_COLOUR('',#5076);
#5076 = COLOUR_RGB('',0.937179583391,0.9357410338,0.649182888601);
#5077 = OVER_RIDING_STYLED_ITEM('overriding color',(#5078),#91,#5059);
#5078 = PRESENTATION_STYLE_ASSIGNMENT((#5079));
#5079 = SURFACE_STYLE_USAGE(.BOTH.,#5080);
#5080 = SURFACE_SIDE_STYLE('',(#5081));
#5081 = SURFACE_STYLE_FILL_AREA(#5082);
#5082 = FILL_AREA_STYLE('',(#5083));
#5083 = FILL_AREA_STYLE_COLOUR('',#5076);
#5084 = OVER_RIDING_STYLED_ITEM('overriding color',(#5085),#124,#5059);
#5085 = PRESENTATION_STYLE_ASSIGNMENT((#5086));
#5086 = SURFACE_STYLE_USAGE(.BOTH.,#5087);
#5087 = SURFACE_SIDE_STYLE('',(#5088));
#5088 = SURFACE_STYLE_FILL_AREA(#5089);
#5089 = FILL_AREA_STYLE('',(#5090));
#5090 = FILL_AREA_STYLE_COLOUR('',#5076);
#5091 = OVER_RIDING_STYLED_ITEM('overriding color',(#5092),#155,#5059);
#5092 = PRESENTATION_STYLE_ASSIGNMENT((#5093));
#5093 = SURFACE_STYLE_USAGE(.BOTH.,#5094);
#5094 = SURFACE_SIDE_STYLE('',(#5095));
#5095 = SURFACE_STYLE_FILL_AREA(#5096);
#5096 = FILL_AREA_STYLE('',(#5097));
#5097 = FILL_AREA_STYLE_COLOUR('',#5076);
#5098 = OVER_RIDING_STYLED_ITEM('overriding color',(#5099),#188,#5059);
#5099 = PRESENTATION_STYLE_ASSIGNMENT((#5100));
#5100 = SURFACE_STYLE_USAGE(.BOTH.,#5101);
#5101 = SURFACE_SIDE_STYLE('',(#5102));
#5102 = SURFACE_STYLE_FILL_AREA(#5103);
#5103 = FILL_AREA_STYLE('',(#5104));
#5104 = FILL_AREA_STYLE_COLOUR('',#5076);
#5105 = OVER_RIDING_STYLED_ITEM('overriding color',(#5106),#219,#5059);
#5106 = PRESENTATION_STYLE_ASSIGNMENT((#5107));
#5107 = SURFACE_STYLE_USAGE(.BOTH.,#5108);
#5108 = SURFACE_SIDE_STYLE('',(#5109));
#5109 = SURFACE_STYLE_FILL_AREA(#5110);
#5110 = FILL_AREA_STYLE('',(#5111));
#5111 = FILL_AREA_STYLE_COLOUR('',#5076);
#5112 = OVER_RIDING_STYLED_ITEM('overriding color',(#5113),#252,#5059);
#5113 = PRESENTATION_STYLE_ASSIGNMENT((#5114));
#5114 = SURFACE_STYLE_USAGE(.BOTH.,#5115);
#5115 = SURFACE_SIDE_STYLE('',(#5116));
#5116 = SURFACE_STYLE_FILL_AREA(#5117);
#5117 = FILL_AREA_STYLE('',(#5118));
#5118 = FILL_AREA_STYLE_COLOUR('',#5076);
#5119 = OVER_RIDING_STYLED_ITEM('overriding color',(#5120),#283,#5059);
#5120 = PRESENTATION_STYLE_ASSIGNMENT((#5121));
#5121 = SURFACE_STYLE_USAGE(.BOTH.,#5122);
#5122 = SURFACE_SIDE_STYLE('',(#5123));
#5123 = SURFACE_STYLE_FILL_AREA(#5124);
#5124 = FILL_AREA_STYLE('',(#5125));
#5125 = FILL_AREA_STYLE_COLOUR('',#5076);
#5126 = OVER_RIDING_STYLED_ITEM('overriding color',(#5127),#307,#5059);
#5127 = PRESENTATION_STYLE_ASSIGNMENT((#5128));
#5128 = SURFACE_STYLE_USAGE(.BOTH.,#5129);
#5129 = SURFACE_SIDE_STYLE('',(#5130));
#5130 = SURFACE_STYLE_FILL_AREA(#5131);
#5131 = FILL_AREA_STYLE('',(#5132));
#5132 = FILL_AREA_STYLE_COLOUR('',#5076);
#5133 = OVER_RIDING_STYLED_ITEM('overriding color',(#5134),#349,#5059);
#5134 = PRESENTATION_STYLE_ASSIGNMENT((#5135));
#5135 = SURFACE_STYLE_USAGE(.BOTH.,#5136);
#5136 = SURFACE_SIDE_STYLE('',(#5137));
#5137 = SURFACE_STYLE_FILL_AREA(#5138);
#5138 = FILL_AREA_STYLE('',(#5139));
#5139 = FILL_AREA_STYLE_COLOUR('',#5076);
#5140 = OVER_RIDING_STYLED_ITEM('overriding color',(#5141),#382,#5059);
#5141 = PRESENTATION_STYLE_ASSIGNMENT((#5142));
#5142 = SURFACE_STYLE_USAGE(.BOTH.,#5143);
#5143 = SURFACE_SIDE_STYLE('',(#5144));
#5144 = SURFACE_STYLE_FILL_AREA(#5145);
#5145 = FILL_AREA_STYLE('',(#5146));
#5146 = FILL_AREA_STYLE_COLOUR('',#5076);
#5147 = OVER_RIDING_STYLED_ITEM('overriding color',(#5148),#415,#5059);
#5148 = PRESENTATION_STYLE_ASSIGNMENT((#5149));
#5149 = SURFACE_STYLE_USAGE(.BOTH.,#5150);
#5150 = SURFACE_SIDE_STYLE('',(#5151));
#5151 = SURFACE_STYLE_FILL_AREA(#5152);
#5152 = FILL_AREA_STYLE('',(#5153));
#5153 = FILL_AREA_STYLE_COLOUR('',#5076);
#5154 = OVER_RIDING_STYLED_ITEM('overriding color',(#5155),#439,#5059);
#5155 = PRESENTATION_STYLE_ASSIGNMENT((#5156));
#5156 = SURFACE_STYLE_USAGE(.BOTH.,#5157);
#5157 = SURFACE_SIDE_STYLE('',(#5158));
#5158 = SURFACE_STYLE_FILL_AREA(#5159);
#5159 = FILL_AREA_STYLE('',(#5160));
#5160 = FILL_AREA_STYLE_COLOUR('',#5076);
#5161 = OVER_RIDING_STYLED_ITEM('overriding color',(#5162),#481,#5059);
#5162 = PRESENTATION_STYLE_ASSIGNMENT((#5163));
#5163 = SURFACE_STYLE_USAGE(.BOTH.,#5164);
#5164 = SURFACE_SIDE_STYLE('',(#5165));
#5165 = SURFACE_STYLE_FILL_AREA(#5166);
#5166 = FILL_AREA_STYLE('',(#5167));
#5167 = FILL_AREA_STYLE_COLOUR('',#5076);
#5168 = OVER_RIDING_STYLED_ITEM('overriding color',(#5169),#505,#5059);
#5169 = PRESENTATION_STYLE_ASSIGNMENT((#5170));
#5170 = SURFACE_STYLE_USAGE(.BOTH.,#5171);
#5171 = SURFACE_SIDE_STYLE('',(#5172));
#5172 = SURFACE_STYLE_FILL_AREA(#5173);
#5173 = FILL_AREA_STYLE('',(#5174));
#5174 = FILL_AREA_STYLE_COLOUR('',#5076);
#5175 = OVER_RIDING_STYLED_ITEM('overriding color',(#5176),#547,#5059);
#5176 = PRESENTATION_STYLE_ASSIGNMENT((#5177));
#5177 = SURFACE_STYLE_USAGE(.BOTH.,#5178);
#5178 = SURFACE_SIDE_STYLE('',(#5179));
#5179 = SURFACE_STYLE_FILL_AREA(#5180);
#5180 = FILL_AREA_STYLE('',(#5181));
#5181 = FILL_AREA_STYLE_COLOUR('',#5076);
#5182 = OVER_RIDING_STYLED_ITEM('overriding color',(#5183),#571,#5059);
#5183 = PRESENTATION_STYLE_ASSIGNMENT((#5184));
#5184 = SURFACE_STYLE_USAGE(.BOTH.,#5185);
#5185 = SURFACE_SIDE_STYLE('',(#5186));
#5186 = SURFACE_STYLE_FILL_AREA(#5187);
#5187 = FILL_AREA_STYLE('',(#5188));
#5188 = FILL_AREA_STYLE_COLOUR('',#5076);
#5189 = OVER_RIDING_STYLED_ITEM('overriding color',(#5190),#613,#5059);
#5190 = PRESENTATION_STYLE_ASSIGNMENT((#5191));
#5191 = SURFACE_STYLE_USAGE(.BOTH.,#5192);
#5192 = SURFACE_SIDE_STYLE('',(#5193));
#5193 = SURFACE_STYLE_FILL_AREA(#5194);
#5194 = FILL_AREA_STYLE('',(#5195));
#5195 = FILL_AREA_STYLE_COLOUR('',#5076);
#5196 = OVER_RIDING_STYLED_ITEM('overriding color',(#5197),#646,#5059);
#5197 = PRESENTATION_STYLE_ASSIGNMENT((#5198));
#5198 = SURFACE_STYLE_USAGE(.BOTH.,#5199);
#5199 = SURFACE_SIDE_STYLE('',(#5200));
#5200 = SURFACE_STYLE_FILL_AREA(#5201);
#5201 = FILL_AREA_STYLE('',(#5202));
#5202 = FILL_AREA_STYLE_COLOUR('',#5076);
#5203 = OVER_RIDING_STYLED_ITEM('overriding color',(#5204),#677,#5059);
#5204 = PRESENTATION_STYLE_ASSIGNMENT((#5205));
#5205 = SURFACE_STYLE_USAGE(.BOTH.,#5206);
#5206 = SURFACE_SIDE_STYLE('',(#5207));
#5207 = SURFACE_STYLE_FILL_AREA(#5208);
#5208 = FILL_AREA_STYLE('',(#5209));
#5209 = FILL_AREA_STYLE_COLOUR('',#5076);
#5210 = OVER_RIDING_STYLED_ITEM('overriding color',(#5211),#708,#5059);
#5211 = PRESENTATION_STYLE_ASSIGNMENT((#5212));
#5212 = SURFACE_STYLE_USAGE(.BOTH.,#5213);
#5213 = SURFACE_SIDE_STYLE('',(#5214));
#5214 = SURFACE_STYLE_FILL_AREA(#5215);
#5215 = FILL_AREA_STYLE('',(#5216));
#5216 = FILL_AREA_STYLE_COLOUR('',#5076);
#5217 = OVER_RIDING_STYLED_ITEM('overriding color',(#5218),#741,#5059);
#5218 = PRESENTATION_STYLE_ASSIGNMENT((#5219));
#5219 = SURFACE_STYLE_USAGE(.BOTH.,#5220);
#5220 = SURFACE_SIDE_STYLE('',(#5221));
#5221 = SURFACE_STYLE_FILL_AREA(#5222);
#5222 = FILL_AREA_STYLE('',(#5223));
#5223 = FILL_AREA_STYLE_COLOUR('',#5076);
#5224 = OVER_RIDING_STYLED_ITEM('overriding color',(#5225),#774,#5059);
#5225 = PRESENTATION_STYLE_ASSIGNMENT((#5226));
#5226 = SURFACE_STYLE_USAGE(.BOTH.,#5227);
#5227 = SURFACE_SIDE_STYLE('',(#5228));
#5228 = SURFACE_STYLE_FILL_AREA(#5229);
#5229 = FILL_AREA_STYLE('',(#5230));
#5230 = FILL_AREA_STYLE_COLOUR('',#5076);
#5231 = OVER_RIDING_STYLED_ITEM('overriding color',(#5232),#805,#5059);
#5232 = PRESENTATION_STYLE_ASSIGNMENT((#5233));
#5233 = SURFACE_STYLE_USAGE(.BOTH.,#5234);
#5234 = SURFACE_SIDE_STYLE('',(#5235));
#5235 = SURFACE_STYLE_FILL_AREA(#5236);
#5236 = FILL_AREA_STYLE('',(#5237));
#5237 = FILL_AREA_STYLE_COLOUR('',#5076);
#5238 = OVER_RIDING_STYLED_ITEM('overriding color',(#5239),#836,#5059);
#5239 = PRESENTATION_STYLE_ASSIGNMENT((#5240));
#5240 = SURFACE_STYLE_USAGE(.BOTH.,#5241);
#5241 = SURFACE_SIDE_STYLE('',(#5242));
#5242 = SURFACE_STYLE_FILL_AREA(#5243);
#5243 = FILL_AREA_STYLE('',(#5244));
#5244 = FILL_AREA_STYLE_COLOUR('',#5076);
#5245 = OVER_RIDING_STYLED_ITEM('overriding color',(#5246),#869,#5059);
#5246 = PRESENTATION_STYLE_ASSIGNMENT((#5247));
#5247 = SURFACE_STYLE_USAGE(.BOTH.,#5248);
#5248 = SURFACE_SIDE_STYLE('',(#5249));
#5249 = SURFACE_STYLE_FILL_AREA(#5250);
#5250 = FILL_AREA_STYLE('',(#5251));
#5251 = FILL_AREA_STYLE_COLOUR('',#5076);
#5252 = OVER_RIDING_STYLED_ITEM('overriding color',(#5253),#902,#5059);
#5253 = PRESENTATION_STYLE_ASSIGNMENT((#5254));
#5254 = SURFACE_STYLE_USAGE(.BOTH.,#5255);
#5255 = SURFACE_SIDE_STYLE('',(#5256));
#5256 = SURFACE_STYLE_FILL_AREA(#5257);
#5257 = FILL_AREA_STYLE('',(#5258));
#5258 = FILL_AREA_STYLE_COLOUR('',#5076);
#5259 = OVER_RIDING_STYLED_ITEM('overriding color',(#5260),#933,#5059);
#5260 = PRESENTATION_STYLE_ASSIGNMENT((#5261));
#5261 = SURFACE_STYLE_USAGE(.BOTH.,#5262);
#5262 = SURFACE_SIDE_STYLE('',(#5263));
#5263 = SURFACE_STYLE_FILL_AREA(#5264);
#5264 = FILL_AREA_STYLE('',(#5265));
#5265 = FILL_AREA_STYLE_COLOUR('',#5076);
#5266 = OVER_RIDING_STYLED_ITEM('overriding color',(#5267),#964,#5059);
#5267 = PRESENTATION_STYLE_ASSIGNMENT((#5268));
#5268 = SURFACE_STYLE_USAGE(.BOTH.,#5269);
#5269 = SURFACE_SIDE_STYLE('',(#5270));
#5270 = SURFACE_STYLE_FILL_AREA(#5271);
#5271 = FILL_AREA_STYLE('',(#5272));
#5272 = FILL_AREA_STYLE_COLOUR('',#5076);
#5273 = OVER_RIDING_STYLED_ITEM('overriding color',(#5274),#995,#5059);
#5274 = PRESENTATION_STYLE_ASSIGNMENT((#5275));
#5275 = SURFACE_STYLE_USAGE(.BOTH.,#5276);
#5276 = SURFACE_SIDE_STYLE('',(#5277));
#5277 = SURFACE_STYLE_FILL_AREA(#5278);
#5278 = FILL_AREA_STYLE('',(#5279));
#5279 = FILL_AREA_STYLE_COLOUR('',#5076);
#5280 = OVER_RIDING_STYLED_ITEM('overriding color',(#5281),#1026,#5059);
#5281 = PRESENTATION_STYLE_ASSIGNMENT((#5282));
#5282 = SURFACE_STYLE_USAGE(.BOTH.,#5283);
#5283 = SURFACE_SIDE_STYLE('',(#5284));
#5284 = SURFACE_STYLE_FILL_AREA(#5285);
#5285 = FILL_AREA_STYLE('',(#5286));
#5286 = FILL_AREA_STYLE_COLOUR('',#5076);
#5287 = OVER_RIDING_STYLED_ITEM('overriding color',(#5288),#1057,#5059);
#5288 = PRESENTATION_STYLE_ASSIGNMENT((#5289));
#5289 = SURFACE_STYLE_USAGE(.BOTH.,#5290);
#5290 = SURFACE_SIDE_STYLE('',(#5291));
#5291 = SURFACE_STYLE_FILL_AREA(#5292);
#5292 = FILL_AREA_STYLE('',(#5293));
#5293 = FILL_AREA_STYLE_COLOUR('',#5076);
#5294 = OVER_RIDING_STYLED_ITEM('overriding color',(#5295),#1088,#5059);
#5295 = PRESENTATION_STYLE_ASSIGNMENT((#5296));
#5296 = SURFACE_STYLE_USAGE(.BOTH.,#5297);
#5297 = SURFACE_SIDE_STYLE('',(#5298));
#5298 = SURFACE_STYLE_FILL_AREA(#5299);
#5299 = FILL_AREA_STYLE('',(#5300));
#5300 = FILL_AREA_STYLE_COLOUR('',#5076);
#5301 = OVER_RIDING_STYLED_ITEM('overriding color',(#5302),#1110,#5059);
#5302 = PRESENTATION_STYLE_ASSIGNMENT((#5303));
#5303 = SURFACE_STYLE_USAGE(.BOTH.,#5304);
#5304 = SURFACE_SIDE_STYLE('',(#5305));
#5305 = SURFACE_STYLE_FILL_AREA(#5306);
#5306 = FILL_AREA_STYLE('',(#5307));
#5307 = FILL_AREA_STYLE_COLOUR('',#5076);
#5308 = OVER_RIDING_STYLED_ITEM('overriding color',(#5309),#1150,#5059);
#5309 = PRESENTATION_STYLE_ASSIGNMENT((#5310));
#5310 = SURFACE_STYLE_USAGE(.BOTH.,#5311);
#5311 = SURFACE_SIDE_STYLE('',(#5312));
#5312 = SURFACE_STYLE_FILL_AREA(#5313);
#5313 = FILL_AREA_STYLE('',(#5314));
#5314 = FILL_AREA_STYLE_COLOUR('',#5076);
#5315 = OVER_RIDING_STYLED_ITEM('overriding color',(#5316),#1183,#5059);
#5316 = PRESENTATION_STYLE_ASSIGNMENT((#5317));
#5317 = SURFACE_STYLE_USAGE(.BOTH.,#5318);
#5318 = SURFACE_SIDE_STYLE('',(#5319));
#5319 = SURFACE_STYLE_FILL_AREA(#5320);
#5320 = FILL_AREA_STYLE('',(#5321));
#5321 = FILL_AREA_STYLE_COLOUR('',#5076);
#5322 = OVER_RIDING_STYLED_ITEM('overriding color',(#5323),#1214,#5059);
#5323 = PRESENTATION_STYLE_ASSIGNMENT((#5324));
#5324 = SURFACE_STYLE_USAGE(.BOTH.,#5325);
#5325 = SURFACE_SIDE_STYLE('',(#5326));
#5326 = SURFACE_STYLE_FILL_AREA(#5327);
#5327 = FILL_AREA_STYLE('',(#5328));
#5328 = FILL_AREA_STYLE_COLOUR('',#5076);
#5329 = OVER_RIDING_STYLED_ITEM('overriding color',(#5330),#1247,#5059);
#5330 = PRESENTATION_STYLE_ASSIGNMENT((#5331));
#5331 = SURFACE_STYLE_USAGE(.BOTH.,#5332);
#5332 = SURFACE_SIDE_STYLE('',(#5333));
#5333 = SURFACE_STYLE_FILL_AREA(#5334);
#5334 = FILL_AREA_STYLE('',(#5335));
#5335 = FILL_AREA_STYLE_COLOUR('',#5076);
#5336 = OVER_RIDING_STYLED_ITEM('overriding color',(#5337),#1278,#5059);
#5337 = PRESENTATION_STYLE_ASSIGNMENT((#5338));
#5338 = SURFACE_STYLE_USAGE(.BOTH.,#5339);
#5339 = SURFACE_SIDE_STYLE('',(#5340));
#5340 = SURFACE_STYLE_FILL_AREA(#5341);
#5341 = FILL_AREA_STYLE('',(#5342));
#5342 = FILL_AREA_STYLE_COLOUR('',#5076);
#5343 = OVER_RIDING_STYLED_ITEM('overriding color',(#5344),#1311,#5059);
#5344 = PRESENTATION_STYLE_ASSIGNMENT((#5345));
#5345 = SURFACE_STYLE_USAGE(.BOTH.,#5346);
#5346 = SURFACE_SIDE_STYLE('',(#5347));
#5347 = SURFACE_STYLE_FILL_AREA(#5348);
#5348 = FILL_AREA_STYLE('',(#5349));
#5349 = FILL_AREA_STYLE_COLOUR('',#5076);
#5350 = OVER_RIDING_STYLED_ITEM('overriding color',(#5351),#1342,#5059);
#5351 = PRESENTATION_STYLE_ASSIGNMENT((#5352));
#5352 = SURFACE_STYLE_USAGE(.BOTH.,#5353);
#5353 = SURFACE_SIDE_STYLE('',(#5354));
#5354 = SURFACE_STYLE_FILL_AREA(#5355);
#5355 = FILL_AREA_STYLE('',(#5356));
#5356 = FILL_AREA_STYLE_COLOUR('',#5076);
#5357 = OVER_RIDING_STYLED_ITEM('overriding color',(#5358),#1375,#5059);
#5358 = PRESENTATION_STYLE_ASSIGNMENT((#5359));
#5359 = SURFACE_STYLE_USAGE(.BOTH.,#5360);
#5360 = SURFACE_SIDE_STYLE('',(#5361));
#5361 = SURFACE_STYLE_FILL_AREA(#5362);
#5362 = FILL_AREA_STYLE('',(#5363));
#5363 = FILL_AREA_STYLE_COLOUR('',#5076);
#5364 = OVER_RIDING_STYLED_ITEM('overriding color',(#5365),#1406,#5059);
#5365 = PRESENTATION_STYLE_ASSIGNMENT((#5366));
#5366 = SURFACE_STYLE_USAGE(.BOTH.,#5367);
#5367 = SURFACE_SIDE_STYLE('',(#5368));
#5368 = SURFACE_STYLE_FILL_AREA(#5369);
#5369 = FILL_AREA_STYLE('',(#5370));
#5370 = FILL_AREA_STYLE_COLOUR('',#5076);
#5371 = OVER_RIDING_STYLED_ITEM('overriding color',(#5372),#1439,#5059);
#5372 = PRESENTATION_STYLE_ASSIGNMENT((#5373));
#5373 = SURFACE_STYLE_USAGE(.BOTH.,#5374);
#5374 = SURFACE_SIDE_STYLE('',(#5375));
#5375 = SURFACE_STYLE_FILL_AREA(#5376);
#5376 = FILL_AREA_STYLE('',(#5377));
#5377 = FILL_AREA_STYLE_COLOUR('',#5076);
#5378 = OVER_RIDING_STYLED_ITEM('overriding color',(#5379),#1470,#5059);
#5379 = PRESENTATION_STYLE_ASSIGNMENT((#5380));
#5380 = SURFACE_STYLE_USAGE(.BOTH.,#5381);
#5381 = SURFACE_SIDE_STYLE('',(#5382));
#5382 = SURFACE_STYLE_FILL_AREA(#5383);
#5383 = FILL_AREA_STYLE('',(#5384));
#5384 = FILL_AREA_STYLE_COLOUR('',#5076);
#5385 = OVER_RIDING_STYLED_ITEM('overriding color',(#5386),#1503,#5059);
#5386 = PRESENTATION_STYLE_ASSIGNMENT((#5387));
#5387 = SURFACE_STYLE_USAGE(.BOTH.,#5388);
#5388 = SURFACE_SIDE_STYLE('',(#5389));
#5389 = SURFACE_STYLE_FILL_AREA(#5390);
#5390 = FILL_AREA_STYLE('',(#5391));
#5391 = FILL_AREA_STYLE_COLOUR('',#5076);
#5392 = OVER_RIDING_STYLED_ITEM('overriding color',(#5393),#1534,#5059);
#5393 = PRESENTATION_STYLE_ASSIGNMENT((#5394));
#5394 = SURFACE_STYLE_USAGE(.BOTH.,#5395);
#5395 = SURFACE_SIDE_STYLE('',(#5396));
#5396 = SURFACE_STYLE_FILL_AREA(#5397);
#5397 = FILL_AREA_STYLE('',(#5398));
#5398 = FILL_AREA_STYLE_COLOUR('',#5076);
#5399 = OVER_RIDING_STYLED_ITEM('overriding color',(#5400),#1567,#5059);
#5400 = PRESENTATION_STYLE_ASSIGNMENT((#5401));
#5401 = SURFACE_STYLE_USAGE(.BOTH.,#5402);
#5402 = SURFACE_SIDE_STYLE('',(#5403));
#5403 = SURFACE_STYLE_FILL_AREA(#5404);
#5404 = FILL_AREA_STYLE('',(#5405));
#5405 = FILL_AREA_STYLE_COLOUR('',#5076);
#5406 = OVER_RIDING_STYLED_ITEM('overriding color',(#5407),#1598,#5059);
#5407 = PRESENTATION_STYLE_ASSIGNMENT((#5408));
#5408 = SURFACE_STYLE_USAGE(.BOTH.,#5409);
#5409 = SURFACE_SIDE_STYLE('',(#5410));
#5410 = SURFACE_STYLE_FILL_AREA(#5411);
#5411 = FILL_AREA_STYLE('',(#5412));
#5412 = FILL_AREA_STYLE_COLOUR('',#5076);
#5413 = OVER_RIDING_STYLED_ITEM('overriding color',(#5414),#1631,#5059);
#5414 = PRESENTATION_STYLE_ASSIGNMENT((#5415));
#5415 = SURFACE_STYLE_USAGE(.BOTH.,#5416);
#5416 = SURFACE_SIDE_STYLE('',(#5417));
#5417 = SURFACE_STYLE_FILL_AREA(#5418);
#5418 = FILL_AREA_STYLE('',(#5419));
#5419 = FILL_AREA_STYLE_COLOUR('',#5076);
#5420 = OVER_RIDING_STYLED_ITEM('overriding color',(#5421),#1662,#5059);
#5421 = PRESENTATION_STYLE_ASSIGNMENT((#5422));
#5422 = SURFACE_STYLE_USAGE(.BOTH.,#5423);
#5423 = SURFACE_SIDE_STYLE('',(#5424));
#5424 = SURFACE_STYLE_FILL_AREA(#5425);
#5425 = FILL_AREA_STYLE('',(#5426));
#5426 = FILL_AREA_STYLE_COLOUR('',#5076);
#5427 = OVER_RIDING_STYLED_ITEM('overriding color',(#5428),#1695,#5059);
#5428 = PRESENTATION_STYLE_ASSIGNMENT((#5429));
#5429 = SURFACE_STYLE_USAGE(.BOTH.,#5430);
#5430 = SURFACE_SIDE_STYLE('',(#5431));
#5431 = SURFACE_STYLE_FILL_AREA(#5432);
#5432 = FILL_AREA_STYLE('',(#5433));
#5433 = FILL_AREA_STYLE_COLOUR('',#5076);
#5434 = OVER_RIDING_STYLED_ITEM('overriding color',(#5435),#1726,#5059);
#5435 = PRESENTATION_STYLE_ASSIGNMENT((#5436));
#5436 = SURFACE_STYLE_USAGE(.BOTH.,#5437);
#5437 = SURFACE_SIDE_STYLE('',(#5438));
#5438 = SURFACE_STYLE_FILL_AREA(#5439);
#5439 = FILL_AREA_STYLE('',(#5440));
#5440 = FILL_AREA_STYLE_COLOUR('',#5076);
#5441 = OVER_RIDING_STYLED_ITEM('overriding color',(#5442),#1759,#5059);
#5442 = PRESENTATION_STYLE_ASSIGNMENT((#5443));
#5443 = SURFACE_STYLE_USAGE(.BOTH.,#5444);
#5444 = SURFACE_SIDE_STYLE('',(#5445));
#5445 = SURFACE_STYLE_FILL_AREA(#5446);
#5446 = FILL_AREA_STYLE('',(#5447));
#5447 = FILL_AREA_STYLE_COLOUR('',#5076);
#5448 = OVER_RIDING_STYLED_ITEM('overriding color',(#5449),#1790,#5059);
#5449 = PRESENTATION_STYLE_ASSIGNMENT((#5450));
#5450 = SURFACE_STYLE_USAGE(.BOTH.,#5451);
#5451 = SURFACE_SIDE_STYLE('',(#5452));
#5452 = SURFACE_STYLE_FILL_AREA(#5453);
#5453 = FILL_AREA_STYLE('',(#5454));
#5454 = FILL_AREA_STYLE_COLOUR('',#5076);
#5455 = OVER_RIDING_STYLED_ITEM('overriding color',(#5456),#1823,#5059);
#5456 = PRESENTATION_STYLE_ASSIGNMENT((#5457));
#5457 = SURFACE_STYLE_USAGE(.BOTH.,#5458);
#5458 = SURFACE_SIDE_STYLE('',(#5459));
#5459 = SURFACE_STYLE_FILL_AREA(#5460);
#5460 = FILL_AREA_STYLE('',(#5461));
#5461 = FILL_AREA_STYLE_COLOUR('',#5076);
#5462 = OVER_RIDING_STYLED_ITEM('overriding color',(#5463),#1854,#5059);
#5463 = PRESENTATION_STYLE_ASSIGNMENT((#5464));
#5464 = SURFACE_STYLE_USAGE(.BOTH.,#5465);
#5465 = SURFACE_SIDE_STYLE('',(#5466));
#5466 = SURFACE_STYLE_FILL_AREA(#5467);
#5467 = FILL_AREA_STYLE('',(#5468));
#5468 = FILL_AREA_STYLE_COLOUR('',#5076);
#5469 = OVER_RIDING_STYLED_ITEM('overriding color',(#5470),#1887,#5059);
#5470 = PRESENTATION_STYLE_ASSIGNMENT((#5471));
#5471 = SURFACE_STYLE_USAGE(.BOTH.,#5472);
#5472 = SURFACE_SIDE_STYLE('',(#5473));
#5473 = SURFACE_STYLE_FILL_AREA(#5474);
#5474 = FILL_AREA_STYLE('',(#5475));
#5475 = FILL_AREA_STYLE_COLOUR('',#5076);
#5476 = OVER_RIDING_STYLED_ITEM('overriding color',(#5477),#1918,#5059);
#5477 = PRESENTATION_STYLE_ASSIGNMENT((#5478));
#5478 = SURFACE_STYLE_USAGE(.BOTH.,#5479);
#5479 = SURFACE_SIDE_STYLE('',(#5480));
#5480 = SURFACE_STYLE_FILL_AREA(#5481);
#5481 = FILL_AREA_STYLE('',(#5482));
#5482 = FILL_AREA_STYLE_COLOUR('',#5076);
#5483 = OVER_RIDING_STYLED_ITEM('overriding color',(#5484),#1951,#5059);
#5484 = PRESENTATION_STYLE_ASSIGNMENT((#5485));
#5485 = SURFACE_STYLE_USAGE(.BOTH.,#5486);
#5486 = SURFACE_SIDE_STYLE('',(#5487));
#5487 = SURFACE_STYLE_FILL_AREA(#5488);
#5488 = FILL_AREA_STYLE('',(#5489));
#5489 = FILL_AREA_STYLE_COLOUR('',#5076);
#5490 = OVER_RIDING_STYLED_ITEM('overriding color',(#5491),#1982,#5059);
#5491 = PRESENTATION_STYLE_ASSIGNMENT((#5492));
#5492 = SURFACE_STYLE_USAGE(.BOTH.,#5493);
#5493 = SURFACE_SIDE_STYLE('',(#5494));
#5494 = SURFACE_STYLE_FILL_AREA(#5495);
#5495 = FILL_AREA_STYLE('',(#5496));
#5496 = FILL_AREA_STYLE_COLOUR('',#5076);
#5497 = OVER_RIDING_STYLED_ITEM('overriding color',(#5498),#2015,#5059);
#5498 = PRESENTATION_STYLE_ASSIGNMENT((#5499));
#5499 = SURFACE_STYLE_USAGE(.BOTH.,#5500);
#5500 = SURFACE_SIDE_STYLE('',(#5501));
#5501 = SURFACE_STYLE_FILL_AREA(#5502);
#5502 = FILL_AREA_STYLE('',(#5503));
#5503 = FILL_AREA_STYLE_COLOUR('',#5076);
#5504 = OVER_RIDING_STYLED_ITEM('overriding color',(#5505),#2046,#5059);
#5505 = PRESENTATION_STYLE_ASSIGNMENT((#5506));
#5506 = SURFACE_STYLE_USAGE(.BOTH.,#5507);
#5507 = SURFACE_SIDE_STYLE('',(#5508));
#5508 = SURFACE_STYLE_FILL_AREA(#5509);
#5509 = FILL_AREA_STYLE('',(#5510));
#5510 = FILL_AREA_STYLE_COLOUR('',#5076);
#5511 = OVER_RIDING_STYLED_ITEM('overriding color',(#5512),#2079,#5059);
#5512 = PRESENTATION_STYLE_ASSIGNMENT((#5513));
#5513 = SURFACE_STYLE_USAGE(.BOTH.,#5514);
#5514 = SURFACE_SIDE_STYLE('',(#5515));
#5515 = SURFACE_STYLE_FILL_AREA(#5516);
#5516 = FILL_AREA_STYLE('',(#5517));
#5517 = FILL_AREA_STYLE_COLOUR('',#5076);
#5518 = OVER_RIDING_STYLED_ITEM('overriding color',(#5519),#2110,#5059);
#5519 = PRESENTATION_STYLE_ASSIGNMENT((#5520));
#5520 = SURFACE_STYLE_USAGE(.BOTH.,#5521);
#5521 = SURFACE_SIDE_STYLE('',(#5522));
#5522 = SURFACE_STYLE_FILL_AREA(#5523);
#5523 = FILL_AREA_STYLE('',(#5524));
#5524 = FILL_AREA_STYLE_COLOUR('',#5076);
#5525 = OVER_RIDING_STYLED_ITEM('overriding color',(#5526),#2143,#5059);
#5526 = PRESENTATION_STYLE_ASSIGNMENT((#5527));
#5527 = SURFACE_STYLE_USAGE(.BOTH.,#5528);
#5528 = SURFACE_SIDE_STYLE('',(#5529));
#5529 = SURFACE_STYLE_FILL_AREA(#5530);
#5530 = FILL_AREA_STYLE('',(#5531));
#5531 = FILL_AREA_STYLE_COLOUR('',#5076);
#5532 = OVER_RIDING_STYLED_ITEM('overriding color',(#5533),#2174,#5059);
#5533 = PRESENTATION_STYLE_ASSIGNMENT((#5534));
#5534 = SURFACE_STYLE_USAGE(.BOTH.,#5535);
#5535 = SURFACE_SIDE_STYLE('',(#5536));
#5536 = SURFACE_STYLE_FILL_AREA(#5537);
#5537 = FILL_AREA_STYLE('',(#5538));
#5538 = FILL_AREA_STYLE_COLOUR('',#5076);
#5539 = OVER_RIDING_STYLED_ITEM('overriding color',(#5540),#2207,#5059);
#5540 = PRESENTATION_STYLE_ASSIGNMENT((#5541));
#5541 = SURFACE_STYLE_USAGE(.BOTH.,#5542);
#5542 = SURFACE_SIDE_STYLE('',(#5543));
#5543 = SURFACE_STYLE_FILL_AREA(#5544);
#5544 = FILL_AREA_STYLE('',(#5545));
#5545 = FILL_AREA_STYLE_COLOUR('',#5076);
#5546 = OVER_RIDING_STYLED_ITEM('overriding color',(#5547),#2238,#5059);
#5547 = PRESENTATION_STYLE_ASSIGNMENT((#5548));
#5548 = SURFACE_STYLE_USAGE(.BOTH.,#5549);
#5549 = SURFACE_SIDE_STYLE('',(#5550));
#5550 = SURFACE_STYLE_FILL_AREA(#5551);
#5551 = FILL_AREA_STYLE('',(#5552));
#5552 = FILL_AREA_STYLE_COLOUR('',#5076);
#5553 = OVER_RIDING_STYLED_ITEM('overriding color',(#5554),#2271,#5059);
#5554 = PRESENTATION_STYLE_ASSIGNMENT((#5555));
#5555 = SURFACE_STYLE_USAGE(.BOTH.,#5556);
#5556 = SURFACE_SIDE_STYLE('',(#5557));
#5557 = SURFACE_STYLE_FILL_AREA(#5558);
#5558 = FILL_AREA_STYLE('',(#5559));
#5559 = FILL_AREA_STYLE_COLOUR('',#5076);
#5560 = OVER_RIDING_STYLED_ITEM('overriding color',(#5561),#2302,#5059);
#5561 = PRESENTATION_STYLE_ASSIGNMENT((#5562));
#5562 = SURFACE_STYLE_USAGE(.BOTH.,#5563);
#5563 = SURFACE_SIDE_STYLE('',(#5564));
#5564 = SURFACE_STYLE_FILL_AREA(#5565);
#5565 = FILL_AREA_STYLE('',(#5566));
#5566 = FILL_AREA_STYLE_COLOUR('',#5076);
#5567 = OVER_RIDING_STYLED_ITEM('overriding color',(#5568),#2335,#5059);
#5568 = PRESENTATION_STYLE_ASSIGNMENT((#5569));
#5569 = SURFACE_STYLE_USAGE(.BOTH.,#5570);
#5570 = SURFACE_SIDE_STYLE('',(#5571));
#5571 = SURFACE_STYLE_FILL_AREA(#5572);
#5572 = FILL_AREA_STYLE('',(#5573));
#5573 = FILL_AREA_STYLE_COLOUR('',#5076);
#5574 = OVER_RIDING_STYLED_ITEM('overriding color',(#5575),#2366,#5059);
#5575 = PRESENTATION_STYLE_ASSIGNMENT((#5576));
#5576 = SURFACE_STYLE_USAGE(.BOTH.,#5577);
#5577 = SURFACE_SIDE_STYLE('',(#5578));
#5578 = SURFACE_STYLE_FILL_AREA(#5579);
#5579 = FILL_AREA_STYLE('',(#5580));
#5580 = FILL_AREA_STYLE_COLOUR('',#5076);
#5581 = OVER_RIDING_STYLED_ITEM('overriding color',(#5582),#2399,#5059);
#5582 = PRESENTATION_STYLE_ASSIGNMENT((#5583));
#5583 = SURFACE_STYLE_USAGE(.BOTH.,#5584);
#5584 = SURFACE_SIDE_STYLE('',(#5585));
#5585 = SURFACE_STYLE_FILL_AREA(#5586);
#5586 = FILL_AREA_STYLE('',(#5587));
#5587 = FILL_AREA_STYLE_COLOUR('',#5076);
#5588 = OVER_RIDING_STYLED_ITEM('overriding color',(#5589),#2430,#5059);
#5589 = PRESENTATION_STYLE_ASSIGNMENT((#5590));
#5590 = SURFACE_STYLE_USAGE(.BOTH.,#5591);
#5591 = SURFACE_SIDE_STYLE('',(#5592));
#5592 = SURFACE_STYLE_FILL_AREA(#5593);
#5593 = FILL_AREA_STYLE('',(#5594));
#5594 = FILL_AREA_STYLE_COLOUR('',#5076);
#5595 = OVER_RIDING_STYLED_ITEM('overriding color',(#5596),#2463,#5059);
#5596 = PRESENTATION_STYLE_ASSIGNMENT((#5597));
#5597 = SURFACE_STYLE_USAGE(.BOTH.,#5598);
#5598 = SURFACE_SIDE_STYLE('',(#5599));
#5599 = SURFACE_STYLE_FILL_AREA(#5600);
#5600 = FILL_AREA_STYLE('',(#5601));
#5601 = FILL_AREA_STYLE_COLOUR('',#5076);
#5602 = OVER_RIDING_STYLED_ITEM('overriding color',(#5603),#2494,#5059);
#5603 = PRESENTATION_STYLE_ASSIGNMENT((#5604));
#5604 = SURFACE_STYLE_USAGE(.BOTH.,#5605);
#5605 = SURFACE_SIDE_STYLE('',(#5606));
#5606 = SURFACE_STYLE_FILL_AREA(#5607);
#5607 = FILL_AREA_STYLE('',(#5608));
#5608 = FILL_AREA_STYLE_COLOUR('',#5076);
#5609 = OVER_RIDING_STYLED_ITEM('overriding color',(#5610),#2527,#5059);
#5610 = PRESENTATION_STYLE_ASSIGNMENT((#5611));
#5611 = SURFACE_STYLE_USAGE(.BOTH.,#5612);
#5612 = SURFACE_SIDE_STYLE('',(#5613));
#5613 = SURFACE_STYLE_FILL_AREA(#5614);
#5614 = FILL_AREA_STYLE('',(#5615));
#5615 = FILL_AREA_STYLE_COLOUR('',#5076);
#5616 = OVER_RIDING_STYLED_ITEM('overriding color',(#5617),#2558,#5059);
#5617 = PRESENTATION_STYLE_ASSIGNMENT((#5618));
#5618 = SURFACE_STYLE_USAGE(.BOTH.,#5619);
#5619 = SURFACE_SIDE_STYLE('',(#5620));
#5620 = SURFACE_STYLE_FILL_AREA(#5621);
#5621 = FILL_AREA_STYLE('',(#5622));
#5622 = FILL_AREA_STYLE_COLOUR('',#5076);
#5623 = OVER_RIDING_STYLED_ITEM('overriding color',(#5624),#2591,#5059);
#5624 = PRESENTATION_STYLE_ASSIGNMENT((#5625));
#5625 = SURFACE_STYLE_USAGE(.BOTH.,#5626);
#5626 = SURFACE_SIDE_STYLE('',(#5627));
#5627 = SURFACE_STYLE_FILL_AREA(#5628);
#5628 = FILL_AREA_STYLE('',(#5629));
#5629 = FILL_AREA_STYLE_COLOUR('',#5076);
#5630 = OVER_RIDING_STYLED_ITEM('overriding color',(#5631),#2622,#5059);
#5631 = PRESENTATION_STYLE_ASSIGNMENT((#5632));
#5632 = SURFACE_STYLE_USAGE(.BOTH.,#5633);
#5633 = SURFACE_SIDE_STYLE('',(#5634));
#5634 = SURFACE_STYLE_FILL_AREA(#5635);
#5635 = FILL_AREA_STYLE('',(#5636));
#5636 = FILL_AREA_STYLE_COLOUR('',#5076);
#5637 = OVER_RIDING_STYLED_ITEM('overriding color',(#5638),#2655,#5059);
#5638 = PRESENTATION_STYLE_ASSIGNMENT((#5639));
#5639 = SURFACE_STYLE_USAGE(.BOTH.,#5640);
#5640 = SURFACE_SIDE_STYLE('',(#5641));
#5641 = SURFACE_STYLE_FILL_AREA(#5642);
#5642 = FILL_AREA_STYLE('',(#5643));
#5643 = FILL_AREA_STYLE_COLOUR('',#5076);
#5644 = OVER_RIDING_STYLED_ITEM('overriding color',(#5645),#2686,#5059);
#5645 = PRESENTATION_STYLE_ASSIGNMENT((#5646));
#5646 = SURFACE_STYLE_USAGE(.BOTH.,#5647);
#5647 = SURFACE_SIDE_STYLE('',(#5648));
#5648 = SURFACE_STYLE_FILL_AREA(#5649);
#5649 = FILL_AREA_STYLE('',(#5650));
#5650 = FILL_AREA_STYLE_COLOUR('',#5076);
#5651 = OVER_RIDING_STYLED_ITEM('overriding color',(#5652),#2719,#5059);
#5652 = PRESENTATION_STYLE_ASSIGNMENT((#5653));
#5653 = SURFACE_STYLE_USAGE(.BOTH.,#5654);
#5654 = SURFACE_SIDE_STYLE('',(#5655));
#5655 = SURFACE_STYLE_FILL_AREA(#5656);
#5656 = FILL_AREA_STYLE('',(#5657));
#5657 = FILL_AREA_STYLE_COLOUR('',#5076);
#5658 = OVER_RIDING_STYLED_ITEM('overriding color',(#5659),#2750,#5059);
#5659 = PRESENTATION_STYLE_ASSIGNMENT((#5660));
#5660 = SURFACE_STYLE_USAGE(.BOTH.,#5661);
#5661 = SURFACE_SIDE_STYLE('',(#5662));
#5662 = SURFACE_STYLE_FILL_AREA(#5663);
#5663 = FILL_AREA_STYLE('',(#5664));
#5664 = FILL_AREA_STYLE_COLOUR('',#5076);
#5665 = OVER_RIDING_STYLED_ITEM('overriding color',(#5666),#2783,#5059);
#5666 = PRESENTATION_STYLE_ASSIGNMENT((#5667));
#5667 = SURFACE_STYLE_USAGE(.BOTH.,#5668);
#5668 = SURFACE_SIDE_STYLE('',(#5669));
#5669 = SURFACE_STYLE_FILL_AREA(#5670);
#5670 = FILL_AREA_STYLE('',(#5671));
#5671 = FILL_AREA_STYLE_COLOUR('',#5076);
#5672 = OVER_RIDING_STYLED_ITEM('overriding color',(#5673),#2814,#5059);
#5673 = PRESENTATION_STYLE_ASSIGNMENT((#5674));
#5674 = SURFACE_STYLE_USAGE(.BOTH.,#5675);
#5675 = SURFACE_SIDE_STYLE('',(#5676));
#5676 = SURFACE_STYLE_FILL_AREA(#5677);
#5677 = FILL_AREA_STYLE('',(#5678));
#5678 = FILL_AREA_STYLE_COLOUR('',#5076);
#5679 = OVER_RIDING_STYLED_ITEM('overriding color',(#5680),#2847,#5059);
#5680 = PRESENTATION_STYLE_ASSIGNMENT((#5681));
#5681 = SURFACE_STYLE_USAGE(.BOTH.,#5682);
#5682 = SURFACE_SIDE_STYLE('',(#5683));
#5683 = SURFACE_STYLE_FILL_AREA(#5684);
#5684 = FILL_AREA_STYLE('',(#5685));
#5685 = FILL_AREA_STYLE_COLOUR('',#5076);
#5686 = OVER_RIDING_STYLED_ITEM('overriding color',(#5687),#2878,#5059);
#5687 = PRESENTATION_STYLE_ASSIGNMENT((#5688));
#5688 = SURFACE_STYLE_USAGE(.BOTH.,#5689);
#5689 = SURFACE_SIDE_STYLE('',(#5690));
#5690 = SURFACE_STYLE_FILL_AREA(#5691);
#5691 = FILL_AREA_STYLE('',(#5692));
#5692 = FILL_AREA_STYLE_COLOUR('',#5076);
#5693 = OVER_RIDING_STYLED_ITEM('overriding color',(#5694),#2911,#5059);
#5694 = PRESENTATION_STYLE_ASSIGNMENT((#5695));
#5695 = SURFACE_STYLE_USAGE(.BOTH.,#5696);
#5696 = SURFACE_SIDE_STYLE('',(#5697));
#5697 = SURFACE_STYLE_FILL_AREA(#5698);
#5698 = FILL_AREA_STYLE('',(#5699));
#5699 = FILL_AREA_STYLE_COLOUR('',#5076);
#5700 = OVER_RIDING_STYLED_ITEM('overriding color',(#5701),#2942,#5059);
#5701 = PRESENTATION_STYLE_ASSIGNMENT((#5702));
#5702 = SURFACE_STYLE_USAGE(.BOTH.,#5703);
#5703 = SURFACE_SIDE_STYLE('',(#5704));
#5704 = SURFACE_STYLE_FILL_AREA(#5705);
#5705 = FILL_AREA_STYLE('',(#5706));
#5706 = FILL_AREA_STYLE_COLOUR('',#5076);
#5707 = OVER_RIDING_STYLED_ITEM('overriding color',(#5708),#2975,#5059);
#5708 = PRESENTATION_STYLE_ASSIGNMENT((#5709));
#5709 = SURFACE_STYLE_USAGE(.BOTH.,#5710);
#5710 = SURFACE_SIDE_STYLE('',(#5711));
#5711 = SURFACE_STYLE_FILL_AREA(#5712);
#5712 = FILL_AREA_STYLE('',(#5713));
#5713 = FILL_AREA_STYLE_COLOUR('',#5076);
#5714 = OVER_RIDING_STYLED_ITEM('overriding color',(#5715),#3006,#5059);
#5715 = PRESENTATION_STYLE_ASSIGNMENT((#5716));
#5716 = SURFACE_STYLE_USAGE(.BOTH.,#5717);
#5717 = SURFACE_SIDE_STYLE('',(#5718));
#5718 = SURFACE_STYLE_FILL_AREA(#5719);
#5719 = FILL_AREA_STYLE('',(#5720));
#5720 = FILL_AREA_STYLE_COLOUR('',#5076);
#5721 = OVER_RIDING_STYLED_ITEM('overriding color',(#5722),#3039,#5059);
#5722 = PRESENTATION_STYLE_ASSIGNMENT((#5723));
#5723 = SURFACE_STYLE_USAGE(.BOTH.,#5724);
#5724 = SURFACE_SIDE_STYLE('',(#5725));
#5725 = SURFACE_STYLE_FILL_AREA(#5726);
#5726 = FILL_AREA_STYLE('',(#5727));
#5727 = FILL_AREA_STYLE_COLOUR('',#5076);
#5728 = OVER_RIDING_STYLED_ITEM('overriding color',(#5729),#3070,#5059);
#5729 = PRESENTATION_STYLE_ASSIGNMENT((#5730));
#5730 = SURFACE_STYLE_USAGE(.BOTH.,#5731);
#5731 = SURFACE_SIDE_STYLE('',(#5732));
#5732 = SURFACE_STYLE_FILL_AREA(#5733);
#5733 = FILL_AREA_STYLE('',(#5734));
#5734 = FILL_AREA_STYLE_COLOUR('',#5076);
#5735 = OVER_RIDING_STYLED_ITEM('overriding color',(#5736),#3103,#5059);
#5736 = PRESENTATION_STYLE_ASSIGNMENT((#5737));
#5737 = SURFACE_STYLE_USAGE(.BOTH.,#5738);
#5738 = SURFACE_SIDE_STYLE('',(#5739));
#5739 = SURFACE_STYLE_FILL_AREA(#5740);
#5740 = FILL_AREA_STYLE('',(#5741));
#5741 = FILL_AREA_STYLE_COLOUR('',#5076);
#5742 = OVER_RIDING_STYLED_ITEM('overriding color',(#5743),#3134,#5059);
#5743 = PRESENTATION_STYLE_ASSIGNMENT((#5744));
#5744 = SURFACE_STYLE_USAGE(.BOTH.,#5745);
#5745 = SURFACE_SIDE_STYLE('',(#5746));
#5746 = SURFACE_STYLE_FILL_AREA(#5747);
#5747 = FILL_AREA_STYLE('',(#5748));
#5748 = FILL_AREA_STYLE_COLOUR('',#5076);
#5749 = OVER_RIDING_STYLED_ITEM('overriding color',(#5750),#3167,#5059);
#5750 = PRESENTATION_STYLE_ASSIGNMENT((#5751));
#5751 = SURFACE_STYLE_USAGE(.BOTH.,#5752);
#5752 = SURFACE_SIDE_STYLE('',(#5753));
#5753 = SURFACE_STYLE_FILL_AREA(#5754);
#5754 = FILL_AREA_STYLE('',(#5755));
#5755 = FILL_AREA_STYLE_COLOUR('',#5076);
#5756 = OVER_RIDING_STYLED_ITEM('overriding color',(#5757),#3198,#5059);
#5757 = PRESENTATION_STYLE_ASSIGNMENT((#5758));
#5758 = SURFACE_STYLE_USAGE(.BOTH.,#5759);
#5759 = SURFACE_SIDE_STYLE('',(#5760));
#5760 = SURFACE_STYLE_FILL_AREA(#5761);
#5761 = FILL_AREA_STYLE('',(#5762));
#5762 = FILL_AREA_STYLE_COLOUR('',#5076);
#5763 = OVER_RIDING_STYLED_ITEM('overriding color',(#5764),#3231,#5059);
#5764 = PRESENTATION_STYLE_ASSIGNMENT((#5765));
#5765 = SURFACE_STYLE_USAGE(.BOTH.,#5766);
#5766 = SURFACE_SIDE_STYLE('',(#5767));
#5767 = SURFACE_STYLE_FILL_AREA(#5768);
#5768 = FILL_AREA_STYLE('',(#5769));
#5769 = FILL_AREA_STYLE_COLOUR('',#5076);
#5770 = OVER_RIDING_STYLED_ITEM('overriding color',(#5771),#3262,#5059);
#5771 = PRESENTATION_STYLE_ASSIGNMENT((#5772));
#5772 = SURFACE_STYLE_USAGE(.BOTH.,#5773);
#5773 = SURFACE_SIDE_STYLE('',(#5774));
#5774 = SURFACE_STYLE_FILL_AREA(#5775);
#5775 = FILL_AREA_STYLE('',(#5776));
#5776 = FILL_AREA_STYLE_COLOUR('',#5076);
#5777 = OVER_RIDING_STYLED_ITEM('overriding color',(#5778),#3295,#5059);
#5778 = PRESENTATION_STYLE_ASSIGNMENT((#5779));
#5779 = SURFACE_STYLE_USAGE(.BOTH.,#5780);
#5780 = SURFACE_SIDE_STYLE('',(#5781));
#5781 = SURFACE_STYLE_FILL_AREA(#5782);
#5782 = FILL_AREA_STYLE('',(#5783));
#5783 = FILL_AREA_STYLE_COLOUR('',#5076);
#5784 = OVER_RIDING_STYLED_ITEM('overriding color',(#5785),#3326,#5059);
#5785 = PRESENTATION_STYLE_ASSIGNMENT((#5786));
#5786 = SURFACE_STYLE_USAGE(.BOTH.,#5787);
#5787 = SURFACE_SIDE_STYLE('',(#5788));
#5788 = SURFACE_STYLE_FILL_AREA(#5789);
#5789 = FILL_AREA_STYLE('',(#5790));
#5790 = FILL_AREA_STYLE_COLOUR('',#5076);
#5791 = OVER_RIDING_STYLED_ITEM('overriding color',(#5792),#3359,#5059);
#5792 = PRESENTATION_STYLE_ASSIGNMENT((#5793));
#5793 = SURFACE_STYLE_USAGE(.BOTH.,#5794);
#5794 = SURFACE_SIDE_STYLE('',(#5795));
#5795 = SURFACE_STYLE_FILL_AREA(#5796);
#5796 = FILL_AREA_STYLE('',(#5797));
#5797 = FILL_AREA_STYLE_COLOUR('',#5076);
#5798 = OVER_RIDING_STYLED_ITEM('overriding color',(#5799),#3390,#5059);
#5799 = PRESENTATION_STYLE_ASSIGNMENT((#5800));
#5800 = SURFACE_STYLE_USAGE(.BOTH.,#5801);
#5801 = SURFACE_SIDE_STYLE('',(#5802));
#5802 = SURFACE_STYLE_FILL_AREA(#5803);
#5803 = FILL_AREA_STYLE('',(#5804));
#5804 = FILL_AREA_STYLE_COLOUR('',#5076);
#5805 = OVER_RIDING_STYLED_ITEM('overriding color',(#5806),#3414,#5059);
#5806 = PRESENTATION_STYLE_ASSIGNMENT((#5807));
#5807 = SURFACE_STYLE_USAGE(.BOTH.,#5808);
#5808 = SURFACE_SIDE_STYLE('',(#5809));
#5809 = SURFACE_STYLE_FILL_AREA(#5810);
#5810 = FILL_AREA_STYLE('',(#5811));
#5811 = FILL_AREA_STYLE_COLOUR('',#5076);
#5812 = OVER_RIDING_STYLED_ITEM('overriding color',(#5813),#3456,#5059);
#5813 = PRESENTATION_STYLE_ASSIGNMENT((#5814));
#5814 = SURFACE_STYLE_USAGE(.BOTH.,#5815);
#5815 = SURFACE_SIDE_STYLE('',(#5816));
#5816 = SURFACE_STYLE_FILL_AREA(#5817);
#5817 = FILL_AREA_STYLE('',(#5818));
#5818 = FILL_AREA_STYLE_COLOUR('',#5076);
#5819 = OVER_RIDING_STYLED_ITEM('overriding color',(#5820),#3480,#5059);
#5820 = PRESENTATION_STYLE_ASSIGNMENT((#5821));
#5821 = SURFACE_STYLE_USAGE(.BOTH.,#5822);
#5822 = SURFACE_SIDE_STYLE('',(#5823));
#5823 = SURFACE_STYLE_FILL_AREA(#5824);
#5824 = FILL_AREA_STYLE('',(#5825));
#5825 = FILL_AREA_STYLE_COLOUR('',#5076);
#5826 = OVER_RIDING_STYLED_ITEM('overriding color',(#5827),#3522,#5059);
#5827 = PRESENTATION_STYLE_ASSIGNMENT((#5828));
#5828 = SURFACE_STYLE_USAGE(.BOTH.,#5829);
#5829 = SURFACE_SIDE_STYLE('',(#5830));
#5830 = SURFACE_STYLE_FILL_AREA(#5831);
#5831 = FILL_AREA_STYLE('',(#5832));
#5832 = FILL_AREA_STYLE_COLOUR('',#5076);
#5833 = OVER_RIDING_STYLED_ITEM('overriding color',(#5834),#3546,#5059);
#5834 = PRESENTATION_STYLE_ASSIGNMENT((#5835));
#5835 = SURFACE_STYLE_USAGE(.BOTH.,#5836);
#5836 = SURFACE_SIDE_STYLE('',(#5837));
#5837 = SURFACE_STYLE_FILL_AREA(#5838);
#5838 = FILL_AREA_STYLE('',(#5839));
#5839 = FILL_AREA_STYLE_COLOUR('',#5076);
#5840 = OVER_RIDING_STYLED_ITEM('overriding color',(#5841),#3588,#5059);
#5841 = PRESENTATION_STYLE_ASSIGNMENT((#5842));
#5842 = SURFACE_STYLE_USAGE(.BOTH.,#5843);
#5843 = SURFACE_SIDE_STYLE('',(#5844));
#5844 = SURFACE_STYLE_FILL_AREA(#5845);
#5845 = FILL_AREA_STYLE('',(#5846));
#5846 = FILL_AREA_STYLE_COLOUR('',#5076);
#5847 = OVER_RIDING_STYLED_ITEM('overriding color',(#5848),#3612,#5059);
#5848 = PRESENTATION_STYLE_ASSIGNMENT((#5849));
#5849 = SURFACE_STYLE_USAGE(.BOTH.,#5850);
#5850 = SURFACE_SIDE_STYLE('',(#5851));
#5851 = SURFACE_STYLE_FILL_AREA(#5852);
#5852 = FILL_AREA_STYLE('',(#5853));
#5853 = FILL_AREA_STYLE_COLOUR('',#5076);
#5854 = OVER_RIDING_STYLED_ITEM('overriding color',(#5855),#3654,#5059);
#5855 = PRESENTATION_STYLE_ASSIGNMENT((#5856));
#5856 = SURFACE_STYLE_USAGE(.BOTH.,#5857);
#5857 = SURFACE_SIDE_STYLE('',(#5858));
#5858 = SURFACE_STYLE_FILL_AREA(#5859);
#5859 = FILL_AREA_STYLE('',(#5860));
#5860 = FILL_AREA_STYLE_COLOUR('',#5076);
#5861 = OVER_RIDING_STYLED_ITEM('overriding color',(#5862),#3678,#5059);
#5862 = PRESENTATION_STYLE_ASSIGNMENT((#5863));
#5863 = SURFACE_STYLE_USAGE(.BOTH.,#5864);
#5864 = SURFACE_SIDE_STYLE('',(#5865));
#5865 = SURFACE_STYLE_FILL_AREA(#5866);
#5866 = FILL_AREA_STYLE('',(#5867));
#5867 = FILL_AREA_STYLE_COLOUR('',#5076);
#5868 = OVER_RIDING_STYLED_ITEM('overriding color',(#5869),#3718,#5059);
#5869 = PRESENTATION_STYLE_ASSIGNMENT((#5870));
#5870 = SURFACE_STYLE_USAGE(.BOTH.,#5871);
#5871 = SURFACE_SIDE_STYLE('',(#5872));
#5872 = SURFACE_STYLE_FILL_AREA(#5873);
#5873 = FILL_AREA_STYLE('',(#5874));
#5874 = FILL_AREA_STYLE_COLOUR('',#5076);
#5875 = OVER_RIDING_STYLED_ITEM('overriding color',(#5876),#3749,#5059);
#5876 = PRESENTATION_STYLE_ASSIGNMENT((#5877));
#5877 = SURFACE_STYLE_USAGE(.BOTH.,#5878);
#5878 = SURFACE_SIDE_STYLE('',(#5879));
#5879 = SURFACE_STYLE_FILL_AREA(#5880);
#5880 = FILL_AREA_STYLE('',(#5881));
#5881 = FILL_AREA_STYLE_COLOUR('',#5076);
#5882 = OVER_RIDING_STYLED_ITEM('overriding color',(#5883),#3780,#5059);
#5883 = PRESENTATION_STYLE_ASSIGNMENT((#5884));
#5884 = SURFACE_STYLE_USAGE(.BOTH.,#5885);
#5885 = SURFACE_SIDE_STYLE('',(#5886));
#5886 = SURFACE_STYLE_FILL_AREA(#5887);
#5887 = FILL_AREA_STYLE('',(#5888));
#5888 = FILL_AREA_STYLE_COLOUR('',#5076);
#5889 = OVER_RIDING_STYLED_ITEM('overriding color',(#5890),#3802,#5059);
#5890 = PRESENTATION_STYLE_ASSIGNMENT((#5891));
#5891 = SURFACE_STYLE_USAGE(.BOTH.,#5892);
#5892 = SURFACE_SIDE_STYLE('',(#5893));
#5893 = SURFACE_STYLE_FILL_AREA(#5894);
#5894 = FILL_AREA_STYLE('',(#5895));
#5895 = FILL_AREA_STYLE_COLOUR('',#5076);
#5896 = OVER_RIDING_STYLED_ITEM('overriding color',(#5897),#3844,#5059);
#5897 = PRESENTATION_STYLE_ASSIGNMENT((#5898));
#5898 = SURFACE_STYLE_USAGE(.BOTH.,#5899);
#5899 = SURFACE_SIDE_STYLE('',(#5900));
#5900 = SURFACE_STYLE_FILL_AREA(#5901);
#5901 = FILL_AREA_STYLE('',(#5902));
#5902 = FILL_AREA_STYLE_COLOUR('',#5076);
#5903 = OVER_RIDING_STYLED_ITEM('overriding color',(#5904),#3877,#5059);
#5904 = PRESENTATION_STYLE_ASSIGNMENT((#5905));
#5905 = SURFACE_STYLE_USAGE(.BOTH.,#5906);
#5906 = SURFACE_SIDE_STYLE('',(#5907));
#5907 = SURFACE_STYLE_FILL_AREA(#5908);
#5908 = FILL_AREA_STYLE('',(#5909));
#5909 = FILL_AREA_STYLE_COLOUR('',#5076);
#5910 = OVER_RIDING_STYLED_ITEM('overriding color',(#5911),#3910,#5059);
#5911 = PRESENTATION_STYLE_ASSIGNMENT((#5912));
#5912 = SURFACE_STYLE_USAGE(.BOTH.,#5913);
#5913 = SURFACE_SIDE_STYLE('',(#5914));
#5914 = SURFACE_STYLE_FILL_AREA(#5915);
#5915 = FILL_AREA_STYLE('',(#5916));
#5916 = FILL_AREA_STYLE_COLOUR('',#5076);
#5917 = OVER_RIDING_STYLED_ITEM('overriding color',(#5918),#3934,#5059);
#5918 = PRESENTATION_STYLE_ASSIGNMENT((#5919));
#5919 = SURFACE_STYLE_USAGE(.BOTH.,#5920);
#5920 = SURFACE_SIDE_STYLE('',(#5921));
#5921 = SURFACE_STYLE_FILL_AREA(#5922);
#5922 = FILL_AREA_STYLE('',(#5923));
#5923 = FILL_AREA_STYLE_COLOUR('',#5076);
#5924 = OVER_RIDING_STYLED_ITEM('overriding color',(#5925),#3976,#5059);
#5925 = PRESENTATION_STYLE_ASSIGNMENT((#5926));
#5926 = SURFACE_STYLE_USAGE(.BOTH.,#5927);
#5927 = SURFACE_SIDE_STYLE('',(#5928));
#5928 = SURFACE_STYLE_FILL_AREA(#5929);
#5929 = FILL_AREA_STYLE('',(#5930));
#5930 = FILL_AREA_STYLE_COLOUR('',#5076);
#5931 = OVER_RIDING_STYLED_ITEM('overriding color',(#5932),#4009,#5059);
#5932 = PRESENTATION_STYLE_ASSIGNMENT((#5933));
#5933 = SURFACE_STYLE_USAGE(.BOTH.,#5934);
#5934 = SURFACE_SIDE_STYLE('',(#5935));
#5935 = SURFACE_STYLE_FILL_AREA(#5936);
#5936 = FILL_AREA_STYLE('',(#5937));
#5937 = FILL_AREA_STYLE_COLOUR('',#5076);
#5938 = OVER_RIDING_STYLED_ITEM('overriding color',(#5939),#4042,#5059);
#5939 = PRESENTATION_STYLE_ASSIGNMENT((#5940));
#5940 = SURFACE_STYLE_USAGE(.BOTH.,#5941);
#5941 = SURFACE_SIDE_STYLE('',(#5942));
#5942 = SURFACE_STYLE_FILL_AREA(#5943);
#5943 = FILL_AREA_STYLE('',(#5944));
#5944 = FILL_AREA_STYLE_COLOUR('',#5076);
#5945 = STYLED_ITEM('color',(#5946),#4380);
#5946 = PRESENTATION_STYLE_ASSIGNMENT((#5947,#5952));
#5947 = SURFACE_STYLE_USAGE(.BOTH.,#5948);
#5948 = SURFACE_SIDE_STYLE('',(#5949));
#5949 = SURFACE_STYLE_FILL_AREA(#5950);
#5950 = FILL_AREA_STYLE('',(#5951));
#5951 = FILL_AREA_STYLE_COLOUR('',#5066);
#5952 = CURVE_STYLE('',#5953,POSITIVE_LENGTH_MEASURE(0.1),#5066);
#5953 = DRAUGHTING_PRE_DEFINED_CURVE_FONT('continuous');
#5954 = OVER_RIDING_STYLED_ITEM('overriding color',(#5955),#4382,#5945);
#5955 = PRESENTATION_STYLE_ASSIGNMENT((#5956));
#5956 = SURFACE_STYLE_USAGE(.BOTH.,#5957);
#5957 = SURFACE_SIDE_STYLE('',(#5958));
#5958 = SURFACE_STYLE_FILL_AREA(#5959);
#5959 = FILL_AREA_STYLE('',(#5960));
#5960 = FILL_AREA_STYLE_COLOUR('',#5076);
#5961 = OVER_RIDING_STYLED_ITEM('overriding color',(#5962),#4422,#5945);
#5962 = PRESENTATION_STYLE_ASSIGNMENT((#5963));
#5963 = SURFACE_STYLE_USAGE(.BOTH.,#5964);
#5964 = SURFACE_SIDE_STYLE('',(#5965));
#5965 = SURFACE_STYLE_FILL_AREA(#5966);
#5966 = FILL_AREA_STYLE('',(#5967));
#5967 = FILL_AREA_STYLE_COLOUR('',#5076);
#5968 = OVER_RIDING_STYLED_ITEM('overriding color',(#5969),#4453,#5945);
#5969 = PRESENTATION_STYLE_ASSIGNMENT((#5970));
#5970 = SURFACE_STYLE_USAGE(.BOTH.,#5971);
#5971 = SURFACE_SIDE_STYLE('',(#5972));
#5972 = SURFACE_STYLE_FILL_AREA(#5973);
#5973 = FILL_AREA_STYLE('',(#5974));
#5974 = FILL_AREA_STYLE_COLOUR('',#5076);
#5975 = OVER_RIDING_STYLED_ITEM('overriding color',(#5976),#4484,#5945);
#5976 = PRESENTATION_STYLE_ASSIGNMENT((#5977));
#5977 = SURFACE_STYLE_USAGE(.BOTH.,#5978);
#5978 = SURFACE_SIDE_STYLE('',(#5979));
#5979 = SURFACE_STYLE_FILL_AREA(#5980);
#5980 = FILL_AREA_STYLE('',(#5981));
#5981 = FILL_AREA_STYLE_COLOUR('',#5076);
#5982 = OVER_RIDING_STYLED_ITEM('overriding color',(#5983),#4515,#5945);
#5983 = PRESENTATION_STYLE_ASSIGNMENT((#5984));
#5984 = SURFACE_STYLE_USAGE(.BOTH.,#5985);
#5985 = SURFACE_SIDE_STYLE('',(#5986));
#5986 = SURFACE_STYLE_FILL_AREA(#5987);
#5987 = FILL_AREA_STYLE('',(#5988));
#5988 = FILL_AREA_STYLE_COLOUR('',#5076);
#5989 = OVER_RIDING_STYLED_ITEM('overriding color',(#5990),#4546,#5945);
#5990 = PRESENTATION_STYLE_ASSIGNMENT((#5991));
#5991 = SURFACE_STYLE_USAGE(.BOTH.,#5992);
#5992 = SURFACE_SIDE_STYLE('',(#5993));
#5993 = SURFACE_STYLE_FILL_AREA(#5994);
#5994 = FILL_AREA_STYLE('',(#5995));
#5995 = FILL_AREA_STYLE_COLOUR('',#5076);
#5996 = OVER_RIDING_STYLED_ITEM('overriding color',(#5997),#4579,#5945);
#5997 = PRESENTATION_STYLE_ASSIGNMENT((#5998));
#5998 = SURFACE_STYLE_USAGE(.BOTH.,#5999);
#5999 = SURFACE_SIDE_STYLE('',(#6000));
#6000 = SURFACE_STYLE_FILL_AREA(#6001);
#6001 = FILL_AREA_STYLE('',(#6002));
#6002 = FILL_AREA_STYLE_COLOUR('',#5076);
#6003 = OVER_RIDING_STYLED_ITEM('overriding color',(#6004),#4612,#5945);
#6004 = PRESENTATION_STYLE_ASSIGNMENT((#6005));
#6005 = SURFACE_STYLE_USAGE(.BOTH.,#6006);
#6006 = SURFACE_SIDE_STYLE('',(#6007));
#6007 = SURFACE_STYLE_FILL_AREA(#6008);
#6008 = FILL_AREA_STYLE('',(#6009));
#6009 = FILL_AREA_STYLE_COLOUR('',#5076);
#6010 = OVER_RIDING_STYLED_ITEM('overriding color',(#6011),#4643,#5945);
#6011 = PRESENTATION_STYLE_ASSIGNMENT((#6012));
#6012 = SURFACE_STYLE_USAGE(.BOTH.,#6013);
#6013 = SURFACE_SIDE_STYLE('',(#6014));
#6014 = SURFACE_STYLE_FILL_AREA(#6015);
#6015 = FILL_AREA_STYLE('',(#6016));
#6016 = FILL_AREA_STYLE_COLOUR('',#5076);
#6017 = OVER_RIDING_STYLED_ITEM('overriding color',(#6018),#4674,#5945);
#6018 = PRESENTATION_STYLE_ASSIGNMENT((#6019));
#6019 = SURFACE_STYLE_USAGE(.BOTH.,#6020);
#6020 = SURFACE_SIDE_STYLE('',(#6021));
#6021 = SURFACE_STYLE_FILL_AREA(#6022);
#6022 = FILL_AREA_STYLE('',(#6023));
#6023 = FILL_AREA_STYLE_COLOUR('',#5076);
#6024 = OVER_RIDING_STYLED_ITEM('overriding color',(#6025),#4707,#5945);
#6025 = PRESENTATION_STYLE_ASSIGNMENT((#6026));
#6026 = SURFACE_STYLE_USAGE(.BOTH.,#6027);
#6027 = SURFACE_SIDE_STYLE('',(#6028));
#6028 = SURFACE_STYLE_FILL_AREA(#6029);
#6029 = FILL_AREA_STYLE('',(#6030));
#6030 = FILL_AREA_STYLE_COLOUR('',#5076);
#6031 = OVER_RIDING_STYLED_ITEM('overriding color',(#6032),#4740,#5945);
#6032 = PRESENTATION_STYLE_ASSIGNMENT((#6033));
#6033 = SURFACE_STYLE_USAGE(.BOTH.,#6034);
#6034 = SURFACE_SIDE_STYLE('',(#6035));
#6035 = SURFACE_STYLE_FILL_AREA(#6036);
#6036 = FILL_AREA_STYLE('',(#6037));
#6037 = FILL_AREA_STYLE_COLOUR('',#5076);
#6038 = OVER_RIDING_STYLED_ITEM('overriding color',(#6039),#4771,#5945);
#6039 = PRESENTATION_STYLE_ASSIGNMENT((#6040));
#6040 = SURFACE_STYLE_USAGE(.BOTH.,#6041);
#6041 = SURFACE_SIDE_STYLE('',(#6042));
#6042 = SURFACE_STYLE_FILL_AREA(#6043);
#6043 = FILL_AREA_STYLE('',(#6044));
#6044 = FILL_AREA_STYLE_COLOUR('',#5076);
#6045 = OVER_RIDING_STYLED_ITEM('overriding color',(#6046),#4802,#5945);
#6046 = PRESENTATION_STYLE_ASSIGNMENT((#6047));
#6047 = SURFACE_STYLE_USAGE(.BOTH.,#6048);
#6048 = SURFACE_SIDE_STYLE('',(#6049));
#6049 = SURFACE_STYLE_FILL_AREA(#6050);
#6050 = FILL_AREA_STYLE('',(#6051));
#6051 = FILL_AREA_STYLE_COLOUR('',#5076);
#6052 = OVER_RIDING_STYLED_ITEM('overriding color',(#6053),#4835,#5945);
#6053 = PRESENTATION_STYLE_ASSIGNMENT((#6054));
#6054 = SURFACE_STYLE_USAGE(.BOTH.,#6055);
#6055 = SURFACE_SIDE_STYLE('',(#6056));
#6056 = SURFACE_STYLE_FILL_AREA(#6057);
#6057 = FILL_AREA_STYLE('',(#6058));
#6058 = FILL_AREA_STYLE_COLOUR('',#5076);
#6059 = OVER_RIDING_STYLED_ITEM('overriding color',(#6060),#4868,#5945);
#6060 = PRESENTATION_STYLE_ASSIGNMENT((#6061));
#6061 = SURFACE_STYLE_USAGE(.BOTH.,#6062);
#6062 = SURFACE_SIDE_STYLE('',(#6063));
#6063 = SURFACE_STYLE_FILL_AREA(#6064);
#6064 = FILL_AREA_STYLE('',(#6065));
#6065 = FILL_AREA_STYLE_COLOUR('',#5076);
#6066 = OVER_RIDING_STYLED_ITEM('overriding color',(#6067),#4899,#5945);
#6067 = PRESENTATION_STYLE_ASSIGNMENT((#6068));
#6068 = SURFACE_STYLE_USAGE(.BOTH.,#6069);
#6069 = SURFACE_SIDE_STYLE('',(#6070));
#6070 = SURFACE_STYLE_FILL_AREA(#6071);
#6071 = FILL_AREA_STYLE('',(#6072));
#6072 = FILL_AREA_STYLE_COLOUR('',#5076);
ENDSEC;
END-ISO-10303-21;
