:1000000002C2A62030FDD2308F9922029D137F9F1D
:100010007E867D01125E7012C72E9004AF7463F06D
:10002000D2012202CD46E4900B45F0A3F0900B5490
:10003000EFF02202D1CBE4F5C7F5C5F5C675C38054
:10004000F5C42202C9A5900A86126CDA900A8912B8
:100050005F887031900A89E0FF90008AE02FFF905E
:100060000089E03400FE12639CD39FE49E400F128F
:100070006885FF900089A3E0FEC3EF9E8004900A8C
:1000800089E00268ED12639CFF900A89E0FEEFD3DD
:090090009E400574FF1268CB22AA
:06009B0002C02702D4B1EF
:1000A30002D0B69004AEE0FF9004B6E06F6068EF54
:1000B300F0125D747412125B8212613812C1859062
:1000C30009B37401F012616D9407501BEF75F013BF
:1000D300A42415125B757B76FA7F65FE12C18590A9
:1000E30009B3E004F080DE301C2D9004AEE0700F05
:1000F3009009BBF0A37412125A397D14FC8012903C
:1001030004AEE075F013A42415125D6F7411125A36
:10011300397F65FE12C185125FC37427F0A312589D
:10012300F97BDC7A007D27125F2112C4459003A975
:10013300E0126CE3015C00039201073F020A4503EE
:100143000DF3040F25050FF20610F60712A5081389
:100153009C09165F0A000017899003A4E0B4010408
:100163007F0080059004AEE0FFEF14604E146074CE
:100173001470030202991470030202CE1470030276
:10018300035F240560030217891219B0121CB930EA
:10019300260B9004AEE070057AF8FB80047AFF7BAF
:1001A300FFC002C0031258AA7A34794A125CCED037
:1001B30003D002121B9D70030217891258AA7A34C6
:1001C300795312178F125B3D201C027D011258D503
:1001D300FEA3E0900111125EFB12589F121BBD702B
:1001E300030217891258AA7A34795C1217B3125C86
:1001F3007FCEC313CE13D8F9FF7D00201C027D01EF
:100203001258D5FAA3E0FBC002C0037D64125994CF
:10021300EC125899D003D002121B12125C7FCEC38A
:1002230013CE13D8F9FF7D00201C027D011258D58F
:10023300FAA3E0FBC002C0037D0A125994EC1258E2
:1002430099D003D0027FBF121DA91259DE125C7F21
:10025300CEC313CE13D8F9FF7D00201C027D0112FB
:1002630058D5FAA3E0FBC002C0039004B2E0FEA39A
:10027300E0FF1259A1EC125899D003D0027D3C1231
:100283001DB91258AA7BFF7A34796512593B121BA8
:100293002B70030217891258AA7A34796712188FC0
:1002A300125C88CEC313CE13D8F9FF7D00201C0245
:1002B3007D011258D5FEA3E09000A5125EFB1258F3
:1002C3009F7D4F121BED70030217891258AA7A34CF
:1002D30079701217D7125A60201C027D011258D56B
:1002E30075F06412590112589FAB077FAD121AAC17
:1002F300125A60201C027D011258D575F00A12595A
:100303000112589F121918125A60201C027D011203
:1003130058D5FAA3E0FBC002C0031258AA125A2709
:10032300D003D0027FBF121D9F1259DE125A6020E4
:100333001C027D011258D5FEA3E0FF900494E01245
:10034300590A12589F121C821258AA7BFF7A3479D9
:100353006512593B121BAD70030217891258AA7A12
:10036300347979121952125D84CEC313CE13D8F99E
:10037300FF7D00201C027D011258D5FEA3E09000F2
:100383006A125D3112589F7D75121CA9021789905C
:1003930003A4E0B401047F0080059004AEE0FFEF06
:1003A3001460511470030204B81470030205A314FB
:1003B300700302064D1470030206B624056003029F
:1003C30017891219B0121CB930260B9004AEE070D5
:1003D300057AF8FB80047AFF7BFFC002C003125842
:1003E300AA7A347982125CCED003D002121B9D709C
:1003F300030217891258AA7A34798B12178F125B6A
:100403003D201C027D011258D5FAA3E0FBC002C0B7
:100413000390048B125D237D6412599EEC1258994C
:10042300D003D0027D29121B76125B3D201C027D76
:10043300011258D5FAA3E0FBC002C00390048B124B
:100443005D237D0A12599EEC125899D003D0027F86
:10045300B6121DDB1259DE125B3D201C027D011218
:1004630058D5FAA3E0FBC002C0031258AA125A27B8
:10047300D003D0027FBF121AC5125B3D201C027D40
:10048300011258D5FAA3E0FBC002C00390048BE02D
:10049300FEA3E0FF1259A1EC125899D003D0027DBC
:1004A30029121DB91258AA12615F12593B121B5629
:1004B30070030217891258AA7A3479941217B31267
:1004C3005C7FCEC313CE13D8F9FF7D00201C027DC1
:1004D300011258D5FAA3E0FBC002C0039003A11296
:1004E3005D237D6412599EEC125899D003D0027F8C
:1004F300AD121DEB1259DE125C7FCEC313CE13D89F
:10050300F9FF7D00201C027D011258D5FAA3E0FB00
:10051300C002C0039003A1125D237D0A12599EEC11
:10052300125899D003D002121B12125C7FCEC31350
:10053300CE13D8F9FF7D00201C027D011258D5FA95
:10054300A3E0FBC002C0031258AA125A27D003D05B
:10055300027FBF121A78125C7FCEC313CE13D8F971
:10056300FF7D00201C027D011258D5FAA3E0FBC0D9
:1005730002C0039003A1E0FEA3E0FF1259A1EC1215
:100583005899D003D0027D3CFC7FC8FE12A73312DA
:1005930058AA12615F12593B121B2B700302178971
:1005A3001258AA1217FB125C88CEC313CE13D8F9C4
:1005B300FF7D00201C027D011258D512620F75F0D9
:1005C3006412590912589F121A23125C88CEC3135E
:1005D300CE13D8F9FF7D00201C027D011258D5FAF5
:1005E300A3E0FBC002C0031258AA125A27D003D0BB
:1005F30002121AF7125C88CEC313CE13D8F9FF7D0B
:1006030000201C027D011258D512620F75F00A12E8
:10061300590912589F1218D7125C88CEC313CE13F0
:10062300D8F9FF7D00201C027D011258D512620FFC
:1006330012590A12589F121CD31258AA1262F612A8
:10064300593B121B6670030217891258AA7A347930
:10065300A61217D7125A60201C027D011258D51218
:10066300621875F06412590912589F121918125A18
:1006730060201C027D011258D512621875F00A120F
:10068300590912589F121976125A60201C027D01D3
:100693001258D512621812590A12589F121C82124C
:1006A30058AA7BFF7A3479AF12593B121BAD700302
:1006B3000217891258AA7A3479B1121952125D8439
:1006C300CEC313CE13D8F9FF7D00201C027D011287
:1006D30058D512622175F06412590912589F121AE3
:1006E30040125D84CEC313CE13D8F9FF7D00201CC6
:1006F300027D011258D512622175F00A12590912AE
:10070300589F7D75121A08125D84CEC313CE13D879
:10071300F9FF7D00201C027D011258D512622112BF
:10072300590A12589F121D2E1258AA7BFF7A347948
:10073300AF12593B7D75121BDF0217899003A4E0AA
:10074300B401047F0080059004AEE0FFEF14605114
:1007530014700302087614700302096E1470030206
:100763000A182404600302178912592E121C2D1231
:10077300593B121CE130260B9004AEE070057AF869
:10078300FB80047AFF7BFFC002C0031258AA7A34AD
:1007930079BA125D2BD003D002121BCF700302175C
:1007A300891258AA7A3479C3121823125B3D201C8C
:1007B300027D011258D5FAA3E0FBC002C0039000EA
:1007C30084125D237D6412599EEC125899D003D094
:1007D300027FAD121DDB1259DE125B3D201C027D30
:1007E300011258D5FAA3E0FBC002C00390008412A3
:1007F3005D237D0A12599EEC125899D003D0027DD5
:1008030029FC7FB6FE12A7331259DE125B3D201C72
:10081300027D011258D5FAA3E0FBC002C003900089
:1008230084E0FEA3E0FF1259A1EC125899D003D043
:10083300027D29FC7FBFFE12A7331259DE125B3DF6
:10084300201C027D011258D5FAA3E0FBC002C003AD
:100853001258AA125C11D003D0027D29121D48122E
:1008630058AA7BFF7A3479CC12593B121B5670037A
:100873000217891258AA7A3479CE121847125C7F6C
:10088300CEC313CE13D8F9FF7D00201C027D0112C5
:1008930058D5FAA3E0FBC002C003900489125D237C
:1008A3007D6412599EEC125899D003D0027D3CFC12
:1008B3007FADFE12A7331259DE125C7FCEC313CE77
:1008C30013D8F9FF7D00201C027D011258D5FAA32D
:1008D300E0FBC002C003900489125D237D0A125914
:1008E3009EEC125899D003D0027FB6121DA912595B
:1008F300DE125C7FCEC313CE13D8F9FF7D00201C1C
:10090300027D011258D5FAA3E0FBC002C003900494
:1009130089E0FEA3E0FF1259A1EC125899D003D04D
:10092300027FBF121DEB1259DE125C7FCEC313CEC2
:1009330013D8F9FF7D00201C027D011258D5FAA3BC
:10094300E0FBC002C0031258AA125C11D003D0020C
:100953007D3C121D481258AA7BFF7A3479CC125978
:100963003B7D3C121BDF70030217891258AA121732
:10097300FB125C88CEC313CE13D8F9FF7D00201C75
:10098300027D011258D512622A75F06412590912B8
:10099300589F121A23125C88CEC313CE13D8F9FFC3
:1009A3007D00201C027D011258D5FAA3E0FBC00292
:1009B300C0031258AA125A27D003D002121AF712F0
:1009C3005C88CEC313CE13D8F9FF7D00201C027DB3
:1009D300011258D512622A75F00A12590912589F4A
:1009E3001218D7125C88CEC313CE13D8F9FF7D003B
:1009F300201C027D011258D512622A12590A12587C
:100A03009F121CD31258AA1262F612593B121B668C
:100A130070030217891258AA7A3479D712186B1205
:100A23005A60201C027D011258D5FEA3E090048F6A
:100A3300125D3112589FAB077D627FCB121D3C02C2
:100A430017899003A4E0B401047F0080059004AEED
:100A5300E0FFEF126CE30A72000AAA010ADC020B40
:100A630068030BF4040C8B050D5106000017891263
:100A7300592E121C2D12593B121CE130260B9004E7
:100A8300AEE070057AF8FB80047AFF7BFFC002C0FA
:100A9300031258AA7A3479E4125D2BD003D00212E0
:100AA3001BCF70030217891258AA7A3479ED1218F2
:100AB30023125B3D201C027D011258D5FEA3E0905A
:100AC30004BC1261742423F582E4340012589F7D20
:100AD30029121CF970030217891258AA7A3479F67D
:100AE300121847125C7FCEC313CE13D8F9FF7D00D3
:100AF300201C027D011258D512623375F06412591D
:100B03000912589F7D3C121A5D125C7FCEC313CE2F
:100B130013D8F9FF7D00201C027D011258D5126203
:100B23003375F00A12590912589F7D3C121A91121B
:100B33005C7FCEC313CE13D8F9FF7D00201C027D4A
:100B4300011258D512623312590A12589F7D3C1272
:100B53001CED1258AA12630B12593B7D3C121C5414
:100B630070030217891258AA7A35790212188F1264
:100B73005C88CEC313CE13D8F9FF7D00201C027D01
:100B8300011258D512623C75F06412590912589F2C
:100B93007D4F121A5D125C88CEC313CE13D8F9FFB2
:100BA3007D00201C027D011258D512623C75F00AAB
:100BB30012590912589F7D4F121A91125C88CEC3A5
:100BC30013CE13D8F9FF7D00201C027D011258D5E6
:100BD30012623C12590A12589F7D4F121CED125893
:100BE300AA12630B12593B7D4F121C547003021758
:100BF300891258AA7A35790B12186B125A60201C85
:100C0300027D011258D512624575F064125909121A
:100C1300589FAB07AA067D62121B76125A60201CEE
:100C2300027D011258D512624575F00A1259091254
:100C3300589FAB077FB6121AAC125A60201C027D74
:100C4300011258D512624512590A12589F12197689
:100C5300125A60201C027D011258D5FAA3E0FBC092
:100C630002C0031258AA125C11D003D0027FC8122B
:100C73001D9F1258AA7BFF7A35791412593B7D6266
:100C8300121BFD70030217891258AA7BFF7A35796C
:100C93001612593B121B3B125D84CEC313CE13D8DD
:100CA300F9FF7D00201C027D011258D512624E759A
:100CB300F06412590912589F121A40125D84CEC370
:100CC30013CE13D8F9FF7D00201C027D011258D5E5
:100CD300FAA3E0FBC002C0031258AA125A27D0039A
:100CE300D0027FBF121DC11259DE125D84CEC31321
:100CF300CE13D8F9FF7D00201C027D011258D512B6
:100D0300624E75F00A12590912589F121D2E12597C
:100D1300DE125D84CEC313CE13D8F9FF7D00201CF1
:100D2300027D011258D512624E12590A12589FAB16
:100D3300077FD2121DF31258AA7BFF7A35791F124F
:100D4300593B7D757FAD121D22700302178912581E
:100D5300AA7BFF7A35792112593B7D881259D71224
:100D6300A7331259DE125F75CEC313CE13D8F9FF22
:100D73007D00201C027D011258D512625775F06464
:100D830012590912589FAB077FAF121ADE125F7513
:100D9300CEC313CE13D8F9FF7D00201C027D0112B0
:100DA30058D512625775F00A12590912589FAB07AA
:100DB3007FB8121E0D1259DE125F75CEC313CE1308
:100DC300D8F9FF7D00201C027D011258D51262570D
:100DD30012590A12589FAB077FC1121E0D1258AA4F
:100DE30012630B12593B7D887FCB121D2202178998
:100DF3009003A4E0B401047F0080059004AEE0FFFB
:100E0300EF14605314607A147003020EB814700365
:100E1300020EFB2404600302178912592E121C9040
:100E230012593B125C9712C54930260B9004AEE071
:100E330070057AF8FB80047AFF7BFFC002C00312BF
:100E430058AA7A35792A125D69D003D0027F7812C5
:100E53001D5270030217891258AA7A357935121870
:100E6300B3125B3D201C027D011258D5FEA3E0FFA7
:100E7300900061125D3212589F121BBD700302175E
:100E8300891258AA7A35793E1218F4125C7FCEC3C0
:100E930013CE13D8F9FF7D00201C027D011258D513
:100EA300FEA3E0FF900490125D3212589F121C1BA8
:100EB30070030217891258AA7BFF7A3579471259B2
:100EC3003B7D4F1259D712A7331259DE125C88CEDD
:100ED300C313CE13D8F9FF7D00201C027D011258E5
:100EE300D5FEA3E0FF900472125D3212589F7D4F2E
:100EF300121CA970030217891258AA7A3579521263
:100F030019E4125A60201C027D011258D5FEA3E099
:100F1300FF900479125D3212589F7D62121BED021D
:100F230017899003A4E0B401047F0080059004AE08
:100F3300E0FFEF14604814605614606914607C2469
:100F4300046003020FD212592E121C9012593B1245
:100F53005C9712C54930260B9004AEE070057AF811
:100F6300FB80047AFF7BFFC002C0031258AA7A35C4
:100F7300795F125D69D003D002121C0B60511258C5
:100F8300AA7BFF7A35796812593B121B8D60401298
:100F930058AA7BFF7A35797112593B7D3C1259D798
:100FA300121D97602A1258AA7BFF7A35797A125953
:100FB3003B7D4F1259D7121D9760141258AA7BFF1D
:100FC3007A35798312593B7D621259D712A733E4DC
:100FD3009009B3F012616D9404500E125D9E125885
:100FE300AA125B33121D6080EB9004750213849088
:100FF30003A4E0B401047F0080059004AEE0FFEF9A
:10100300126CE3101F00105901106A0210800310C4
:10101300960410AC0510C206000010D612592E1209
:101023001D0912593B125C9712C54930260B9004D7
:10103300AEE070057AF8FB80047AFF7BFFC002C044
:10104300031258AA7A35798E125DAFD003D0027F8E
:101053007C121D52607D1258AA7BFF7A3579981253
:10106300593B121B8D606C1258AA7BFF7A3579A508
:1010730012593B7D3C1259D7121DB160561258AA22
:101083007BFF7A3579B212593B7D4F1259D7121D26
:10109300B160401258AA7BFF7A3579BF12593B7D64
:1010A300621259D7121DE3602A1258AA7BFF7A35C0
:1010B30079CC12593B7D751259D7121DE360141276
:1010C30058AA7BFF7A3579D912593B7D881259D7B3
:1010D30012A733E49009B3F012616D9406500E1217
:1010E3005D9E1258AA125B33121D6080EB9004714F
:1010F3000213849003A4E0B401047F0080059004EC
:10110300AEE0FFEF1460541470030211C6147003B1
:101113000211FA14700302127A240460030217897D
:1011230012592E121D0912593B125C9712C54930F0
:10113300260B9004AEE070057AF8FB80047AFF7BFF
:10114300FFC002C0031258AA7A3579E6125DAFD008
:1011530003D002121C0B70030217891258AA7A35A6
:1011630079EF1218B3125B3D201C027D011258D592
:1011730012626075F06412590912589F1219931282
:101183005B3D201C027D011258D512626075F00A86
:1011930012590912589F121935125B3D201C027D0A
:1011A300011258D512626012590A12589F121C4636
:1011B3001258AA1262FD12593B7D29121BFD7003BE
:1011C3000217891258AA7A3579F81218F4125C7F3B
:1011D300CEC313CE13D8F9FF7D00201C027D01126C
:1011E30058D5FEA3E0FF90045D125EFC12589F12D7
:1011F3001C1B70030217891258AA7BFF7A367901E8
:1012030012593B7D4F1259D712A7331259DE125C84
:1012130088CEC313CE13D8F9FF7D00201C027D01B5
:101223001258D5FEA3E0FF90007CE075F00A125936
:101233000912589F7D4F121A08125C88CEC313CE31
:1012430013D8F9FF7D00201C027D011258D5FEA39F
:10125300E0FF90007CE012590A12589F7D4F121D47
:101263008B1258AA7BFF7A36790A12593B7D4F12AB
:101273001CC570030217891258AA7A36790C121901
:10128300E4125A60201C027D011258D5FEA3E0FF30
:1012930090008EE012591012589F7D62121C620258
:1012A30017899003A4E0B401047F0080059004AE85
:1012B300E0FFEF14604B14605E146071147003025E
:1012C300134A2404600302135E12592E121D721274
:1012D300593B125C9712C54930260B9004AEE0705F
:1012E300057AF8FB80047AFF7BFFC002C003125823
:1012F300AA7A367915125E4CD003D002121C7260A2
:101303005A1258AA7BFF7A36791E12593B7D29124D
:1013130059D7121E0560441258AA7BFF7A367927E3
:1013230012593B7D3C1259D7121E05602E1258AA42
:101333007BFF7A36792E12593B7D4F1259D712A76C
:10134300339003A4E060141258AA7BFF7A367933F2
:1013530012593B7D621259D712A733E49009B3F0B7
:1013630012616D94065017125D9E1258AA125B33D8
:101373001261FA12A7339009B3E004F080E29000FF
:1013830087E0FF125D9E1260AC7A3B7917125E4CC8
:101393001261FA12C5490217899003A4E0B401044B
:1013A3007F0080059004AEE0FFEF126CE313C900E9
:1013B30014040114730214BA0315450415870515A3
:1013C300D1060000178912592E121D7212593B12B1
:1013D3005C9712C54930260B9004AEE070057AF88D
:1013E300FB80047AFF7BFFC002C0031258AA7A363F
:1013F300793A125F5AD003D002121C72700302179B
:10140300891258AA7BFF7A36794312593B7F6612B9
:101413001AC5125B3D201C027D011258D512626968
:1014230075F06412590912589F121993125B3D20EB
:101433001C027D011258D512626975F00A1259090E
:1014430012589F121935125B3D201C027D01125860
:10145300D512626912590A12589F121C461258AAD1
:101463001262F612593B7D29121CC57003021789BB
:101473001258AA7BFF7A36794C12593B7F66121AAF
:1014830078125C7FCEC313CE13D8F9FF7D00201CE6
:10149300027D011258D5FEA3E09000C212617424AC
:1014A30033F582E4340012589FAB077D3C7FA912C9
:1014B3001D3C70030217891258AA7BFF7A367955AF
:1014C30012593B7D4F1259D712A73390006EE0FD9E
:1014D300640270321259DE125C88CEC313CE13D865
:1014E300F9FF7C00201C027C01ECFBEF5B1258D758
:1014F300FEA3E0FFED12633112589FAB07AA067DEE
:101503004FFC7FAB802F1259DE125C88CEC313CE03
:1015130013D8F9FF7D00201C027D011258D5FEA3CC
:10152300E0FF90006EE012633112589FAB07AA06EA
:101533007D4FFC7FA7FE12A7339003A4E070030244
:1015430017891258AA7BFF7A36795E12593B7D625E
:101553001259D712A7331259DE125A60201C027D8A
:10156300011258D5FEA3E0FF9004D2E075F003A466
:1015730024E9F582E4340012589F7D62121CF9704D
:10158300030217891258AA7BFF7A36796912593BED
:10159300121B3B125D84CEC313CE13D8F9FF7D001B
:1015A300201C027D011258D5FEA3E0FF900073E0DA
:1015B30075F003A424EFF582E4340012589FAB07BF
:1015C3007FC9121DF39003A4E07003021789125818
:1015D300AA7BFF7A36797212593B7D881259D7124A
:1015E300A7331259DE125F75CEC313CE13D8F9FF9A
:1015F3007D00201C027D011258D512627275F064C1
:1016030012590912589FAB077FBF121ADE125F757A
:10161300CEC313CE13D8F9FF7D00201C027D011227
:1016230058D512627275F00A12590912589F7D88B3
:10163300121D8B1259DE125F75CEC313CE13D8F968
:10164300FF7D00201C027D011258D51262721259CF
:101653000A12589F7D88121C6202178912592E7D27
:10166300157C007F687E0012C5491260AC7BFF7A4F
:101673003B790712593B125C9712C54930260B90F0
:1016830004AEE070057AF8FB80047AFF7BFFC002AA
:10169300C0031258AA7A36797D125F5AD003D0025A
:1016A3007D167F80121DFD1258AA7BFF7A3679863C
:1016B30012593B7D291259D712A7331258AA7BFF1F
:1016C3007A36799012593B7D3C1259D712A73312BF
:1016D30058AA7BFF7A36799612593B7D3C7F8F124D
:1016E3001DFD1258AA7BFF7A3679AA12593B7D4F0A
:1016F3001259D712A7331258AA7BFF7A3679B81238
:10170300593B7D627C007F747E0012A733E490090D
:10171300B3F09009B3125FFD9009B4F0FDEF1261CD
:101723007B12591012589F7D62121DCBE0C394089F
:1017330040E01258AA7BFF7A3679BC12593B7F6B83
:10174300121DC1E49009B3F012616D940850201288
:10175300633D12D5109009B4EFF0FD9009B3E01288
:10176300617B12591012589F7D75121DCB80D912BF
:1017730058AA7BFF7A3679C112593B7D8A7C007F58
:101783006B7E0012A733E49003A4F0227BFFA31225
:101793006CDA74FFFA7D297C007F667E0012A73322
:1017A3009004AEE025E0249AF582E43404F5832224
:1017B3007BFFA3126CDA74FFFA7D3C7C007F667EAC
:1017C3000012A7339004AEE025E0249AF582E434B6
:1017D30004F583227BFFA3126CDA74FFFA7D627C2B
:1017E300007F667E0012A7339004AEE025E0249AC2
:1017F300F582E43404F583227BFF7A34799DA312C6
:101803006CDA74FFFA7D4F7C007F667E0012A7338B
:101813009004AEE025E0249AF582E43404F58322B3
:101823007BFFA3126CDA74FFFA7D297C007F667E4E
:101833000012A7339004AEE025E0249AF582E43445
:1018430004F583227BFFA3126CDA74FFFA7D3C7CE0
:10185300007F667E0012A7339004AEE025E0249A51
:10186300F582E43404F583227BFFA3126CDA74FF60
:10187300FA7D627C007F667E0012A7339004AEE09F
:1018830025E0249AF582E43404F583227BFFA31236
:101893006CDA74FFFA7D4F7C007F667E0012A733FB
:1018A3009004AEE025E0249AF582E43404F5832223
:1018B3007BFFA3126CDA74FFFA7D297C007F667EBE
:1018C3000012A7339004AEE025E0249AF582E434B5
:1018D30004F58322AB07AA067D4FFC7FBFFE12A748
:1018E300339004AEE025E0249AF582E43404F583D2
:1018F300227BFFA3126CDA74FFFA7D3C7C007F66C7
:101903007E0012A7339004AEE025E0249AF582E42A
:101913003404F58322AB07AA067D62FC7FB6FE1270
:10192300A7339004AEE025E0249AF582E43404F56D
:101933008322AB07AA067D29FC7FBFFE12A7339043
:1019430004AEE025E0249AF582E43404F583227B97
:10195300FFA3126CDA74FFFA7D757C007F667E004C
:1019630012A7339004AEE025E0249AF582E4340410
:10197300F58322AB07AA067D62FC7FBFFE12A73365
:101983009004AEE025E0249AF582E43404F5832242
:10199300AB07AA067D29FC7FB6FE12A7339004AEDF
:1019A300E025E0249AF582E43404F58322E49009E7
:1019B300BBF0A3F07BFF7A3A79F7A3126CDA74FFDA
:1019C300FA7D157C007F687E0012C549E49009BB4F
:1019D300F0A3F07BFF7A3B7907A3126CDA74FFFA6A
:1019E300227BFFA3126CDA74FFFA7D627C007F66B0
:1019F3007E0012A7339004AEE025E0249AF582E43A
:101A03003404F58322AB07AA06FC7FBFFE12A7337B
:101A13009004AEE025E0249AF582E43404F58322B1
:101A2300AB07AA067D4FFC7FADFE12A7339004AE31
:101A3300E025E0249AF582E43404F58322AB07AA77
:101A4300067D75FC7FB6FE12A7339004AEE025E059
:101A5300249AF582E43404F58322AB07AA06FC7FBB
:101A6300AFFE12A7339004AEE025E0249AF582E49A
:101A73003404F583227D3C7C007E0012A73390045E
:101A8300AEE025E0249AF582E43404F58322AB0723
:101A9300AA06FC7FB8FE12A7339004AEE025E0242B
:101AA3009AF582E43404F58322AA067D62FCFE12D1
:101AB300A7339004AEE025E0249AF582E43404F5DC
:101AC30083227D297C007E0012A7339004AEE0259B
:101AD300E0249AF582E43404F58322AA067D88FC87
:101AE300FE12A7339004AEE025E0249AF582E43495
:101AF30004F583227D4F7C007FB67E0012A73390CE
:101B030004AEE025E0249AF582E43404F583227DD3
:101B13003CFC7FB6FE12A7339004AEE025E0249A86
:101B2300F582E43404F583227D3C7C007FD27E0081
:101B330012A7339003A4E0227D757C007F667E00AC
:101B430012A7339004AEE025E0249AF582E434042E
:101B5300F583227D297C007FD27E0012A733900378
:101B6300A4E0227D4F7C007FD27E0012A733900336
:101B7300A4E022FC7FADFE12A7339004AEE025E083
:101B8300249AF582E43404F583227D297C007F6660
:101B93007E0012A7339003A4E0227D167C007F8091
:101BA3007E0012A7339003A4E0227D627C007FD2E3
:101BB3007E0012A7339003A4E022AB07AA067D2977
:101BC300FC7FCAFE12A7339003A4E0227D167C009B
:101BD3007F807E0012A7339003A4E0227C007FD293
:101BE3007E0012A7339003A4E022AB07AA06FC7F72
:101BF300CAFE12A7339003A4E0227C007FD27E00AA
:101C030012A7339003A4E0227D167C007F807E0020
:101C130012A7339003A4E022AB07AA067D3CFC7F06
:101C2300CAFE12A7339003A4E0227D157C007F68CF
:101C33007E0012C549E49009BBF0A3F07BFF7A3B19
:101C4300790722AB07AA067D29FC7FC8FE12A733BA
:101C5300227C007FCB7E0012A7339003A4E022AB4B
:101C630007AA06FC7FD2FE12A7339003A4E0227DCD
:101C7300167C007F807E0012A7339003A4E022AB82
:101C830007AA067D62FC7FC8FE12A733227D157C5E
:101C9300007F687E0012C549E49009BBF0A3F07B86
:101CA300FF7A3B790722AB07AA06FC7FCAFE12A77D
:101CB300339003A4E0227D157C007FD07E0012C503
:101CC30049227C007FD27E0012A7339003A4E02236
:101CD300AB07AA067D4FFC7FC8FE12A733227D15F2
:101CE3007C007FD07E0012C54922AB07AA06FC7F89
:101CF300C1FE12A73322AB07AA06FC7FBAFE12A7C6
:101D0300339003A4E0227D157C007F687E0012C51A
:101D130049E49009BBF0A3F07BFF7A3B7907227C6F
:101D2300007E0012A7339003A4E022AB07AA067D2E
:101D330075FC7FC8FE12A73322AA06FCFE12A73346
:101D43009003A4E0227C007FC87E0012A733227D8B
:101D5300167C007E0012A7339003A4E0227B007A56
:101D6300F87FD17E0012A7339009B3E004F0227DFF
:101D7300157C007F687E0012C549E49009BBF0A37F
:101D8300F07BFF7A3B790722AB07AA06FC7FC8FEEC
:101D930012A7332212A7339003A4E0227D627C00B2
:101DA3007E0012A733227D3CFCFE12A7332212A72A
:101DB300339003A4E022FC7FC8FE12A733227D7573
:101DC3007C007E0012A7332274FFFBFA7C0012A76B
:101DD300339009B3E004F0227D29FCFE12A73322DD
:101DE30012A7339003A4E0227D3CFCFE12A733220A
:101DF300AA067D75FCFE12A733227C007E0012A783
:101E0300332212A7339003A4E022AA067D88FCFEA6
:101E130012A733229003A3E014700302221C147050
:101E2300030225991470030229EA24036003022F95
:101E33000D900497E0FF900491E0FE6F60529004D0
:101E430097EE122FF17425125B82123168125D74C2
:101E53007425125B8212311B300A35900491E01411
:101E6300601814601C146020240370249009BBE4E0
:101E7300F07412125A387D148013125A317D28805F
:101E83000C125A317D4F8005125A317D761232176A
:101E93009003A4E0B401047F008005900491E0FF67
:101EA300EF147003021F2C147003021FF714700346
:101EB30002214D24036003022F0D302C067AF87B98
:101EC3000080047AFF7BFFC002C0031258AA7A3352
:101ED30079B5125A9AD003D00212315C3031067AA6
:101EE300847B1080047AFF7BFFC002C003125A7404
:101EF300D003D0027F68125C9912C5493031067A4B
:101F0300847B1080047AFF7BFFC002C003125A8FC8
:101F1300D003D002125C971231B87427F0A3125881
:101F2300F91230657003022F0D1258AA7A3379BE65
:101F3300125B377A077D2B1259D712A7331258AA8F
:101F4300125B4B7A077D3C1259D712A73390013AA3
:101F5300125943C007C00612591CAE4CAF4D7C0347
:101F63007DE81258B8125A85D0E0F0A3D0E0122FC2
:101F73006A125C27125F7E125955C007C0061259B8
:101F83001C7D641258B2125A85D0E0F0A3D0E0123F
:101F93002F7B1258AA1259EE1230F1125C27540209
:101FA300C313125955C007C00612591C7D0A125893
:101FB300B2125A85D0E0F0A3D0E0F07FB712310D12
:101FC300125C275401125955C007C00612591CAEA2
:101FD3004CAF4D1258BB125A85D0E0F0A3D0E0129B
:101FE3002FC4125FC3744EF0A31258F912309570C8
:101FF30003022F0D900111E060067AFF7BE080045D
:102003007A847B10C002C0031258AA7A3379CA12A9
:102013005B4FD003D0027D521259D712A7339001E0
:1020230011E060067AFF7BE080047A847B10C002B3
:10203300C0031258AA125BB9D003D0027D631259B0
:10204300D712A73390013B125943C007C006125958
:102053001CAE52AF537C037DE81258B8125A85D098
:10206300E0F0A3D0E0F0900111E060067AFF7BE09E
:1020730080047A847B107F8A1230A9125F7E125902
:1020830055C007C00612591C1262CC7D641258B8A1
:10209300125A85D0E0F0A3D0E0F0900111E0600681
:1020A3007AFF7BE080047A847B1012320390011163
:1020B300E060067AFF7BE080047A847B10C002C074
:1020C300031258AA1259EED003D0021231AC900178
:1020D3003B125C2A5402C313125955C007C006129F
:1020E300591C1262CC7D0A1258B8125A85D0E0F0FE
:1020F300A3D0E0F0900111E060067AFF7BE080045A
:102103007A847B107FB71230A95401125955C00746
:10211300C00612591CAE52AF531258BB125A85D087
:10212300E0F0A3D0E0F0900111E060067AFF7BE0DD
:1021330080047A847B107D531231CC7475F0A31222
:1021430058F91230DD7003022F0D1258AA7A337931
:10215300D4125BBD7D791259D312A7331258AA7AD0
:102163003379D9125C157D8A1259D312A7339001A2
:102173003C125943C007C00612591C1260B41258CE
:10218300B8125A85D0E0F0A3D0E0F07F8A122F8CEA
:10219300125F7E125955C007C00612591CAE3CAFE0
:1021A3003D7C007D3C1258B8125A85D0E0F0A3D094
:1021B300E0F07F9C1230CF1258AA7A3379DE125C9A
:1021C3005D7A077D8312312890013C125C2A540208
:1021D300C313125955C007C00612591C125C63126F
:1021E30058B8125A85D0E0F0A3D0E0F07FB7122F91
:1021F3008C5401125955C007C00612591C125C6356
:102203001258BF125A85D0E0F0A3D0E0F07FC91274
:1022130030CF9003A4E0022F0D900496E0FF9004CA
:10222300B1E06F6041122F137425125B8212311BD0
:10223300300A33900496E014601614601A14601E7A
:1022430024037022125D747412125A397D148013A0
:10225300125A317D28800C125A317D4F8005125A53
:10226300317D761232179003A4E0B401047F00801D
:1022730005900496E0FFEF14607D1470030223DEE3
:102283001470030224BB24036003022F0D302C06B9
:102293007AF87B0080047AFF7BFFC002C0031258E8
:1022A300AA7A3379E0125C5DD003D00212315C303C
:1022B30031067A847B1080047AFF7BFFC002C0035F
:1022C300125A74D003D00212321F3031067A847B43
:1022D3001080047AFF7BFFC002C003125A8FD00321
:1022E300D002125C971231B87427F0A31258F91276
:1022F30030657003022F0D1258AA7A3379BE125C2F
:10230300797A077D2B1259D712A7331258AA125B79
:102313004B7A077D3C1259D712A73390013D1259CE
:1023230043C007C00612591CAE5AAF5B7C037DE85D
:102333001258B8125A85D0E0F0A3D0E0122F6A9059
:10234300013D125C2A125F7E125955C007C0061266
:10235300591C1262D37D641258B8125A85D0E0F02A
:10236300A3D0E0122F7B1258AA1259EE1230F1902B
:10237300013D125C2A5402C313125955C007C0060B
:1023830012591C1262D37D0A1258B8125A85D0E032
:10239300F0A3D0E0F07BFF7A077D2C7C007FB77E33
:1023A3000012BF6890013D125C2A5401125955C0B6
:1023B30007C00612591CAE5AAF5B1258BB125A859E
:1023C300D0E0F0A3D0E0122FC4125FC3744EF0A389
:1023D3001258F91230957003022F0D1258AA7A334E
:1023E30079E9125C797BE07AFF7D521259D712A703
:1023F300331258AA125BB97BE07AFF7D631259D777
:1024030012A73390013E125943C007C00612591C4C
:10241300AE48AF497C037DE81258B8125A85D0E024
:10242300F0A3D0E0F07F8A122FA8125F7E125955D5
:10243300C007C00612591C1262DA7D641258B81222
:102443005A85D0E0F0A3D0E0F07F9C1230FF125801
:10245300AA1259EE7D641230C190013E125C2A54D7
:1024630002C313125955C007C00612591C1262DA6F
:102473007D0A1258B8125A85D0E0F0A3D0E0F07F5D
:10248300B7122FA85401125955C007C00612591C80
:10249300AE48AF491258BB125A85D0E0F0A3D0E042
:1024A300F07FC91230FF125FC37475F0A31258F99D
:1024B3001230DD7003022F0D1258AA7A3379EE120F
:1024C3005C917BE07AFF7D791259D712A7331258BA
:1024D300AA125BB97BE07AFF7D8A1259D712A73320
:1024E300900140125943C007C00612591CAE62AF97
:1024F300637C037DE81258B8125A85D0E0F0A3D06C
:10250300E0F07F8A122FD5125F7E125955C007C0A3
:102513000612591C1262E17D641258B8125A85D012
:10252300E0F0A3D0E0F07D7A12317F1258AA12595D
:10253300EE7AFF7D8B123128900140125C2A5402FF
:10254300C313125955C007C00612591C1262E17D0C
:102553000A1258B8125A85D0E0F0A3D0E0F07FB742
:10256300122FD55401125955C007C00612591CAE7B
:1025730062AF631258BB125A85D0E0F0A3D0E0F0EB
:102583007BE07AFF7D7A7C007FC97E0012BF689072
:1025930003A4E0022F0D9004B0E0FF9004B8E06FB5
:1025A300605D122F13125B807D7612318D125B7A80
:1025B3007D8912318D300A479004B0E014601914FC
:1025C300601D14602114602A24047033125D747436
:1025D30012125A397D148024125A317D28801D121B
:1025E3005A317D4F8016125D747411125A397D76FB
:1025F300800A125D747411125A397D891232459022
:1026030003A4E0B401047F0080059004B0E0FFEF71
:1026130014700302269F14700302277D14700302B3
:10262300285E14700302292E24046003022F0D3048
:102633002C067AF87B0080047AFF7BFFC002C0037C
:102643001258AA7A3379F3125C91D003D002123173
:10265300E73031067A847B1080047AFF7BFFC00267
:10266300C003125A74D003D00212321F3031067ADB
:10267300847B1080047AFF7BFFC002C003125A8F51
:10268300D003D002125C9712C549125FC37427F0BE
:10269300A31258F91231347003022F0D1258AA7A7B
:1026A3003379FC125CA07A077D2B1259D712A7331A
:1026B3001258AA125B4B7A077D3C1259D712A733E3
:1026C300900142125943C007C00612591CAE27AFEE
:1026D300287C037DE81258B8125A85D0E0F0A3D0C5
:1026E300E0F07F8A12302D125F7E125955C007C069
:1026F3000612591C1262E87D641258B8125A85D02A
:10270300E0F0A3D0E0F07F9C12310D1258AA1259C9
:10271300EE7A077D3D7C007FAE7E0012A7339001E9
:1027230042125C2A5402C313125955C007C0061241
:10273300591C1262E87D0A1258B8125A85D0E0F08B
:10274300A3D0E0F07FB712302D5401125955C007C2
:10275300C00612591CAE27AF281258BB125A85D097
:10276300E0F0A3D0E0F07D2C123148744EF0A312B8
:1027730058F91231987003022F0D1258AA7A34793E
:1027830001125CA07A077D521259D712A73312584F
:10279300AA125B4B7A077D631259D712A7339001B4
:1027A30045125943C007C00612591CAE6AAF6B7C71
:1027B300037DE81258B8125A85D0E0F0A3D0E0F0B8
:1027C3007F8A123049125F7E125955C007C0061224
:1027D300591C1262EF7D641258B8125A85D0E0F08A
:1027E300A3D0E0F07BFF7A071232031258AA1259E2
:1027F300EE7A071231AC900145125C2A5402C313DE
:10280300125955C007C00612591C1262EF7D0A12F5
:1028130058B8125A85D0E0F0A3D0E0F07FB7123059
:10282300495401125955C007C00612591CAE6AAF6C
:102833006B1258BB125A85D0E0F0A3D0E0F07D5361
:102843001231487475F0A31258F97D75125F1D1289
:10285300C4459003A4E07003022F0D1258AA7BFF16
:102863007A34790612593B7D771259D712A73390E0
:102873000113E075F064125909125A557F00200ABA
:10288300027F01125F6CB403047D0180027D00129C
:102893005C361258DBFAA3E0FB1258AA7FB612315A
:1028A300F3900113E075F00A125909125A557F008B
:1028B300200A027F01125F6CB403047D0180027D54
:1028C30000125C361258DBFAA3E0FB1258AA7FBF52
:1028D3001231F3900113E012590A125A557F002066
:1028E3000A027F01125F6CB403047D0180027D0044
:1028F300125C361258DBFAA3E0FB1258AA7D77125A
:1029030031FB1258AA1262F612593B7D77123175C8
:10291300125FC37488F0A31258F97D88125F1D12E9
:10292300C4459003A4E07003022F0D1258AA7BFF45
:102933007A33793812593B7D8A1259D712A73390CB
:1029430000DEE075F064125909125A557F00200A1F
:10295300027F01125F6CB404047D0180027D0012CA
:102963005C361258DBFAA3E0FB1258AA7D8A1232B6
:102973000F9000DEE075F00A125909125A557F00D4
:10298300200A027F01125F6CB404047D0180027D82
:1029930000125C361258DBFAA3E0FB1258AA7D8AB8
:1029A30012324D9000DEE012590A125A557F002070
:1029B3000A027F01125F6CB404047D0180027D0072
:1029C300125C361258DBFAA3E0FB1258AA7D8A1276
:1029D30031FB1258AA1262FD12593B7D8A1231C291
:1029E3009003A4E0022F0D9004B7E0FF9004BBE036
:1029F3006F7003022A80EF122FF1125B801231688D
:102A0300125B7A7D621231DC125B7A7D751231DCE6
:102A1300125B7A7B76FA7D88123245300A5F900426
:102A2300B7E014601C146020146029146032146031
:102A33003B24057048125D747412125A397D148058
:102A430035125A317D28802E125D747411125A3951
:102A53007D4F8022125D747411125A397D62801683
:102A6300125D747411125A397D75800A125D747483
:102A730011125A397D88FC7F65FE12C1859003A42B
:102A8300E0B401047F0080059004B7E0FFEF147009
:102A930003022B2B147003022C09147003022CFB6A
:102AA300147003022DFF147003022E4E24056003DD
:102AB300022F0D302C067AF87B0080047AFF7BFF0F
:102AC300C002C0031258AA7A34790F125CB1D00342
:102AD300D0021231E73031067A847B1080047AFF0A
:102AE3007BFFC002C003125A74D003D0027D157C51
:102AF300007F687E0012C5493031067A847B1080DE
:102B0300047AFF7BFFC002C003125A8FD003D002A6
:102B1300125C9712C549125FC37427F0A31258F9C8
:102B23001231347003022F0D1258AA7A3479181215
:102B33005CB17BE07AFF7D2B1259D712A733125871
:102B4300AA125BB97BE07AFF7D3C1259D712A733F7
:102B5300900487125943C007C00612591CAE5CAFDC
:102B63005D7C037DE81258B8125A85D0E0F0A3D0FB
:102B7300E0F07F8A123079125F7E125955C007C088
:102B83000612591C1263047D641258B8125A85D078
:102B9300E0F0A3D0E0F07D2C12317F1258AA125935
:102BA300EE7D3D1230C1900487125C2A5402C31398
:102BB300125955C007C00612591C1263047D0A122C
:102BC30058B8125A85D0E0F0A3D0E0F07FB71230A6
:102BD300795401125955C007C00612591CAE5CAF97
:102BE3005D1258BB125A85D0E0F0A3D0E0F07BE031
:102BF3007AFF7D2C1231CC744EF0A31258F91231A6
:102C0300987003022F0D1258AA7BFF7A34791D1294
:102C1300593B7D501259D712A73390008FE075F0BE
:102C230064125909125A557F00200A027F01125D6E
:102C33000EB402047D0180027D00125C361258DB63
:102C4300FAA3E0FB1258AA7D50FC7FADFE12A73316
:102C530090008FE075F00A125909125A557F00202F
:102C63000A027F01125D0EB402047D0180027D0021
:102C7300125C361258DBFAA3E0FB1258AA7D5012FD
:102C8300320F7F00200A027F01125D0EB402047D21
:102C93000180027D00125C361258DBFAA3E0FBC010
:102CA30002C0031258AA125A27D003D0027D501231
:102CB300323390008FE012590A125A557F00200ACE
:102CC300027F01125D0EB402047D0180027D0012B9
:102CD3005C361258DBFAA3E0FB1258AA7D5012327D
:102CE3002B1258AA12615F12593B7D501231759015
:102CF30003A4E07003022F0D1258AA7BFF7A3479E4
:102D03002812593B7D631259D712A733125D207DD8
:102D130064125AEF9001491258C2125A5A7F002086
:102D23000A027F01125D0EB403047D0180027D005F
:102D3300125C361258DBFAA3E0FB1258AA7D63FC3F
:102D43007FADFE12A733125D207D0A125AEF900168
:102D5300491258C2125A5A7F00200A027F01125D9B
:102D63000EB403047D0180027D00125C361258DB31
:102D7300FAA3E0FB1258AA7D6312323D7F00200ABA
:102D8300027F01125D0EB403047D0180027D0012F7
:102D93005C361258DBFAA3E0FBC002C0031258AA48
:102DA300125A27D003D0027D63123233900090E091
:102DB300FEA3E0FF125AF29001491258C2125A5A66
:102DC3007F00200A027F01125D0EB403047D01809F
:102DD300027D00125C361258DBFAA3E0FB1258AAFC
:102DE3007D6312322B1258AA12615F12593B7D6325
:102DF3001231C29003A4E07003022F0D1258AA7B74
:102E0300FF7A34793112593B7D761259D712A733A1
:102E1300900088125EFC125A557F00200A027F013F
:102E2300125D0EB404047D0180027D00125C361233
:102E330058DBFAA3E0FB1258AA7D76FC7FCAFE1288
:102E4300A7339003A4E07003022F0D1258AA7BFF4F
:102E53007A34793A12593B7D891259D712A73390A4
:102E63000057E075F064125909125A557F00200A81
:102E7300027F01125D0EB405047D0180027D001204
:102E83005C361258DBFAA3E0FB1258AA7D89123292
:102E93003D900057E075F00A125909125A557F0008
:102EA300200A027F01125D0EB405047D0180027DBC
:102EB30000125C361258DBFAA3E0FB1258AA7D8994
:102EC30012324D900057E012590A125A557F0020D2
:102ED3000A027F01125D0EB405047D0180027D00AC
:102EE300125C361258DBFAA3E0FB1258AA7D89FC68
:102EF3007FC8FE12A7331258AA1262FD12593B7DF6
:102F0300897C007FD27E0012A733E49003A4F022D1
:102F1300EFF09009BBE4F0A37412F0E4A3F0A3F084
:102F23007B76FA7D14FC7F65FE12C1859009BBE4B4
:102F3300F0A37425F0E4A3F0A3F07B76FA7D28FCDC
:102F43007F65FE12C1859009BBE4F0A37425F0E40C
:102F5300A3F0A3F07B76FA7D4FFC7F65FE12C1855B
:102F63009009BBE4F0A322F07BFF7A077D2C7C0061
:102F73007F8A7E0012BF6822F07BFF7A077D2C7C5C
:102F8300007F9C7E0012BF68227BE07A077D7A7CFB
:102F9300007E0012BF6890013CE02465F582E434B2
:102FA30000F583E0227BE07AFF7D537C007E0012F4
:102FB300BF6890013EE02465F582E43400F583E0C8
:102FC30022F07BFF7A077D2C7C007FC97E0012BF35
:102FD30068227BE07AFF7D7A7C007E0012BF6890D6
:102FE3000140E02465F582E43400F583E022F090AB
:102FF30009BBE4F0A37412F0E4A3F0A3F07B76FA28
:103003007D14FC7F65FE12C1859009BBE4F0A374B7
:1030130025F0E4A3F0A3F07B76FA7D28FC7F65FE20
:1030230012C1859009BBE4F0A3227BFF7A077D2CB4
:103033007C007E0012BF68900142E02465F582E4C3
:103043003400F583E0227BFF7A077D537C007E000A
:1030530012BF68900145E02465F582E43400F583EE
:10306300E0227BDC7A007D277C007F647E0012C433
:10307300459003A4E0227BE07AFF7D2C7C007E0058
:1030830012BF68900487E02465F582E43400F58379
:10309300E0227BDC7A007D4E7C007F647E0012C4DC
:1030A300459003A4E0227D537C007E0012BF68900C
:1030B300013BE02465F582E43400F583E0227BE004
:1030C3007AFF7C007FAE7E0012A733227BE07A0773
:1030D3007D7A7C007E0012BF68227BDC7A007D75DE
:1030E3007C007F647E0012C4459003A4E0227A072B
:1030F3007D3D7C007FAE7E0012A733227BE07AFF0A
:103103007D537C007E0012BF68227BFF7A077D2CF3
:103113007C007E0012BF68227B76FA7D76FC7F6599
:10312300FE12C185227BE07C007FAE7E0012A733B6
:10313300227BDC7A007D277C007F647E0012C445FD
:103143009003A4E0227BFF7A077C007FC97E0012F4
:10315300BF689009C5E4F0A3227D167C007F807EC2
:103163000012A733227B76FA7D4FFC7F65FE12C1E6
:1031730085227C007FD27E0012A733227BE07AFF78
:103183007C007F9C7E0012BF68227B76FAFC7F6501
:10319300FE12C185227BDC7A007D4E7C007F647E3B
:1031A3000012C4459003A4E0227D647C007FAE7EC0
:1031B3000012A7332212C5499009C5E4F0A3227C6B
:1031C300007FD27E0012A733227C007FC97E0012CB
:1031D300BF689009C5E4F0A3227B76FAFC7F65FE05
:1031E30012C185227D167C007F807E0012A73322C8
:1031F3007D77FCFE12A73322FC7FC8FE12A7332281
:103203007D537C007F9C7E0012BF6822FC7FB6FE4C
:1032130012A73322FC7F65FE12C185227D157C0037
:103223007F687E0012C54922FC7FC8FE12A73322A5
:103233007C007FBF7E0012A73322FC7FB6FE12A75D
:103243003322FC7F65FE12C18522FC7FBFFE12A7DD
:1032530033223000310032003300340035003600B1
:103263003700380039004100420043004400450064
:103273004600B0A100B0C900B4E700B6BC00B6EE8A
:1032830000B8B100B8E800BAA300CDBC0088440080
:10329300B7F100CAC700CAE4B3F6C1E3B5E300B5AA
:1032A300E7D1B9CFB5CAFD00B5E7C1F7CFB5CAFDC0
:1032B30000B1C8C0FDCFB5CAFD00B5E7D1B9C1E3C0
:1032C300B5E300B5E7C1F7C1E3B5E300CEC2BFD8AC
:1032D30000B3A3BFAA00B3A3B1D500B9D800BFAA56
:1032E300002020D5FDB3A3002020C8A1B7B400203F
:1032F30020D0A1CAFD002020B9D8B1D500D5D3D2A2
:1033030000D5D7F300B7B4D3D200B7B4D7F300CB0B
:10331300E3B7A83100CBE3B7A8320020202020B9BF
:10332300D80020202020BFAA00CEB4C6F4D3C30007
:10333300D7AACBD900D5BCBFD5B1C800D7D4C7D085
:10334300BBBB00D5FDB3A300BDBBBBBB0031360087
:10335300203800203400203200203100B1EA00413F
:103363004443CDA8D1B6B9CAD5CF4000BDC500509E
:10337300313530432050726F00456C656374726F52
:103383006E6963204C6F616400CAFDBFD8B5E7D78F
:10339300D3B8BAD4D80056312E3000446573696768
:1033A3006E656420627920636E77616E732E636F3E
:1033B3006D00BAE3C1F7C4A3CABD00D4CBD0D0001B
:1033C300B5E7C1F7006000BDD8D6B900B5E7D1B9FC
:1033D30000BCC6CAB100CDA3D6B9002400D7D4B669
:1033E300AFB2E2CAD400B4F8D4D800D0B6D4D8006F
:1033F300B6AFCCACB2E2CAD400B7E5D6B500B9C813
:10340300D6B500D6DCC6DA0073002500BAE3D1B91D
:10341300C4A3CABD00B8F8B6A800BDD8D6B9B5E7ED
:10342300C1F7002E00CFDEC1F7E3D0D6B500CFDE63
:10343300C1F7CDA3D6B900B5F7D5FBC2CA00B2CE4A
:10344300CAFDD0A3D7BC00B5E7D1B9D1A1CFEE0057
:10345300BCECB2E2B5E7D1B900B9FDD1B9B1A3BBB8
:10346300A4005600C4DAD7E8B9C0CBE300B6CFCF87
:10347300DFB5E7D1B900BDBBC1F7B2E2C1BF00B54B
:10348300E7C1F7D1A1CFEE00B5E7C1F7CFDED6C6CE
:1034930000B9FDC1F7B1A3BBA400B1A3BBA4D1D3B1
:1034A300CAB100C9CFC9FDD0B1C2CA005E00CFC244
:1034B300BDB5D0B1C2CA00B9A6C2CAD1A1CFEE0070
:1034C300B9A6C2CACFDED6C6005700B9A6C2CAB1D2
:1034D300A3BBA400CAB5CAB1B5E7C1F7CFDED6C650
:1034E30000C9A2C8C8D1A1CFEE00B7E7C9C8BFD8E9
:1034F300D6C600CEC2BFD8E3D0D6B500C9E300B963
:10350300FDCEC2B1A3BBA400D7AACBD9B1A3BBA4A0
:10351300007200CEC2B6C8D0A3D7BC007800CDE2FB
:10352300CEC2B1A3BBA400CCE1CABED2F4D1A1CF19
:10353300EE00B0B4BCFCC9F9D2F400D0FDB1E0C9CF
:10354300F9D2F400CFB5CDB3B8E6BEAFD2F400B52F
:10355300E7C1F7D2ECB3A3B8E6BEAF00D0FDB1E04C
:10356300D1A1CFEE00D5FDCFF2C8ABB2A800B7B45E
:10357300CFF2C8ABB2A800D5FDCFF2B0EBB2A80032
:10358300B7B4CFF2B0EBB2A8002000B6E0B9A6C43E
:10359300DC492F4F00B9FDD1B9B1A3BBA4CAE4B331
:1035A300F600B3E4B5E7CAB9C4DCCAE4B3F600C6AF
:1035B300F4CDA3D0C5BAC5CAE4B3F600C6F4CDA30F
:1035C300D0C5BAC5CAE4C8EB00CDE2D6C3CEC2B6F5
:1035D300C8CAE4C8EB00B7E7C9C8C6F4CDA3CAE4B8
:1035E300B3F600CFD4CABED1A1CFEE00B1B3B9E2D6
:1035F300C1C1B6C800D0FDD7AACFD4CABE00CFA2DE
:10360300C6C1D1D3CAB1006D00C6C1C4BBB2CECA54
:10361300FD00D7D6CCE5D1A1CFEE00C4ACC8CFD73F
:10362300D6CCE500CAFDC2EBB9DC00CBCECCE500BD
:10363300BAE8C3C9CCE500C6E4CBFBD1A1CFEE0009
:10364300B4F8D4D8D1D3CAB100BCABD0D4D6B8CA9D
:10365300BE00B6CFB5E7B1A3B4E600D0A3D7BCC9CB
:10366300E8D6C3BCFC00B5E7C1F7D4F6D2E6004DFB
:103673004F44425553B5D8D6B700B9D8D3DAC9E8C1
:10368300B1B800D3B2BCFE3A56312E3000B9CCBC2F
:10369300FE3A00323032362E303100C7FDB6AF3A33
:1036A30047433932303300C7FDB6AF3A494C493945
:1036B300323235470049443A004B45593A00732E9C
:1036C300636E77616E732E636F6D003A00B7FC0013
:1036D300B0B200CDDF00416800576800B5C000CA32
:1036E300D3007E007D005D007B007C00D7A900C66F
:1036F300A4002D002B00CDA3D6B9D4CBD0D040004D
:10370300CDA3D6B9D4CBD0D02CB4A5B7A2BDD8D62F
:10371300B9B5E7D1B94000CDA3D6B9D4CBD0D02C1D
:10372300B4A5B7A2B5B9BCC6CAB1CDA3D6B940003A
:10373300CDA3D6B9D4CBD0D02CCEC2B6C8B9FDB8A0
:10374300DFB1A3BBA44000CDA3D6B9D4CBD0D02C3A
:10375300B9FDB9A6C2CAB1A3BBA44000CDA3D6B9D3
:10376300D4CBD0D02CB7E7C9C8D7AACBD9B9FDB52C
:10377300CD4000CDA3D6B9D4CBD0D02CB8BAD4D8B1
:10378300B6CFCFDF4000CDA3D6B9D4CBD0D02CB9A0
:10379300FDC1F7B1A3BBA44000C9E8B6A8BDD8D604
:1037A300B9B5E7D1B9B8DFD3DAB5B1C7B0B5E7D1A9
:1037B300B94000C9E8B6A8B9A6C2CAB9FDB8DF4086
:1037C30000BEAFB8E62CCAE4C8EBB5E7D1B9B9FD82
:1037D300B8DF4000CDA3D6B9D4CBD0D02CB8BAD45F
:1037E300D8CEDEB7A8BAE3C1F74000CDA3D6B9D48B
:1037F300CBD0D02CCDE2D6C3CEC2B6C8B9FDB8DF8C
:10380300B1A3BBA44000CDE2B2BFBFD8D6C6CDA3FF
:10381300D6B9D4CBD0D04000CDA3D6B9D4CBD0D059
:103823002CBCC6C1BFB3ACCFDE4000CDA3D6B9D448
:10383300CBD0D02CB8BAD4D8B1A3BBA43A4000B8EB
:10384300F8B6A8B5E7D1B9B8DFD3DAB5B1C7B0B523
:10385300E7D1B94000CDA3D6B9D4CBD0D02CB4A5F1
:10386300B7A2BDD8D6B9B5E7C1F74000B8F8B6A836
:10387300B5E7D1B9D1B9B2EEB9FDB4F34000CDA3E8
:10388300D6B9D4CBD0D02CB8BAD4D8CEDEB7A8BA58
:10389300E3D1B94000D5FDD4DAD4CBD0D04000B6C3
:1038A300AFCCACD4CBD0D0D6D04000CDE2B2BFBFEA
:1038B300D8D6C6D4CBD0D04000D5FDD4DAD4CBD023
:1038C300D02CC4DAD7E8D4BC00BAC14000D5FDD4AB
:1038D300DAD4CBD0D02CCEDEB7A8B2E2C1BFC4DAE3
:1038E300D7E84000B6E0B9A6C4DC494FCAB9C4DC86
:1038F300B3E4B5E7D6D04000B5C8B4FDB4A5B7A2CC
:10390300B4F8D4D8B5E7D1B94000B4A5B7A2B4F898
:10391300D4D8B5E7D1B92CD5FDD4DAD4CBD0D040A7
:1039230000B4A5B7A2B4F8D4D8B5E7D1B92CD1D394
:10393300CAB1B5C8B4FDD6D040000E800E6C0E5689
:103943000E400E290E110DF80DDE0DC30DA80D8BC3
:103953000D6E0D500D310D100CF00CCE0CAB0C8810
:103963000C630C3E0C180BF10BCA0BA20B790B501A
:103973000B260AFB0AD00AA50A790A4D0A2009F385
:1039830009C60999096B093E091008E208B50887B9
:10399300085A082C080007D307A6077A074F0723FE
:1039A30006F806CE06A4067B0652062A060205DBA7
:1039B30005B5058F056A0546052204FF04DD04BB32
:1039C300049B047A045B043C041E040103E403C85F
:1039D30003AD0393037903600347032F0318030124
:1039E30002EB02D602C102AD0299028602740262A0
:1039F3000250023F022E021E020F020001F101E3F8
:103A030001D501C801BB01AE01A20196018B017F63
:103A13000175016A01600156014D0143013A01320A
:103A23000129012101190111010A010300FC00F51B
:103A330000EE00E800E100DB00D600D000CA00C5BC
:103A430000C000BB00B600B100AD00A800A400A0F8
:103A5300009B009800940090008C008900850082F0
:103A6300007F007C0079007600730070006D006BAE
:103A73000068006600630061005E005C005A005845
:103A83000056005400520050004E004C004B0049B9
:103A9300004700460044004300410040003E003D13
:103AA300003C003A00390038003700360034003358
:103AB300003200310030002F002E002D002C002B8F
:103AC300002A002A002900280027002600260025B6
:103AD3000024002300230022002100210020001FD6
:103AE300001F001E001E001D001D001C001C001BEB
:103AF300001B001A0000000008183878F8783818FE
:103B0300080000000000000010181C1E1F1E1C18D7
:103B130010000000000000003C4299BDBD99423CEA
:103B23000000000000007C10101010101010101086
:103B3300107C00000000FC424141414141414141B0
:103B430042FC00000000E7424448506844444242BB
:103B530042E700000000FF414040427E42404040B7
:103B630041FF00000000E341222214140808080862
:103B7300081C0000000000000018180000001818BE
:103B830000000000000007E01FF83FFC3FFC7C3E04
:103B9300781E781E781E781E781E781E781E781E72
:103BA300781E781E781E781E781E781E781E781E62
:103BB300781E781E781E7C3E3FFC3FFC1FF807E012
:103BC30000000000000000F001F003F007F00FF028
:103BD3001FF01EF01CF018F010F000F000F000F0E1
:103BE30000F000F000F000F000F000F000F000F052
:103BF30000F000F000F000F000F000F000F000F042
:103C030000000000000007E01FF83FFC3FFC7C3E83
:103C1300781E781E781E001E003E003C007C00F8D3
:103C230000F001F003E003C007C00F800F001F0086
:103C33003E003C007C0078007FFE7FFE7FFE7FFE1F
:103C430000000000000007E01FF83FFC3FFC7C3E43
:103C5300781E781E781E001E001E001E003E03FC08
:103C630003F803F803FC003E001E001E001E001EA6
:103C7300781E781E781E7C3E3FFC3FFC1FF807E051
:103C83000000000000000078007800F000F000F071
:103C930001E001E001E003C003C003C00780078027
:103CA30007800F780F780F781E781E781E783C787F
:103CB3003C783FFE7FFE7FFE7FFE00780078007831
:103CC3000000000000007FFE7FFE7FFE7FFE780085
:103CD30078007800780078007BE07FF87FFC7FFC39
:103CE3007C3E781E781E001E001E001E001E001E55
:103CF300781E781E781E7C3E3FFC3FFC1FF807E0D1
:103D030000000000000007E01FF83FFC3FFC7C3E82
:103D1300781E781E780078007BE07FF87FFC7FFCBC
:103D23007C3E781E781E781E781E781E781E781EBC
:103D3300781E781E781E7C3E3FFC3FFC1FF807E090
:103D43000000000000007FFE7FFE7FFE7FFE781EE6
:103D5300781E783C003C003C003C007800780078FA
:103D6300007800F000F000F000F001E001E001E075
:103D730001E003C003C003C007C0078007800780BA
:103D830000000000000007E01FF83FFC3FFC7C3E02
:103D9300781E781E781E781E781E781E7C3E3FFCA7
:103DA3001FF81FF83FFC7C3E781E781E781E781E95
:103DB300781E781E781E7C3E3FFC3FFC1FF807E010
:103DC30000000000000007E01FF83FFC3FFC7C3EC2
:103DD300781E781E781E781E781E781E781E781E30
:103DE300781E7C3E3FFE3FFE1FFE07DE001E001EC8
:103DF300001E781E781E7C3E3FFC3FFC1FF807E048
:103E030000000000000003C00FF01E783C3C3C3C67
:103E1300781E781EF81FF00FF00FF00FF00FF00F61
:103E2300F00FF00FF00FF00FF00FF00FF00FF00F97
:103E3300F81F781E781E3C3C3C3C1E780FF003C0F4
:103E430000000000000001C003C007C03FC03FC026
:103E53003FC003C003C003C003C003C003C003C00B
:103E630003C003C003C003C003C003C003C003C037
:103E730003C003C003C003C003C003C003C003C027
:103E830000000000000007F01FF83C3C781E700E95
:103E9300F00FF00FF80FF80FF80F000F001E003CA3
:103EA300007800F800F001E003C007800F001F0056
:103EB3001E003C007801F003F007FFFFFFFFFFFF48
:103EC3000000000000000FF03FFC7C3E781EF81F4E
:103ED300F00FF00FF00F000F001F001E003E01FC5B
:103EE30001F001FC003E001E001F000F000F000F39
:103EF300F00FF00FF00FF81F781E7C3E3FFC0FF021
:103F03000000000000000078007800F800F801F8D5
:103F130001F803F803F807F807780F780E781E788E
:103F23001C783C78387878787078F078FFFFFFFF5A
:103F330000780078007800780078007807FF07FFA2
:103F43000000000000001FFC1FFC1FFC1C003800C9
:103F53003800380038007000700077F07FFCFC3EBA
:103F6300F81EF81FF00F000F000F000F000F000FD7
:103F7300F00FF00FF00FF81F781E7C3E3FFC0FF0A0
:103F8300000000000000007801F007C00F001E00D1
:103F93003C003C0078007800F800FFE0FFF8FFFCED
:103FA300FC3EF81EF81FF00FF00FF00FF00FF00FAC
:103FB300F00FF00FF00F781E781E3C3C1FF807E05F
:103FC300000000000000FFFFFFFFFFFFE007C00F3E
:103FD300800E001E001C003C00380078007000F0CA
:103FE30000F001E001E001E003C003C003C003C02F
:103FF30007C007C007C007C007C007C007C007C086
:104003000000000000000FF03FFC7C3E781EF81F0C
:10401300F00FF00FF00FF00F781E781E3C3C0FF0FE
:104023000FF03C3C781E781EF00FF00FF00FF00FEE
:10403300F00FF00FF00FF81F781E7C3E3FFC0FF0DF
:1040430000000000000007E01FF83C3C781E781ECB
:10405300F00FF00FF00FF00FF00FF00FF00FF00F65
:10406300F81F781F7C3F3FFF1FFF07FF001F001E45
:10407300001E003C003C007800F003E00F801E00AF
:104083000000000000007FFEBFFDDFFBE007E0074C
:10409300E007E007E007E007E007E007E007C00309
:1040A300800100008001C003E007E007E007E007AC
:1040B300E007E007E007E007E007DFFBBFFD7FFE67
:1040C30000000000000000000001000300070007DB
:1040D30000070007000700070007000700070003A9
:1040E30000010000000100030007000700070007AC
:1040F3000007000700070007000700030001000096
:104103000000000000007FFE3FFD1FFB00070007CB
:104113000007000700070007000700070007000368
:104123003FFD7FFEBFFCC000E000E000E000E000D8
:10413300E000E000E000E000C000DFF8BFFC7FFE2D
:104143000000000000007FFE3FFD1FFB000700078B
:104153000007000700070007000700070007000328
:104163003FFD7FFE3FFD0003000700070007000738
:10417300000700070007000700071FFB3FFD7FFE46
:1041830000000000000000008001C003E007E0071A
:10419300E007E007E007E007E007E007E007C00308
:1041A300BFFD7FFE3FFD0003000700070007000778
:1041B30000070007000700070007000300010000D5
:1041C3000000000000007FFEBFFCDFF8E000E0001D
:1041D300E000E000E000E000E000E000E000C000FC
:1041E300BFFC7FFE3FFD0003000700070007000739
:1041F300000700070007000700071FFB3FFD7FFEC6
:104203000000000000007FFEBFFCDFF8E000E000DC
:10421300E000E000E000E000E000E000E000C000BB
:10422300BFFC7FFEBFFDC003E007E007E007E00738
:10423300E007E007E007E007E007DFFBBFFD7FFEE5
:104243000000000000007FFE3FFD1FFB000700078A
:104253000007000700070007000700070007000327
:10426300000100000001000300070007000700072A
:104273000007000700070007000700030001000014
:104283000000000000007FFEBFFDDFFBE007E0074A
:10429300E007E007E007E007E007E007E007C00307
:1042A300BFFD7FFEBFFDC003E007E007E007E007B7
:1042B300E007E007E007E007E007DFFBBFFD7FFE65
:1042C3000000000000007FFEBFFDDFFBE007E0070A
:1042D300E007E007E007E007E007E007E007C003C7
:1042E300BFFD7FFE3FFD0003000700070007000737
:1042F300000700070007000700071FFB3FFD7FFEC5
:1043030000000000000007E01FF83FFC7C3E700E39
:10431300F00FE007E007E007E007E007E007E0074A
:10432300E007E007E007E007E007E007E007E00752
:10433300E007E007F00F700E7C3E3FFC1FF807E03C
:1043430000000000000001C007C01FC07FC079C08B
:1043530061C001C001C001C001C001C001C001C0F2
:1043630001C001C001C001C001C001C001C001C042
:1043730001C001C001C001C001C001C001C001C032
:1043830000000000000007E01FF83FFC7C3E700EB9
:10439300F00FE007600700070007000F000E001E84
:1043A300003C0078007800F001E003C003C0078000
:1043B3000F001E001C003C007800FFFFFFFFFFFF03
:1043C30000000000000007E01FF83FFC7C3E700E79
:1043D300F00FE007600700070007000F000E003E24
:1043E30003FC03F803FC003E000F000F0007000767
:1043F3006007E007F00F700E7C3E3FFC1FF807E0FC
:1044030000000000000000E000E000E001C001C087
:104413000380038003800700070007000E000E00DF
:104423001C001C001C38383838383838703870385D
:10443300FFFFFFFFFFFF0038003800380038003867
:104443000000000000001FFE1FFE1FFE1C001C00DA
:1044530038003800380038003800700077E07FF803
:104463007FFCFC3EF00EF00F60070007000700071B
:104473006007E007F00F700E7C3E3FFC1FF807E07B
:1044830000000000000000E000E001E001C003C004
:104493000380078007000F000E001E001FE03FF897
:1044A3003FFC7C3E700EF00FE007E007E007E007FB
:1044B300E007E007F00F700E7C3E3FFC1FF807E0BB
:1044C300000000000000FFFFFFFFFFFF000E000ED3
:1044D300001E001C001C00380038007800700070BB
:1044E30000F000E000E001C001C003C003800380CE
:1044F300070007000F000E000E001E001C000C003A
:1045030000000000000007E01FF83FFC7C3E700E37
:10451300F00FE007E007E007E007F00F700E7C3EC6
:104523003FFC1FF83FFC7C3E700EF00FE007E007F6
:10453300E007E007F00F700E7C3E3FFC1FF807E03A
:1045430000000000000007E01FF83FFC7C3E700EF7
:10455300F00FE007E007E007E007E007E007F00FF0
:10456300700E7C3E3FFC1FFC07F80078007000F0E3
:1045730000E001E001C003C00380078007000700DB
:10458300000000009009AF7402125B82A3F0303187
:10459300067A077BE080047AFF7BFFC002C0031228
:1045A30058F67BFF3003067A3679DF80047A367952
:1045B300E2125A5AD003D0027D027C007FFD7EFFB7
:1045C30012A73320030302465B1258F67BFF7A36A9
:1045D30079E512593B7F0F1256C6125FD07C007DDE
:1045E3003C125B29125B2C9001491258C2125A5A91
:1045F3001258F61255A9125FD07C007D3C125B293C
:104603009001491258C2125A5A1258F61255B91249
:104613005FD0125C67125B299001491258C2125A8B
:104623005A1258F61255EA125FD0125C6712698863
:104633009001491258C2125A5A1258F61255FA905A
:104643000456E075F00A125909125A551258F61217
:10465300566A9004560246E0AE50AF517C007D642A
:10466300125AEF9001491258C2125A5A1258F67F41
:104673000F1256ACAE50AF517C007D0A125AEF9028
:1046830001491258C2125A5A1258F61255A9AE507D
:10469300AF51125AF29001491258C2125A5A125883
:1046A300F61255B990047CE075F00A125909125AB2
:1046B300551258F61255EA90047CE012590A125A20
:1046C300551258F61255FA90046DE075F00A125916
:1046D30009125A551258F612566A90046DE012598F
:1046E3000A125A551258F67F531256AC12CE6E90D8
:1046F3000471E0640460030248279003A5E06401A9
:1047030060030247A11258F67BFF7A3679E7125904
:104713003B7D02125F2112A733D3E565940FE56455
:10472300648094A7403F1258EF7BFF7A3679E912F1
:10473300593B7F6F7E0012A7337C277D10125B25C8
:104743009001491258C21258E91256E7125B2190A0
:1047530001491258C21258E97F8112575A1263B4A1
:104763007D640248BD125B219001491258C2125860
:10477300E97F6F12575A1263B47D64125B2990016B
:10478300491258C21258E91256E71258F612631228
:1047930012593B1256BA1263B47D0A0248BD126322
:1047A30045404E1258F67A3679EB12568812635109
:1047B300400B1254F91257E27D64024879AE56AFAA
:1047C300577C037DE8125B299001491258C21258A5
:1047D300E91255C91258C21258E97F781261FC12C6
:1047E300A7331258F6125A2712562B1260F90248B1
:1047F300791258F67BFF7A3679EB12593B12560A37
:104803001258C21258E91256491258C21258E912E4
:1048130057211258F612631212593B1256BA1260FC
:10482300F90248BD126345405F1258F67A3679EDB6
:10483300125688126351400A1254F91257E27D64EA
:104843008034AE56AF577C037DE8125B2990014953
:104853001258C21258E91255C91258C21258E97BAC
:10486300007AF87F787E0012A7331258F6125A277F
:1048730012562B1260F9125B299001491258C21289
:1048830058E97B007AF880421258F67BFF7A367932
:10489300ED12593B12560A1258C21258E9125649E0
:1048A3001258C21258E91257211258F61263121203
:1048B300593B7F811256C61260F9125B2990014958
:1048C3001258C21258E974FFFBFA7F8A7E0012A7BE
:1048D3003312CE6E90037BE0607D301E067A077B39
:1048E300E080047AFF7BFFC002C0031258F67A36D9
:1048F30079EF1263AED003D002125743AE40AF41FB
:104903007C037DE8125B299001491258C21258E9D1
:104913001257B3AE40AF417C007D64125B29900116
:10492300491258C21258E9125808AE40AF417C00F0
:104933007D0A125B299001491258C21258E9125894
:104943004CAE40AF41125B2C9001491258C2125831
:10495300E974FFFB0249FC301E067A077BE0800402
:104963007AFF7BFFC002C0031258F67BFF7A3679C9
:10497300F2A3126CDAD003D002125743126203403F
:1049830020AC46AD47EC1266D57B337A3379237876
:104993004112663312670E9009B1EEF0A3EFF08077
:1049A30007E49009B1F0A3F09009B1125D237D648F
:1049B300125AEF9001491258C21258E91257B39094
:1049C30009B1125D237D0A125AEF9001491258C2B0
:1049D3001258E91258089009B1E0FEA3E0FF125AF9
:1049E300F29001491258C21258E912584C1258EF6A
:1049F3001262FDA3126CDA74FFFA7FD27E0012A753
:104A03003312CE6E9009AF7417F0E47F0F7E271236
:104A13005A4DD3126BB25003024AB020140DD21474
:104A2300125DCA7420125B821257CA12591CC083CA
:104A3300C082125F2890007D125970D082D08312F9
:104A43005B581258CA12597F7F0212578A12591C97
:104A5300C083C08290007D125969D082D083125BDB
:104A6300581258CA12597F1257D712591CC083C003
:104A730082125EF490007D125970D082D083125B53
:104A8300581258CA12597F7F261258381258AA1240
:104A930059EE7F3912576412591CC083C082125CCD
:104AA300C790007D125ADF125CC7024B3C30140DD5
:104AB300C214125DCA7420125B821257CA12591CA7
:104AC300C083C082125CA990007D125970D082D03D
:104AD30083125B581258CA12597F7F021258381238
:104AE300591CC083C082125EF490007D125970D0AD
:104AF30082D083125B581258CA12597F1257D712A9
:104B030058AA1259EE7F2712576412591CC083C04A
:104B130082125CC790007D125970D082D083125BE1
:104B2300581258CA12597F7F3012578A12591CC023
:104B330083C082125CC7125F1712CEB5D082D083B6
:104B4300125B581258CA12597F7BE07AFF7F42FEEC
:104B530012BF689000C2E014601E146032146069D2
:104B63002403707A1258AA7BFF301D067A3679F532
:104B730080187A3679F780121258AA7BFF301D0607
:104B83007A3679F780047A3679F59009BD8044E462
:104B93007F0F7E27125A4DD3126BB24016125CC799
:104BA30090007D125ADFEB1259A9EA75F003A42590
:104BB300838007900081E012591012589F7BE07A9E
:104BC300FF7D15FC7F56FE80121258AA7BFF7A35B3
:104BD300798CA3126CDA7D15125AF912A73312CE0F
:104BE3006E743812619B125C535003024C7F201683
:104BF3000DD216125DCA7420125B8212581F12590D
:104C03001CC083C08212610290006F125970D0825F
:104C1300D083125B581258CA12597F7F02125793DE
:104C230012591CC083C082125F2890006F12597002
:104C3300D082D083125B581258CA12597F7F141244
:104C430057F412591CC083C082125CA990006F12E2
:104C53005970D082D083125B581258CA12597F7F81
:104C6300261258581258AA1259EE7F3912582C128C
:104C7300591CC083C082E47B64024D0F30160DC201
:104C830016125DCA7420125B8212581F12591CC07F
:104C930083C082125F2890006F125970D082D08334
:104CA300125B581258CA12597F7F02125858125970
:104CB3001CC083C082125CA990006F125970D0820D
:104CC300D083125B581258CA12597F7BFF7A077F31
:104CD30014FE12BF681258AA1259EE7F2712582CDD
:104CE30012591CC083C082125EF490006F12597077
:104CF300D082D083125B581258CA12597F7F301268
:104D030057F412591CC083C082E47B0AFAF9F89065
:104D1300006F125970D082D083125B581258CA1296
:104D2300597F7F421257939000C2E014601E1460B3
:104D330034146049240370551258AA7BFF301806B7
:104D43007A3679F580187A3679F780121258AA7B69
:104D5300FF3018067A3679F780047A3679F5125AD5
:104D63005A7BFF801E125CC790006F125ADF1258E5
:104D73008E7BFF7A077D36FC7F56FE800D1258AA84
:104D8300125B337A077D36125AFD12A7331263BBC7
:104D9300125A4F125CA612CEB590011C126C7112FE
:104DA300CE6E745912619B90011C125C5650030223
:104DB3004E4090013FE06402600D7402125DC974BD
:104DC30020125B8212577212591CC083C082126177
:104DD3000290011C125970D082D083125B58125872
:104DE300CA12597F7F0C12579C12591CC083C08270
:104DF300125F2890011C125970D082D083125B5825
:104E03001258CA12597F7B1F7AF87F1EFE12BF68A1
:104E130012591CC083C082125966D082D083125BA0
:104E2300581258CA12597F12584112591CC083C0D4
:104E33008290011C125AD9125CC7024FA2E47F0F61
:104E43007E27FDFC90011C125C565003024F0F900D
:104E5300013FE06401600B125DC77420125B821294
:104E6300577212591CC083C082125F2890011C1212
:104E73005970D082D083125B581258CA12597F12CC
:104E8300572D12591CC083C082125966D082D08319
:104E9300125B581258CA12597F12574F12591CC02D
:104EA30083C082125EF490011C125970D082D083A9
:104EB300125B581258CA12597F7F2612579C1258F8
:104EC300AA1259EE7F391257A512591CC083C0820A
:104ED300125CC790011C125970D082D083125B58A8
:104EE3001258CA12597F1257FD9000C2E0B403034F
:104EF300024FB5125CC790011C125ADF12588E7B09
:104F03001F7AF87D57FC7F56FE024FC490013FE0A5
:104F13006018E4F09009B9F0A37420125B827B401F
:104F2300FA7D59FC7F02FE12C79F12591CC083C031
:104F330082125966D082D083125B581258CA125912
:104F43007F12572D12591CC083C082125EF4900148
:104F53001C125970D082D083125B581258CA12594E
:104F63007F12574F1258AA1259EE7F271257A512D4
:104F7300591CC083C082125CC790011C125970D0A7
:104F830082D083125B581258CA12597F12584112A9
:104F9300591CC083C082125CC790011C126C391269
:104FA300CEB5D082D083125B581258CA12597F12E1
:104FB30057FD1258AA125B337B1F7AF87D57125A9A
:104FC300FD12A73312586112587C7F021256DC7B04
:104FD300807A967998780012587C7F0B1256DC7B86
:104FE300407A42790F780012587C7D7A1256F31278
:104FF300610212587C7D7A125708E47B107A2712DB
:10500300587A7D7A1257381258AA125A277D7A1283
:10501300569EE47BE87A0312587A7D7A12577F7B97
:10502300641258787D7A1257BF7B0A1258787D7ABA
:1050330012581412586190009612587F7F0212582A
:105043006D7B807A967998780090009612587F7FCE
:105053000B12586D7B407A42790F780090009612BC
:10506300587F7D8B1256F312610290009612587F7F
:105073007D8B125708125F2890009612587F7D8B04
:105083001257381258AA125A277D8B12569E125C59
:10509300A990009612587F7D8B12577F125EF49071
:1050A300009612587F7D8B1257BF125CC7900096F3
:1050B30012587F7D8B12581412CE6EA21A300F0134
:1050C300B3505AA20F921A30313C9003A3E064010B
:1050D300701EA20F339004BD1259ACE41258CA12C9
:1050E3005A5A7AFF3005027A077BE01258F6802A73
:1050F30012601F1259ACE41258CA125A5A1258F6C7
:105103007BE07A07801412601F1259ACE41258CA6C
:10511300125A5A1258F67B007AF81256D0303103DD
:1051230002535D900485E0FF9000D9E06F700302A5
:1051330054F8EFF0900472E0D39400400F9004858C
:10514300E070047F0280027F01120026125DCA74A0
:1051530014F0A31258F912604012C79F12601F1275
:1051630059ACE41258CA125A5A1258F67B007AF80C
:105173001256D0900485E0126CE351C00051CC016B
:1051830051D80251E40351F00451FC055208065270
:105193001407522008522C0952380A52440B525019
:1051A3000C525C0D52680E52740F52801053121140
:1051B300532312533413534514000053591258F612
:1051C3007BFF7A3679F902531B1258F67BFF7A3745
:1051D300790302531B1258F67BFF7A37791A02536D
:1051E3001B1258F67BFF7A37793302531B1258F69A
:1051F3007BFF7A37794A02531B1258F67BFF7A37C3
:10520300795F02531B1258F67BFF7A377976025384
:105213001B1258F67BFF7A37798902531B1258F613
:105223007BFF7A37799C02531B1258F67BFF7A3740
:1052330079B602531B1258F67BFF7A337962025315
:105243001B1258F67BFF7A3779C402531B1258F6A8
:105253007BFF7A3779D702531B1258F67BFF7A37D5
:1052630079EE02531B1258F67BFF7A387909025301
:105273001B1258F67BFF7A38791B02531B1258F620
:105283007BFF7A38792E12593B7F141256FE900019
:10529300DC1263C1125AEF9001491258C2125A5AD2
:1052A3001258F67FA512563B7D64125AE5900149C8
:1052B3001258C2125A5A1258F67FAE12567A125820
:1052C300F612631212593B7FB71256FE7D0A125A29
:1052D300E59001491258C2125A5A1258F67FC01269
:1052E300563B9000DCE0FEA3E0FF125AF290014926
:1052F3001258C2125A5A1258F67FC912567A1258C5
:10530300F612615F12593B7D9E7C007FD280421270
:1053130058F67BFF7A38794212593B125F5380313A
:105323001258F67BFF7A38795812593B125F538033
:10533300201258F67BFF7A38796F12593B125F536C
:10534300800F1258F67BFF7A38798112593B125F2E
:10535300537E0012A733125E4322900086E0FF9033
:105363000462E06F70030254F8EF125DC97414F025
:10537300A31258F912604012C79F9003A3E0146070
:105383000914603724027033801B12601F1259AC5A
:10539300E41258CA125A5A7AFF3005027A077BE0A0
:1053A3001258F6802A12601F1259ACE41258CA121E
:1053B3005A5A1258F67BE07A07801412601F12596A
:1053C300ACE41258CA125A5A1258F67BE07A071202
:1053D300632812A733900086E0126CE353FB00545A
:1053E3000701541302541F03549C0454AD0554D3B2
:1053F3000654E407000054F81258F67BFF7A387914
:10540300980254CB1258F67BFF7A3879A20254CB18
:105413001258F67BFF7A3879AE0254A51258F67B00
:10542300FF7A3879BC12593B125F537E0012A733BF
:10543300125EF49000A6125970125B551258CA12EC
:105443005A5A1258F67F8D125713125CC79000A652
:10545300125970125B551258CA125A5A1258F67FD3
:1054630096125713125CC79000A6125ADF125B55AF
:105473001258CA125A5A1258F674FFFBFA7F9F1237
:10548300632A12A7331258F67BFF7A3879CC125964
:105493003B7D9E7C007FA980571258F67BFF7A38AC
:1054A30079D012593B125F538046900471E0900902
:1054B300BBB4010B1258F97BFF7A3879E7800912E4
:1054C30058F97BFF7A3879FB12593B125F538020DE
:1054D3001258F67BFF7A39790D12593B125F5380CC
:1054E3000F1258F67BFF7A39792412593B125F5316
:1054F3007E0012A733229009AFE0FD7C009009BB28
:105503007421F0A37404F07BFF7A3679E9A3126C5B
:10551300DA7B007AF87F6F7E0012A733AE56AF575F
:105523007C277D101269887C007D0A1269889001AE
:105533004975F003ED126CAEEC75F003A42583F509
:1055430083126CBA9009BD126CDA9009AFE0FD7C4E
:10555300009009BB7421F0A37404F07B007AF87FF8
:10556300787E0012A733AE56AF577C037DE81269ED
:10557300887C007D0A12698890014975F003ED1259
:105583006CAEEC75F003A42583F583126CBA900915
:10559300BD126CDA9009AFE0FD7C009009BB742169
:1055A300F0A37404F02274FFFBFA7D027C007F18E1
:1055B3007E0012A7332274FFFBFA7D027C007F2159
:1055C3007E0012A733227B007AF87F6F7E0012A73A
:1055D30033AE56AF577C007D641269887C007D0A28
:1055E3001269889001492274FFFBFA7D027C007FD7
:1055F300317E0012A7332274FFFBFA7D027C007F09
:105603003A7E0012A733227D027C007F647E001263
:10561300A733AE56AF577C037DE81269887C007DC3
:105623000A126988900149227B007AF87D027C0086
:105633007F817E0012A7332274FFFBFA7D9E7C00DC
:105643007E0012A7332274FFFBFA7F6F7E0012A73E
:1056530033AE56AF577C007D641269887C007D0AA7
:105663001269889001492274FFFBFA7D027C007F56
:105673004A7E0012A7332274FFFBFA7D9E7C007ED4
:105683000012A733227BFFA3126CDA7B007AF87D2A
:10569300027C007F647E0012A733227B007AFE7CAB
:1056A300007F2F7E0012A7332274FFFBFA7D027C5A
:1056B300007E0012A733227D027C007F817E0012D0
:1056C300A733227D027C007E0012A733227D9E7CBD
:1056D300007F027E0012A73322FB7AFE7D7AFCFE56
:1056E30012A7332274FFFBFA7F787E0012A73322BE
:1056F300FB7AFEFC7F14FE12A733227D9E7C007E84
:105703000012A73322FB7AFEFC7F1DFE12A7332271
:1057130074FFFBFA7D9E7C007E0012A7332274FF88
:10572300FBFA7F787E0012A733227B1F7AF87F0271
:10573300FE12BF6822FB7AFEFC7F26FE12A73322ED
:105743007D027C007FA57E0012A733227B1F7AF89F
:105753007F14FE12BF682274FFFBFA7E0012A73388
:10576300227BE07AFF7D287C007E0012A733227B18
:1057730040FA7D59FC7F02FE12C79F22FB7AFEFC92
:105783007F38FE12A733227BE07AFFFE12BF682226
:105793007BFF7A07FE12BF68227B1F7AF8FE12BFD7
:1057A30068227B1F7AF87D6A7C007E0012A7332271
:1057B30074FFFBFA7FB77E0012A73322FB7AFEFC4D
:1057C3007F41FE12A733227B40FA7D17FC7F02FE46
:1057D30012C79F227BE07AFF7F14FE12BF68227BF1
:1057E300007AF87F817E0012A733AE56AF577C0054
:1057F300227BFF7A07FE12BF68227B1F7AF87F4263
:10580300FE12BF682274FFFBFA7FC07E0012A7332B
:1058130022FB7AFEFC7F4AFE12A733227B40FA7DED
:1058230038FC7F02FE12C79F227A077D497C007EE7
:105833000012A733227BE07AFFFE12BF68227B1F90
:105843007AF87F30FE12BF682274FFFBFA7FC97EAD
:105853000012A733227BFF7A07FE12BF682212CE03
:105863006E7B007AE179F5780522FB7AFE7D8BFC6D
:10587300FE12A73322E4FAF9F8900451126C39129C
:105883006B12E47B0AFAF9F8126B1290014975F076
:1058930003EB126CAEEA75F003A42583F583126C57
:1058A300BA9009BD126CDAE49009BBF0A3F022AE02
:1058B3004CAF4D7C001269887C007D0A12698875A3
:1058C300F003ED126CAEEC75F003A42583F58302AF
:1058D3006CBAEF5D25E0FFE433FE74692FF5827443
:1058E300043EF583E0229009BD126CDA9009AFE023
:1058F300FD7C009009BB7421F0A37404F022FEA385
:10590300E0FF900494E08475F00A84E5F075F003F9
:10591300A42449F582E4340122900087E075F01E47
:10592300A424B7F582E43403F58322E49009BBF0A1
:10593300A3F07A3A79F77BFFA3126CDA74FFFA22A9
:10594300E02465F582E43400F583E054081313136F
:10595300541F25E02492F582E43400F583E0FEA38E
:10596300E0FF2290011CE47BE87A03F9F8126C391A
:1059730012CEB57B0AE4FAF9F802CEB59009BB1250
:105983006CDA9009AFE0FD7C00E49009B9F0A3F074
:10599300229004B2E0FEA3E0FF7C001269337C0096
:1059A3007D0A126933ED90014975F003026CAEAEC6
:1059B30034AF357C037DE81269337C037DE81269DB
:1059C300217D647C00AA06AB07AE60AF610269214A
:1059D3007BE07A077C007F667E00229004AEE025A0
:1059E300E0249AF582E43404F583227A3379C87B80
:1059F300FFA3026CDAAE34AF357C007D64126933E9
:105A03007C007D64126921AA06AB07AE60AF617D9D
:105A13000A126921EF2BFBEEAE34AF353AFA126965
:105A230033ED2B227A3479267BFFA3026CDA9009BB
:105A3300BBE4F07425A3F0A374F8F0A3E4F07B7641
:105A4300FA22AE5CAF5DEE3395E0FDFC90007D0283
:105A53006C45F583126CBA9009BD026CDAA3E0546D
:105A630010FFE4C4F854F0C8EFC4540F48FF7D009E
:105A730022E49009BBF0A3F07A3A79F77BFFA30203
:105A83006CDA9009BB126CDA9009B922E49009BB75
:105A9300F0A3F07A3B79077BFFA3026CDA900A8DBF
:105AA300126C71900395126C39900488AB07AA06A7
:105AB300A905A804E0FFE4FCFDFE126A87E47B105D
:105AC3007A27F9F812CEB5EE3395E0FDFC900A91F2
:105AD300126C71900A8DE47B64FAF9F8126C390246
:105AE300CEB59000DCE0FEA3E0FF7C001269337CBE
:105AF300007D0A0269337BE07AFF7C007F567E00DB
:105B030022AE34AF357C037DE8126933AA04AB05BA
:105B13007C037DE8AE60AF61126921EF2B227C0329
:105B23007DE8AE64AF651269887C007D0A026988EE
:105B33007A35798C7BFFA3026CDAA3E05402FFE48D
:105B4300C313EF13FF7D00227A3379C37BFFA302D4
:105B53006CDA90014975F003EB126CAEEA22126A1B
:105B63006C900389126C71900389126C3978080266
:105B73006BECFDE435F0FC9009BBE4F0A37411F089
:105B8300E4A3F0A3F022900495E025E025E0248926
:105B9300F582E43403F583026C39E49000DAF09083
:105BA30004977463F09004B1F09004B8F09004BBD0
:105BB300F09004C3F0227A3379CF7BFFA3026CDA2F
:105BC3009000847D64E0FEA3E0FF7C0002692190E5
:105BD30009AFE0F9EF9BFFEE9AFE7C007D6412694A
:105BE3002175F002E990393B126CAEE493FC740129
:105BF30093C39BFDEC9AFC126933C374649FFBE46B
:105C03009EFA9009AFE024EBFFE434FFFE227A32E0
:105C130079557BFFA3026CDA126C397818126BD9B1
:105C2300E4AD072290013AE02465F582E43400F5FF
:105C330083E022EC5EFEED5F25E0FFEE2290009014
:105C4300E0FEA3E0FFE4FCFD7B64FAF9F8126A8747
:105C530090006F126C45D3026BB27BFFA3026CDA28
:105C6300AE3CAF3D7C007D3C1269887E007F0ACF4D
:105C7300CDCFCECCCE227BFFA3026CDA7E00A3E095
:105C830054047802227E00A3E054087803227BFFA9
:105C9300A3026CDA7FD07D157C007E00227BFFA3FC
:105CA300026CDA126A87E47BE87A03F9F8227BFF55
:105CB300A3026CDA900389126C39E5552FFFE55482
:105CC30022126C71E47B0AFAF9F8227BFFA3026CBF
:105CD300DA900147E0FF24C4F582E43404F583221B
:105CE300AB07AA06126C39C3EF9BFFEE9A900A9793
:105CF300F0A3EFF090007D126C39900114026C71E7
:105D03007C007D0A126921E5612F227E009004B791
:105D1300E07C00227414900485F0C231229000903C
:105D2300E0FEA3E0FF7C00227BFFA3026CDAFFE02E
:105D330075F003A4242CF582E43400229003951219
:105D43006C39AB07AA06A905A804222410FFE43383
:105D5300FE7C007D64126921D3E5579FEE6480F8D1
:105D6300E556648098227BFFA3026CDAFDE435F0EC
:105D7300FC9009BBE4F0A3227412900485F0C231B5
:105D8300227E00A3E05420780522E05EFEA3E05FBC
:105D9300FF9009B3E0F9EFA80108227E007C007DA3
:105DA30013126921EF2429FDE43EFC227BFFA302A9
:105DB3006CDA9004AEE024FE227B007AF87D9E7CB0
:105DC300007E00227401F09009B9E4F0A3228E440E
:105DD3008F45900488E0FF7E002555FDEE3554FC89
:105DE300EDD39545E5446480F822126A6C90038DE7
:105DF300126C7190038D22126A6C900391126C7174
:105E030090039122126A6C900395126C7190039522
:105E130022126A6C900451126C7190045122126A1E
:105E23006C900096126C7190009622E4F0A3EFF050
:105E3300E0F8E4F0E822740F900485F0C23122F018
:105E4300D2199003A47401F0227BFFA3026CDA75CC
:105E5300F002EF90393D126CAEE493FA7401939023
:105E630009B0FBE0FEA3E0FFD39BEE9A22900495DA
:105E7300E075F004A42489F9740335F0FA7B017CFE
:105E83000022126A6C900399126C7190039922128A
:105E93006A6C90039D126C7190039D2274017E00C5
:105EA300A8030822A805E05EFEA3E05F0822EF2B0B
:105EB300FBEEAE2EAF2F3AFA126933ED2B2290048C
:105EC3008BE0FAA3E0FB7C007D0AFFAE021269219E
:105ED300D32290039D126C39EF2430FFEE34F8FE89
:105EE300ED34FFFDEC34FFFCE47B03FAF9F8026ABE
:105EF30087E47B64FAF9F822FFE075F003A424CC6D
:105F0300F582E4340422AE5CAF5DAB07AA06EA3344
:105F130095E0F9F890007D026C397BDC7A007C0017
:105F23007F647E0022E47B107A27F9F822EF25555F
:105F3300F555EE3554F5542290008FE075F064A4C6
:105F4300FFAEF0E4FCFD90006F126C45C3026BB230
:105F53007D9E7C007F14227BFFA3026CDA90008974
:105F6300E0FEA3E0FFE4FCFD227E009004B0E07CB1
:105F730000227E00A3E054407806225404131354F5
:105F83003F22ECF0A3EDF090008BE064012290043B
:105F930085F0C23122126C39EF2401FFE43EFEE4A6
:105FA3003DFDE43CFC22126C39E41266D0797AE4BC
:105FB300FBFA7844026633AE58AF597C000269336A
:105FC3009009C5E4F0A3227BFFA3026CDAE53D242C
:105FD300FFFFE53C34FFFE22E0FEA3E0FFC3E555EF
:105FE3009FF555E5549EF5542212CEB5EF2401FFDB
:105FF300E43E900A95F0A3EFF022E0FFFDC374079F
:106003009DFDE49400FC749B2DF58274003CF583A4
:10601300E022900089E0FCA3E0FDC322A20FE43359
:106023009004BD22AB07AA06E4F9F822F583E0FD4C
:106033009009B1E02DF09009AFE004F0227D9C7C43
:1060430000E47BDC7A00FFFE22AE2EAF2F7C007DC6
:10605300641269337C007D64026921E0FB75F013EF
:10606300A42429FDE435F0FC22900485F0C23122FA
:1060730085445485455522900389126C7190038998
:10608300026C45E0C454F0FDEE25E024C5F582E43E
:106093003404F583E02DFE22254DF54DE4354CF512
:1060A3004CE54D754D00F54C22E49009BBF0A3F08F
:1060B30022AE3CAF3D7C007D3C1269887C007D0AAA
:1060C30022FE747D2FF582E43404F58322E0FEA3DF
:1060D300E0FF2555FDE5543EFCD3ED9545EC954495
:1060E300227FFF7EC97D9A7C3B126C45C3026BC83D
:1060F3007BFFA3026CDAAE56AF577C007D0A227B8E
:10610300A07A8679017800229009B0EEF0A3EFF02F
:10611300D3E09440229000DFE0FD7C00126921EF80
:106123002BF557EE3AF55622FF3395E0EFFD22E4C7
:106133008FF00269BE7B76FA7D14FC7F65FE2290A8
:1061430000D97463F0900462F022C374079FFFE4E4
:106153009400FE749B2FF58274003E227BFF7A32FB
:10616300796922FF900495E0FD229009B3E0FFC313
:1061730022FFE075F003A42275F009A4248FFFE445
:1061830035F0FEED22900A86026CBA126C45D302FA
:106193006BC8900A86026CBA9009AFF07F9F7E8627
:1061A3007D017C0022900083E075F00AA4FF229019
:1061B3000485F0C231225394FE5393FE22E475F01A
:1061C300010269BEEE3395E0FDFC026A877C027D25
:1061D30058AE32AF330269332FFFEC3EFEE0C39F6C
:1061E300EE6480F874809822900399126C39EF243E
:1061F30030FDEE34F8FC227FD17B007AF87E00225A
:10620300D3E5479464E5466480948022FEA3E0FFCF
:1062130090009AE022FEA3E0FF900488E022FEA310
:10622300E0FF900056E022FEA3E0FF900143E0224E
:10623300FEA3E0FF900082E022FEA3E0FF9004B4FF
:10624300E022FEA3E0FF9000DBE022FEA3E0FF904C
:1062530000DFE022FEA3E0FF900139E022FEA3E08D
:10626300FF900083E022FEA3E0FF900032E022FED5
:10627300A3E0FF9000C3E022900385E0FEA3E0FFCC
:10628300229009AFE0FFC394DC22E4F0A3F0900076
:106293008BE022E4F550F55190047CF090046DF00E
:1062A30022AA06AB07AE60AF617D0A026921E00452
:1062B300F0900380E0243CFFE433FE221266D074A6
:1062C30066FBFAF97840026633AE52AF537C002284
:1062D300AE5AAF5B7C0022AE48AF497C0022AE626F
:1062E300AF637C0022AE27AF287C0022AE6AAF6B7F
:1062F3007C00227BFF7A34790B227BFF7A34790D81
:1063030022AE5CAF5D7C00227BFF7A3479FF227B77
:10631300FF7A347926229009B3126C39026B1290FA
:106323000114026C397F027D9E7C007E002275F091
:1063330003A42458F582E4340022E42FFFE434015B
:10634300FE22D3E5579470E5566480949722D3E5F3
:1063530057940FE556648094A722C2319004857444
:1063630009F022900387E0FEA3E022E490047AF090
:10637300A3F02290000EE0FFC3ED9FEC94002212E5
:106383006C39E40266D0AF03AE02026921D3E53D66
:106393009400E53C6480948022900A86126CBA02D1
:1063A3006885900A86126CBA0269EA7BFFA3026CC5
:1063B300DAAE64AF657C002290006F026C39E0FEB8
:1063C300A3E0FF7C037DE822E47F0AFEFDFC22E0DC
:1063D30075F064A4FF22900485F0C23122F582E4B3
:1063E3003404F583EEF022900A88E004F02225E0DD
:1063F3002404F582E434002290037EE0A3E022909B
:1064030009AFE004F0229000DAE0640222900486EF
:106413007463F022900057E0FBE4FAF9F822E49069
:1064230009B1F09009AFF0229009AFE0FFC3220257
:10643300677AE86480F8E933E83360110460F0EDCB
:1064430033EC337009E8FCE9FDEAFEEBFF2204605C
:10645300DED3EB9FEA9EE99DE8C2E78CF0C2F79595
:10646300F0400CE8CCF8E9CDF9EACEFAEBCFFB1219
:10647300674585D0F05804700320D5B3E80470074E
:106483005002B2D502678492D5EC0460F7E4CCC025
:10649300E0C398F8603B94186008400DD0E0FB021D
:1064A300675CE4FBFAC9FC8028E830E406E4C9FB36
:1064B300E4CAFCE830E305E4C9CACBFCE85407604E
:1064C30010F8C3E913F9EA13FAEB13FBEC13FCD846
:1064D300F130F52FC3E49CFCEF9BFFEE9AFEED99A0
:1064E300FDD0E0FBEF4E4D4C701222DB03026781BF
:1064F300EC2CFCEF33FFEE33FEED33FDED30E7EB39
:1065030002675CEF2BFFEE3AFEED39FDD0E0FB5066
:10651300130BBB0003026784ED13FDEE13FEEF13B1
:10652300FFEC13FC02675CEC4D6011E8497017ED5A
:1065330033EC3304600DE4FCFFFEFD22E933E83362
:106543000470F802677A12674558046009E4CC24A2
:10655300815006285009026784284003026781C0DE
:10656300E0EB4A7044B98006D0E0FB026770EF4E5F
:10657300701CBD8008EBFFEAFEE9FD80EBE98DF0BE
:10658300A4FEE5F0026613E9CDF9EAFEEBFFEF891D
:10659300F0A4FCE5F0CE89F0A42EFFE435F0CD891C
:1065A300F0A42DFEE435F08067EF4E7005BD80D773
:1065B30080C3EF8BF0A4ACF0EE8BF0A42CFCE4359D
:1065C300F0F8EF8AF0A42CE5F038FCE433CB8DF03F
:1065D300A42CFCE5F03BF8EE8AF0A42CFCE5F038A3
:1065E300F8E433CF89F0A42CFCE5F038CF3400CEA7
:1065F30089F0A42FFFE5F03EFEE433C98DF0A42E0D
:10660300FEE5F039CD8AF0A42FFFE5F03EFEE43D30
:10661300FD33D0E0FB50070BBB000F026784EC2C6B
:10662300FCEF33FFEE33FEED33FD02675C0267845C
:10663300EC5D046005E85904700302677A1267454C
:10664300580460F6EC4860F2EC7004FDFEFF22C8CB
:1066530060DB2481C85009C3986002500602678139
:106663009850CAF582E9294B4A7005AB82026770DC
:1066730075F0007C1A7880C3EF9BEE9AED99400D7C
:10668300C3EF9BFFEE9AFEED99FDE842F0DC23ACED
:10669300F0D0E0FFD0E0FED0E0FDAB8220E7101B9E
:1066A300EB60BAEC2CFCEF33FFEE33FEED33FD026F
:1066B300675CE803F830E705C0F075F000EF2FFFE3
:1066C300EE33FEED33FD40B830E7C280AA75F0200B
:1066D300800E75F010800575F0087D007E007F0048
:1066E3003392D530D503126BA4EC334010EF33FF54
:1066F300EE33FEED33FDEC33FCD5F0ED22E5F02473
:106703007EA2D513CC92E7CDCEFF22EDD2E7CD33D7
:10671300EC3392D524814006E4FFFEFDFC22FCE429
:10672300CFCECDCC24E0501174FF80EDC3CC13CC7D
:10673300CD13CDCE13CECF13CF0470F030D5DE0200
:106743006BA4E9D2E7C933E833F892D5EDD2E7CDAC
:1067530033EC33FC5002B2D522EC30E7100FBF000C
:106763000C0EBE00080DBD00040BEB6014A2D5EBAC
:1067730013FCED92E7FD2274FFFCFDFEFF22E48093
:10678300F8A2D574FF13FC7D80E480EFE709F608D7
:10679300DFFA8046E709F208DFFA803E88828C83BD
:1067A300E709F0A3DFFA8032E309F608DFFA80781D
:1067B300E309F208DFFA807088828C83E309F0A38F
:1067C300DFFA806489828A83E0A3F608DFFA8058BF
:1067D30089828A83E0A3F208DFFA804C80D280FAB0
:1067E30080C680D4806980F28033801080A680EADE
:1067F300809A80A880DA80E280CA803389828A8383
:10680300ECFAE493A3C8C582C8CCC583CCF0A3C873
:10681300C582C8CCC583CCDFE9DEE7800D89828AD7
:1068230083E493A3F608DFF9ECFAA9F0EDFB2289E0
:10683300828A83ECFAE0A3C8C582C8CCC583CCF0B6
:10684300A3C8C582C8CCC583CCDFEADEE880DB8978
:10685300828A83E493A3F208DFF980CC88F0EF60A7
:10686300010E4E60C388F0ED2402B4040050B9F564
:1068730082EB2402B4040050AF23234582239067A4
:10688300DF73BB010689828A83E0225002E722BBC1
:10689300FE02E32289828A83E49322BB010CE58210
:1068A30029F582E5833AF583E0225006E92582F84B
:1068B300E622BBFE06E92582F8E222E58229F5827B
:1068C300E5833AF583E49322BB010989828A83F83D
:1068D300E028F022500327F722BBFE05F8E328F354
:1068E300228A838982F8E4932822BB010689828A5B
:1068F30083F0225002F722BBFE01F322F8BB010D05
:10690300E58229F582E5833AF583E8F0225006E92A
:106913002582C8F622BBFE05E92582C8F222EF8D47
:10692300F0A4A8F0CF8CF0A428CE8DF0A42EFE22E4
:10693300BC000BBE0029EF8DF084FFADF022E4CC48
:10694300F875F008EF2FFFEE33FEEC33FCEE9DEC11
:10695300984005FCEE9DFE0FD5F0E9E4CEFD22ED57
:10696300F8F5F0EE8420D21CFEADF075F008EF2FA1
:10697300FFED33FD4007985006D5F0F222C398FD92
:106983000FD5F0EA22C2D5EC30E709B2D5E4C39DB6
:10699300FDE49CFCEE30E715B2D5E4C39FFFE49E13
:1069A300FE126933C3E49DFDE49CFC80031269334A
:1069B30030D507C3E49FFFE49EFE22C5F0F8A3E0B1
:1069C30028F0C5F0F8E582158270021583E038F0EF
:1069D30022A3F8E0C5F025F0F0E5821582700215D8
:1069E30083E0C838F0E822BB010A89828A83E0F594
:1069F300F0A3E022500687F009E71922BBFE07E364
:106A0300F5F009E3192289828A83E493F5F074018E
:106A13009322BB010789828A830269BE500B09C591
:106A2300F027F7C5F01937F722BBFE0D09F8E32568
:106A3300F0F3C5F019E338F322F889828A837401ED
:106A43009325F0C5F0F8E4933822BB010A89828AC2
:106A530083F0E5F0A3F0225006F709A7F01922BB53
:106A6300FE06F3E5F009F31922EF2BFFEE3AFEEDF4
:106A730039FDEC38FC22C3EF9BFFEE9AFEED99FD46
:106A8300EC98FC22E88FF0A4CC8BF0A42CFCE98ECC
:106A9300F0A42CFC8AF0EDA42CFCEA8EF0A4CDA883
:106AA300F08BF0A42DCC3825F0FDE98FF0A42CCD8C
:106AB30035F0FCEB8EF0A4FEA9F0EB8FF0A4CFC56C
:106AC300F02ECD39FEE43CFCEAA42DCE35F0FDE4F6
:106AD3003CFC2275F008758200EF2FFFEE33FECDEC
:106AE30033CDCC33CCC58233C5829BED9AEC99E58B
:106AF3008298400CF582EE9BFEED9AFDEC99FC0F1B
:106B0300D5F0D6E4CEFBE4CDFAE4CCF9A88222B8E2
:106B130000C1B90059BA002DEC8BF084CFCECDFC67
:106B2300E5F0CBF97818EF2FFFEE33FEED33FDECF4
:106B330033FCEB33FB10D703994004EB99FB0FD8DD
:106B4300E5E4F9FA227818EF2FFFEE33FEED33FD7B
:106B5300EC33FCC933C910D7059BE99A4007EC9B7A
:106B6300FCE99AF90FD8E0E4C9FAE4CCFB2275F00A
:106B730010EF2FFFEE33FEED33FDCC33CCC833C81B
:106B830010D7079BEC9AE899400AED9BFDEC9AFC21
:106B9300E899F80FD5F0DAE4CDFBE4CCFAE4C8F9D0
:106BA30022C3E49FFFE49EFEE49DFDE49CFC22EBF4
:106BB3009FF5F0EA9E42F0E99D42F0EC6480C864E0
:106BC300809845F022EB9FF5F0EA9E42F0E99D4262
:106BD300F0E89C45F022E8600FECC313FCED13FDD5
:106BE300EE13FEEF13FFD8F122E8600FEFC333FF7C
:106BF300EE33FEED33FDEC33FCD8F122BB01078904
:106C0300828A83026C395005E9F8026D36BBFE05B2
:106C1300E9F8026D4289828A83026D4EBB010789BE
:106C2300828A83026C715005E9F8026D88BBFE0508
:106C3300E9F8026D9422E0FCA3E0FDA3E0FEA3E0EB
:106C4300FF22E0F8A3E0F9A3E0FAA3E0FB22BB01F3
:106C53000789828A83026C455005E9F8026D5EBBA1
:106C6300FE05E9F8026D6B89828A83026D78ECF088
:106C7300A3EDF0A3EEF0A3EFF022A8828583F0D07A
:106C830083D082126C94126C94126C94126C94E400
:106C930073E493A3C583C5F0C583C8C582C8F0A3B5
:106CA300C583C5F0C583C8C582C822A42582F582E1
:106CB300E5F03583F58322E0FBA3E0FAA3E0F922B4
:106CC300F8E0FBA3A3E0F925F0F0E582158270025A
:106CD3001583E0FA38F022EBF0A3EAF0A3E9F022FF
:106CE300D083D082F8E4937012740193700DA3A340
:106CF30093F8740193F5828883E473740293686054
:106D0300EFA3A3A380DFEC8EF0A4CCC5F0CCCDF829
:106D1300EFA4CEC5F02DFDE43CFCE8A42EC8C5F0DD
:106D23003DFDE43CFCEFA4FFE5F028FEE43DFDE47B
:106D33003CFC22E6FC08E6FD08E6FE08E6FF22E24C
:106D4300FC08E2FD08E2FE08E2FF22E493FC740182
:106D530093FD740293FE740393FF22E6FB08E6F9A6
:106D630008E6FA08E6CBF822E2FB08E2F908E2FAC1
:106D730008E2CBF822E493F8740193F9740293FACE
:106D8300740393FB22ECF608EDF608EEF608EFF633
:106D930022ECF208EDF208EEF208EFF2226096031D
:106DA300B7FF3B87FF3BC7FF3C07FF3C47FF3C87E1
:106DB300FF3CC7FF3D07FF3D47FF3D87FF3DC7FF43
:106DC3004087FF40C7FF4107FF4147FF4187FF411E
:106DD300C7FF4207FF4247FF4287FF42C7FF3E0705
:106DE300FF3E47FF3E87FF3EC7FF3F07FF3F47FF8B
:106DF3003F87FF3FC7FF4007FF4047FF4307FF436E
:106E030047FF4387FF43C7FF4407FF4447FF4487C8
:106E1300FF44C7FF4507FF4547000000000000008F
:106E2300000000000000000000000000000000005F
:106E33000000000000000060300149FF3255FF32BE
:106E430057FF3259FF325BFF325DFF325FFF326122
:106E5300FF3263FF3265FF3267FF3269FF326BFF38
:106E6300326DFF326FFF3271FF3273580120FF32F0
:106E730075FF3278FF327BFF327EFF3281FF32842F
:106E8300FF3287FF328A4604BDFF328DFF329046C0
:106E930004CCFF3293FF3296520010FF3299FF3237
:106EA300A2FF32ABFF32B4FF32BDFF32C64900232B
:106EB300FF32CFFF32D4FF32D946002CFF32DEFF40
:106EC30032E14C0033FF32E4FF32EBFF32F2FF32A8
:106ED300F94C0043FF3300FF3304FF3308FF330D46
:106EE300460050FF3312FF3318490058FF331EFF8B
:106EF3003325FF332C4900E0FF3333FF3338FF33AF
:106F03003F4600E9FF3346FF334B4F00EFFF33505B
:106F1300FF3353FF3356FF3359FF335C41011100F5
:106F23004100A5014104BC004100836441014300C9
:106F330041009A004104940141008F02410057141B
:106F430041004F004104930041007300410062007F
:106F5300410088014100822D4104B4734101393C51
:106F63004100DB644100DF644100610041049000A3
:106F73004104720041047900410032004100DE0007
:106F83004101130041007C0041006A00410492006A
:106F930041047500410471004100C20041008100B9
:106FA3004103A5004100740041006E0041048F00BD
:106FB30041045D0041008E00410087004104D2007E
:106FC30041047C0041046D00410456004101460028
:106FD30041007B0041011200410455004100DA00E9
:106FE30041048663410485004100D9634100860062
:106FF300410462634100750042047A000042048D3B
:10700300000042008C00004200D700005400AA0098
:10701300000000000000000000000000000000006D
:107023000000004204B200B442048B00964203A164
:1070330000C842009000964200DC000042046F004A
:10704300004200A30000420084000F4204890014A0
:1070530002520000024C0000025A000002480000E5
:107063000262000002270000026A0000025C04B012
:1070730002580000022A000002500000024E0000E5
:10708300022E000002340000026000000232000001
:10709300023A000002300000026800005803890031
:1070A30000000000000000000000000000000000DD
:1070B3000000000000000002660000025E00000203
:1070C3005600000264000002400000023E0000027D
:1070D300540000023800000244000002460000028F
:1070E3004A0000023C000002360000024200004455
:1070F300011C0000000044007D0000000044006FFC
:1071030000000000440114000000004400A6000039
:1071130000004404510000000044009600000000F9
:1071230044003F0000000044038100000000C1133D
:10713300C114C116C10BC106C102C101C11DC118D1
:10714300C104C131C12BC117C12DC10DC110C19FD4
:10715300C123C122C199C187C11EC103C10CC10F83
:10716300C100C12FC11AC18841013A0041013B004E
:1071730041013C0041013D0041013E00410140000D
:10718300410142004101450041014700410487009C
:107193004104770141014800410488004100560041
:1071A30041013F004103B60041008B004101410012
:1071B3004100C40041047400410476004104780096
:1071C30041046E0041038000410022004103A401F9
:1071D30041037B00450065000102040854049A0042
:1071E300010002000400080010002000400080019C
:1071F3000002004400920000F8004604570000001B
:107203000000004200630000440469FFFFF80041EE
:1072130001100543006B0000F14804C400000000A6
:10722300000000005001000000000000000000000A
:10723300000000000000005000C700000000000034
:1072430000000000000000000000C115C130C19122
:10725300C127C129C128C12AC120C109C105C10E45
:10726300C11241013800410473004103A8B4410134
:107273004464420379000042011A0000420467009B
:10728300004200FE00004200C0000001290042004D
:10729300BE00004201180000420089000042049829
:1072A3000000C12CC12E4100C3014A03AB050504F4
:1072B30006040406040406C124C125C1264103A310
:1072C300004103A76341049100410497634104967D
:1072D300004104B1634104B0004104B8634104B701
:1072E300004104BB634104BA004104C3634103A6E4
:1072F300004103AA63410495004104AF634103A91C
:10730300004103B5634104AE004104B6634104B5D3
:10731300004104B963C18AC19BC19C4200000000C3
:1073230042000200004A00040000000000000000C8
:10733300000041000E0141000F1E410B6F08420B7C
:107343007000E6420B410000420B450000420B5225
:107353000000420B3F0000410B2301410B3C004165
:107363000B2A00410B2400410B5400410B27004220
:107373000B2C0000420B2E0000420B4C0000420B72
:10738300500000420B430000420B4A0000420B2115
:107393000000420B280000420B3D0000420B480056
:1073A30000420B4E0000420B250000C132C133C125
:1073B30034C135500B110000000000000000000034
:1073C300000000000000440AC63F800000440ACFCA
:1073D3003F800000440AD53F800000610007AD00F4
:1073E300C1814001C0804101C0804100C181400191
:1073F300C0804100C1814000C1814001C080410182
:10740300C0804100C1814000C1814001C080410072
:10741300C1814001C0804101C0804100C181400160
:10742300C0804100C1814000C1814001C080410052
:10743300C1814001C0804101C0804100C181400041
:10744300C1814001C0804101C0804100C181400130
:10745300C0804100C1814000C1814001C080410121
:10746300C0804100C1814000C1814001C080410012
:10747300C1814001C0804101C0804100C181400001
:10748300C1814001C0804101C0804100C1814001F0
:10749300C0804100C1814000C1814001C0804100E2
:1074A300C1814001C0804101C0804100C1814001D0
:1074B300C0804100C1814000C1814001C0804101C1
:1074C300C0804100C1814000C1814001C0804100B2
:1074D300C1814001C0804101C0804100C181406140
:1074E3000008AD00C0C101C30302C2C60607C70539
:1074F300C5C404CC0C0DCD0FCFCE0E0ACACB0BC91D
:107503000908C8D81819D91BDBDA1A1EDEDF1FDDFC
:107513001D1CDC14D4D515D71716D6D21213D311CC
:10752300D1D010F03031F133F3F23236F6F737F5CC
:107533003534F43CFCFD3DFF3F3EFEFA3A3BFB395C
:10754300F9F83828E8E929EB2B2AEAEE2E2FEF2D5C
:10755300EDEC2CE42425E527E7E62622E2E323E10C
:107563002120E0A06061A163A3A26266A6A767A52C
:107573006564A46CACAD6DAF6F6EAEAA6A6BAB699C
:10758300A9A86878B8B979BB7B7ABABE7E7FBF7D7C
:10759300BDBC7CB47475B577B7B67672B2B373B14C
:1075A3007170B0509091519353529296565797558C
:1075B3009594549C5C5D9D5F9F9E5E5A9A9B5B99DC
:1075C300595898884849894B8B8A4A4E8E8F4F8DDC
:1075D3004D4C8C448485458747468682424383418C
:1075E3008180404107AA0000E49009B1F09009B1FD
:1075F300E0FFC39408501712633D12D5109009B1F0
:10760300E0125CD9EFF09009B1E004F080DF7F0174
:10761300127C7E125B6412607AC000C001C002C09B
:10762300037F02127C7ED003D002D001D000125B14
:107633006112607AC000C001C002C0037F03127CE4
:1076430088D003D002D001D000125B6112607AC0EF
:1076530000C001C002C0037F04127C88D003D002A3
:10766300D001D000126A6C900389126C717F0512ED
:107673007C92125DF0125B6D125DF0126C45C000DE
:10768300C001C002C0037F06127C92D003D002D097
:1076930001D000125DED125B6D125DF0126C45C0FE
:1076A30000C001C002C0037F07127C9CD003D0023C
:1076B300D001D000125DED125B6D125DF0126C45CE
:1076C300C000C001C002C0037F08127C9CD003D05D
:1076D30002D001D000126A6C90038D126C717F0985
:1076E300127CA6125DFD125B6D125DFD126C45C02E
:1076F30000C001C002C0037F0A127CA6D003D002DF
:10770300D001D000125DFA125B6D125DFD126C4563
:10771300C000C001C002C0037F0B127CB0D003D0F5
:1077230002D001D000125DFA125B6D125DFD126C86
:1077330045C000C001C002C0037F0C127CB0D0035F
:10774300D002D001D000126A6C900391126C717F49
:1077530026127CBA125E0A125B6D125E0A126C4527
:10776300C000C001C002C0037F27127CBAD003D07F
:1077730002D001D000125E07125B6D125E0A126C1A
:1077830045C000C001C002C0037F28127CC4D003DF
:10779300D002D001D000125E07125B6D125E0A1296
:1077A3006C45C000C001C002C0037F29127CC4D055
:1077B30003D002D001D000126A6C900395126C7151
:1077C3007F18127CCE125E88125B6D125E88126C7B
:1077D30045C000C001C002C0037F19127CCED00394
:1077E300D002D001D000125E85125B6D125E88124A
:1077F3006C45C000C001C002C0037F1A127CD8D000
:1078030003D002D001D000125E85125B6D125E8838
:10781300126C45C000C001C002C0037F1B127CD89C
:10782300D003D002D001D000126A6C900399126C7D
:10783300717F1C127CF0125E95125B6D125E9512C5
:107843006C45C000C001C002C0037F1D127CF0D094
:1078530003D002D001D000125E92125B6D125E95CE
:10786300126C45C000C001C002C0037F1E127D0818
:10787300D003D002D001D000125E92125B6D125E73
:1078830095126C45C000C001C002C0037F1F127D6A
:1078930008D003D002D001D000126A6C90039D126D
:1078A3006C717F107E0012D510754C008F4D1260E5
:1078B300A47F11127CE212609B7F12127CE21260A1
:1078C3009B7F13127CE9254DF54DE4354CF54C7F38
:1078D300167E0012D5107552008F53E55375530071
:1078E300F5527F17127CE92553F553E43552F552CF
:1078F3007F207E0012D510755A008F5BE55B755BA8
:1079030000F55A7F21127CFA255BF55BE4355AF5C5
:107913005A7F227E0012D5107548008F49E54975BC
:107923004900F5487F23127CFA2549F549E4354897
:10793300F5487F247E0012D5107562008F63E563DE
:10794300756300F5627F25127D012563F563E435D8
:1079530062F5627F647E0012D510900090125E2E55
:10796300900090F07F657E0012D510900090126118
:10797300327F667E0012D510755C008F5DE55D7504
:107983005D00F55C7F67127D01255DF55DE4355C87
:10799300F55C7F587E0012D510900088EFF07F478A
:1079A3007E0012D51090008FEFF07F487E0012D535
:1079B30010900057EFF07F2E7E0012D510900084B8
:1079C300125E2E900084F07F2F7E0012D51090005F
:1079D300841261327F307E0012D510900489125ECA
:1079E3002E900489F07F317E0012D5109004891205
:1079F30061327F327E0012D510900143EFF07F5742
:107A03007E0012D51090048FEFF07F377E0012D5E1
:107A13001090048B125E2E90048BF07F387E001240
:107A2300D51090048B1261327F397E0012D51090ED
:107A330003A1125E2E9003A1F07F3A7E0012D510AF
:107A43009003A11261327F3B7E0012D51090009A01
:107A5300EFF07F3C7E0012D510900488EFF07F3D5D
:107A63007E0012D510900056EFF07F407E0012D5B5
:107A730010900111EFF07F417E0012D5109004B2F7
:107A8300125E2E9004B2F07F427E0012D510900455
:107A9300B21261327F437E0012D5109000A5EFF041
:107AA3007F447E0012D510900494EFF07F467E0051
:107AB30012D51090006AEFF07F697E0012D5109006
:107AC300045DEFF07F6A7E0012D51090008EEFF018
:107AD3007F507E0012D510900032EFF07F557E006C
:107AE30012D5109004BCEFF07F617E0012D5109088
:107AF30000C2EFF07F537E0012D510900083EFF0A9
:107B03007F547E0012D51090007CEFF07F567E00EC
:107B130012D51090007BEFF07F457E0012D51090B8
:107B23000471EFF07F687E0012D51090006EEFF0C5
:107B33007F497E0012D510900061EFF07F4A7E00EE
:107B430012D510900490EFF07F4B7E0012D5109069
:107B53000472EFF07F517E0012D510900479EFF09C
:107B63007F4C7E0012D510900082EFF07F4D7E0097
:107B730012D5109004B4EFF07F4E7E0012D5109012
:107B830000DBEFF07F4F7E0012D5109000DFEFF0A7
:107B93007F527E0012D510900139EFF07F607E0096
:107BA30012D510900475EFF07F6B7E0012D5109004
:107BB3000087EFF07F6D7E0012D510900073EFF019
:107BC3007F6E7E0012D5109000C3EFF07F337E00EE
:107BD30012D5107527008F28E528752800F5277F13
:107BE300347E0012D510EF2528F528E43527F52734
:107BF3007F357E0012D510756A008F6BE56B756B50
:107C030000F56A7F367E0012D510EF256BF56BE425
:107C1300356AF56A7F627E0012D5109000DEEFF0C0
:107C23007F637E0012D510900113EFF07F6C7E000E
:107C330012D5109004D2EFF0900475E0FF12D5E056
:107C4300E49009B1F09009B1E0FFC394045018E047
:107C5300FE25E0125CD9126086745E2F1263E090F9
:107C630009B1E004F080DE90045EE07002A3E060FE
:107C73000990046FE4F0A3745AF0227E0012D51029
:107C8300E4FCFDFE227E0012D510E4FCFDFE227E04
:107C93000012D510E4FCFDFE227E0012D510E4FC98
:107CA300FDFE227E0012D510E4FCFDFE227E0012B2
:107CB300D510E4FCFDFE227E0012D510E4FCFDFE8F
:107CC300227E0012D510E4FCFDFE227E0012D510A8
:107CD300E4FCFDFE227E0012D510E4FCFDFE227EB4
:107CE3000012D510EF227E0012D510EF227E001273
:107CF300D510E4FCFDFE227E0012D510EF227E009B
:107D030012D510EF227E0012D510E4FCFDFE229066
:107D13000A85EFF0E4FF12002630290302D5B7C22B
:107D23000B12636E300F03028224900A85E0700306
:107D3300027FBD202B2E90046FE07004A3E0645AF1
:107D4300602220830B900147E0D3940040168011FA
:107D5300125CD4E0D364809480400974C42F125C15
:107D6300DBE014F012640970443026249004AEE082
:107D730070189003A9E0D394004006E014F0028049
:107D83000F9003A9740AF002800F12A97E028222C7
:107D93009003A9E024ABF582E43403F583E0FF907C
:107DA30004AEE0C39F4003028222027FB79000DA51
:107DB300E0B4011830250612D45D028222900495A6
:107DC300E0C394054003028222027FB7202403020A
:107DD3007F56308303027EA19003A3E0146049140D
:107DE3006079147003027E82147003027E97240468
:107DF3006003027ED3900491E024FE601214601AA3
:107E03002402705590013AE0C39404504C801490BE
:107E1300013BE0C394045041800990013CE0C394CA
:107E2300045036E004F08071900496E024FE601262
:107E330014601A2402702290013DE0C39404501987
:107E4300801490013EE0C39404500E8009900140D9
:107E5300E0C394045003E004F0803E9004B0E024B7
:107E6300FE600E047017900142E0C39404500E802C
:107E730009900145E0C394045003E004F0801A9094
:107E830004B7E014700C900487E0C394045003E03B
:107E930004F080059004BAE0FF12A27D8032302CFA
:107EA3002420312C9003A3E0D394004005E014F088
:107EB30080069003A37403F0126410900497125B7E
:107EC300A7D219800BE5611561700215601286FC5B
:107ED3009003A3E024FD602B04600302822290043C
:107EE300B0E0B4030B7B017A0179137D01120046E4
:107EF3009004B0E0640460030282227B017A00797B
:107F0300DE803E9004B7E024FD6018146025146001
:107F13002A146031240460030282227B017A0079EF
:107F23008F80287B017A0079907D017C0012C94300
:107F33000282227B017A00798880107B017A0079A2
:107F4300577D0180087B017A00794FE4FD120046DA
:107F53000282222083030282229003A3E014601E84
:107F630014602914603414603F24046003028222E5
:107F7300900491E0C394034003028222803690046C
:107F830096E0C39403400302822280289004B0E069
:107F9300C394044003028222801A9004B7E0C3947E
:107FA300054003028222800C9004BAE0C39404408B
:107FB30003028222E004F0028222202B2E90046F1F
:107FC300E07004A3E0645A602220830B900147E031
:107FD300C3940750168011125CD4E0C36480948963
:107FE300500974C42F125CDBE004F012640970378B
:107FF3003026259004AEE070199003A9E0C3940ADB
:108003005005E004F08005E49003A9F01264100227
:10801300822212A4DD0282229004AEE0D3940050A7
:108023000302822202821F9000DAE0B40118302595
:108033000612000E028222900495E0D394005003AE
:1080430002822202821F2024030281D3308303028F
:10805300811B9003A3E01460491460791470030238
:1080630080FC1470030281112404600302814C908C
:108073000491E024FE601214601A240270559001EA
:108083003AE0D39401404C801490013BE0D3940137
:108093004041800990013CE0D394014036E014F064
:1080A3008071900496E024FE601214601A2402701A
:1080B3002290013DE0D394014019801490013EE0E9
:1080C300D39401400E8009900140E0D39401400312
:1080D300E014F0803E9004B0E024FE600E047017BC
:1080E300900142E0D39401400E8009900145E0D312
:1080F30094014003E014F0801A9004B7E014700C6C
:10810300900487E0D394014003E014F080059004C9
:10811300BAE0FF12A27D8031302C2320312B900353
:10812300A3E0C394035005E004F08005E49003A3A7
:10813300F0126410900497125BA7D219800B0561AB
:10814300E561700205601286FC9003A3E024FD60E4
:108153002D0460030282229004B0E0B4030B7B0180
:108163007A0179137D3C12D03C9004B0E064046042
:10817300030282227B017A0079DE7D63804D9004C5
:10818300B7E024FD601A14602614602D14603424B3
:108193000460030282227B017A00798F7D64802B45
:1081A3007B017A0079907D8F7C0212CC5E80707B9C
:1081B300017A0079887D0180127B017A0079577DED
:1081C3006480087B017A00794F7D0112D03C804F97
:1081D30030834C9003A3E0146018146020146028CB
:1081E30014603024047038900491E0D39400402F3D
:1081F300802A900496E0D394004024801F9004B01A
:10820300E0D39400401980149004B7E0D394004065
:108213000E80099004BAE0D394004003E014F0D236
:108223001922E4FFFE12D5687DA5E4FFFE12D447B0
:10823300E49009B1F09009B1125CD7E09009B2F073
:10824300FD12633D12D4479009B1E004F0E0C394FA
:108253000840E2900389125C1B7F011286BA7810F2
:10826300125C207F021286BA7808125C207F03FE1C
:1082730012D447900389126C39AD077F047E001234
:10828300D44790038D125C1B7F051286C5781012AC
:108293005C207F061286C57808125C207F07FE12D9
:1082A300D44790038D126C39AD077F087E0012D43A
:1082B30047900391125C1B7F091286D07810125CE1
:1082C300207F0A1286D07808125C207F0BFE12D41E
:1082D30047900391126C39AD077F0C7E0012D4478F
:1082E300AE4CE54D7818CEC313CE13D8F97F1012D8
:1082F30086A5AE4CE54D7810CEC313CE13D8F97FC7
:10830300111286A5E54C7F121286ACAD4D7F137E0C
:108313000012D447AE52E5537818CEC313CE13D808
:10832300F97F141286ACAE52E5537810CEC313CE48
:1083330013D8F97F151286B3E5527F161286B3ADB3
:10834300537F177E0012D447900395125C1B7F2640
:108353001286DB7810125C207F271286DB780812E6
:108363005C207F28FE12D447900395126C39AD0729
:108373007F297E0012D447900399125C1B7F181249
:1083830086E67810125C207F191286E67808125C64
:10839300207F1AFE12D447900399126C39AD077FE0
:1083A3001B7E0012D44790039D125C1B7F1C128618
:1083B300F17810125C207F1D1286F17808125C2080
:1083C3007F1EFE12D44790039D126C39AD077F1FA9
:1083D3007E0012D447E55A12612B7F207E0012D40F
:1083E30047AD5B7F217E0012D447E54812612B7FA6
:1083F300227E0012D447AD497F237E0012D447E585
:108403006212612B7F247E0012D447AD637F257EE9
:108413000012D4479000907F641285FD9000907FF6
:10842300651285E2E55C12612B7F667E0012D447FC
:10843300AD5D7F677E0012D44790008F7F47128522
:10844300FD9000577F481286059000847F2E128688
:10845300059000847F2F1285E29004897F30128675
:108463000D9004897F311285EB9001437F32128690
:108473000D90048F7F5712861590048B7F371286D9
:108483001590048B7F381285EB9003A17F391286F8
:108493001D9003A17F3A1285F490009A7F3B1286C8
:1084A3001D9004887F3C1286259000567F3D1286DE
:1084B300259001117F4012862D9004B27F411286D0
:1084C3002D9004B27F421285F49000A57F4312865B
:1084D300359004947F441286359004717F4512864B
:1084E3003D90006A7F4612863D9004BC7F551286FC
:1084F300459000887F581286459000837F531286EB
:108503004D90007C7F5412864D9004757F601286D7
:10851300559000C27F611286559000617F49128693
:108523005D9004907F4A12865D9004727F4B1286A1
:10853300659004797F511286659000827F4C128684
:108543006D9004B47F4D12866D9000DB7F4E1286D2
:10855300759000DF7F4F1286759001397F52128626
:108563007DE52712612B7F337E0012D447AD287F30
:10857300347E0012D447E56A12612B7F357E0012E8
:10858300D447AD6B7F367E0012D44790045D7F697C
:1085930012867D90008E7F6A1286859000DE7F6250
:1085A3001286859001137F6312868D9000327F506F
:1085B30012868D90006E7F681286959000877F6B80
:1085C3001286959004D27F6C12869D9000737F6D06
:1085D30012869D9000C3E0FD7F6E7E0002D447A308
:1085E300E0FD7E0012D44722A3E0FD7E0012D447B3
:1085F30022A3E0FD7E0012D44722E0FD7E0012D4C8
:108603004722E0FD7E0012D44722E0FD7E0012D413
:108613004722E0FD7E0012D44722E0FD7E0012D403
:108623004722E0FD7E0012D44722E0FD7E0012D4F3
:108633004722E0FD7E0012D44722E0FD7E0012D4E3
:108643004722E0FD7E0012D44722E0FD7E0012D4D3
:108653004722E0FD7E0012D44722E0FD7E0012D4C3
:108663004722E0FD7E0012D44722E0FD7E0012D4B3
:108673004722E0FD7E0012D44722E0FD7E0012D4A3
:108683004722E0FD7E0012D44722E0FD7E0012D493
:108693004722E0FD7E0012D44722E0FD7E0012D483
:1086A3004722FD7E0012D44722FD7E0012D44722CA
:1086B300FD7E0012D44722FE12D447900389126C28
:1086C3003922FE12D44790038D126C3922FE12D444
:1086D30047900391126C3922FE12D44790039512EE
:1086E3006C3922FE12D447900399126C3922FE1280
:1086F300D44790039D126C3922900491E064016089
:108703000302878790013AE014603F1460291460E4
:108713000F147047AE2EAF2F125B08F54DEE802578
:10872300AE2EAF2F1259B6EF2BFBEEAE2EAF2F129C
:108733005A1FF54DEC800E12604C7D0A1259C81277
:108743005EB1F54DEC3AF54C8011AE2EAF2F125AB7
:10875300F2125D03F54DE5603EF54CC3E54C6480D4
:1087630094805005E4F54CF54D125EC1E54D9FE54F
:108773004C9E40071263898E4C8F4D30310312CAD1
:108783000712A27D900491E06402706390013BE0C4
:1087930014602714601914600B14702F125B04F516
:1087A30053EE80111259B2125A17F553EC80061288
:1087B30059F8F553EC3AF5528011AE34AF35125AED
:1087C300F2125D03F553E5603EF552C3E552648052
:1087D30094805005E4F552F553D3E553940FE552D5
:1087E300648094A7400675522775530F12A27D909B
:1087F3000491E0640360030288A090013CE01460EC
:108803005F1460381460161470671261D0AA04AB49
:10881300057C027D58125B17F53DEE803E1261D058
:108823007C027D581269217D3C1259C6EF2BFBEE69
:10883300AE32AF33125EB9F53DEC801F7C007D3C58
:108843001261D47C007D3C1269211262A4EF2BFBE0
:10885300EE3AFA1261D4ED2BF53DEC3AF53C80117A
:10886300AE32AF33125AF2125D03F53DE5603EF5C9
:108873003C1263905009E4F53CF53DC20380089037
:108883000456743BF0D203D3E53D946FE53C64801A
:1088930094974006753C17753D6F12A27D90049620
:1088A300E06401707090013DE014603514602114A0
:1088B300600F14703DAE2EAF2F125B08F55BEE8098
:1088C3001BAE2EAF2F1259B6125EB1F55BEC800CC6
:1088D30012604C1262A4125EB1F55BEC3AF55A8059
:1088E30011AE2EAF2F125AF2125D03F55BE5603E17
:1088F300F55AC3E55A648094805005E4F55AF55B54
:10890300125EC1E55B9FE55A9E40071263898E5A4A
:108913008F5B12A27D900496E06402706C90013E1E
:10892300E014602714601914600B14702F125B0499
:10893300F549EE80111259B2125A17F549EC800627
:108943001259F8F549EC3AF5488011AE34AF3512B7
:108953005AF2125D03F549E5603EF548C3E54995D2
:1089630063E5626480F8E548648098500685624850
:10897300856349D3E549940FE548648094A740068D
:1089830075482775490F12A27D900496E064037021
:1089930067900140E014602714601914600B147091
:1089A3002F125B04F563EE80111259B2125A17F5B8
:1089B30063EC80061259F8F563EC3AF5628011AE68
:1089C30034AF35125AF2125D03F563E5603EF5628A
:1089D300C3E562648094805005E4F562F563D3E5F2
:1089E300639549E5486480F8E562648098400685AC
:1089F300486285496312A27D9004B0E06401706B04
:108A0300900142E014602714601914600B14702F56
:108A1300125B04F528EE80111259B2125A17F52889
:108A2300EC80061259F8F528EC3AF5278011AE349C
:108A3300AF35125AF2125D03F528E5603EF527C300
:108A4300E528956BE56A6480F8E52764809850060D
:108A5300856A27856B28125EC1E5289FE5279E401E
:108A6300071263898E278F2812A27D9004B0E064D9
:108A7300027067900145E014602714601914600BBD
:108A830014702F125B04F56BEE80111259B2125A57
:108A930017F56BEC80061259F8F56BEC3AF56A8022
:108AA30011AE34AF35125AF2125D03F56BE5603E39
:108AB300F56AC3E56A648094805005E4F56AF56B52
:108AC300D3E56B9528E5276480F8E56A64809840D0
:108AD3000685276A85286B12A27D9004B7E064019E
:108AE3007063900487E014602714601914600B14FA
:108AF300702F125B04F55DEE80111259B2125A17F2
:108B0300F55DEC80061259F8F55DEC3AF55C8011E1
:108B1300AE34AF35125AF2125D03F55DE5603EF5F2
:108B23005CC3E55C648094805005E4F55CF55DD33B
:108B3300E55D940FE55C648094A74006755C27753A
:108B43005D0F12A27D22900495E0FF9004AFE06FC9
:108B53006055EFF0125D747412125B821261381269
:108B6300C185E49009B3F09009B3E0FFC3940650C4
:108B73001BEF75F013A42428125B757B76FA7F65CF
:108B8300FE12C1859009B3E004F080DB301B18901E
:108B93000495E075F013A42428125D6F7411125A22
:108BA300397F65FE12C1859003A4E064016003026E
:108BB3008D9DF01258AB7BFF7A34794112593B7D7E
:108BC300167C007F807E0012A733E49009B3F090F7
:108BD30009B312605EEB75F003A42410F582E4344C
:108BE3000012589F74FFFBFA7F667E00128F76E0B7
:108BF300C3940640DAE49009B3F09009B3E0FBC3F1
:108C030094064003028D9DE0FA126060C004C00523
:108C130074017E00A802088005C333CE33CED8F991
:108C2300FF9004951259E1E05EFEA3E05FA80308FC
:108C33008005CEC313CE13D8F9FF7D00201B027D20
:108C4300011258D5FAA3E0FBC002C0039009B31286
:108C53005B8C125F28125882D003D002D005D00457
:108C63007FAD128F22C004C005125E9F8005C333FF
:108C7300CE33CED8F9FF9004951259E1125D8D8061
:108C830005CEC313CE13D8F9FF7D00201B027D014F
:108C93001258D5FAA3E0FBC002C003E9125B8D12A0
:108CA3005CA9125882D003D002D005D0047FB6123B
:108CB3008F22C004C005125E9F8005C333CE33CE1E
:108CC300D8F9FF9004951259E1125D8D8005CEC34A
:108CD30013CE13D8F9FF7D00201B027D011258D556
:108CE300FAA3E0FBC002C003E9125B8D125EF4122B
:108CF3005882D003D002D005D0047FBF128F4CC05E
:108D030004C005125E9F8005C333CE33CED8F9FF6E
:108D13009004951259E1125D8D8005CEC313CE13D5
:108D2300D8F9FF7D00201B027D011258D5FAA3E07C
:108D3300FBC002C003E9125B8D125CC7125882D0DC
:108D430003D002D005D0047FC8128F4CC004C005E5
:108D5300125E9F8005C333CE33CED8F9FF900495BE
:108D63001259E1125D8D8005CEC313CE13D8F9FFDE
:108D73007D00201B027D011258D5FAA3E0FBC0023F
:108D8300C003E9125B8D125885D003D002D005D001
:108D9300047FD1FE128F76028BFD900495E0C3947D
:108DA3000A4003028F2112605EC004C005125E9F59
:108DB3008005C333CE33CED8F91261661259E2125D
:108DC3005EA78005CEC313CE13D8F9FF7D00201B09
:108DD300027D011258D5FAA3E0FBC002C003125B67
:108DE30089125F28125882D003D002D005D0047FA5
:108DF300AD128F37C004C005125E9F8005C333CE0A
:108E030033CED8F91261661259E2125EA78005CEFD
:108E1300C313CE13D8F9FF7D00201B027D01125826
:108E2300D5FAA3E0FBC002C003125B89125CA9124E
:108E33005882D003D002D005D0047FB6128F37C03A
:108E430004C005125E9F8005C333CE33CED8F9121A
:108E530061661259E2125EA78005CEC313CE13D802
:108E6300F9FF7D00201B027D011258D5FAA3E0FB18
:108E7300C002C003125B89125EF4125882D003D081
:108E830002D005D0047FBF128F61C004C005125EFB
:108E93009F8005C333CE33CED8F91261661259E2EF
:108EA300125EA78005CEC313CE13D8F9FF7D002031
:108EB3001B027D011258D5FAA3E0FBC002C00312C6
:108EC3005B89125CC7125882D003D002D005D0044C
:108ED3007FC8128F61C004C005125E9F8005C33333
:108EE300CE33CED8F91261661259E2125EA780051D
:108EF300CEC313CE13D8F9FF7D00201B027D0112D0
:108F030058D5FAA3E0FBC002C003125B891258854F
:108F1300D003D002D005D0047FD1FE12A73322FEA6
:108F230012A7339009B3E0FB75F013A42429FDE4E1
:108F330035F0FC22FE12A733900495E0FB75F01385
:108F4300A42429FDE435F0FC22FE12A7339009B3D3
:108F5300E0FB75F013A42429FDE435F0FC22FE1296
:108F6300A733900495E0FB75F013A42429FDE435A1
:108F7300F0FC2212A7339009B3E004F022308306F9
:108F830030B70320CC0A3029079004927401F022F1
:108F9300900492E0B40105E4F002D5B7202B03025C
:108FA300938B20835D90008BE06004640170539089
:108FB300000EE0FF900459E0B40015A3E0B50710DC
:108FC30090008B7401F0D20BE4FF12002612636E43
:108FD300900459E0FEA3E0FF640A4E7005300B02D3
:108FE300D227EF64464E7005300B02B20FC3EF94E5
:108FF30096EE940040030291D19004591261C0028D
:1090030091D190000FE0FF9004591260189FEC94E7
:109013000040030291C312637650030291C3300FE1
:10902300030291C3200B030291BF126409706E30D7
:1090330026149003A9E0640A70030291BFC226D2EA
:109043001C9004B680689003A9E0FF6405600AEFF2
:1090530064066005EF6408703B9004AEE0FF603483
:109063009003A9E0B4050AEF14FF900475F012D53C
:10907300E09003A9E0FDB406099004AEE014900467
:1090830071F0EDB408099004AEE014900087F0D2BB
:109093000C0291BFD226C21C9004B680209000DA45
:1090A300E0B4011F30250FC225D21B9004AF7463B7
:1090B300F0D20C0291BFD225C21B9004AF7463F0AF
:1090C3000291BF302447C224C22C9003A3E0146052
:1090D3001514601F14602724037028E490013AF0EC
:1090E300A3F0A3F0801DE490013DF0A3F0900140B4
:1090F300F08010E4900142F0900145F08005E49087
:109103000487F0125BA2D20AD20C0291BFD224C20E
:109113000A125BA29003A3E014603A14605E146029
:109123007A1470030291B4240460030291BF900483
:1091330091E014600E1460101460122403703BD28B
:109143002C807690013A800890013B800390013C8B
:109153007401F08064900496E014600E146010149F
:10916300601224037014D22C801090013D8008906B
:10917300013E80039001407401F0803D9004B0E013
:1091830014600B14600D2402700FD22C800B90011D
:109193004280039001457401F0801E9004B7E014EF
:1091A300600704700AD22C80069004877401F08053
:1091B300089004BAE07002D22C12A27DC227D21901
:1091C30090045912628DB40105200F02E4F020B718
:1091D3006B90008BE060046402706190000EE0FF0E
:1091E30090045BE0B4000AA3E0B507057402129390
:1091F3008C90000FE0FF90045BE0FCA3E0FD6F7038
:1092030001EC70279000DAE0701C9004D2E090002B
:10921300DA60087401F09004AF80067402F09004E1
:10922300B67463F08003125B9DD219C3ED9496EC80
:109233009400505290045B1261C0804A90000FE08A
:10924300FF90045B1260189FEC9400502C1263761D
:1092530040279000DAE0701C9004D2E09000DA60BE
:10926300087402F09004B680067401F09004AF74A1
:1092730063F08003125B9DD21990045B12628DB47C
:109283000202E4F0C21730CC0302937D90008BE01E
:1092930060076403600302937D90000EE0FF90007B
:1092A30063E07003A3E06F7053740312938C303147
:1092B30011126142E4125D19D22D125BA2125E43B8
:1092C300803A9000C4E070057432F0802FE490007F
:1092D300C4F0900451126C7D0000000090009612BF
:1092E3006C7D000000001262969000A6126C7D0057
:1092F300000000E4900485F09003B6F090000FE0C6
:10930300FFC3900064E09F900063E0940040552009
:109313003152202D4F12B17B504A125CF79000A6B8
:10932300126C7D00000000C22FC2089003A3E0145A
:10933300600C1460111460042403701780109000F3
:10934300867405F0800D9000867401F08005E4902A
:109353000086F0D231D22D125BA29000D9F0900496
:1093630062125E42C3900064E09496900063E094BE
:10937300005015E475F0010269BEE49000631262C7
:109383008EB40302E4F0C22D2290008BF0E4FF12AE
:109393000026E490047AF0A3F02212CCAC7F2C7E5A
:1093A3000112D4B112B40F12D2F912C4CC12CC0DE3
:1093B30012C6BA12D3CF12C21812D3B512D3E812FF
:1093C300D47212BB3C7F0412C5C67F147E0012D434
:1093D300B112D5A27F147E0012D4B1900073E0FFC6
:1093E30012C5C612CABD12CFBF12CD92E53745369C
:1093F30060030294D420046C30063DC2029009B984
:10940300F0A3743C125B827BDCFA7D74FCFFFE12DA
:10941300C79F1258AA7A33795F1259F27F02125DFD
:10942300BC12A7331258AA7A337962125A2B7F16C9
:10943300125DBC12A73380FED204D22B9004C5E088
:10944300FF90047EE06FFF90006AE04FFF12D0F1BF
:10945300125ED5C006C0071261EBD007D00612CE4C
:10946300F912B96F900380E02405FFE433FE900303
:109473007EE07C002FF537EC3EF536202B0302937C
:10948300EC300113125ED5C006C0071261EBD007A2
:10949300D00612CEF9C20130120AC21290006AE05D
:1094A300FF12D0F1900062E0600AE4F0900073E0F4
:1094B300FF12C5C6E53B453A7011F53A753B961266
:1094C300458712CABD12B87B12CB1312CE6E02931C
:1094D300ECE537153770021536300C05128225C2BC
:1094E3000C12B77012CC0D12D2F9302B030293EC8D
:1094F30012D12BEF64016003029631F5367537C83C
:1095030030020FC2029009B9F0A37428125B8212D1
:1095130096B31260AC7A3B79271259397F3D129684
:109523008D7A3B793712593B7F4612968D7A3B7978
:109533007712593B7D641296BF1260AC7BFF7A3B76
:10954300794712593B7F341296A07A3B79571259C7
:109553003B7F3D1296A07A3B796712593B7D787C1D
:10956300007F467E0012C5491260AC7BFF7A3B79CF
:109573007712593B7D781296BFE49009ADF09009BC
:10958300AD125FFD9009AEF0FDEF75F009A424590B
:1095930012618112591012589F7D641296C9E0C35B
:1095A300940840DAE49009ADF09009ADE0F9C39472
:1095B300085067125CD7E09009AEF0EF75F009A48C
:1095C3002459FDE435F0FC74017E00A801088005F0
:1095D300C333CE33CED8F9FF9001471259E1A80126
:1095E300125EA98005CEC313CE13D8F925E0FFEE92
:1095F30033FE74922FF58274003E12595E9009AEC9
:10960300E0125910125A559009BBEEF0A3EFF0AFD8
:1096130005AE047D781296C9808F2000030293EC77
:10962300C2007D5A7F567E0012D4470293EC20027B
:1096330010D202128225125DCA7428125B8212961E
:10964300B37F057E0012D4B12011030293ECC21143
:109653001258AA7A33796F125A7F7B047A217D7468
:109663001259D712A733900141E075F003A42420C7
:10967300F582E43401125A5574FF1258ABFBFA7D9C
:10968300741259D712A7330293EC7D647C007E00D9
:1096930012C549E49009BBF0A3F07BFF227D787CDF
:1096A300007E0012C549E49009BBF0A3F07BFF22C2
:1096B3007BDCFA7D64FCFFFE12C79F227C007F4F98
:1096C3007E0012C5492274FFFBFA7C0012A7339077
:1096D30009ADE004F022900A8D126C7D00000000B9
:1096E300900A91126C7D00000000E4900A95F0A3AB
:1096F300F0A3F0A3F0A3F0A3F0203103029A0290A9
:1097030003A3E014606114700302979914700302B9
:10971300980524036003029A0D900488E0FF7E00FD
:109723002555FDEE3554FCD3ED954DE54C6480F89D
:10973300EC648098400A854C54854D55D22F8003A4
:10974300125F30125D3FAE54AF55EE3395E0FDFC32
:10975300125CA612CEB5AB07AA06900389126C3928
:10976300EB2FFFEA0299FE200503029A02125D3FE6
:10977300AE5AAF5B1261C7125976125AA0125DD16D
:10978300EC6480984007126073D22F8003125F301D
:10979300125CB70299FEC22F300E27125D3FAE272F
:1097A300AF281261C7125976125AA0125DD1EC6428
:1097B300809840051260738003125F30125CB70219
:1097C30099FE125D3FAE6AAF6B1261C71259769074
:1097D3000A8D125E0D126C39900056125AAF8E44E8
:1097E3008F45E555125DE4E5546480985005126099
:1097F300738009900A91126C39125FE0125CB70210
:1098030099FEC22F900493E064016003029A0DF065
:10981300126322125A4FC3126BB25009125F179090
:109823000114125CE3126322125A4FD3126BB2403B
:109833000912632290007D125CE3125A45C3126B36
:10984300B25012125F17C3E55D9F900A96F0E55C74
:109853009E900A95F0125A45D3126BB2400E125FD6
:1098630017C3EF955DFFEE955C125FF5900A96E0E6
:10987300240AFF900A95E03400FED3900A98E09FF3
:10988300900A97E09E40199004857410F0125CC70B
:1098930090006F125ADF9000DCEEF0A3EFF0C231BC
:1098A300900057E0FF7E00900A95E0FCA3E0FD12D4
:1098B3006921EEC313FEEF13240AFFE43E900A99D5
:1098C300F0A3EFF090004FE014700302998A046054
:1098D30003029A0D125A45D3126BB24036125D3F02
:1098E300900090125F63126A877B641259788E44EA
:1098F3008F45900A991260D0400E126073900088D1
:10990300E06008125D178003125F30125CB73EFE01
:1099130012CF7F125A45C3126BB2503AE4F544F5A5
:1099230045E555125DE5E554648098500512607372
:109933008006900A99125FDB125C40400990008810
:10994300E06003125D17125F3B5003125D7B125CF4
:10995300B73EFE12CF7F125C40401474EC2555F5E0
:109963005574FF3554F554125CB73EFE12CF7F1287
:109973005A45C3126BB26003029A0D125F3B400358
:10998300029A0D125D7B22125A45D3126BB24037F5
:10999300125F09126A79C007126417D007125FECCD
:1099A300900090125F637B64125EEE8E448F45904D
:1099B3000A951260D040051260738003125F301263
:1099C3005CB73EFE12CF7F125A45C3126BB2503AB8
:1099D300125A45126A79C007126417D007125FEC56
:1099E300D3E555125DE5E554648098500512607324
:1099F3008006900A95125FDB125CB73EFE80087EFC
:109A0300007F008E548F5512CF7F22AF47AE461290
:109A1300CF3C30292AD390048EE0940590048DE046
:109A23009400400D74FF75F0FB1269BEAFF0FE8029
:109A330013E4FFFE12D52F9000757401F080081215
:109A430061A8AEF012D52F300618900474E0D394B9
:109A5300324007740A125D19800D900474E004F01B
:109A63008005E4900474F0203109E4900476F090CA
:109A73000478F09003A3E014606F147003029B86D4
:109A830024026003029BB2303121900111E0B40142
:109A93001A1263CB125F494012AE52AF53125A49A6
:109AA300C3126BB250057401125D7D203103029B1A
:109AB300B2E47F64FEFDFC125C535003029BB29040
:109AC30004941261ABAEF0E4FCFD125A4FC3126B67
:109AD300B24003029BB2900111E064016003029B58
:109AE300B27406125E3B029BB2AE5AAF5B125A4986
:109AF300125CA612CEB5C004C005C006C007125B37
:109B0300C3126027D007D006D005D004C3126BB2AE
:109B1300500312635D203103029BB2AE48AF49127A
:109B23005A49D3126BB2403C20053990003212637C
:109B3300D2C3E5699FE56895F050100569E5697042
:109B43000205689000867407F08019125CF7900094
:109B5300A6126C7D00000000C22FC208D20590003F
:109B6300867406F0AE62AF63125A49C3126BB250E9
:109B73003E30053BC205E4F568F56990008674053F
:109B8300F0802CAE27AF28125A49125CA612CEB52C
:109B9300C004C005C006C007125BC3126027D0070C
:109BA300D006D005D004C3126BB2500312635D30EC
:109BB3000313E53D453C700D9004857402F0C20328
:109BC30012A27DC2313031169004B41263D2D3E5B0
:109BD300579FE5F0125D6040057403125F91900496
:109BE30071E0B4041E30311B9001391263D2D3E506
:109BF300659FE5F06480F8E5646480984005740D22
:109C0300125F91303141125CC790011C125ADFC0C0
:109C130004C005C006C007900489125BC612602702
:109C2300D007D006D005D004C3126BB250199001EF
:109C330043E0FF900455E0C39F5005E004F0800C1F
:109C4300740412606C8005E4900455F030313D30AB
:109C53001E3A9004BCE07034900082E0125D4E40E6
:109C63002B9000DB1261ABC3E5419FE5F06480F804
:109C7300E5406480985015900478E0943C40077464
:109C83000512606C8006900478E004F030312D12E8
:109C930063CB125C535025E54D940AE54C648094E4
:109CA300804019302F16900476E0D39464400774F3
:109CB3000C1261B28006900476E004F01263CB12BA
:109CC3005C534005E4900476F03031209003A112F8
:109CD3005C43401890009AE0FF900112E09F50050A
:109CE300E004F0800C74071261B28005E490011265
:109CF300F09004B2125BC6E4FD125A4FD3126BB25A
:109D0300400B740B1263D99003B67401F002C0DDEB
:109D1300C0E0C0F0C083C082C0D075D000C000C016
:109D230001C002C003C004C005C006C0070559E551
:109D33005970020558AE58FF7C007D32126933ED2D
:109D43004C7013D211900141E0B40704E4F0800693
:109D5300900141E004F0C3E55994E8E558940350B9
:109D630003029EC5755800755900900498125D232F
:109D73007D1412692112C332900498E4F0A3F09089
:109D8300007CE0FFD39400401CEF75F03CA4FFC3BC
:109D930090047BE09F90047AE095F050051261C037
:109DA300800312D4EC900022E004F0E075F0038409
:109DB300E5F07021F09003A5E0B40104E4F080061F
:109DC3009003A57401F090037BE0700404F0800518
:109DD30090037BE4F0203103029EC590046D126270
:109DE300B190037CE07C0090046D1261DB4036E4AB
:109DF300F090047C1262B190037DE090047C1261C8
:109E0300DB4022E4F0FB7A00795012B653C3E551EC
:109E130094E7E5509403400D7550037551E79004A2
:109E230085E4F0C231900456E0701B3003101263D6
:109E330090400BE53D153D7002153C743BF012A2BA
:109E43007D125E438006900456E014F0302F739029
:109E53000111E06401706B200868D2087F0AFEFDDF
:109E6300FC125C53405C9000A5E06056125A4F12FE
:109E73006322126A79E47BA07A0FF9F8126A879059
:109E8300006F126C4512CEB58E4E8F4FD3E54F94B3
:109E930000E54E9400401BE54F9484E54E94035037
:109EA30011E4FCFD9000A6126C719000867403F01F
:109EB30080109000A6126C7D000000009000867454
:109EC30004F0AE58AF59125AF2ED4C700F9000C423
:109ED300E0D394004003E014F0129A0E7D1E125F4B
:109EE300BAED4C7003128F807D64125FBAED4C6043
:109EF30003029FE7203103029FE790003F126C4566
:109F0300C000C001C002C0031263BBEC1262BF12E7
:109F1300670ED003D002D001D000126A6C90003FCC
:109F23008031E47FE87E03FDFC90003F12618E40A8
:109F33002790003F126C39EF2418FFEE34FCFEED3E
:109F430034FFFDEC34FFFC90003F125E1A125F9861
:109F5300900451126C7180CA9004511260E4400D58
:109F6300900451126C7D3B9AC9FF125E391263BB98
:109F7300125A4F126A87E41262BFC004C005C006BA
:109F8300C007900381126382D003D002D001D000B6
:109F930012643912670E900381802F7FA01261A192
:109FA30090038112618E4027900381126C39EF2454
:109FB30060FFEE3479FEED34FEFDEC34FFFC9003DC
:109FC30081125E27125F98900096126C7180CC907C
:109FD30000961260E4400D900096126C7D3B9AC986
:109FE300FF125E39D3E53B9400E53A94004008E55F
:109FF3003B153B7002153A12B533D007D006D00596
:10A00300D004D003D002D001D000D0D0D082D083EE
:10A01300D0F0D0E032EF24FE605714700302A0A703
:10A0230014700302A0DC14700302A118240460035B
:10A0330002A16512A2117F5112A1C47F5212A1CEB7
:10A043007D117C2012A2357F5412A1E9E4FDFC7F2F
:10A0530055FE12D53E7F5612A1B07D077C017F5776
:10A063007E0012D53E7D117C2012A23D7D0302A10C
:10A073001312A2117D037C0512A2257D067C0C120E
:10A08300A2597F5312A1B07D0C7C0612A22D7D052F
:10A093007C0312A1D87C0012A21B7C0E12A1F37DBB
:10A0A3000E02A16112A2457D057C0712A2257C0C3C
:10A0B30012A2077D017C0412A2357D0C12A1FD7D45
:10A0C300087C0612A1D87C0112A21B7D067C0E120D
:10A0D300A23D7D0E7C0602A1A812A2457F5112A2C9
:10A0E3004F7C0812A2077D0A7F5312A2697D087C68
:10A0F3000A12A22D7F5512A24FE4FDFC7F56FE12D9
:10A10300D53E7C0A12A1BA7D107C0712A2617D1094
:10A113007C0702A1A87D007C047F507E0012D53EFF
:10A123007D0B12A2717C0E12A2597F5312A1CE7D18
:10A133000E7C0C7F547E0012D53E7D087C0B7F5530
:10A143007E0012D53E7D047F5612A2697D017C03F9
:10A153007F577E0012D53E7C0812A1F37D087C0058
:10A1630080437D037C067F507E0012D53E7D0D1219
:10A17300A2717C0D7F527E0012D53E7D057C027F4D
:10A18300537E0012D53E7D0A12A1FD7F5512A1E92F
:10A193007F5612A1C47C0412A1BA7D007C0B12A2CB
:10A1A300617D177C007F597E0012D53E227D007CA5
:10A1B300047E0012D53E227D007F577E0012D53EDD
:10A1C300227D007C037E0012D53E227D037C017E2E
:10A1D3000012D53E227F557E0012D53EE4FDFC7F62
:10A1E30056FE12D53E227D037C077E0012D53E2209
:10A1F3007D007F587E0012D53E227C047F547E0072
:10A2030012D53E227D0A7F527E0012D53E22E4FD06
:10A21300FC7F50FE12D53E227D047F577E0012D56F
:10A223003E227F517E0012D53E227F547E0012D5FE
:10A233003E227F537E0012D53E227F587E0012D5E8
:10A243003E22E4FDFC7F50FE12D53E227408FDFC45
:10A253007E0012D53E227F527E0012D53E227F58C9
:10A263007E0012D53E227C007E0012D53E227C0861
:10A273007F517E0012D53E7D0C22900491E0FB6459
:10A28300017042854C2E854D2F90013AE014602ACF
:10A2930014601A14600D14702CAE4CAF4D7C037D0A
:10A2A300E88012AE4CAF4D7C007D648008AE4CAFAD
:10A2B3004D7C007D0A1269888004AE4CAF4D125B61
:10A2C3002C8C608D61EB6402703C85523485533570
:10A2D30090013BE014602414601714600D14702681
:10A2E300AE52AF537C037DE8800C1262CC7D648058
:10A2F300051262CC7D0A1269888004AE52AF5312F4
:10A303005B2C8C608D61900491E064037037853C15
:10A3130032853D3390013CE01460201460151460D5
:10A32300081470211260B4800DAE3CAF3D7C007DFB
:10A333003C8003125C631260BC8003125C6312698D
:10A34300888C608D61900496E0FB6401703C855AB3
:10A353002E855B2F90013DE0146024146017146078
:10A363000D147026AE5AAF5B7C037DE8800C12623D
:10A37300D37D6480051262D37D0A1269888004AE9E
:10A383005AAF5B125B2C8C608D61EB6402703C8571
:10A39300483485493590013EE01460241460171455
:10A3A300600D147026AE48AF497C037DE8800C1223
:10A3B30062DA7D6480051262DA7D0A12698880049C
:10A3C300AE48AF49125B2C8C608D61900496E064BB
:10A3D30003703C856234856335900140E01460244A
:10A3E30014601714600D147026AE62AF637C037D96
:10A3F300E8800C1262E17D6480051262E17D0A123D
:10A4030069888004AE62AF63125B2C8C608D6190AF
:10A4130004B0E0FB6401703C852734852835900146
:10A4230042E014602414601714600D147026AE27E4
:10A43300AF287C037DE8800C1262E87D64800512FE
:10A4430062E87D0A1269888004AE27AF28125B2C6C
:10A453008C608D61EB6402703C856A34856B35904A
:10A463000145E014602414601714600D147026AEC7
:10A473006AAF6B7C037DE8800C1262EF7D6480051C
:10A483001262EF7D0A1269888004AE6AAF6B125BB9
:10A493002C8C608D619004B7E06401703C855C3462
:10A4A300855D35900487E014602414601714600DF3
:10A4B300147026AE5CAF5D7C037DE8800C126304F0
:10A4C3007D6480051263047D0A1269888004AE5C92
:10A4D300AF5D125B2C8C608D61229003A9E0126C3E
:10A4E300E3A4FD00A55701A59D02A5E103A63F0432
:10A4F300A68D07A6C9090000A72C125DB5601F141D
:10A50300602914603514603B2404600302A72C9077
:10A513000111E0C39401400302A72C02A7297B0188
:10A523007A0479B27D587C0202A5C59000A5E0C3E8
:10A533009401400302A72C02A7297B017A04799492
:10A5430002A5D190006AE0C394015003E004F0D265
:10A553001202A72C125DB5601C14602514602B1425
:10A5630060302404600302A72C7B017A04798B7D7D
:10A57300DE7C03804D7B017A0379A17DE37C03803C
:10A58300417B017A00799A02A6197B017A047988C2
:10A59300803C7B017A0079568034125DB5601914D2
:10A5A300602614602E2403600302A72C7B017A002B
:10A5B30079847DE77C03800A7B017A0479897DE7CE
:10A5C3007C0312CC5E02A72C7B017A0179437DFACE
:10A5D30002A6E67B017A04798F7D0102A6E6125D6D
:10A5E300B5602214602A14603214603A1460422465
:10A5F30005600302A72C9004BCE0C394024003024D
:10A60300A72C02A7297B017A0079827D6402A6E642
:10A613007B017A0479B47DC802A6E67B017A0079CE
:10A62300DB7DC802A6E67B017A0079DF7DC802A63E
:10A63300E67B017A0179397D6E02A6E6125DB5608B
:10A643001C1460281460342403600302A72C9000B8
:10A6530061E0C39401400302A72C02A72990049050
:10A66300E0C39401400302A72C02A729900472E0DF
:10A67300C39401400302A72C02A729900479E0C3E5
:10A683009401400302A72C02A729125DB560171499
:10A69300601F1460262403600302A72C7B017A0049
:10A6A30079837D64803D90045DE0C39401507A809A
:10A6B300757B017A00797C7D3C802890008EE0C315
:10A6C300940550658060125DB5601D1460251460AB
:10A6D3002D1460351460462405704E7B017A007991
:10A6E300327DB412D03C80419000C2E0C394035049
:10A6F30038803390006EE0C39401502D802890047D
:10A70300D2E0C394015022801D900073E0C39404EF
:10A713005017E004F09000627401F0800C9000C3C5
:10A72300E0C394FF5003E004F09004B67463F02296
:10A733009009B712AEC39009B5EEF0A3EFF09009FC
:10A74300C4EEF0A3EFF012AFF7700302A974C39441
:10A7530080400302A835126885FF7E009009C2EE8F
:10A76300F0A3EFF0640D7015A3E0FFA3E09009B52B
:10A77300CFF0A3EFF0A3E475F01002A828D390095B
:10A78300C3E094209009C2E09400400A74FF75F07E
:10A79300E01269BE8007E49009C2F0A3F0E49009D7
:10A7A300C0F0E49009C1F09009C1E0FDC3940850E2
:10A7B300689009C3E0C4F8540FC868FF9009C2E069
:10A7C300C454F048FE9009C0E0FC7A002FFFEA3E33
:10A7D300FE74722FF58274F43EF583E493FB748068
:10A7E3007E00A80508800312AF46D8FB12AFD960DC
:10A7F3000D12AECFFEEC12AE259009B9801012AF48
:10A80300387003A3E06F600912AE0F9009BB12A961
:10A81300759009C1E004F0808E12AFEC408490097A
:10A82300B5E475F0091269BE9009BEE475F0010242
:10A83300A96EE49009C2F0A3F0900B70E0FEA3E0D0
:10A84300FF9009C2E0FCA3E0FDC39FEC9E4003021E
:10A85300A95D12AFF7FF90D5E675F022ED126CAE4D
:10A86300EC12AF07E4936F600302A9549000011246
:10A87300689EFF9009C2A3E090D5E775F022126CA1
:10A88300AEEC12AF07E4936F600302A9549009C0C2
:10A89300F0E49009C1F09009C2E0FEA3E090D5E88E
:10A8A30012AF00C083C0829009C0E0FDD082D08384
:10A8B30012AF10800312AF46D8FB12AFD9600DEC74
:10A8C30012AED3FE12AE269009B9801012AF3870C3
:10A8D30003A3E06F600912AE0F9009BB12A97512B2
:10A8E300AF9A40B2E49009C1F09009C2E0FEA3E040
:10A8F30090D5E912AF00C083C0829009C0E0FDD0BB
:10A9030082D08312AF10800312AF46D8FB12AFD9A7
:10A913006013EC12AED3CF2408CF3400FE12AE2660
:10A923009009B9801712AF387003A3E06F60151256
:10A93300AECFCF2408CF12AE1E9009BBE0FAA3E03E
:10A94300FB12D43112AF9A40A012AFEC500302A80D
:10A95300949009C212AF5902A83C9009BEE475F065
:10A96300021269BE9009B5E475F0101269BE02A720
:10A973004922E0FAA3E0FB12D431229003A9E012AA
:10A983006CE3A99E00A9F201AA3402AA7603AAD411
:10A9930004AB2207AB5E090000ABC0125DB5601FBC
:10A9A3001460241460301460352404600302ABC0C7
:10A9B300900111E0D39400500302ABC002ABBD7B06
:10A9C300017A0479B2804B9000A5E0D39400500340
:10A9D30002ABC002ABBD7B017A047994804E900038
:10A9E3006AE0D394004003E014F0D21202ABC01229
:10A9F3005DB5601814601F1460241460292404607A
:10AA03000302ABC07B017A04798B80067B017A0356
:10AA130079A17D0A803F7B017A00799A80457B0189
:10AA23007A04798880067B017A0079567D0102AB2E
:10AA33007B125DB5601714602414602C240360033B
:10AA430002ABC07B017A0079847D0180087B017AA7
:10AA53000479897D017C0012C94302ABC07B017A72
:10AA6300017943E4FD02AB7B7B017A04798FE4FD3A
:10AA730002AB7B125DB5602214602A14603214604D
:10AA83003A1460422405600302ABC09004BCE0D3D7
:10AA93009400500302ABC002ABBD7B017A00798204
:10AAA3007D0A02AB7B7B017A0479B47D1E02AB7B0A
:10AAB3007B017A0079DBE4FD02AB7B7B017A0079D1
:10AAC300DF7D0A02AB7B7B017A0179397D1E02AB04
:10AAD3007B125DB5601C146028146034240360038A
:10AAE30002ABC0900061E0D39400500302ABC002FC
:10AAF300ABBD900490E0D39400500302ABC002AB13
:10AB0300BD900472E0D39400500302ABC002ABBD0E
:10AB1300900479E0D39400500302ABC002ABBD12A2
:10AB23005DB5601714601F1460262403600302AB35
:10AB3300C07B017A0079837D0A803D90045DE0D378
:10AB43009400407980747B017A00797CE4FD80284D
:10AB530090008EE0D394004064805F125DB5601D69
:10AB630014602514602C1460341460452405704D62
:10AB73007B017A007932E4FD12004680409000C2E6
:10AB8300E0D394004037803290006EE06401702D72
:10AB930080289004D2E0B4012414F0802090007344
:10ABA300E0D394004017E014F09000627401F08049
:10ABB3000C9000C3E0D394014003E014F09004B67A
:10ABC3007463F022900B2BE014606314700302ACE7
:10ABD3008114700302AD0E2403600302AD9A308129
:10ABE3000630820312D1AC208119900B2AE0701336
:10ABF300900B3C04F020820B900B23E0700504F0D3
:10AC030012D48730820302AD9A900B3CE0600302BA
:10AC1300AD9A900B2A04F030810302AD9A900B2376
:10AC2300E0600302AD9A04F012D49C02AD9A308125
:10AC33000630820312D1AC208119900B2AE07013E5
:10AC4300900B3C04F020820B900B23E0700504F082
:10AC530012D49C30820302AD9A900B3CE060030255
:10AC6300AD9A900B2A04F030810302AD9A900B2326
:10AC7300E0600302AD9A04F012D48702AD9A900B00
:10AC830024E064017035208119900B2AE070139041
:10AC93000B3C04F020820B900B23E0700504F012B0
:10ACA300D48720824E900B3CE07048900B2A04F02E
:10ACB300208140900B23E0703A8033308119900B50
:10ACC3002AE07013900B3C04F030820B900B23E0CE
:10ACD300700504F012D487308219900B3CE0701396
:10ACE300900B2A04F030810B900B23E0700504F0E5
:10ACF30012D49C30810630820312D1A63081030224
:10AD0300AD9A30820302AD9A02AD92900B24E064B7
:10AD1300017035208119900B2AE07013900B3C04CD
:10AD2300F020820B900B23E0700504F012D49C20DA
:10AD3300824E900B3CE07048900B2A04F020814037
:10AD4300900B23E0703A8033308119900B2AE07026
:10AD530013900B3C04F030820B900B23E07005043E
:10AD6300F012D49C308219900B3CE07013900B2AA4
:10AD730004F030810B900B23E0700504F012D487AC
:10AD830030810630820312D1A620810B208208E491
:10AD9300900B24F012D1AD208313203221D2321232
:10ADA300D198B4011912D1BA7405F0801130320E62
:10ADB300C23212D198B4010612D1BA7402F020CC77
:10ADC30013203421D23412D198B4011912D1BA7498
:10ADD30005F0801130340EC23412D198B40106123A
:10ADE300D1BA7402F020B712203320D23312D19893
:10ADF300B4011812D1BA7405F02230330EC23312E3
:10AE0300D198B4010612D1BA7402F0229009C1E0BC
:10AE1300FF9009B6E02FFF9009B5E03400FE9009DA
:10AE2300C0E0FD9009B8E09009B72DFDE03400FCC7
:10AE330022E0FCA3E0FD9009BBE0FEA3E0FF900944
:10AE4300B7E0F8A3E02FFFE83E9009C5F0A3EFF0C9
:10AE53009009BDE0FFA3E09009C7CFF0A3EFF02274
:10AE63009009BFE0FF9009B4E02FFF9009B3E034ED
:10AE730000CF2408CF3400FE9009BEE0FD9009B650
:10AE8300E09009B52DFDE03400FC22FF900B56E065
:10AE93002FFD900B55E03400FC900B66E075F00835
:10AEA300A42DFFE5F03CFE900B64E0FD900B58E011
:10AEB3002DFD900B57E03400FC22EEF0A3EFF0A33E
:10AEC300ECF0A3EDF0A3EAF0A3EBF0229009C1E0CC
:10AED300FF9009B6E02FFF9009B5E03400229009F6
:10AEE300C1E0FF9009B6E02FFF9009B5E03400FE02
:10AEF3009009C0E0FD9009B8E09009B72275F022EF
:10AF0300126CAEEE75F022A42583F5832275F00250
:10AF1300126CAEE493FB3395E0FA9009C1E0FC7444
:10AF2300807E00A804082212689EFD7C0074807E47
:10AF330000A80708229009BBE0FEA3E0FF9009B92F
:10AF4300E06E22CEA2E713CE13229009D274AFF0A3
:10AF53007BDBE4FDFF22E475F0010269BEE0FEA3A2
:10AF6300E0FF9009B5E0FAA3E02FFBEA3EFA22FFE7
:10AF7300EE5CFEEF5D4E229009BFE0FF9009B4E066
:10AF83002FFF9009B3E022C2B2ECF5A0D2B2C2B255
:10AF9300AF058FA0D2B2229009C1E004F0E0C394C0
:10AFA30008229009BB126CBA9009BEE075F0022228
:10AFB3009009B9E0FEA3E0FF9009B7E06E22EEF03E
:10AFC300A3EFF0A3ECF0A3EDF0229ECF2401CF3446
:10AFD30000F0A3EFF022FFEE5AFEEF5B4E22FDE0FE
:10AFE300FEA3E0FF126921C3229009C0E004F0E050
:10AFF300C39410229009BD126CBA02688590006E4A
:10B00300E06401600302B15C7F0E7E0212D51090F2
:10B0130003A3EFF07F0112B15D125E17125B6D1295
:10B023005E17126C45C000C001C002C0037402FF6A
:10B03300FE12D510E4FCFDFED003D002D001D000F7
:10B04300125E14125B6D125E17126C45C000C001D4
:10B05300C002C0037F0312B15DD003D002D001D080
:10B0630000125E14125B6D125E17126C45C000C0B5
:10B0730001C002C0037F0412B167D003D002D00124
:10B08300D000126A6C900451126C717FFF7E277D91
:10B093006B7CEE90045112618E400B900451126C44
:10B0A3007D00000000227F0512B167125E24125B4F
:10B0B3006D125E24126C45C000C001C002C0037F44
:10B0C3000612B171D003D002D001D000125E21125A
:10B0D3005B6D125E24126C45C000C001C002C00348
:10B0E3007F0712B171D003D002D001D000125E21CC
:10B0F300125B6D125E24126C45C000C001C002C019
:10B10300037F087E0212D510E4FCFDFED003D002BB
:10B11300D001D000126A6C900096126C717F097E88
:10B123000212D5107550008F51E551755100F5503D
:10B133007F0A7E0212D510EF2551F551E43550F503
:10B14300507F0B7E0212D51090047CEFF07F0C7EB3
:10B153000212D51090046DEFF0227E0212D510E496
:10B16300FCFDFE227E0212D510E4FCFDFE227E02CF
:10B1730012D510E4FCFDFE22E4900A85F0A3F090C2
:10B1830003A3E07047900111E0B40115AE52AF5331
:10B19300125A49C3126BB250089004857408F0C365
:10B1A30022AE4CAF4D125A49125CA612CEB5C00462
:10B1B300C005C006C007125BC3126027D007D006C4
:10B1C300D005D004C3126BB2500280649003A3E095
:10B1D3006401702BAE5AAF5B125A49125CA612CEB1
:10B1E300B5C004C005C006C007125BC3126027D0F8
:10B1F30007D006D005D004C3126BB2500280319041
:10B2030003A3E06402702EAE27AF28125A49125CE2
:10B21300A612CEB5C004C005C006C007125BC31298
:10B223006027D007D006D005D004C3126BB25005F7
:10B2330012635FC3229003A3E06403600302B2C9F5
:10B24300125A45C3126BB250089004857411F0C3AF
:10B2530022125A45D3126BB2401B125F09126A794C
:10B26300E47B8A7A02F9F8C3126BB2500890048522
:10B273007413F0C322E47F64FE125A4DD3126BB2EF
:10B283004044125EF490007D125ADFC004A905AA5F
:10B2930006AB07900489125BC6E4FDD00012CEB55D
:10B2A300900A85EEF0A3EFF0D3900091E09F900019
:10B2B30090E09E4011900A85E0FFA3E0900090CFBC
:10B2C300F0A3EF125E42D322900389126C7D00003B
:10B2D30007D090038D126C7D00002710900391120C
:10B2E3006C7D00002AF8900395126C7D000032C833
:10B2F300900399126C7D000007D090039D126C7D22
:10B30300000007D0754C00754D6475520175536884
:10B313009001117401F0E49004BCF090006AF0F520
:10B323005A755BC87548017549A475620175634018
:10B3330090008F7402F09000577414F0900083749F
:10B3430064F0A3E4F0A3740FF0900489E4F0A37411
:10B3530010F0E4900143F090048F04F090048BE428
:10B36300F0A37496F09003A1E4F0A374A0F0E4902A
:10B37300009AF09004887414F0900056F0900090B6
:10B38300E4F0A37496F0755C01755D6890006174D8
:10B3930001F0900490F0900472F0900479F0900022
:10B3A30082742DF09004B4746EF0900139743CF003
:10B3B3009000DB7464F09000DFF0E490007CF075A3
:10B3C300270175282CF56A756B649000DE7432F0E2
:10B3D3009001137401F0E4900032F09000C2F07F0A
:10B3E30002900475EFF012D5E0E4900471F0900040
:10B3F3006E7402F0900451126C7D00000000900006
:10B4030096126C7D000000001262962212D4FE7D1B
:10B41300007C017F027E0012D53E7408FDFCFF7E96
:10B423000012D53E7F0C12B5137D017C087F0F7E81
:10B433000012D53E7F287E0012009E7D007C0A7F8D
:10B44300107E0012D53E7D3B7F1112B5237D217CFA
:10B45300317F127E0012D53E7D667F1312B52B7DA0
:10B46300607C467F147E0012D53E7F1E7E00120054
:10B473009E7D1C7F0112B52B7D387F0312B5237F80
:10B483000712B5137D207F1512B5087F20FE12D554
:10B493003E7F2112B51B7F3012B51B7F3112B4FBE7
:10B4A3007F32FE12D53EE4FDFC7F33FE12D53E7F94
:10B4B3003412B4FB7F35FE12D53E7DAF7F3612B515
:10B4C300087F37FE12D53E7DDB7C007F387E00127D
:10B4D300D53EE4FDFC7F39FE12D53EE4FF12A018F1
:10B4E3007F327E0012009E7D177C107F077E001244
:10B4F300D53EE4FFFE02CB697DDB7C007E0012D5E6
:10B503003EE4FDFC227C007E0012D53EE4FDFC22DD
:10B51300E4FDFCFE12D53E22E4FDFCFE12D53E22E4
:10B523007C107E0012D53E227C007E0012D53E2286
:10B53300D3900B40E09400900B3FE09400400974DB
:10B54300FFF5F01269BE800312ABC7C3900B26E070
:10B553009432900B25E064809480500512D1C4800E
:10B5630016900B4EA3E0FF12D227E4900B4EF0A3EC
:10B57300F0900B25F0A3F0D3900B53E09400900BC5
:10B5830052E09400400B74FFF5F01269BED2B48010
:10B5930002C2B4900B45E475F0011269D4AFF0FE1A
:10B5A300E4FCFD7B607AEAF9F8C3126BB2500BE45A
:10B5B300900B45F0A3F0FF120026900B54E0FF64BC
:10B5C300017067900B45E0FCA3E0FD64734C7008C9
:10B5D300900B52F0A3740FF0ED64E64C7008900BDF
:10B5E30052F0A3740FF0BC0109BD590612D1BA740D
:10B5F3000FF0BC0109BDCC0612D1BA740FF0BC0325
:10B6030009BD250612D1BA740FF0BC0309BD980613
:10B6130012D1BA740FF0BC0409BD0B0612D1BA746F
:10B623000FF0BC042ABD7E27801CEFB40211900BDF
:10B6330045E07004A3E064C87015900B52800B9032
:10B643000B54E0B40309900B52E4F0A3740FF022FF
:10B65300900A85126CDAE4900A88F0900A88E0FF79
:10B66300C394045041E0FE25E0125CD91260869039
:10B673000A88E0FD245E1263E0ED25E0247D12607C
:10B68300C8E0C454F0FEED25E0247EF582E43404E2
:10B69300F583E02EFE74852FF582E43403F583EE03
:10B6A300F01263EA80B5E4900A88F01263EAE0B42A
:10B6B30008F9126366FBAA06E4F9F812627BE4FC5C
:10B6C300FD126A6CE47BFDFAD3126BC8401EE49052
:10B6D3000A88F0900A88E0FF75F0D8A42439126034
:10B6E300C4EEF01263EAE0B408E9807412627BD31B
:10B6F30090045FE09F90045EE09E400E12627B9098
:10B70300045FE09FFF90045E801290045EE0FEA35E
:10B71300E0FFC3900386E09FFF900385E09E9003C4
:10B723007CF0A3EFF0126366FFD3900461E09F9077
:10B733000460E09E400F126366FF900461E09FFF88
:10B743009004608012900460E0FEA3E0FFC39003C6
:10B7530088E09FFF900387E09E90037EF0A3EFF0C5
:10B76300900A85126CBAE475F001026A15E4FB9045
:10B7730004BCE0601F24FE601104600302B857D2CA
:10B783001E7546037547FF02B857C21EE4F546F51A
:10B793004702B857900082E0FA125D4E4008753EAA
:10B7A30003753FFF8029EA24FCFFE434FF125D5355
:10B7B3004018E5579FFFE5569EFE7D02126988EF0C
:10B7C300240AF53FE43EF53E8005E4F53EF53FC32C
:10B7D300E547953FE53E6480F8E546648098501A56
:10B7E300C3E53F9547FFE53E9546FE125B2CEF040C
:10B7F300FB2547F547E43546F546E54724F6FFE5DF
:10B803004634FFFED3EF953FE53E6480F8EE648057
:10B8130098402BE547953FFFE546953EFED3EF94D1
:10B82300C8EE64809480400E74FB2547F54774FF8F
:10B833003546F5468008E547154770021546C3129D
:10B8430062085005E4F546F5471262034004D21E30
:10B853008002C21E900075E0B4010AE4F0FDFC7F93
:10B8630007FE12D53E30280F7D177C107F077E0020
:10B8730012D53EC229C22822E49009AFF090047188
:10B88300E06404600302B9399009AFF09003A5E0C6
:10B893006401600302B96E900074E06401705ED2CB
:10B8A300804394014393011263FB2408FF12C87879
:10B8B3009009B212610E9009B2E0940C4007E4F5CE
:10B8C30064F5658032126284502D75F002EF903971
:10B8D3003D126CAEE493FA7401939009B2125E6563
:10B8E3004010125BD2126057EF2BF565EE3AF56408
:10B8F300800512640280CEE4900074F0221263FB90
:10B903002406FF12C87812610B9009B0E0940C4032
:10B9130007E4F556F55780171262845012125E52EF
:10B923004008125BD2126118800512640280E9900C
:10B9330000747401F022E49009AFF01263FB240653
:10B94300FF12C87812610B9009B0E0940C4006E432
:10B95300F556F557221262845011125E52400712B7
:10B963005BD21261182212640280EA22E4FFFE1203
:10B97300CB69125DCA7414F0A31258F9E4FDFC12EA
:10B98300604512C79F125DCA7414F0A31258F912CE
:10B99300604012C79F1258F67BFF7A3679CE125950
:10B9A3003B7F2912BA4C1258F67BFF7A3679CE12B6
:10B9B300593B7F4212BA4C1258F612630B12593B91
:10B9C3007D027C007F947E0012A7331258AA7A3638
:10B9D30079D0125FCA7D25125AF912A7331258AAD9
:10B9E3007A3679D3125FCA7A077D46125AFD12A7B7
:10B9F300331258AA7A3679D61260F37B1F7AF87D10
:10BA030067125AFD12A7331258AA7A3679D91260EF
:10BA1300F37D7A12BA3E1258AA7A3679DC1263AEF3
:10BA23007D8B12BA3E125FC3749BF0A31258F97B4D
:10BA3300647A007D14125F2102C4457B007AFE7C88
:10BA4300007F537E0012A733227D027C007E00120A
:10BA5300A733229009BAEFF09009D7126C7D00004A
:10BA630000007F079009D712CC0250289009BAE052
:10BA73004480F5BC12D401EE3395E0FDFC9009D768
:10BA830012CBDA126C719009D712CBF19009D7124D
:10BA93006C7180CE9009DF126C7D000000007F0680
:10BAA3009009DF12CC02400302BB359009DB126C14
:10BAB3007D000000009009DF126C45C374079BFFF3
:10BAC300E49AFEE499FDE498FC9009DB12CC06505D
:10BAD3005212CBBB126C45D3126BC840389009DBB2
:10BAE300126C399009BB75F004EF126CAEEE12CBF9
:10BAF300E8126C399009E3126C7112CBBB126C71B2
:10BB03009009E3126C399009DB126C459009BF125E
:10BB1300CBE0126C719009DB12CBF19009DB126C54
:10BB23007180929009DF12CBF19009DF126C7102E0
:10BB3300BAA19009C7126C392212642112642B94A2
:10BB430007504F90006B126CBA8F82758300126896
:10BB53009E75F005A4FF9009B0E02FFDF0C4540FCB
:10BB6300FFED540FFE9009AFE0D39402401FE0FCB9
:10BB730025E02495F582E43400F583EFF0AF06EC7D
:10BB830025E02496F582E43400F583EFF012603962
:10BB930080AAE49009AFF012642B9405500D749CB5
:10BBA3002FF582E4340012602F80EC9009B1E05449
:10BBB3000F9000A1F012642112642B940750081215
:10BBC300614D12602F80F19009B1E0540F90009BFA
:10BBD300F0E49009B1F09009B0F09009AFF090094A
:10BBE300AFE0FBFF12614DF583E0FD9009B0E02D5E
:10BBF300F075F009A4FFAEF0125AF2A3E02DF07431
:10BC03007D2B1260C8ED126038E0B407D19009B102
:10BC1300E075F00A84900484E5F0F02212C699647A
:10BC230008600280227B017A0479D712D54C9009EF
:10BC3300B112C6A312D54C9009B3EEF0A3EFF0D323
:10BC43009420EE940040089005187403F08037E4C4
:10BC53009009B5F0A3F012C66A502B12C6AFF9745F
:10BC6300093EFA7B019009B1E0FEA3E0FF12CFFE8B
:10BC7300EF70089005187402F0800B9009B112C69A
:10BC83009212C68F80D0900518E07065900599F0E8
:10BC93009004D512C6409004D612C6409009B3A3AF
:10BCA300E025E012C641E49009B5F0A3F012C66A9C
:10BCB300503112C6AFF58274093EF583E0FD90055D
:10BCC30099E0FC04F074192CF582E43405F583ED56
:10BCD300F074B82FF58274093EF58312C64012C67C
:10BCE3008F80CA7B017A057919900599E0FD02CE10
:10BCF30025900518E0FF12D35C22900AF1126C71B3
:10BD0300900AF1126C397808126BEC900AF1126CFC
:10BD130071900AF122900AAC126C71900AAC126C09
:10BD2300397808126BEC900AAC126C71900AAC2251
:10BD3300900AA07404F0E4900A9BF0900B0574A59C
:10BD4300F0A374EAF0A322F07F0412D31C900B0833
:10BD5300EFF0900AA0E0FF22E0FEA3E0FFE4FCFD89
:10BD63009009BE126C717D0222126C45900AFCE0B0
:10BD7300FFE4FCFDFE026A6C900A9BE0FF12D252C4
:10BD8300900A9BE024FAF582E4340AF583E06F22FB
:10BD9300126C39E4FFFEED5480FDE4FCFBFA79807C
:10BDA300F8C3026BC8126C45C3E49BFFE49AFEE43C
:10BDB30099FD740198FC22F583E02FFFE43EFE0C0D
:10BDC300227D0312D33C7F0A7E0022900AFBE0FF10
:10BDD300E4FCFDFE22900B5512AEBDE4900B64F023
:10BDE300900B64E0FFD3900B5CE09F900B5BE094BF
:10BDF30000500302BEA5E4900B66F0900B66E0FFD3
:10BE0300D3900B5AE09F900B59E09400500302BE6D
:10BE13009CE4900B65F0900B64E0FF7E00900B595F
:10BE2300E0FCA3E0FD126921900B66E07C002FFF8C
:10BE3300EC3EFE900B61126CBA8F828E8312689E69
:10BE4300FD900B65E0FB74807E00A803088003125D
:10BE5300AF46D8FB12AF726009EB12AE8E900B5D4A
:10BE6300801E900B5FE0FEA3E0FF900B5DE06E7021
:10BE730003A3E06F6012900B65E012AE8E900B5F30
:10BE8300E0FAA3E0FB12D431900B6512AF9D40861C
:10BE9300900B66E004F002BDFE900B64E004F00238
:10BEA300BDE32290006EE0700302BF47900451127D
:10BEB3005C1B7F0112BF547810125C207402FFFEDA
:10BEC30012D447900451126C397808125C207F0316
:10BED30012BF54AD077F047E0212D447900096121E
:10BEE3005C1B7F0512BF487810125C207F0612BFCF
:10BEF300487808125C207F077E0212D44790009690
:10BF0300126C39AD077F087E0212D447E550FD7FDE
:10BF1300097E0212D447AD517F0A7E0212D44790A4
:10BF2300047C7F0B12BF6090046D7F0C12BF609086
:10BF330003A3E0FD7F0E7E0212D4477DAA7F017E1C
:10BF43000312D447227E0212D447900096126C3912
:10BF5300227E0212D447900451126C3922E0FD7EF6
:10BF63000212D447229009B312AEBDE49009BEF089
:10BF7300E49009BFF09009BFE0FFC3940850461254
:10BF8300AFA5A4F58285F08312AF2A800312AF46D2
:10BF9300D8FB12AF72600B12AF7A12AE789009B76A
:10BFA300801312AFB37003A3E06F601112AF7A1264
:10BFB300AE789009B9E0FAA3E0FB12D4319009BF3F
:10BFC300E004F080B0E49009BFF09009BFE0FFC344
:10BFD3009408504012AFA5900001126CAE12AF2A24
:10BFE300800312AF46D8FB12AF72600812AE6390A3
:10BFF30009B7801012AFB37003A3E06F600E12AEE7
:10C00300639009B9E0FAA3E0FB12D4319009BFE0D1
:10C0130004F080B69009BEE004F0E0C3941F50031F
:10C0230002BF7322C0E0C0F0C083C082C0D075D00D
:10C0330000C000C001C002C003C004C005C006C0E8
:10C0430007052BE52B7002052AC394E8E52A940320
:10C053004006752A00752B0020CD0B202A0890047A
:10C06300981261C0D22A30CD05302A02C22AAE2AE4
:10C07300AF2B7C007D64126933ED4C7042300E1996
:10C08300D3E5319400E5309400400AE53115317071
:10C093000215308027C20E8023900113E0FF900029
:10C0A300DEE08FF0A4FFC3E5319FE53095F0500A41
:10C0B3000531E531700205308002D20E1296D9D0D7
:10C0C30007D006D005D004D003D002D001D000D0D1
:10C0D300D0D082D083D0F0D0E032900471E01460ED
:10C0E3002514603714603C14700302C17414700388
:10C0F30002C17D2405600302C1841261B99003B6B5
:10C10300E024FF9280221261B9900086E0FFB4051B
:10C1130002D280EF64067069C280221261B9A23133
:10C123009280221261B9A221308001B35053A280C0
:10C133009221900485E0FF6004640E7044308025F2
:10C1430012B17B503C125CF79000A6126C7D00008C
:10C153000000C22FC2089000867402F0D231D22DA3
:10C163001261428008126142740E1263D9125E4357
:10C1730022439401439301D280221261B9A21E92F9
:10C1830080229009B9EAF0A3EBF09009B512AFC190
:10C19300C006C007A312AF60A3E0FFA3E09009C5E8
:10C1A300CF12AE4FD007D00612C4459009B9E0FEB6
:10C1B300A3E0FF9009B6E02FFB9009B5E03EFAAF8C
:10C1C30003FEC006C0079009B712AE34D007D006ED
:10C1D30012C4459009BBE0FEA3E0FF9009B8E02F2D
:10C1E300FD9009B7E03EFC9009B912AF6012AE3979
:10C1F3009009B5E0FEA3E0FF12C4459009B5E0FA4B
:10C20300A3E0FBFFAE02C006C007A312AE34D00703
:10C21300D00602C44543BA8090FECCE4F07410F01B
:10C2230090FEC97460F090FED2747FF0A374FFF0A7
:10C2330090FED7E4F0A3F090FEB2F090FEB1740448
:10C24300F090FEDDE04480F090FEC0E04401F09009
:10C25300FEB674DDF090FEECE4F004F090FEE874BA
:10C2630060F090FEEDE4F090FEEA7460F090FEED75
:10C27300E04401F090FEF27403F0A374FFF090FE2B
:10C28300F5E4F0A3F090FEF9F0A3F090FEB574117D
:10C29300F090FEFDE04480F090FEE0E04401F053B6
:10C2A300BA7F22787FE4F6D8FD75816B02C2ED0276
:10C2B300939DE493A3F8E493A34003F68001F2086B
:10C2C300DFF48029E493A3F85407240CC8C333C4D0
:10C2D300540F4420C8834004F456800146F6DFE43B
:10C2E300800B0102040810204080906DA0E47E01C1
:10C2F3009360BCA3FF543F30E509541FFEE493A3AE
:10C3030060010ECF54C025E060A840B8E493A3FABF
:10C31300E493A3F8E493A3C8C582C8CAC583CAF04B
:10C32300A3C8C582C8CAC583CADFE9DEE780BEAB3E
:10C3330007AA06E4900A85F0A3126C7D00000000B2
:10C34300AF0390000AEAF0A3EFF0E4900A85F090BF
:10C353000A85E0FF25E02406F582E43400F583E056
:10C36300FCA3E0FDEF1263F1F583ECF0A3EDF09095
:10C373000A86126C45900A85E01263F112595EE455
:10C38300FCFD126A6C900A86126C71900A85E004B7
:10C39300F0E0B403BAE47B03FAF9F8900A86126377
:10C3A3001C8E408F41D3E541940FE540648094A7F0
:10C3B300400675402775410F22900A86126CDA9069
:10C3C3000A89126C71125F8A704F125F60900A893A
:10C3D300126C45126A6C126195126C51D3126BC8C0
:10C3E300402C126195C003C002C001126BFFC0064E
:10C3F300C007900089E0FEA3E0FBAA06E4F9F8D0A9
:10C4030007D006126A79D001D002D0038030900A97
:10C4130089126C391261958025126195126BFF9018
:10C423000A891260EC501A126195126BFFC3EF94E4
:10C4330001FFEE9400FEED9400FDEC9400FC126C01
:10C443001F229009BF12AFC19009BFE0FEA3E0FF16
:10C45300C3EB9FFFEA9009C912AFCD9009C1E0FE7B
:10C46300A3E0FFC39009C6E09FFF9009C5E09009D0
:10C47300CB12AFCD9009BFA3E0FFA3A3E0FD9009CA
:10C48300C5A3E09009D2F012CA67E49009CDF0A3E6
:10C49300F09009CBE0FCA3E09009C912AFE1900949
:10C4A300CEE09FEE6480F89009CDE064809850134D
:10C4B3009009C7E0FEA3E0FF12D5C09009CD12AFEB
:10C4C3005980CE12AF4D02CA67E4FFFE12D510BFEA
:10C4D300A50320B73912B2CB1282257F017E031246
:10C4E300D568E49009B0F09009B0E0FF24AA900960
:10C4F300AFF0FDEF2401FFE43403FE12D4479009AB
:10C50300B0E004F0E0C3945040DD43C760221275ED
:10C51300EB7F017E0312D5109009AFEFF0BFAA188D
:10C5230012B00090006EE0B402037401F07DAA7FA4
:10C53300017E0312D447800690006E7402F07F01DF
:10C543007E0312D568229009B512AEBDE49009C0EE
:10C55300F0E49009C1F09009C1E0FFC3940850567C
:10C563009009BD126CBA9009C0E0F5827583001280
:10C57300AF2A800312AF46D8FB12AF72600B12AE24
:10C58300E112AE2D9009B9801D9009BBE0FEA3E036
:10C59300FF9009B9E06E7003A3E06F601112AEE182
:10C5A30012AE879009BBE0FAA3E0FB12D4319009E5
:10C5B300C1E004F080A09009C0E004F0E0C3940F50
:10C5C300408F229009AFEFF078B07C097D017BFFAB
:10C5D3007AFA79727E007F0C12685F12D58C7F0A1B
:10C5E3007E0012D4B19009AFE025E024B0F582E4D7
:10C5F3003409F58312BD5BE4FF12C8DF7F147E00AC
:10C6030012D4B19009BE126C7D000022707F01121A
:10C61300C6339009BE126C7D000004657F1312C6F9
:10C623003312D5977F147E0012D4B1E4FF02D5D420
:10C633007D0212C8DF7F147E0012D4B122E0FF9086
:10C643000599E0FE04F074192EF582E43405F583B0
:10C65300EFF0229009FDE0FE04F074FE2EF582E473
:10C663003409F583EFF0229009B3E0FEA3E0FFA3C2
:10C67300E0FCA3E0FDC39FEC9E22EF25E0FFEE3339
:10C68300FE74772FF58274FB3EF583229009B5E49F
:10C6930075F0010269BE900518E4F0900515E022DB
:10C6A300EEF0A3EFF07B017A0479D922ED25E0FFC8
:10C6B300EC33FE74B72F221258AA7BFF7A337972B8
:10C6C30012593B7D1C7F1412C7261258AA7BFF7A8E
:10C6D30033798C12593B7D1B7F6712C7261258AAE8
:10C6E3007BFF7A33799912593B7D387C007F5A7EE0
:10C6F3000012A7331258AA7BFF7A33795F12593B92
:10C7030012632812A7331258AA7BFF7A33799E1239
:10C71300593B125F537E0012A73375360175372CD0
:10C72300D202227C007E0012A73322900A86126C6A
:10C73300DA900A89126C71125F8A7045126188124D
:10C743006C51900A89126C39126A79A804A905AA56
:10C7530006AB07125F60D3126BC8401A126188C020
:10C7630003C002C001126C51125F60126A6CD001E7
:10C77300D002D0038022900A89126C39126188801A
:10C7830017126188126BFF900A8912618E400C1296
:10C793006188126BFF125F9B126C1F229009B5EC2C
:10C7A300F0A3EDF09009B3EEF0A3EFF09009B7EA30
:10C7B300F0A3EBF0A9079009B5A3E0FDE92B14FB67
:10C7C3009009B9A3E0FEED2E149009D2F012CA67C6
:10C7D300E49009BDF0A3F09009B9E0FCA3E090094F
:10C7E300B712AFE19009BEE09F9009BDE09E5013E0
:10C7F3009009BBE0FEA3E0FF12D5C09009BD12AFC4
:10C803005980D412AF4D02CA67900A7E126CDA9037
:10C813000A81ECF0A3EDF0A374FFF0A3F0E4FDFCB8
:10C82300900A8174FFF5F01269D445F0603C900AD8
:10C833007EE475F001126CC3126885FF900A83E0F1
:10C843006F7C00FDFF24ADF582E43407F583E0FE41
:10C85300900A84E06E900A83F074AD2FF582E4347D
:10C8630008F583E0900A84F080B6900A83E0FEA383
:10C87300E0FDEDFF229009B4EFF0E4A3F0A3126C06
:10C883007D00000000E49009B5F09009B6126C45F4
:10C89300C000C001C002C0039009B4E0FF12BA5641
:10C8A300E4FCFDD003D002D001D000126A6C9009E1
:10C8B300B6126C719009B5E004F0E0C3940C40CA61
:10C8C3009009B6126C39E47B0CFAF9F8126B1290EA
:10C8D30009B6126C719009B6126C3922AB05900B34
:10C8E3000574A5F0EF4480A3F09009BE126C399053
:10C8F30009C2126C71E4FFEFC39B501FC374049B06
:10C903002F24C2F582E43409F583E0FE74072FF582
:10C9130082E4340BF583EEF00F80DCEB2403FF900D
:10C923000AA0F0E4900A9BF012D31CAE07900AA071
:10C93300E0FF2404F582E4340BF583EEF002D3998F
:10C94300900A86126CDA900A89125F85703A900019
:10C9530089E0FEA3E0FF900A8AE02FFF900A89E0B6
:10C963003EFE1263A5D39FE5F09E400F1269EAFFD6
:10C97300126015EF9DFFE5F09C8008900A89E0FFA7
:10C98300A3E0CF8FF0026A4D1263A5FFC3900A8A1A
:10C99300E09F900A89E095F0500774FFF5F0126A62
:10C9A3001522C0E0C083C082C0D075D000C006C0CD
:10C9B30007E59A30E105539AFDC236E59A30E03730
:10C9C300539AFE900A9BE0FF900AABE0FEC39F5090
:10C9D3001B74FB2EF582E4340AF583E59BF0900A81
:10C9E300ABE004F0900AA17401F0800B900ACA74C2
:10C9F30001F0900AABE4F0D007D006D0D0D082D0BB
:10CA030083D0E032E4900A86F0A3F090048FE060D4
:10CA130052E47F64FE125A4DD3126BB24045900428
:10CA2300891263C1126D09C004C005C006C0071294
:10CA33005EF490007D125ADF125D45D007D006D018
:10CA430005D004126B12900A86EEF0A3EFF0C395A3
:10CA53004DEE954C500D900A86E0F54CA3E0F54D54
:10CA6300125E43229009CFEFF0A3EDF0EBFD7C00C3
:10CA73007F387E0012D53E7F3912CAA39009D2E0D7
:10CA8300FD7C007F367E0012D53E7F3712CAB07F11
:10CA93002112CAA37F2012CAB07F227E0002D5755D
:10CAA3009009CFE0FD7C007E0012D53E229009D094
:10CAB300E0FD7C007E0012D53E227F2612BDC4120B
:10CAC300D4B112BD7B703912BDCE12BCFD12BD6C48
:10CAD30012BCFD126C45900AFD12BD7212BD0E12FE
:10CAE300BD93900AF1700A12BDA812D1FBE4FF8036
:10CAF30008126C3912D1FB7F0112D5CEE4FF800CF2
:10CB0300900AF1126C7D000000007F0112D5D4223F
:10CB13007F2412BDC412D4B112BD7B703912BDCEB5
:10CB230012BD1812BD6C12BD18126C45900AFD128D
:10CB3300BD7212BD2912BD93900AAC700A12BDA832
:10CB430012CDDCE4FF8008126C3912CDDC7F0112B8
:10CB5300D5C8E4FF800C900AAC126C7D0000000085
:10CB63007F0112D5D4229009AFEEF0A3EFF012AFFC
:10CB73004D12CA67E49009B1F0A3F0E49009B3F051
:10CB8300A3F09009AFE0FEA3E0FF12D5C09009B374
:10CB930012AF59C39009B4E094B09009B3E0940084
:10CBA30040E09009B112AF59C39009B2E094DC9010
:10CBB30009B1E0940040C4229009DB126C3990095A
:10CBC300BF75F004EF126CAEEE25E025E02583F58A
:10CBD30083126C399009DB126C459009BB75F00424
:10CBE300EB126CAEEA25E025E02583F58322126C77
:10CBF30039EF2401FFE43EFEE43DFDE43CFC22E486
:10CC0300FEFDFC126C45C3026BC890045DE0FF7E21
:10CC130000900000E07003A3E06F603E90045DE0CD
:10CC2300FD900000EEF0A3EFF0ED7D1C60047C03AB
:10CC330080027C007F017E0012D53EE4FFFE12CB12
:10CC430069302B1612B96F9004627463F09000D9A7
:10CC5300F0D2199004B6F0125E4522900A86125F54
:10CC630085702C1269EAFFC3900A87E09FFF900A40
:10CC730086E095F0FE1260159FEC9E5005EC8DF05A
:10CC83008023900A86E0FFA3E0CF8FF0026A4D1263
:10CC930069EAFFD3900A87E09F900A86E095F04007
:10CCA30007E475F001126A1522C28043BA80E4F5E5
:10CCB30094F593F592F591F596F595F5B2F5B1F5F1
:10CCC300B4F5B3F5CAF5C943B20853B1F743B2108B
:10CCD30053B1EFC29743928053917FC29243920420
:10CCE3005391FBC2B3C2B4D2B7D2CCD2CD5387DFF8
:10CCF30075FF03D2AE2212C6996408600890051826
:10CD03007403F0802C7B017A0479D712D54C9009F7
:10CD1300B112C6A312D54CAD07AC069009B1E0FE23
:10CD2300A3E0FF12D2A6EF64016006900518740217
:10CD3300F0900518E0700302D27C900518E0FF1212
:10CD4300D35C22C0E0C0F0C083C082C0D075D000E5
:10CD5300C000C001C002C003C004C005C006C007B4
:10CD6300309907C299900078E4F0309807C298AFE1
:10CD73009912D079D007D006D005D004D003D002C1
:10CD8300D001D000D0D0D082D083D0F0D0E032E434
:10CD93009009AFF0A3F0FFFE9007AAE0603A900776
:10CDA300AA12C69CFDC3940440297B017A0479D559
:10CDB3007C0012C80CEF4E701A9004D5E0FF7E0081
:10CDC3009009AFEEF0A3EFF09000C3E0B50704E4E1
:10CDD30012D37CE4900515F0229009AF125DF31293
:10CDE3005FA99009B7126C719009AF126382900921
:10CDF300B7126C4512652AE4FBFA79C878421266C9
:10CE03003312670E9009B3125CC412631990007D4C
:10CE1300125CC4126319900081EBF09004937401C7
:10CE2300F0229009FA126CDA9009FDEDF0FF7E0012
:10CE330078FE7C097D019009FA126CBA12685F9042
:10CE430009FA126CBA9009FDE0FD7C0012C80CAD22
:10CE530007AC06ECFF12C656AF0512C6567B017A25
:10CE63000979FE9009FDE0FD02D162302B433019B0
:10CE730040C2199000DAE0FF900486E06F6015EF7E
:10CE8300F09003A4125DC77488125B827B771261F2
:10CE93003A12C79F9000DAE07003021E179000DA7F
:10CEA300E0B40103028B499000DAE0B402031200FC
:10CEB300A622C2D5E830E70FB2D5E4C39BFBE49AC0
:10CEC300FAE499F9E498F8EC30E717B2D512CEEB0F
:10CED300126B12E4C39BFBE49AFAE499F9E498F821
:10CEE3008003126B1230D50DE4C39FFFE49EFEE472
:10CEF3009DFDE49CFC229009AFEEF0A3EFF0A3ECC0
:10CF0300F0A3EDF012D58C7F147E0012D4B19009FA
:10CF1300B112BD5B7F1412CF319009AF12BD5B7F9D
:10CF23001612CF3112D5977F0A7E0002D4B112C8F0
:10CF3300DF7F147E0012D4B12243BA8090FEF2E068
:10CF4300FCA3E0C39FEC9E500890FEF2E0FEA3E03A
:10CF5300FF90FEF5E0FCA3E06F7002EC6E6019C376
:10CF6300EF9464EE6480948090FEF55006E4F0A3A1
:10CF7300F08005EEF0A3EFF053BA7F22C3EE648096
:10CF83009480403743BA80EF4E701090FECDE0544A
:10CF9300FEF090FED7E4F0A3F0801D90FED7E0FCF6
:10CFA300A3E06F7002EC6E600F90FECDE04401F0E1
:10CFB30090FED7EEF0A3EFF053BA7F2253D1FD5387
:10CFC300D1F753D17F75D5B375D4FEE5D154F7446A
:10CFD30008F5D1E5AF54DF4420F5AF900B30E4F012
:10CFE300A37410F0900B30E0F5D275D31053D17FBA
:10CFF300E5AF54BF4440F5AFD2AF22D374019F7461
:10D00300039E7C0050047D0180027D00D3ED94815A
:10D01300EC64809483501F12C67DE0FEA3E0FDAC58
:10D0230006EC1268ED900001ED1268FF900002ED2E
:10D033001268FF7F01227F0022900A86125F8870A8
:10D0430021126885FF900A86E0C39FFFE49400FEE7
:10D053001260159FEC9E5003ED8017900A86E00244
:10D0630068ED126885FF900A86E0FEEFC39E5005C7
:10D0730074011268CB22AD07E49007AAF053D17F65
:10D083009004D3E0FAA3E0FBEAF5D2AF038FD3E534
:10D09300D1547F4480F5D1900515E0C394405012DC
:10D0A300AF05E0FE04F074D52EF582E43404F58375
:10D0B300EFF022C0E0C0F0C083C082C0D075D000C2
:10D0C300C000C001C002C003C004C005C006C00741
:10D0D30012D5ADD007D006D005D004D003D002D0EE
:10D0E30001D000D0D0D082D083D0F0D0E0329009EC
:10D0F300AFEFF012D58C7F147E0012D4B19009AF3C
:10D10300E09009BEB40109126C7D000021908007F4
:10D11300126C7D000022707D027F0112C8DF7F1434
:10D123007E0012D4B102D597E49009AFF0A3F0903A
:10D1330009AFE0FEA3E0FFC39408EE9400501D7412
:10D14300C42F125CDBE01260C4E06EFF60037F015A
:10D15300227B017A0979AF12B65380D37F002290E4
:10D163000A7E126CDA900A81EDF0E4A3F0F0900AE3
:10D1730081E0FFA3E0FEC39F501A900A7E126CBAAF
:10D183008E8275830012689EFF12D520900A82E07A
:10D1930004F080DA22900B3FE4F0A37464F0900073
:10D1A30061E022900B247401F0E4900B23F0900BC8
:10D1B3003CF0900B2AF022900B52E4F0A322900B48
:10D1C3004EE475F0010269BEC0E0C0F0C083C082C6
:10D1D300C0D075D000C000C001C002C003C004C0ED
:10D1E30005C006C0077F00900083EFF0FE12D52F25
:10D1F300302B0312BEA680FE9009AF125E00125FB1
:10D20300A99009B3126C719009AF1263829009B3AC
:10D21300126C4512652A79C8125FB212670E90002C
:10D223006F026C717E00900089EEF0A3EFF0C3945F
:10D2330001EE94005008900089E4F0A304F09000FC
:10D24300897D0A125BC8900089EEF0A3EFF022A952
:10D2530007E4FFFEFDFCE914FBECC39B500D74FBDC
:10D263002CF582E4340A12BDBA80EB900B05E02F53
:10D27300FFA3E02FFFEFF4FF22E4FF74D52FF58225
:10D28300E43404F583E0FE74B32FF582E43409F546
:10D2930083EEF00FEFB406E37B017A0979B37D06E1
:10D2A30002CE25D374019F74039E7A0050047B0140
:10D2B30080027B00D3EB9481EA64809483500B1249
:10D2C300C67DECF0A3EDF07F01227F00229009C818
:10D2D300ECF0A3EDF0AD07AC067F217E0012D53E46
:10D2E3009009C8E0FCA3E0FD7F207E0012D53E7FBD
:10D2F300227E0002D57590008EE0FD7C0090000236
:10D30300E07003A3E06D601090008EE0FF900002D8
:10D31300ECF0A3EDF012A01822A907E4FFFEFDFC38
:10D32300E914FBECC39B500D74052CF582E4340B1C
:10D3330012BDBA80EBEFF4FF22900B0574A5F0A3A6
:10D34300EFF0900AA07402F0ED04900A9BF012D45F
:10D3530019900AA0E0FF02D3999004D5E09009F751
:10D36300F09004D6E044809009F8F0A3EFF07B013D
:10D373007A0979F77D0302CE259004D6E024FA607A
:10D38300072403700602BC1F02CCF9900518740130
:10D39300F0FF12D35C22AE07E4FDEDC39E5012747E
:10D3A300052DF582E4340BF583E0FF12D4C50D801F
:10D3B300E922E5A2543FF5A2759850758E40E4F535
:10D3C30089758BA9758DFFC2ABD28E2243924043E0
:10D3D300914043BA8090FEA8743FF053BA7F75DE44
:10D3E3002F75BC802253BAFE759ADA75D7EE75D6BF
:10D3F300FB75AF01438E14C236D2ACD2AF2243BC0D
:10D403004000000000E5BC30E5FB53BCDFAFBDEFDF
:10D41300FEADBEEDFF227F0A900AFBE4F0A3DFFC22
:10D42300E4900AA1F0900ACAF0900AABF0229009A6
:10D43300C6EAF0A3EBF012D2D09009C6E0FEA3E057
:10D44300FF02D5C012D4E575C5028FC4EEF5C3AF94
:10D45300058FC212D4DE000200367F007E007D00FD
:10D46300125E7012C3BC9004AF7463F0D201224306
:10D473008E805389F0758AC0758C63C28DD28CD22D
:10D48300A9D2AF22900490E0B4010612D1BA74027B
:10D49300F012D1C17F01027D12900490E0B4010625
:10D4A30012D1BA7402F012D1C1E4FF027D12AD07AA
:10D4B300AC06ED1DAE0470011C4E600512D58180D3
:10D4C300F1222036FDEF30D005439A088003539AAA
:10D4D300F7D236F59B228FC4EEF5C375C65A75C6CF
:10D4E300A52275C78075F51E2220290E1261A8900A
:10D4F300048DE5F0F0A3EFF0D22922C2B67F647E5B
:10D503000012009ED2B67F327E0002009E12D4E546
:10D5130075C50112D4D900AFC2120036228F99907B
:10D5230000787401F0900078E070FA2243BA80909A
:10D53300FEF9EEF0A3EFF053BA7F22AB05AA041273
:10D54300D575AE02AF0302D5C090000112689EFDEF
:10D55300126885FEEDFF2290000112689EFE12689C
:10D5630085FDEDFF2212D4E575C50312D4D900025F
:10D573000036AD07AC06C2B512AF8AD2B5220000A1
:10D583007F2C7E13DEFEDFFC2212BD3374E512BD59
:10D593004A02D39912BD3374DC12BD4A02D39912E5
:10D5A300BD33749612BD4A02D3999007AA7401F051
:10D5B30053D17F2212636E302902D22822AD07ACE9
:10D5C3000612AF8A22EF24FF921D22EF24FF921846
:10D5D30022EF24FF920622900B6FEFF022900B2B89
:10D5E300EFF022B0A1018003C003C001800000005E
:10D5F3000000000000000000000000000000000028
:10D603000000000000B0C9000000000018003C004A
:10D613003C001800000000000000000000000000B3
:10D6230000000000000000B4E7000000000000005C
:10D6330000000000000006000F000F0006000000BD
:10D64300000000000000000000B6BC000000000065
:10D6530000000000000000000000000000000000C7
:10D6630018003C003C001800000000B6EE0000006B
:10D6730000000000000000000000000000000000A7
:10D683000000000000018003C003C00180B8B100A6
:10D693000000000000000000000000000000000087
:10D6A30000000018003C003C00180000000000B817
:10D6B300E80000000000000000000000006000F02F
:10D6C30000F0006000000000000000000000000007
:10D6D30000BAA30000000018003C003C0018000042
:10D6E3000000000000000000000000000000000037
:10D6F300000000BDC5018003C01BD83DBC3C3C18E5
:10D70300186006F00FF00F600618183C3C3DBC1B78
:10D71300D803C00180B5E70200020002107FF8427F
:10D723001042107FF0421042107FF04210020002BC
:10D7330004020401FC0000C9E801F02110111011DA
:10D74300100110020EF40013F811081110109010BC
:10D75300A0144018B0130E0C04B6A8020001007FF9
:10D76300FE400280241FF001000100112011F0117E
:10D773000011001100290647FC8000D1B900083FC1
:10D78300FC208020802080208020882FFC20802087
:10D79300A020982088408040849FFE0000C1F700AD
:10D7A30080404837FC10408090610827FC08041132
:10D7B300502150E150215021522152224E2440B990
:10D7C300A6008000800880FC80108417FE1084105F
:10D7D30084108410841D04F10441040244042808C5
:10D7E30010C2CA020001087FFC01004244278811CD
:10D7F3001022484FE401200104FFFE010001000153
:10D80300000100BDD8044004507F480440FFFE10CF
:10D813004015403FA06424BF2824303F20245224D5
:10D82300923F8A2004D6B9010001000100110011C2
:10D8330000111011F8110011001100110011001155
:10D84300001104FFFE0000CFDE00087DFC450849FF
:10D853000849F85108490849F8450445884550697D
:10D86300205110414E41844100D6C60404240425AE
:10D87300043FA4242444A4FFE404243FA424A424B4
:10D88300A424842684250404140408BAE310081786
:10D89300FC100010085BFC5608520893F81208129B
:10D8A3000813F8100010041FFE10001000C4A31189
:10D8B3001011141FFE1110FD1813FC32083BF8560B
:10D8C3000853F890401FFE104010B0110E1604CA02
:10D8D300BD008000A000900084FFFE008000803E19
:10D8E3008008800840084009200E227012200A0098
:10D8F30004CDA31080104817FC200023F86208A36E
:10D90300F820002FFE280233F4204020402040213D
:10D91300402080B5B9100410441FE422042294640B
:10D9230054AFD4211421142FD42114211421C42F32
:10D933000424142008BCC6004020401040104000BE
:10D94300400044F7FE1040104010401040124014B5
:10D9530040184010400040CAB1000804087E084443
:10D963000847FE440844087C884448444844084423
:10D97300087C08444800280010CAE4204020A0285E
:10D98300A0FD10220E45F4500093C4FA5413D43A68
:10D9930054D3D412541244124412CCB3F6010001EE
:10D9A3000021082108210821083FF821080100412E
:10D9B3000441044104410441047FFC4004C1E31FCA
:10D9C300F001007FFE41029D7401001D7002800C76
:10D9D300603218C1060FE00040028001000080B5EC
:10D9E300E302000200020803FC020002103FF820D9
:10D9F30010201020103FF00000291024C844448058
:10DA030004CFB500387FC00400041008203FC001D4
:10DA130000022004103FF80108092009101108250D
:10DA2300080200CAFD084049402A400884FFFE1945
:10DA3300082C884A881088FE9022502220145018FF
:10DA430088250E4204B1C8008020802080208020D9
:10DA53008824983EA020C020802080208020822619
:10DA6300823882607E0000C0FD100410441FE4224F
:10DA730004221467D4A454285434942294211422E5
:10DA8300042404280420142008CDDFC060C060C033
:10DA930060C46064C064C06EC06EC06EC03B803B37
:10DAA300803B803B80110011001100B0B2040004E0
:10DAB300000E000E000E001B001B001B0031803106
:10DAC300803F807FC060C060C0C060C060B7FCC0E2
:10DAD30060C06060C060C060C03180318031801B35
:10DAE300001B001B000E000E000E0004000400D4F7
:10DAF300CB001043F830001000000807FCF0801042
:10DB03008011001120121017F81008280647FC0096
:10DB130000D0D008080BFC100020004000080417B8
:10DB2300FE30105010901010101010101010101024
:10DB3300501020B1EA07C01C1039E447883F3AF27D
:10DB430062878E3C1879E1D7071E7E7FFE67FE0F42
:10DB5300FC1FF807E0B3AC100813FC10887C881096
:10DB63008810A8FD10120051F85D08510851087182
:10DB7300F8480687FC0000B5D80040204022402228
:10DB8300402248227CFBC826482248224822682299
:10DB9300503A42E20241FE0000D6B7102010201096
:10DBA300201520FF24113E112011201120112011D6
:10DBB3002013201D20F12447FE0000D4F622082163
:10DBC3001020A0200427FEFC442554244427FC20D5
:10DBD300083BFCE20843F8020803F80208D2E6080F
:10DBE30020044000087FFC000004400830101000AF
:10DBF300003FF82448244824482448FFFE0000BF7F
:10DC0300D81040102013FE1202FC5410881504187B
:10DC1300003008D3FC102010201020102457FE20C1
:10DC230000D7D300003FF000100020004001800126
:10DC330004FFFE01000100010001000100010005D5
:10DC4300000200B8BA040004000FE0104020905F07
:10DC5300F810101110111011101110111002C0043E
:10DC63003018186008D4D808400A507F480848087C
:10DC730040FFFE1040FF40204828487E3008200F18
:10DC830060F892090A0A06B4A5202020203C204807
:10DC93002451FEFD24552455247D24552455FC7D13
:10DCA300205428543C55E28C82B7A2010011201164
:10DCB3001021047FFE0200020007F006100A20096B
:10DCC300401080214042308C0E3004CAD300000043
:10DCD3000000F0030C0402040A08910861086108BB
:10DCE3000104020402030C00F000000000B5C000B0
:10DCF30000000003FE010401FC01FC00F8007000B9
:10DD03007000A801040124017403FE00000000D583
:10DD1300FD00087FFC01000100010001001110114A
:10DD2300F8110011001100110011001104FFFE0091
:10DD330000D4DA020002000204FFFE0400044008DB
:10DD430040085013F83040504090401040104417A2
:10DD5300FE1000BCEC1040104010A010A0FD1012EB
:10DD63000E35F4300058405648914C11481150106C
:10DD7300041FFE1000B2E20000404427E42454854F
:10DD830054655425540D5415542554E55421042247
:10DD930084244428542008CCE1100811FC110811F4
:10DDA30008FDF81108150819F83000D7FE102011E6
:10DDB30028113C112052A6247CCABE00103FF80053
:10DDC30000000000000004FFFE010001000920190B
:10DDD30018210C4104010005000200D2F4020001E5
:10DDE300103FF8082004200444FFFE00101FF81021
:10DDF3001010101FF0101010101FF01010B1B3040A
:10DE03004004447C7804421C42E43E40101FF81056
:10DE1300101FF010101FF01010101010501020B928
:10DE2300E201002108110C091009200104FFFE047E
:10DE330040044004400440084008421042203E4051
:10DE430000C1C101087FFC00101FF8101010101F43
:10DE5300F000007FFE40228FF408200820082210E3
:10DE630022601EB6C8010000843FFE222022283F04
:10DE7300FC222023E020002FF02220214020804399
:10DE8300608C1E3004B7F10004FFFE008001000324
:10DE930000056009183106C1121FF8101010101088
:10DEA3001010101FF01010CAC70FE0082008200F31
:10DEB300E0082008200FE00004FFFE01000920090C
:10DEC300F009001500230640FCBEB2084008407E5E
:10DED300F809103E2408FEFF2400243FFE22243EBE
:10DEE3002422FC3E24222022A02640B8E601001171
:10DEF3000011101FF8110021000104FFFE00101F84
:10DF0300F810101010101010101FF01010BEAF14E6
:10DF1300407F7C10C83F2855101D6E0304FFFE0090
:10DF2300001FF000001FF000001FF010101FF0C8CA
:10DF3300AB0100010002800440082010502FEEC105
:10DF430004010001400FE00100010001087FFC0013
:10DF530000B2BF1000087C02447F440048224814EA
:10DF630050FFC802443F422242226222543E4822CA
:10DF7300400040CDBC07E01FF83FFC7FFE7FFEFF63
:10DF8300FFFFFFFFFFFFFFFFFFFFFF7FFE7FFE3F60
:10DF9300FC1FF807E0884407E01FF83C3C799E7BB0
:10DFA300DEFBDFFBDFF00FF00FF00FF00F700E70F2
:10DFB3000E3FFC1FF807E0D7A90000000000F003A4
:10DFC3000C0432059A0BD90A7108E509BD059A04B8
:10DFD300C2030C00F000000000B9FD001040102047
:10DFE3001017FC00100010F110109010901010107A
:10DFF3001010501020280647FC0000B8DF02000173
:10E0030004FFFE00001FF0101010101FF000047F2B
:10E01300FE40044FE4482448244FE4400CB6CF04A8
:10E0230000440C64F055404E4044447F7E44484EC7
:10E033004855486448444844487F4840880108CFCD
:10E04300DF0840085010481040227C7FC00844106D
:10E053007E23C07C48005000201C60E092430A00ED
:10E0630006D3DA00103FF80100010001000104FFAC
:10E07300FE01000100010001000100010001000593
:10E08300000200B5B101002108191809200100019F
:10E09300087FFC0008000800083FF800080008009B
:10E0A300087FF80008C7B010100C300444FFFE00CE
:10E0B300003E08224822483E48224822483E482241
:10E0C3000822082A282410B1A308080BFC0A081206
:10E0D30008120833F8324050449FFE104010E011FC
:10E0E300501248144E18441040BBA4108010601006
:10E0F3002413FEFE04120416041BFC3204D2001285
:10E103000012001200140054002800C4DA010001B8
:10E1130000010001047FFE4104410442044284449F
:10E1230064483450144004400440144008D7E800C5
:10E13300007C0845FC49084908510849F849084545
:10E1430008450845F869085108410847FE4000D4CE
:10E15300BC108010802080210445FEFA04140420A2
:10E16300844064FC24000400041C04E044402800B0
:10E1730010B2E20000404427E4245485546554253A
:10E18300540D5415542554E5542104228424442861
:10E19300542008C1BF00101FF810101FF01014FF07
:10E1A300FE00001FF011101FF011101FF001001FDF
:10E1B300F001007FFCCEDE00203FF00200020002EF
:10E1C3000002087FFC02800280048004800880082B
:10E1D300821082207E4000B7A800404040304010AB
:10E1E3004887FC60402040084417FE2040E0402060
:10E1F300802110220827FC2004BAC100000000007F
:10E203000000000000003800440082F88254825469
:10E2130044542854AAD6EE00000000CDA803F840C9
:10E223001030A0104803FC0248F24813F8124812B9
:10E233004813F8124812682A50440603FCD1B6006A
:10E243001047F83010111001100110F11011501780
:10E25300F0111011101110150A190A11060100B955
:10E26300CA1040104010401444FEFE1108128810DA
:10E27300887C8844884450442044207C50448E0346
:10E2830004D5CF00407BF8491050A457FE600853D3
:10E29300FC4A084BF84A086BF850404FFE40404098
:10E2A300404040CEC2000843FC3208120883F862A3
:10E2B3000822080BF8100027FCE4A424A424A424B7
:10E2C300A42FFE2000C9A2244024407E402484249D
:10E2D300FEFF0802887F8842887E5042507E20429B
:10E2E3005042484A8E4504C8C80840084008487F41
:10E2F300FC08480A481CC8684808A8088A290A1262
:10E30300040000488844468442BDF6080008040B14
:10E31300FE10041104310451089108108810901064
:10E323005010201050108811061604C9CF010001A7
:10E333000001000100011001F801000100010001CA
:10E34300000100010001000104FFFE0000C9FD01FE
:10E353002007A07C200420042004200424FFFE04C2
:10E36300200420042008200820102020200020D092
:10E37300B108080808140822484128BE08084808BC
:10E38300287F0E08F82A08290849080808280810D1
:10E3930008D7D40100020004101FF8101010101F3A
:10E3A300F01010101010101FF01010101010101F8C
:10E3B300F01010C7FD0804FDFE0900494449444913
:10E3C30028492849107D10052805281D44E5844562
:10E3D3000015FE0800B6AF004008407C400044052D
:10E3E300FEFE4410441044204424444284FE8441ED
:10E3F30004010402280410CAD40020402820242049
:10E40300200FFE0020E02027E021202110211021F1
:10E413001029D23712220A0004B4F8092009287FF0
:10E42300FC092009207FFE410281041FF011101115
:10E433001011101110115011200100D0B62000222C
:10E44300043F7E484488440A44FF44084428442E39
:10E4530044284428642F54F84840400040CCAC0181
:10E46300000104FFFE0100028004400A30310EC0A7
:10E47300040200291029082824482407E00000B2D8
:10E48300CE0200024004201FF00204FFFE044008F5
:10E49300A013102C4EC1840E10006001800E00707A
:10E4A30000D0A310401020100413FEFC001088318C
:10E4B300063A8A54885050905010201050108813F8
:10E4C3000E1C04D7BC01404120312413FE02201648
:10E4D300281BFC12202228E3FC22202220222423B2
:10E4E300FE22000200D1A100404240324813FC0248
:10E4F300400444F7FE10A010A010A0112211221214
:10E503001E2C00440603FCCFEE00040BFEFC20107F
:10E513004411FE110411241124112411241D24F18A
:10E52300244124005800840302B9C008400840086D
:10E533004010441FFE30405040904813FC12081214
:10E543000812081208120813F81208CBE320803EC1
:10E55300FC49209FF010101FF010101FF010101F27
:10E56300F00824FFFE0820082010202020C7B70849
:10E5730000080008001FFC1004210841108100025C
:10E583008002800440044008201010200EC004CFF5
:10E59300C20004FFFE0200020002000280024002E9
:10E5A3003002100200020002000200020002000218
:10E5B30000BDB500807C8045F84A1048A050404912
:10E5C300B04A4E444445F04540694853FC404040FE
:10E5D300404040CBB20008083C7FC0492448A84BC8
:10E5E300FE7A024D0449DE7A444D54489448BE797C
:10E5F300044A040004BCE420041BFE080440244F26
:10E60300F44824482448244FE44824482448244F09
:10E61300E4482440144008C3EB04200E207820086B
:10E623002008A8FEA608A21D201A2428242828486A
:10E63300108820084008800B00B7D60080048004AF
:10E643004008400820101020084FEE8424042004C2
:10E653002004200420082011402080D6D31020104D
:10E663002010201C2421FE21247D2491241124FD2B
:10E67300FC112410201420182010200020B7E700DC
:10E68300103FF8201028502450229022902110216E
:10E693001022902290245028503012400A8006C93C
:10E6A300C8020001083FFC200820083FF820002092
:10E6B300043F7E210429242514292451448514026E
:10E6C30008D7AA104010401048FDFC204028444BB6
:10E6D300FE7C80088009FC1C08E81048900860084C
:10E6E300200810CBD90040404437FE104007FC04FB
:10E6F30044F44417FC144410E01158124814402801
:10E703004647FC0000C9F901000104FFFE01007F38
:10E71300FC00083FFC210821083FF82008200020C6
:10E7230000400040008000B0B410401020100013DF
:10E73300FEFA02144410403FFED0881088110810DE
:10E743009010601050508C2304BCFC20102710390B
:10E753007C411482FE7A14247C2710F97C21102535
:10E763001422FE2A1035102896007CD0FD2080103C
:10E773008414FEFE80210022FE3C22242424A024B3
:10E78300A824BC24A044A055608A26041CB1E01030
:10E7930080104823FC22084A08FBF8120022044395
:10E7A300FEF6944A9403FC1A94E2944294020CCD2C
:10E7B300B310801040204827FC4880F91012082726
:10E7C300FC4124F920412001201A22E222441E08A0
:10E7D30000B6E00200020007F0082018402580027E
:10E7E300800C8071FC02080C10122021C001000E65
:10E7F300007000C4DC10801088249844A0FEC0027E
:10E80300847C84447C7C00448844987CA044C04439
:10E81300825482487EC8EB0400020001000100011B
:10E823000002800280028004400440082008201077
:10E83300102010400E8004CAB9104010441FFE205F
:10E843004027FC6444A444244427FC24442240215C
:10E853008020C02130260E2804C6F4010000841F46
:10E86300FE1004100410041FFC100010041FFE18F7
:10E87300042804280448048FFC0804B3E4020001BC
:10E88300000104FFFE0200044008201FF0045004AE
:10E89300400440044008420842103E6000C6E408B9
:10E8A3002008203FF8082008200FE0082008200F48
:10E8B300E008200824FFFE0000082018182008CBD9
:10E8C300FB08400840084010401248327C53C89E61
:10E8D3004812481268125012401242120211FE10DE
:10E8E30000D0C5088008440FFE1000100837FC5004
:10E8F30000900817FC100013F812081208120813EE
:10E90300F81208BAC500101FF81010101010101FCD
:10E91300F00004FFFE040008101FF80010001000B0
:10E923001000A00040BBD610801080108417FE5842
:10E933008055205120912412AC12701220142014FF
:10E94300501850108E1304B8B410081FFC20002F69
:10E95300F048108FF008100FF004000FF00C201295
:10E9630040218042400430380EB3F52000100010DF
:10E973000405FEFC440844104434445844944410B1
:10E983004410841084110412281410CABC104010BF
:10E993004010401080FC88250427FE2402240449EB
:10E9A300FE290411042904450485FC0104D6C33F50
:10E9B300F824483FF801007FFC01001FF010101FEE
:10E9C300F010101FF010101FF01014FFFE0000E3F2
:10E9D300D0200417FE40A440947FFC40845E845200
:10E9E30094525452645E4440547EB44114420440F1
:10E9F3000CD6B5084008480FFC1040104833FC52B1
:10EA03000893F8120813F8120813F8120812081FD3
:10EA1300FE1000B3A30100111009207FFE40028FF6
:10EA2300E408200FE001101FF8111011101110114C
:10EA33005001200100BFAA00087FFC08200820081D
:10EA43002008200824FFFE082008200820082010A2
:10EA530020102020204020B1D520041BFE080440B4
:10EA63008440A45FF44084418442844484488450B5
:10EA7300844084428441144008B9D8101008180413
:10EA83002004487FFC010001000104FFFE01000295
:10EA930080028004400830300EC004D6F702000123
:10EAA3000001087FFC01000100010001103FF80193
:10EAB300000100010001000104FFFE0000D2AA00D2
:10EAC300087FFC04403FF8244824483FF802000232
:10EAD30004FFFE042008200640018006603810D1A0
:10EAE300D30008001C7DE0042008201128213C7D70
:10EAF3002005200520492829FC1000280647FC8012
:10EB030000CFF20200040008047FFE400440244FBB
:10EB1300F448244824482448244FE448244004402B
:10EB2300144008B2A800404040304017FC0444841D
:10EB33004844400FF814082510E4A0244028A029D5
:10EB430010320E2404B7B4001000783F8020002058
:10EB5300003FF82408241022102220214020804165
:10EB6300404230840E1804B0EB0100210819180943
:10EB73002001003FF8010001000104FFFE01000134
:10EB8300000100010001000100BCAB100817FC11DB
:10EB9300081108FD101110313C39845588514892F1
:10EBA30050122012501488190E1204D0D4104010A1
:10EBB30040124012485BFC5440544098401050139C
:10EBC300F810401040104010441FFE1000CFD40036
:10EBD300101FF8101010101FF0101010101FF01459
:10EBE300504444344C145004400444FFFE0000B12C
:10EBF300ED010001087FFC01003FF801000104FF63
:10EC0300FE020005100CA03440C430050E060404B7
:10EC130000CDB7008000800880068022801880081D
:10EC2300800084FFFE0080010001600210040818C8
:10EC33000C6004D6B811001108111C11E0FD02117B
:10EC43000214FE180431FED104110411FC11041145
:10EC53000451FC2104C8A10100FF80220023FC3ED3
:10EC630004228422883E882248225022203E50E2F9
:10EC730048428E03040200B2BB0004FFFE00800082
:10EC83008001000100034005200918110C210441F3
:10EC9300000100010001000100CABE00103FF8009E
:10ECA30000000000000004FFFE010001000920191C
:10ECB30018210C4104010005000200B7E510801083
:10ECC3008010FC11885650542054DE572454F854B5
:10ECD3002055FC5C2065FC002000200020B9C808FA
:10ECE30040083010182108410002800440083030E9
:10ECF3000EC0041FF01010101010101FF01010C2DF
:10ED0300F608807C4048004BC4484C78504FE0489C
:10ED1300E0495079504A484A4E4C4448404940984B
:10ED230080B3E5004040402040204407FE144414D3
:10ED33004414442444E7FC24442040204020402041
:10ED4300402040BFED020001007FFE444284447F27
:10ED5300FC04501FF81010111011101190129004A0
:10ED6300820882707EC6B5100413FE54205E44519F
:10ED7300FE5504FF241124552455245524952408B5
:10ED8300201050208C4304C8DD020001007FFE40A8
:10ED9300028444093012900440082010102FEEC85A
:10EDA30024082008200FE00820D0A1010001000161
:10EDB3000001000100092009101110110821084168
:10EDC3000801000100010005000200B5C81040144D
:10EDD300483EFC4920051001003FF80100FFFE00FA
:10EDE3004000503FF80840044001400080B4FD0853
:10EDF30040084813FC20404840084417FE30105098
:10EE03001497FE101012101110111010501020CD75
:10EE1300E208400840084010401F40216021506232
:10EE23004892460A420440084010402040404000B7
:10EE330040D6DC00083FFC210821482FE8210821A7
:10EE4300283FF8204827E824482448244847C88412
:10EE5300280010C6DA2204227E22447F4422443E44
:10EE63007C22443E442244227CFFC40044244422A6
:10EE73008441148208D5BC02000200020803FC028C
:10EE830000020002103FF820102010201020102054
:10EE93001020103FF02010BFD5020001007FFE407C
:10EEA3000284440C301018200800003FF8010001D0
:10EEB3000001000104FFFE0000D6D00100010001A3
:10EEC300047FFE41044104410441047FFC410401E9
:10EED3000001000100010001000100CFA2020004B3
:10EEE300101FF8101010101FF010101FF01010104A
:10EEF300101FF002005184509290120FF0C6C1000F
:10EF0300083FFC200820083FF8222021482FFC223C
:10EF13002022243FFE22202220422084200820B1E8
:10EF2300B8040007F008201440238002800C6030EE
:10EF33001EDFF4111011101FF0111011101FF0102B
:10EF430010B9CC00047FFE410441245FF441044125
:10EF5300244FF44824482448244FE4482440047FA1
:10EF6300FC4004BCFE104010401240224823FC64C5
:10EF730040A440284020443FFE2040204020402021
:10EF83004020402040D3B20404FFFE10201024216F
:10EF9300FE25247F24A5FC2524252425FC24203DAF
:10EFA300A02460009E0304D2EC00103FF820102040
:10EFB300103FF0200420041FFC08200824FFFE0853
:10EFC300200820082010202020B5F7400427FE2425
:10EFD30044044405F4E444245427FC240425F42580
:10EFE300142D1435F4250408141008D5FB08407FAC
:10EFF30044087E7F8849487F501C202A50C88E3F92
:10F00300F8010009F009000904FFFE0000B8F81038
:10F0130040104020A020A04910FA0E140423F84009
:10F0230000F80843FC02081A08E20843F80208BD86
:10F03300BB020001000104FFFE08200810100C2889
:10F0430024444002800100028004400830300EC096
:10F0530004B1BB20201020102005FEFD220924113D
:10F0630020352059FC950411881250122014501891
:10F073008E1304D4B4000447FE3420142084446562
:10F08300FE25040DFC150425FCE42024A829A62A4A
:10F093002230A02040B2EE082004487FFC0100018A
:10F0A300103FF801000204FFFE0400082017F020BF
:10F0B30080408080881FFCB4F3010001000100013F
:10F0C300000104FFFE0100028002800240044004AC
:10F0D300200810100E60040000CDBA3E00410080ED
:10F0E30080804080408040862089204920489024A9
:10F0F300901450124809480529049ECDBE003C00D7
:10F1030042008100810101011102290249024A02E0
:10F11300920492051405240548FE480190CDC202CD
:10F12300E0010001000200020004000404080208D8
:10F133000C0800080004000400020001C0003FCDD9
:10F14300C300600010000800080004020405020761
:10F153000202020002900460040008001000E0FFB5
:10F1630000B4E602000204FFFE040008000BF810DE
:10F1730010102030445FFE904010401040104011AA
:10F18300401080CEB40100010001087FFC010001A2
:10F19300000104FFFE0380054009201110210E41E8
:10F1A3000401000100D3C300083FFC21082108210A
:10F1B300083FF82108210821083FF82108210821E8
:10F1C30008410841288010CAB5020001007FFE48AB
:10F1D300028684028010800C800484FFFE010001FB
:10F1E3004002200410180C6004B3D80040404032A1
:10F1F300401248827C63C82E48024812482248E2E3
:10F203006822502242220221FE2000D1AD101C1799
:10F21300E02420242447FE942025FC6504A504252E
:10F22300FC250425FC2904290431FC2104BBB71067
:10F2330000F80427FE202020202040F84020D02181
:10F243004C2246244220403840E04040400040C425
:10F25300AC01207FB049286B205D247FFE08207F0E
:10F263002008200F207820055055505488910E0215
:10F2730004C8CF004040403040104000400040F000
:10F28300A010A010A01110111015101A08120804D4
:10F29300060804C2EB0810FFF81010111021102506
:10F2A300103F106514A5FE2404242427F424043CF1
:10F2B3000424140008B9DC10401F7C289045080181
:10F2C300007FFE40029FF410101FF010001FF0108B
:10F2D3001010101FF01000B2CA01000E08F11849F7
:10F2E300202A402084080CFF1008201C401B0429FE
:10F2F3000C4810882008400880D4C6000000201F56
:10F30300F0000000000004FFFE02000200040004FD
:10F31300000800082010103FF80008D7D6020001AB
:10F32300003FFC200440081FE0004000800104FF70
:10F33300FE010001000100010005000200CBCE0226
:10F343000001007FFE4002810401000104FFFE036F
:10F353008005400930110E2104410001000100CC59
:10F36300E510801080108020882FFC62A0A2A024CA
:10F3730090249028882BEE308420802080208020C9
:10F3830080BAE84020304810FC02889FA864882493
:10F39300A80490148414FEE7043C2429F4200420D8
:10F3A300142008C3C904487FFC04407FFE40028F39
:10F3B300E400007FFC06103B3005C01AA0649018DF
:10F3C3008E62840100C4BB04487FFC04501FF81004
:10F3D300101FF010101FF00404FFFE11103FFED1A8
:10F3E30014115011200100C9E3000010002800137C
:10F3F300D0043008100800080008000800080008BE
:10F4030000041003E000000000B5CD1008103C1705
:10F41300C0244024406440A44427FE242024202404
:10F423002024902512264A242A2004C6A400000082
:10F43300000F3C0924092409240924092409240967
:10F443002409240924092439E700000000BBBB1068
:10F4530080108011F01220FC4813FC12481E483221
:10F4630048D2481FFE104010A01110520E2C040069
:10F473000000000000000000000000000000000089
:10F483000000183C3C3C1818180018180000000035
:10F493000066666624000000000000000000000013
:10F4A30000C0C01E31606060606060311E000030CB
:10F4B30078783000000000000030787830000000D9
:10F4C3000042A444080810102020444A840000008D
:10F4D3000000386C6C3876DCCCCCCC7600000000B5
:10F4E3000030303060000000000000000000000029
:10F4F3000000000000780C7CCCCCCC76000000002F
:10F503000000000000C6C6C6D6D6FE6C0000000090
:10F513000000000000663CFF3C66000000000000A5
:10F52300000018187E7E181800000000000000007C
:10F533000000000000000000000000303010200038
:10F54300000000007E7E00000000000000000000BC
:10F553000000000000000000000000303000000048
:10F56300000204040808101020204040800000001E
:10F573000038448282828282828282443800000080
:10F583000010305010101010101010107C000000EC
:10F59300003844828202040810204082FE000000EA
:10F5A3000038448202041804020282443800000036
:10F5B300000C0C14142424444484FE040E000000A4
:10F5C30000FE808080B8C40202028244380000003A
:10F5D300001820404080B8C4828282443800000072
:10F5E30000FE820204040408080810101000000042
:10F5F30000384482824438448282824438000000C6
:10F60300003844828282463A0204040870000000F3
:10F613000000000018180000001818000000000087
:10F623000000000018180000001818300000000047
:10F6330000000008183878F878381808000000002F
:10F64300000000000000FE0000FE000000000000BB
:10F6530000000010181C1E1F1E1C181000000000C4
:10F663000000000000ECFED6D6D6D6D6000000007F
:10F67300000000000000000000001824241800000F
:10F683000038081414142222227F4141C3000000D1
:10F6930000FC424141427C4241414142FC000000A6
:10F6A300003D438180808080808080413E00000057
:10F6B30000FC42414141414141414142FC000000C3
:10F6C30000FF414040427E4240404041FF00000075
:10F6D30000FF414040427E4240404040F000000075
:10F6E300003D43818080808F818181433D00000004
:10F6F30000E7424242427E4242424242E700000069
:10F70300007C101010101010101010107C0000005E
:10F71300000F0202020202028282824438000000C9
:10F7230000E742444850684444424242E700000034
:10F7330000E040404040404040404141FF00000065
:10F7430000C341636355554949414141C30000002A
:10F7530000C361615151494945454343E1000000FC
:10F76300003C428181818181818181423C00000092
:10F7730000FC42414141427C40404040F0000000D7
:10F78300003C428181818181818181423C314E00F3
:10F7930000FC42414141427C48444442E3000000B2
:10F7A300003D438180403C02010181C2BC00000056
:10F7B30000FE9210101010101010101038000000EE
:10F7C30000E3414141414141414141221C000000CC
:10F7D30000E3414122222214141408080800000007
:10F7E30000E34141412A2A2A2A1414141400000078
:10F7F30000C644442828101028284444C6000000AA
:10F8030000E3412222141408080808081C00000021
:10F8130000FF82040408081010202041FF000000AC
:10F823000000061E78E0781E86E0781E06000000C1
:10F8330000000080C0E070381C0E060200000000CB
:10F843000000006030180C060C1830600000000047
:10F853000042A4E4A8A81010262844428C0000000B
:10F8630000000000000000000000000000FF000096
:10F873000000000000000000307878300000000035
:10F8830000000000007C82023E4282867B00000072
:10F8930000C04040405C624141414162DC000000E5
:10F8A30000000000003D4381808080413E00000055
:10F8B30000060202023A4682828282463B00000030
:10F8C30000000000003C4281FF8080413E000000B8
:10F8D300001E2020207C2020202020207C000000EF
:10F8E30000000000003B46828282463A0204780010
:10F8F30000C04040405C624242424242E700000096
:10F903000010100000301010101010107C000000C8
:10F9130000040400007C04040404040404047800C8
:10F9230000C04040404F444850704844CF0000005E
:10F933000070101010101010101010107C00000038
:10F943000000000000D26D4949494949C90000003F
:10F953000000000000DC624242424242E700000035
:10F9630000000000003C4281818181423C00000094
:10F973000000000000DC6241414141625C40E00064
:10F9830000000000003B4682828282463A02070062
:10F993000000000000CC526040404040E000000006
:10F9A30000000000007D83807E0101C1BE000000D5
:10F9B3000000002020FE2020202020211E00000027
:10F9C3000000000000C64242424242463B000000A3
:10F9D3000000000000C341222214140808000000A4
:10F9E3000000000000C34141222A2A141400000031
:10F9F3000000000000C6442810102844C600000080
:10FA03000000000000C341222214140808107800EB
:10FA13000000000000FF820408102041FF000000E6
:10FA230000426642624267404060B0F060000000FE
:10FA3300001018101810181010182C3C1800000093
:10FA43000046694162446F404060B0F060000000CE
:10FA53000000000000007C7C0000000000000000AB
:10FA63000000003C4299BDBD99423C000000000EDD
:0BFA7300380E180E100E080E000000E8
:00000001FF
