/*******************************************************************************
 * Size: 20 px
 * Bpp: 8
 * Opts: --bpp 8 --size 20 --font E:/CharginStation3.0/UI/assets/SarasaMonoSC-Bold.ttf -o E:/CharginStation3.0/UI/assets\ui_font_ASCII20MONO.c --format lvgl -r 0x20-0x7f --symbols ℃系统设置无线配界面接口电压校准散热开关返回主页请连至点启动网清除已更新天气时间未流功率高级温控知小度同步隔°屏幕 --no-compress --no-prefilter
 ******************************************************************************/

#include "../ui.h"

#ifndef UI_FONT_ASCII20MONO
#define UI_FONT_ASCII20MONO 1
#endif

#if UI_FONT_ASCII20MONO

/*-----------------
 *    BITMAPS
 *----------------*/

/*Store the image of the glyphs*/
static LV_ATTRIBUTE_LARGE_CONST const uint8_t glyph_bitmap[] = {
    /* U+0020 " " */

    /* U+0021 "!" */
    0x20, 0xff, 0xff, 0x20, 0x20, 0xff, 0xff, 0x20,
    0x20, 0xff, 0xff, 0x20, 0x20, 0xff, 0xff, 0x20,
    0x20, 0xff, 0xff, 0x20, 0x20, 0xff, 0xff, 0x20,
    0x20, 0xff, 0xff, 0x20, 0x20, 0xff, 0xff, 0x20,
    0x20, 0xff, 0xff, 0x20, 0xd, 0x64, 0x64, 0xd,
    0x0, 0x0, 0x0, 0x0, 0x1d, 0x99, 0x99, 0x1d,
    0xa8, 0xff, 0xff, 0xa8, 0xb9, 0xff, 0xff, 0xb9,
    0x47, 0xea, 0xea, 0x45,

    /* U+0022 "\"" */
    0x30, 0xe0, 0xe0, 0x30, 0x30, 0xe0, 0xe0, 0x30,
    0x34, 0xff, 0xff, 0x34, 0x34, 0xff, 0xff, 0x34,
    0x31, 0xff, 0xff, 0x31, 0x31, 0xff, 0xff, 0x31,
    0x2e, 0xff, 0xff, 0x2e, 0x2e, 0xff, 0xff, 0x2e,
    0x26, 0xff, 0xff, 0x26, 0x26, 0xff, 0xff, 0x26,
    0x1d, 0xff, 0xff, 0x1d, 0x1d, 0xff, 0xff, 0x1d,
    0x14, 0xff, 0xff, 0x14, 0x14, 0xff, 0xff, 0x14,

    /* U+0023 "#" */
    0x0, 0x44, 0xff, 0xfc, 0x0, 0x0, 0xfc, 0xff,
    0x44, 0x0, 0x0, 0x44, 0xff, 0xfc, 0x0, 0x0,
    0xfc, 0xff, 0x44, 0x0, 0x0, 0x44, 0xff, 0xfc,
    0x0, 0x0, 0xfc, 0xff, 0x44, 0x0, 0x0, 0x44,
    0xff, 0xfc, 0x0, 0x0, 0xfc, 0xff, 0x44, 0x0,
    0xc8, 0xff, 0xff, 0xff, 0xff, 0xff, 0xff, 0xff,
    0xff, 0xc8, 0xc8, 0xff, 0xff, 0xff, 0xff, 0xff,
    0xff, 0xff, 0xff, 0xc8, 0x0, 0x44, 0xff, 0xfc,
    0x0, 0x0, 0xfc, 0xff, 0x44, 0x0, 0x0, 0x44,
    0xff, 0xfc, 0x0, 0x0, 0xfc, 0xff, 0x44, 0x0,
    0x0, 0x44, 0xff, 0xfc, 0x0, 0x0, 0xfc, 0xff,
    0x44, 0x0, 0x0, 0x44, 0xff, 0xfc, 0x0, 0x0,
    0xfc, 0xff, 0x44, 0x0, 0xc8, 0xff, 0xff, 0xff,
    0xff, 0xff, 0xff, 0xff, 0xff, 0xc8, 0xc8, 0xff,
    0xff, 0xff, 0xff, 0xff, 0xff, 0xff, 0xff, 0xc8,
    0x0, 0x44, 0xff, 0xfc, 0x0, 0x0, 0xfc, 0xff,
    0x44, 0x0, 0x0, 0x44, 0xff, 0xfc, 0x0, 0x0,
    0xfc, 0xff, 0x44, 0x0, 0x0, 0x44, 0xff, 0xfc,
    0x0, 0x0, 0xfc, 0xff, 0x44, 0x0,

    /* U+0024 "$" */
    0x0, 0x0, 0x0, 0x3, 0xcc, 0xcc, 0x3, 0x0,
    0x0, 0x0, 0x0, 0x0, 0x4, 0xff, 0xff, 0x4,
    0x0, 0x0, 0x0, 0x0, 0x0, 0x4, 0xff, 0xff,
    0x4, 0x0, 0x0, 0x0, 0x0, 0x34, 0xb6, 0xff,
    0xff, 0xb4, 0x31, 0x0, 0x0, 0x2b, 0xf6, 0xff,
    0xff, 0xff, 0xff, 0xf4, 0x28, 0x0, 0x9e, 0xff,
    0xd3, 0xb3, 0xb3, 0xdb, 0xff, 0x9f, 0x0, 0xcc,
    0xff, 0x71, 0x98, 0x98, 0x71, 0xff, 0xd3, 0x0,
    0xb7, 0xff, 0x9f, 0x98, 0x98, 0xe, 0x28, 0x22,
    0x0, 0x5d, 0xff, 0xfe, 0xe1, 0x98, 0x0, 0x0,
    0x0, 0x0, 0x1, 0xad, 0xff, 0xff, 0xe7, 0x5c,
    0x0, 0x0, 0x0, 0x0, 0x4, 0x7d, 0xf6, 0xff,
    0xff, 0x9b, 0x1, 0x0, 0x0, 0x0, 0x0, 0x98,
    0xea, 0xff, 0xff, 0x65, 0x0, 0x0, 0x0, 0x0,
    0x98, 0x98, 0x92, 0xff, 0xd5, 0x2, 0xed, 0xf0,
    0x3b, 0x98, 0x98, 0x44, 0xff, 0xf8, 0x0, 0xd5,
    0xff, 0x9f, 0x99, 0x99, 0x96, 0xff, 0xda, 0x0,
    0x65, 0xff, 0xff, 0xfc, 0xfc, 0xff, 0xff, 0x6c,
    0x0, 0x0, 0x70, 0xed, 0xff, 0xff, 0xee, 0x78,
    0x1, 0x0, 0x0, 0x0, 0x7, 0xff, 0xff, 0x7,
    0x0, 0x0, 0x0, 0x0, 0x0, 0x4, 0xff, 0xff,
    0x4, 0x0, 0x0, 0x0, 0x0, 0x0, 0x4, 0xff,
    0xff, 0x4, 0x0, 0x0,

    /* U+0025 "%" */
    0xf, 0xb4, 0xf8, 0xea, 0x6a, 0x0, 0x3, 0xf4,
    0xff, 0x46, 0x76, 0xff, 0xbe, 0xe7, 0xfb, 0x10,
    0x2e, 0xff, 0xf2, 0x6, 0x94, 0xff, 0x35, 0x99,
    0xff, 0x28, 0x64, 0xff, 0xaa, 0x0, 0x94, 0xff,
    0x34, 0x98, 0xff, 0x28, 0x9a, 0xff, 0x5b, 0x0,
    0x94, 0xff, 0x34, 0x98, 0xff, 0x28, 0xd0, 0xfc,
    0x12, 0x0, 0x90, 0xff, 0x48, 0xab, 0xff, 0x2e,
    0xfd, 0xc1, 0x0, 0x0, 0x4c, 0xff, 0xff, 0xff,
    0xde, 0x1a, 0x7c, 0x41, 0x0, 0x0, 0x0, 0x49,
    0x8d, 0x7f, 0x1c, 0x64, 0xe8, 0xf8, 0xb0, 0xd,
    0x0, 0x0, 0x43, 0x80, 0x25, 0xfa, 0xe7, 0xbf,
    0xff, 0x71, 0x0, 0x0, 0xc2, 0xfb, 0x31, 0xff,
    0x99, 0x35, 0xff, 0x93, 0x0, 0x12, 0xfd, 0xd0,
    0x28, 0xff, 0x98, 0x34, 0xff, 0x94, 0x0, 0x5d,
    0xff, 0x99, 0x28, 0xff, 0x98, 0x34, 0xff, 0x94,
    0x0, 0xaa, 0xff, 0x64, 0x27, 0xff, 0x9a, 0x35,
    0xff, 0x93, 0x6, 0xf3, 0xff, 0x2e, 0xd, 0xf8,
    0xe9, 0xc2, 0xff, 0x70, 0x46, 0xff, 0xf4, 0x3,
    0x0, 0x60, 0xe8, 0xf8, 0xae, 0xb,

    /* U+0026 "&" */
    0x0, 0x39, 0xc6, 0xf9, 0xe6, 0x81, 0x2, 0x0,
    0x0, 0x11, 0xee, 0xff, 0xff, 0xff, 0xff, 0x70,
    0x0, 0x0, 0x59, 0xff, 0xf3, 0x1e, 0x9f, 0xff,
    0xc9, 0x0, 0x0, 0x6b, 0xff, 0xce, 0x0, 0x62,
    0xff, 0xd9, 0x0, 0x0, 0x3c, 0xff, 0xf0, 0x6,
    0x8f, 0xff, 0xaa, 0x0, 0x0, 0x1, 0xd0, 0xff,
    0x8e, 0xf6, 0xfe, 0x38, 0x0, 0x0, 0x0, 0x4b,
    0xff, 0xff, 0xff, 0x71, 0x0, 0x0, 0x0, 0x0,
    0xa2, 0xff, 0xff, 0xd8, 0x2, 0x0, 0x0, 0x0,
    0x5b, 0xff, 0xfc, 0xf8, 0xff, 0x5e, 0x77, 0xe4,
    0x91, 0xc5, 0xff, 0x93, 0x87, 0xff, 0xe3, 0xe0,
    0xff, 0x48, 0xf5, 0xff, 0x46, 0x10, 0xee, 0xff,
    0xff, 0xe8, 0x3, 0xf0, 0xff, 0x51, 0x0, 0x73,
    0xff, 0xff, 0x8c, 0x0, 0xbd, 0xff, 0xbf, 0xd,
    0x4c, 0xff, 0xff, 0x88, 0x0, 0x4c, 0xff, 0xff,
    0xfe, 0xff, 0xe8, 0xff, 0xf4, 0x16, 0x0, 0x67,
    0xe3, 0xfe, 0xc0, 0x1d, 0xde, 0xff, 0x8f,

    /* U+0027 "'" */
    0x30, 0xe0, 0xe0, 0x30, 0x34, 0xff, 0xff, 0x34,
    0x31, 0xff, 0xff, 0x31, 0x2e, 0xff, 0xff, 0x2e,
    0x26, 0xff, 0xff, 0x26, 0x1d, 0xff, 0xff, 0x1d,
    0x14, 0xff, 0xff, 0x14,

    /* U+0028 "(" */
    0x0, 0x0, 0x0, 0x0, 0x16, 0x33, 0x0, 0x0,
    0x0, 0x0, 0x38, 0xe8, 0xe1, 0xb, 0x0, 0x0,
    0x33, 0xf2, 0xff, 0xd2, 0x1e, 0x0, 0xb, 0xde,
    0xff, 0xca, 0xe, 0x0, 0x0, 0x82, 0xff, 0xf0,
    0x1c, 0x0, 0x0, 0x8, 0xee, 0xff, 0x74, 0x0,
    0x0, 0x0, 0x51, 0xff, 0xf7, 0xf, 0x0, 0x0,
    0x0, 0x92, 0xff, 0xba, 0x0, 0x0, 0x0, 0x0,
    0xbf, 0xff, 0x89, 0x0, 0x0, 0x0, 0x0, 0xd9,
    0xff, 0x6a, 0x0, 0x0, 0x0, 0x0, 0xe6, 0xff,
    0x5c, 0x0, 0x0, 0x0, 0x0, 0xe4, 0xff, 0x5d,
    0x0, 0x0, 0x0, 0x0, 0xd5, 0xff, 0x6e, 0x0,
    0x0, 0x0, 0x0, 0xb9, 0xff, 0x8f, 0x0, 0x0,
    0x0, 0x0, 0x8a, 0xff, 0xc5, 0x0, 0x0, 0x0,
    0x0, 0x42, 0xff, 0xfd, 0x1a, 0x0, 0x0, 0x0,
    0x3, 0xe3, 0xff, 0x8b, 0x0, 0x0, 0x0, 0x0,
    0x6e, 0xff, 0xfa, 0x2f, 0x0, 0x0, 0x0, 0x4,
    0xca, 0xff, 0xe0, 0x1f, 0x0, 0x0, 0x0, 0x1d,
    0xe2, 0xff, 0xe9, 0x24, 0x0, 0x0, 0x0, 0x1f,
    0xd1, 0xd0, 0x4, 0x0, 0x0, 0x0, 0x0, 0x6,
    0x1e, 0x0,

    /* U+0029 ")" */
    0x0, 0x33, 0x14, 0x0, 0x0, 0x0, 0x0, 0xb,
    0xe1, 0xe8, 0x36, 0x0, 0x0, 0x0, 0x1c, 0xca,
    0xff, 0xf2, 0x30, 0x0, 0x0, 0x0, 0xb, 0xca,
    0xff, 0xdd, 0xc, 0x0, 0x0, 0x0, 0x1c, 0xf0,
    0xff, 0x81, 0x0, 0x0, 0x0, 0x0, 0x78, 0xff,
    0xed, 0x9, 0x0, 0x0, 0x0, 0x12, 0xf9, 0xff,
    0x4e, 0x0, 0x0, 0x0, 0x0, 0xbb, 0xff, 0x90,
    0x0, 0x0, 0x0, 0x0, 0x87, 0xff, 0xbf, 0x0,
    0x0, 0x0, 0x0, 0x67, 0xff, 0xdc, 0x0, 0x0,
    0x0, 0x0, 0x5a, 0xff, 0xe8, 0x0, 0x0, 0x0,
    0x0, 0x59, 0xff, 0xe2, 0x0, 0x0, 0x0, 0x0,
    0x69, 0xff, 0xd2, 0x0, 0x0, 0x0, 0x0, 0x8e,
    0xff, 0xb8, 0x0, 0x0, 0x0, 0x0, 0xc5, 0xff,
    0x89, 0x0, 0x0, 0x0, 0x1c, 0xfe, 0xff, 0x40,
    0x0, 0x0, 0x0, 0x8b, 0xff, 0xe1, 0x2, 0x0,
    0x0, 0x2f, 0xfa, 0xff, 0x6b, 0x0, 0x0, 0x1e,
    0xe0, 0xff, 0xca, 0x4, 0x0, 0x24, 0xea, 0xff,
    0xe4, 0x1c, 0x0, 0x0, 0x4, 0xd0, 0xd4, 0x21,
    0x0, 0x0, 0x0, 0x0, 0x1e, 0x8, 0x0, 0x0,
    0x0, 0x0,

    /* U+002A "*" */
    0x0, 0x0, 0x0, 0x1a, 0xff, 0xff, 0x1a, 0x0,
    0x0, 0x0, 0x0, 0x0, 0x0, 0xa, 0xff, 0xff,
    0xa, 0x0, 0x0, 0x0, 0x0, 0xad, 0x7d, 0x1c,
    0xfd, 0xfd, 0x1c, 0x7d, 0xad, 0x0, 0x2b, 0xff,
    0xff, 0xfc, 0xff, 0xff, 0xfc, 0xff, 0xff, 0x2b,
    0x3, 0x3a, 0x82, 0xdd, 0xff, 0xff, 0xdc, 0x82,
    0x3a, 0x3, 0x0, 0x0, 0x13, 0xe2, 0xff, 0xff,
    0xe1, 0x13, 0x0, 0x0, 0x0, 0x2, 0xb9, 0xff,
    0xb0, 0xb0, 0xff, 0xb9, 0x2, 0x0, 0x0, 0x20,
    0xdc, 0xf3, 0x1d, 0x1d, 0xf3, 0xdc, 0x20, 0x0,
    0x0, 0x0, 0xa, 0x3c, 0x0, 0x0, 0x3c, 0xa,
    0x0, 0x0,

    /* U+002B "+" */
    0x0, 0x0, 0x20, 0xff, 0xff, 0x20, 0x0, 0x0,
    0x0, 0x0, 0x20, 0xff, 0xff, 0x20, 0x0, 0x0,
    0x0, 0x0, 0x20, 0xff, 0xff, 0x20, 0x0, 0x0,
    0xd0, 0xff, 0xff, 0xff, 0xff, 0xff, 0xff, 0xd0,
    0xd0, 0xff, 0xff, 0xff, 0xff, 0xff, 0xff, 0xd0,
    0x0, 0x0, 0x20, 0xff, 0xff, 0x20, 0x0, 0x0,
    0x0, 0x0, 0x20, 0xff, 0xff, 0x20, 0x0, 0x0,
    0x0, 0x0, 0x20, 0xff, 0xff, 0x20, 0x0, 0x0,
    0x0, 0x0, 0x9, 0x48, 0x48, 0x9, 0x0, 0x0,

    /* U+002C "," */
    0x0, 0x0, 0x5, 0x5, 0x0, 0x0, 0x66, 0xf7,
    0xf7, 0x66, 0x0, 0xe2, 0xff, 0xff, 0xdf, 0x0,
    0xde, 0xff, 0xff, 0xe8, 0x0, 0x58, 0xed, 0xff,
    0xc2, 0x0, 0x0, 0x50, 0xff, 0x7a, 0x0, 0x16,
    0xe4, 0xf6, 0x17, 0x12, 0xcb, 0xff, 0x7d, 0x0,
    0xb, 0xbb, 0xc2, 0x5, 0x0, 0x0, 0x7, 0x11,
    0x0, 0x0,

    /* U+002D "-" */
    0xd0, 0xff, 0xff, 0xff, 0xff, 0xff, 0xff, 0xd0,
    0xd0, 0xff, 0xff, 0xff, 0xff, 0xff, 0xff, 0xd0,

    /* U+002E "." */
    0x0, 0x5, 0x5, 0x0, 0x66, 0xf7, 0xf7, 0x66,
    0xe2, 0xff, 0xff, 0xe2, 0xdf, 0xff, 0xff, 0xdf,
    0x5c, 0xec, 0xec, 0x5c,

    /* U+002F "/" */
    0x0, 0x0, 0x0, 0x0, 0x0, 0x6c, 0xff, 0xdc,
    0x0, 0x0, 0x0, 0x0, 0x0, 0xb5, 0xff, 0x92,
    0x0, 0x0, 0x0, 0x0, 0x9, 0xf7, 0xff, 0x49,
    0x0, 0x0, 0x0, 0x0, 0x47, 0xff, 0xf7, 0x9,
    0x0, 0x0, 0x0, 0x0, 0x92, 0xff, 0xb6, 0x0,
    0x0, 0x0, 0x0, 0x0, 0xda, 0xff, 0x6d, 0x0,
    0x0, 0x0, 0x0, 0x23, 0xff, 0xff, 0x24, 0x0,
    0x0, 0x0, 0x0, 0x6d, 0xff, 0xdb, 0x0, 0x0,
    0x0, 0x0, 0x0, 0xb6, 0xff, 0x92, 0x0, 0x0,
    0x0, 0x0, 0x9, 0xf7, 0xff, 0x48, 0x0, 0x0,
    0x0, 0x0, 0x48, 0xff, 0xf7, 0x9, 0x0, 0x0,
    0x0, 0x0, 0x92, 0xff, 0xb5, 0x0, 0x0, 0x0,
    0x0, 0x0, 0xdc, 0xff, 0x6d, 0x0, 0x0, 0x0,
    0x0, 0x24, 0xff, 0xff, 0x23, 0x0, 0x0, 0x0,
    0x0, 0x6e, 0xff, 0xd9, 0x0, 0x0, 0x0, 0x0,
    0x0, 0xb7, 0xff, 0x91, 0x0, 0x0, 0x0, 0x0,
    0x9, 0xf7, 0xff, 0x47, 0x0, 0x0, 0x0, 0x0,
    0x49, 0xff, 0xf6, 0x9, 0x0, 0x0, 0x0, 0x0,
    0x92, 0xff, 0xb5, 0x0, 0x0, 0x0, 0x0, 0x0,
    0xdc, 0xff, 0x6c, 0x0, 0x0, 0x0, 0x0, 0x0,

    /* U+0030 "0" */
    0x0, 0x48, 0xc9, 0xf9, 0xf9, 0xc9, 0x48, 0x0,
    0x41, 0xfd, 0xff, 0xff, 0xff, 0xff, 0xfd, 0x41,
    0xbc, 0xff, 0xc9, 0x1c, 0x1c, 0xc9, 0xff, 0xbc,
    0xf0, 0xff, 0x51, 0x0, 0x0, 0x51, 0xff, 0xf0,
    0xfc, 0xff, 0x3c, 0x0, 0x0, 0x3c, 0xff, 0xfc,
    0xfc, 0xff, 0x3c, 0x0, 0x8, 0xa1, 0xff, 0xfc,
    0xfc, 0xff, 0x3c, 0x21, 0xcc, 0xff, 0xff, 0xfc,
    0xfc, 0xff, 0x85, 0xee, 0xee, 0x85, 0xff, 0xfc,
    0xfc, 0xff, 0xff, 0xcd, 0x21, 0x3c, 0xff, 0xfc,
    0xfc, 0xff, 0xa1, 0x8, 0x0, 0x3c, 0xff, 0xfc,
    0xfc, 0xff, 0x3c, 0x0, 0x0, 0x3c, 0xff, 0xfc,
    0xf0, 0xff, 0x53, 0x0, 0x0, 0x53, 0xff, 0xef,
    0xbc, 0xff, 0xc9, 0x1c, 0x1c, 0xc9, 0xff, 0xbc,
    0x40, 0xfc, 0xff, 0xff, 0xff, 0xff, 0xfc, 0x40,
    0x0, 0x47, 0xc7, 0xf9, 0xf9, 0xc7, 0x47, 0x0,

    /* U+0031 "1" */
    0x0, 0x0, 0x2b, 0xe5, 0xff, 0xb8, 0x0, 0x37,
    0xed, 0xff, 0xff, 0xb8, 0x46, 0xf5, 0xf3, 0xbe,
    0xff, 0xb8, 0x86, 0xea, 0x34, 0x84, 0xff, 0xb8,
    0x0, 0x15, 0x0, 0x84, 0xff, 0xb8, 0x0, 0x0,
    0x0, 0x84, 0xff, 0xb8, 0x0, 0x0, 0x0, 0x84,
    0xff, 0xb8, 0x0, 0x0, 0x0, 0x84, 0xff, 0xb8,
    0x0, 0x0, 0x0, 0x84, 0xff, 0xb8, 0x0, 0x0,
    0x0, 0x84, 0xff, 0xb8, 0x0, 0x0, 0x0, 0x84,
    0xff, 0xb8, 0x0, 0x0, 0x0, 0x84, 0xff, 0xb8,
    0x0, 0x0, 0x0, 0x84, 0xff, 0xb8, 0x0, 0x0,
    0x0, 0x84, 0xff, 0xb8, 0x0, 0x0, 0x0, 0x84,
    0xff, 0xb8,

    /* U+0032 "2" */
    0x0, 0x3c, 0xc2, 0xf7, 0xf8, 0xc3, 0x3e, 0x0,
    0x2e, 0xf8, 0xff, 0xff, 0xff, 0xff, 0xf9, 0x31,
    0xa4, 0xff, 0xd6, 0x1f, 0x1b, 0xd5, 0xff, 0xa8,
    0xd5, 0xff, 0x6e, 0x0, 0x0, 0x6b, 0xff, 0xdb,
    0x0, 0x0, 0x0, 0x0, 0x0, 0x56, 0xff, 0xe2,
    0x0, 0x0, 0x0, 0x0, 0x0, 0x8d, 0xff, 0xba,
    0x0, 0x0, 0x0, 0x0, 0x2e, 0xf5, 0xff, 0x59,
    0x0, 0x0, 0x0, 0x47, 0xee, 0xff, 0xa8, 0x0,
    0x0, 0x0, 0x65, 0xfd, 0xff, 0xa0, 0x4, 0x0,
    0x0, 0x4a, 0xfe, 0xff, 0x8b, 0x1, 0x0, 0x0,
    0xb, 0xe6, 0xff, 0xa5, 0x0, 0x0, 0x0, 0x0,
    0x63, 0xff, 0xf5, 0x14, 0x0, 0x0, 0x0, 0x0,
    0xa4, 0xff, 0xaa, 0x0, 0x0, 0x0, 0x0, 0x0,
    0xc3, 0xff, 0xff, 0xff, 0xff, 0xff, 0xff, 0xd0,
    0xce, 0xff, 0xff, 0xff, 0xff, 0xff, 0xff, 0xd0,

    /* U+0033 "3" */
    0x0, 0x0, 0x34, 0xbd, 0xf6, 0xf9, 0xc7, 0x42,
    0x0, 0x0, 0x0, 0x21, 0xf3, 0xff, 0xff, 0xff,
    0xff, 0xfb, 0x35, 0x0, 0x0, 0x87, 0xff, 0xe2,
    0x25, 0x1c, 0xd1, 0xff, 0xa4, 0x0, 0x0, 0x8c,
    0xcc, 0x73, 0x0, 0x0, 0x73, 0xff, 0xcb, 0x0,
    0x0, 0x0, 0x0, 0x0, 0x0, 0x0, 0x81, 0xff,
    0xbb, 0x0, 0x0, 0x0, 0x0, 0x0, 0x3, 0x3c,
    0xea, 0xff, 0x61, 0x0, 0x0, 0x0, 0x0, 0x0,
    0xc4, 0xff, 0xff, 0x90, 0x1, 0x0, 0x0, 0x0,
    0x0, 0x0, 0xc4, 0xff, 0xff, 0xad, 0x7, 0x0,
    0x0, 0x0, 0x0, 0x0, 0x6, 0x3a, 0xdf, 0xff,
    0x8d, 0x0, 0x0, 0x0, 0x0, 0x0, 0x0, 0x0,
    0x4c, 0xff, 0xf3, 0x5, 0x0, 0x8, 0x8, 0x2,
    0x0, 0x0, 0x19, 0xff, 0xff, 0x20, 0x1, 0xfa,
    0xff, 0x45, 0x0, 0x0, 0x32, 0xff, 0xff, 0x13,
    0x0, 0xc2, 0xff, 0xc0, 0x1a, 0x17, 0xba, 0xff,
    0xd3, 0x0, 0x0, 0x40, 0xfc, 0xff, 0xff, 0xff,
    0xff, 0xfe, 0x4d, 0x0, 0x0, 0x0, 0x43, 0xc2,
    0xf7, 0xf9, 0xc9, 0x4c, 0x0, 0x0,

    /* U+0034 "4" */
    0x0, 0x0, 0x0, 0x3a, 0xff, 0xff, 0xbc, 0x0,
    0x0, 0x0, 0x0, 0xaa, 0xff, 0xff, 0xbc, 0x0,
    0x0, 0x0, 0x1f, 0xfc, 0xff, 0xff, 0xbc, 0x0,
    0x0, 0x0, 0x8d, 0xff, 0xfe, 0xff, 0xbc, 0x0,
    0x0, 0xd, 0xf1, 0xff, 0xb3, 0xff, 0xbc, 0x0,
    0x0, 0x6e, 0xff, 0xc6, 0x7c, 0xff, 0xbc, 0x0,
    0x3, 0xdc, 0xff, 0x56, 0x7c, 0xff, 0xbc, 0x0,
    0x50, 0xff, 0xe1, 0x4, 0x7c, 0xff, 0xbc, 0x0,
    0xc2, 0xff, 0x73, 0x0, 0x7c, 0xff, 0xbc, 0x0,
    0xfc, 0xff, 0xfa, 0xf8, 0xfc, 0xff, 0xfe, 0xca,
    0xfc, 0xff, 0xff, 0xff, 0xff, 0xff, 0xff, 0xd0,
    0x0, 0x0, 0x0, 0x0, 0x7c, 0xff, 0xbc, 0x0,
    0x0, 0x0, 0x0, 0x0, 0x7c, 0xff, 0xbc, 0x0,
    0x0, 0x0, 0x0, 0x0, 0x7c, 0xff, 0xbc, 0x0,
    0x0, 0x0, 0x0, 0x0, 0x7c, 0xff, 0xbc, 0x0,

    /* U+0035 "5" */
    0xa8, 0xff, 0xff, 0xff, 0xff, 0xff, 0xff, 0x70,
    0xa8, 0xff, 0xff, 0xff, 0xff, 0xff, 0xff, 0x70,
    0xa8, 0xff, 0x90, 0x0, 0x0, 0x0, 0x0, 0x0,
    0xa8, 0xff, 0x90, 0x0, 0x0, 0x0, 0x0, 0x0,
    0xa8, 0xff, 0x90, 0x0, 0x0, 0x0, 0x0, 0x0,
    0xa8, 0xff, 0xef, 0xf6, 0xf8, 0xc1, 0x34, 0x0,
    0xa8, 0xff, 0xff, 0xff, 0xff, 0xff, 0xf3, 0x23,
    0xa8, 0xff, 0xda, 0x1f, 0x1b, 0xda, 0xff, 0x99,
    0x3a, 0x58, 0x34, 0x0, 0x0, 0x6e, 0xff, 0xdd,
    0x0, 0x0, 0x0, 0x0, 0x0, 0x43, 0xff, 0xf7,
    0x0, 0x0, 0x0, 0x0, 0x0, 0x43, 0xff, 0xf7,
    0xaa, 0xd4, 0x61, 0x0, 0x0, 0x6f, 0xff, 0xdc,
    0x97, 0xff, 0xd8, 0x22, 0x20, 0xdd, 0xff, 0x96,
    0x24, 0xf3, 0xff, 0xff, 0xff, 0xff, 0xf0, 0x1f,
    0x0, 0x31, 0xbd, 0xf7, 0xf6, 0xba, 0x2e, 0x0,

    /* U+0036 "6" */
    0x0, 0x0, 0x0, 0x9a, 0xff, 0xd4, 0x1, 0x0,
    0x0, 0x0, 0x1b, 0xfa, 0xff, 0x5d, 0x0, 0x0,
    0x0, 0x0, 0x8f, 0xff, 0xe1, 0x5, 0x0, 0x0,
    0x0, 0x13, 0xf5, 0xff, 0x6f, 0x0, 0x0, 0x0,
    0x0, 0x7f, 0xff, 0xed, 0xb, 0x0, 0x0, 0x0,
    0x7, 0xea, 0xff, 0x87, 0x36, 0x2f, 0x1, 0x0,
    0x52, 0xff, 0xff, 0xea, 0xff, 0xff, 0xbc, 0x9,
    0x9d, 0xff, 0xff, 0xd7, 0xd9, 0xff, 0xff, 0x78,
    0xd5, 0xff, 0xb4, 0x1, 0x2, 0xb0, 0xff, 0xc9,
    0xf2, 0xff, 0x56, 0x0, 0x0, 0x53, 0xff, 0xee,
    0xf9, 0xff, 0x40, 0x0, 0x0, 0x40, 0xff, 0xf9,
    0xe1, 0xff, 0x63, 0x0, 0x0, 0x63, 0xff, 0xe3,
    0x9f, 0xff, 0xd6, 0x1e, 0x1e, 0xd6, 0xff, 0xa4,
    0x25, 0xf3, 0xff, 0xff, 0xff, 0xff, 0xf4, 0x28,
    0x0, 0x31, 0xbe, 0xf7, 0xf7, 0xbf, 0x34, 0x0,

    /* U+0037 "7" */
    0xd0, 0xff, 0xff, 0xff, 0xff, 0xff, 0xff, 0xd0,
    0xd0, 0xff, 0xff, 0xff, 0xff, 0xff, 0xff, 0xd0,
    0x0, 0x0, 0x0, 0x0, 0x0, 0xa1, 0xff, 0xab,
    0x0, 0x0, 0x0, 0x0, 0x2, 0xeb, 0xff, 0x5f,
    0x0, 0x0, 0x0, 0x0, 0x39, 0xff, 0xfe, 0x16,
    0x0, 0x0, 0x0, 0x0, 0x83, 0xff, 0xc9, 0x0,
    0x0, 0x0, 0x0, 0x0, 0xce, 0xff, 0x7e, 0x0,
    0x0, 0x0, 0x0, 0x1a, 0xff, 0xff, 0x33, 0x0,
    0x0, 0x0, 0x0, 0x64, 0xff, 0xe7, 0x1, 0x0,
    0x0, 0x0, 0x0, 0xaf, 0xff, 0x9e, 0x0, 0x0,
    0x0, 0x0, 0x7, 0xf4, 0xff, 0x51, 0x0, 0x0,
    0x0, 0x0, 0x45, 0xff, 0xfa, 0xd, 0x0, 0x0,
    0x0, 0x0, 0x90, 0xff, 0xbc, 0x0, 0x0, 0x0,
    0x0, 0x0, 0xdb, 0xff, 0x70, 0x0, 0x0, 0x0,
    0x0, 0x27, 0xff, 0xff, 0x26, 0x0, 0x0, 0x0,

    /* U+0038 "8" */
    0x0, 0x2e, 0xbc, 0xf7, 0xf7, 0xbc, 0x2e, 0x0,
    0x1c, 0xee, 0xff, 0xff, 0xff, 0xff, 0xee, 0x1c,
    0x7e, 0xff, 0xe7, 0x26, 0x26, 0xe7, 0xff, 0x7e,
    0xa5, 0xff, 0x99, 0x0, 0x0, 0x99, 0xff, 0xa5,
    0x97, 0xff, 0xa4, 0x0, 0x0, 0xa4, 0xff, 0x97,
    0x4d, 0xff, 0xf0, 0x2a, 0x2a, 0xf0, 0xff, 0x4d,
    0x0, 0x94, 0xff, 0xff, 0xff, 0xff, 0x94, 0x0,
    0x4, 0xa8, 0xff, 0xff, 0xff, 0xff, 0xa8, 0x4,
    0x76, 0xff, 0xdc, 0x23, 0x23, 0xdc, 0xff, 0x75,
    0xd5, 0xff, 0x6a, 0x0, 0x0, 0x6d, 0xff, 0xd5,
    0xf9, 0xff, 0x41, 0x0, 0x0, 0x41, 0xff, 0xf9,
    0xee, 0xff, 0x58, 0x0, 0x0, 0x59, 0xff, 0xee,
    0xb1, 0xff, 0xd0, 0x1e, 0x1e, 0xd1, 0xff, 0xb1,
    0x31, 0xf7, 0xff, 0xff, 0xff, 0xff, 0xf7, 0x31,
    0x0, 0x36, 0xbd, 0xf7, 0xf7, 0xbd, 0x36, 0x0,

    /* U+0039 "9" */
    0x0, 0x37, 0xc1, 0xf7, 0xf7, 0xbf, 0x34, 0x0,
    0x28, 0xf5, 0xff, 0xff, 0xff, 0xff, 0xf3, 0x27,
    0xa4, 0xff, 0xd4, 0x1e, 0x1e, 0xd4, 0xff, 0x9f,
    0xe3, 0xff, 0x63, 0x0, 0x0, 0x63, 0xff, 0xe1,
    0xf9, 0xff, 0x40, 0x0, 0x0, 0x40, 0xff, 0xf9,
    0xef, 0xff, 0x53, 0x0, 0x0, 0x56, 0xff, 0xf1,
    0xc9, 0xff, 0xb0, 0x2, 0x1, 0xb4, 0xff, 0xd5,
    0x78, 0xff, 0xff, 0xd9, 0xd7, 0xff, 0xff, 0x9d,
    0x9, 0xbc, 0xff, 0xff, 0xeb, 0xff, 0xff, 0x51,
    0x0, 0x1, 0x2f, 0x36, 0x87, 0xff, 0xea, 0x6,
    0x0, 0x0, 0x0, 0xb, 0xed, 0xff, 0x7d, 0x0,
    0x0, 0x0, 0x0, 0x6f, 0xff, 0xf4, 0x13, 0x0,
    0x0, 0x0, 0x5, 0xe1, 0xff, 0x8d, 0x0, 0x0,
    0x0, 0x0, 0x5d, 0xff, 0xf8, 0x1a, 0x0, 0x0,
    0x0, 0x1, 0xd4, 0xff, 0x9a, 0x0, 0x0, 0x0,

    /* U+003A ":" */
    0x5c, 0xec, 0xec, 0x5c, 0xdf, 0xff, 0xff, 0xdf,
    0xe2, 0xff, 0xff, 0xe2, 0x67, 0xf7, 0xf7, 0x66,
    0x0, 0x5, 0x5, 0x0, 0x0, 0x0, 0x0, 0x0,
    0x0, 0x5, 0x5, 0x0, 0x66, 0xf7, 0xf7, 0x66,
    0xe2, 0xff, 0xff, 0xe2, 0xdf, 0xff, 0xff, 0xdf,
    0x5c, 0xec, 0xec, 0x5c,

    /* U+003B ";" */
    0x0, 0x5c, 0xec, 0xec, 0x5c, 0x0, 0xdf, 0xff,
    0xff, 0xdf, 0x0, 0xe2, 0xff, 0xff, 0xe2, 0x0,
    0x67, 0xf7, 0xf7, 0x66, 0x0, 0x0, 0x5, 0x5,
    0x0, 0x0, 0x0, 0x0, 0x0, 0x0, 0x0, 0x0,
    0x5, 0x5, 0x0, 0x0, 0x66, 0xf7, 0xf7, 0x66,
    0x0, 0xe2, 0xff, 0xff, 0xdf, 0x0, 0xde, 0xff,
    0xff, 0xe8, 0x0, 0x58, 0xed, 0xff, 0xc2, 0x0,
    0x0, 0x50, 0xff, 0x7a, 0x0, 0x16, 0xe4, 0xf6,
    0x17, 0x12, 0xcb, 0xff, 0x7d, 0x0, 0xb, 0xbb,
    0xc2, 0x5, 0x0, 0x0, 0x7, 0x11, 0x0, 0x0,

    /* U+003C "<" */
    0x0, 0x0, 0x0, 0x0, 0x0, 0x0, 0x5a, 0x69,
    0x0, 0x0, 0x0, 0x0, 0x0, 0x1c, 0xb4, 0xff,
    0xf9, 0x29, 0x0, 0x0, 0x1, 0x67, 0xf2, 0xff,
    0xf5, 0x72, 0x4, 0x0, 0x24, 0xc0, 0xff, 0xff,
    0xb8, 0x1f, 0x0, 0x0, 0x6b, 0xf6, 0xff, 0xea,
    0x59, 0x0, 0x0, 0x0, 0x0, 0xd0, 0xff, 0x9f,
    0x12, 0x0, 0x0, 0x0, 0x0, 0x0, 0xd0, 0xff,
    0xc4, 0x2a, 0x0, 0x0, 0x0, 0x0, 0x0, 0x47,
    0xe2, 0xff, 0xfa, 0x83, 0x7, 0x0, 0x0, 0x0,
    0x0, 0xd, 0x96, 0xfe, 0xff, 0xd9, 0x41, 0x0,
    0x0, 0x0, 0x0, 0x0, 0x3e, 0xdb, 0xff, 0xff,
    0x9e, 0x13, 0x0, 0x0, 0x0, 0x0, 0xa, 0x8b,
    0xfd, 0xed, 0x1b, 0x0, 0x0, 0x0, 0x0, 0x0,
    0x0, 0x34, 0x4b, 0x0,

    /* U+003D "=" */
    0xd0, 0xff, 0xff, 0xff, 0xff, 0xff, 0xff, 0xd0,
    0xd0, 0xff, 0xff, 0xff, 0xff, 0xff, 0xff, 0xd0,
    0x0, 0x0, 0x0, 0x0, 0x0, 0x0, 0x0, 0x0,
    0x0, 0x0, 0x0, 0x0, 0x0, 0x0, 0x0, 0x0,
    0xd0, 0xff, 0xff, 0xff, 0xff, 0xff, 0xff, 0xd0,
    0xd0, 0xff, 0xff, 0xff, 0xff, 0xff, 0xff, 0xd0,

    /* U+003E ">" */
    0x0, 0x69, 0x5a, 0x0, 0x0, 0x0, 0x0, 0x0,
    0x0, 0x29, 0xf9, 0xff, 0xb4, 0x1c, 0x0, 0x0,
    0x0, 0x0, 0x4, 0x72, 0xf5, 0xff, 0xf2, 0x67,
    0x1, 0x0, 0x0, 0x0, 0x0, 0x20, 0xb8, 0xff,
    0xff, 0xc0, 0x24, 0x0, 0x0, 0x0, 0x0, 0x0,
    0x59, 0xea, 0xff, 0xf6, 0x6b, 0x0, 0x0, 0x0,
    0x0, 0x0, 0x12, 0x9f, 0xff, 0xd0, 0x0, 0x0,
    0x0, 0x0, 0x0, 0x2a, 0xc4, 0xff, 0xd0, 0x0,
    0x0, 0x0, 0x7, 0x83, 0xfa, 0xff, 0xe2, 0x47,
    0x0, 0x0, 0x41, 0xd9, 0xff, 0xfe, 0x96, 0xd,
    0x0, 0x13, 0x9e, 0xff, 0xff, 0xdb, 0x3e, 0x0,
    0x0, 0x0, 0x1b, 0xed, 0xfd, 0x8b, 0xa, 0x0,
    0x0, 0x0, 0x0, 0x0, 0x4b, 0x34, 0x0, 0x0,
    0x0, 0x0, 0x0, 0x0,

    /* U+003F "?" */
    0x0, 0x42, 0xc8, 0xf9, 0xf9, 0xc9, 0x42, 0x0,
    0x37, 0xfb, 0xff, 0xff, 0xff, 0xff, 0xfb, 0x38,
    0xac, 0xff, 0xd1, 0x1c, 0x1c, 0xcf, 0xff, 0xa7,
    0xc7, 0xec, 0x62, 0x0, 0x0, 0x70, 0xff, 0xcc,
    0x0, 0x0, 0x0, 0x0, 0x0, 0x97, 0xff, 0xb5,
    0x0, 0x0, 0x0, 0x0, 0x3b, 0xfb, 0xff, 0x62,
    0x0, 0x0, 0x0, 0x1c, 0xe9, 0xff, 0xcd, 0x5,
    0x0, 0x0, 0x0, 0xa8, 0xff, 0xea, 0x1f, 0x0,
    0x0, 0x0, 0x7, 0xf9, 0xff, 0x62, 0x0, 0x0,
    0x0, 0x0, 0x19, 0xec, 0xec, 0x25, 0x0, 0x0,
    0x0, 0x0, 0x0, 0x0, 0x0, 0x0, 0x0, 0x0,
    0x0, 0x0, 0x1d, 0x99, 0x99, 0x1d, 0x0, 0x0,
    0x0, 0x0, 0xa8, 0xff, 0xff, 0xa8, 0x0, 0x0,
    0x0, 0x0, 0xb9, 0xff, 0xff, 0xb9, 0x0, 0x0,
    0x0, 0x0, 0x47, 0xea, 0xea, 0x45, 0x0, 0x0,

    /* U+0040 "@" */
    0x0, 0x32, 0xbe, 0xf7, 0xf6, 0xb9, 0x2d, 0x0,
    0x1f, 0xf1, 0xff, 0xff, 0xff, 0xff, 0xed, 0x1e,
    0x8d, 0xff, 0xa6, 0x17, 0x17, 0xae, 0xff, 0x8c,
    0xc3, 0xfe, 0x11, 0x0, 0x0, 0x19, 0xff, 0xc3,
    0xd0, 0xf1, 0x0, 0x0, 0x56, 0x90, 0xfc, 0xd0,
    0xd0, 0xf0, 0x0, 0x70, 0xff, 0xff, 0xff, 0xd0,
    0xd0, 0xf0, 0x0, 0xcd, 0xf8, 0x17, 0xf0, 0xd0,
    0xd0, 0xf0, 0x0, 0xe7, 0xdd, 0x0, 0xf0, 0xd0,
    0xd0, 0xf0, 0x0, 0xe8, 0xdc, 0x0, 0xf0, 0xd0,
    0xd0, 0xf0, 0x0, 0xe8, 0xdc, 0x0, 0xf0, 0xd0,
    0xd0, 0xf0, 0x0, 0xe8, 0xdc, 0x0, 0xf0, 0xd0,
    0xd0, 0xf0, 0x0, 0xde, 0xe9, 0x3, 0xfb, 0xc7,
    0xd0, 0xf1, 0x0, 0xa6, 0xff, 0xbe, 0xff, 0x90,
    0xc3, 0xfe, 0x11, 0x1f, 0xca, 0xfb, 0xbe, 0x12,
    0x8d, 0xff, 0xa6, 0x15, 0x0, 0x0, 0x0, 0x0,
    0x1e, 0xf0, 0xff, 0xff, 0xff, 0xff, 0xdc, 0x0,
    0x0, 0x32, 0xbe, 0xf7, 0xff, 0xff, 0xdc, 0x0,

    /* U+0041 "A" */
    0x0, 0x0, 0x0, 0x62, 0xff, 0xff, 0x62, 0x0,
    0x0, 0x0, 0x0, 0x0, 0x0, 0x96, 0xff, 0xff,
    0x95, 0x0, 0x0, 0x0, 0x0, 0x0, 0x0, 0xc8,
    0xff, 0xff, 0xc8, 0x0, 0x0, 0x0, 0x0, 0x0,
    0x3, 0xf7, 0xff, 0xff, 0xf7, 0x3, 0x0, 0x0,
    0x0, 0x0, 0x2e, 0xff, 0xe7, 0xe7, 0xff, 0x2d,
    0x0, 0x0, 0x0, 0x0, 0x60, 0xff, 0xbd, 0xbd,
    0xff, 0x60, 0x0, 0x0, 0x0, 0x0, 0x93, 0xff,
    0x90, 0x90, 0xff, 0x93, 0x0, 0x0, 0x0, 0x0,
    0xc6, 0xff, 0x63, 0x64, 0xff, 0xc6, 0x0, 0x0,
    0x0, 0x3, 0xf6, 0xff, 0x37, 0x37, 0xff, 0xf5,
    0x3, 0x0, 0x0, 0x2b, 0xff, 0xfe, 0xc, 0xc,
    0xfe, 0xff, 0x2b, 0x0, 0x0, 0x5f, 0xff, 0xff,
    0xff, 0xff, 0xff, 0xff, 0x5e, 0x0, 0x0, 0x91,
    0xff, 0xff, 0xff, 0xff, 0xff, 0xff, 0x91, 0x0,
    0x0, 0xc4, 0xff, 0x86, 0x0, 0x0, 0x86, 0xff,
    0xc4, 0x0, 0x3, 0xf4, 0xff, 0x51, 0x0, 0x0,
    0x51, 0xff, 0xf4, 0x3, 0x2a, 0xff, 0xff, 0x1e,
    0x0, 0x0, 0x1e, 0xff, 0xff, 0x2a,

    /* U+0042 "B" */
    0xd0, 0xff, 0xff, 0xff, 0xee, 0xa7, 0x1b, 0x0,
    0x0, 0xd0, 0xff, 0xff, 0xff, 0xff, 0xff, 0xdd,
    0xd, 0x0, 0xd0, 0xff, 0x68, 0x1, 0x3d, 0xf4,
    0xff, 0x66, 0x0, 0xd0, 0xff, 0x68, 0x0, 0x0,
    0xae, 0xff, 0x91, 0x0, 0xd0, 0xff, 0x68, 0x0,
    0x0, 0xb0, 0xff, 0x8e, 0x0, 0xd0, 0xff, 0x68,
    0x1, 0x3c, 0xf4, 0xff, 0x4e, 0x0, 0xd0, 0xff,
    0xff, 0xff, 0xff, 0xff, 0x96, 0x1, 0x0, 0xd0,
    0xff, 0xff, 0xff, 0xff, 0xff, 0xc7, 0x16, 0x0,
    0xd0, 0xff, 0x68, 0x1, 0x27, 0xcb, 0xff, 0xb0,
    0x0, 0xd0, 0xff, 0x68, 0x0, 0x0, 0x3f, 0xff,
    0xfd, 0xb, 0xd0, 0xff, 0x68, 0x0, 0x0, 0x1a,
    0xff, 0xff, 0x21, 0xd0, 0xff, 0x68, 0x0, 0x0,
    0x3d, 0xff, 0xff, 0x10, 0xd0, 0xff, 0x68, 0x1,
    0x27, 0xcb, 0xff, 0xcc, 0x0, 0xd0, 0xff, 0xff,
    0xff, 0xff, 0xff, 0xfa, 0x3e, 0x0, 0xd0, 0xff,
    0xff, 0xff, 0xf3, 0xba, 0x39, 0x0, 0x0,

    /* U+0043 "C" */
    0x0, 0x48, 0xcb, 0xf9, 0xf6, 0xbf, 0x37, 0x0,
    0x3c, 0xfc, 0xff, 0xff, 0xff, 0xff, 0xf6, 0x2b,
    0xb9, 0xff, 0xc7, 0x13, 0x1f, 0xd1, 0xff, 0xa2,
    0xef, 0xff, 0x54, 0x0, 0x0, 0x62, 0xec, 0xc4,
    0xfc, 0xff, 0x3d, 0x0, 0x0, 0x0, 0x0, 0x0,
    0xfc, 0xff, 0x3c, 0x0, 0x0, 0x0, 0x0, 0x0,
    0xfc, 0xff, 0x3c, 0x0, 0x0, 0x0, 0x0, 0x0,
    0xfc, 0xff, 0x3c, 0x0, 0x0, 0x0, 0x0, 0x0,
    0xfc, 0xff, 0x3c, 0x0, 0x0, 0x0, 0x0, 0x0,
    0xfc, 0xff, 0x3c, 0x0, 0x0, 0x0, 0x0, 0x0,
    0xfc, 0xff, 0x3d, 0x0, 0x0, 0x0, 0x0, 0x0,
    0xef, 0xff, 0x55, 0x0, 0x0, 0x68, 0xf4, 0xcb,
    0xb9, 0xff, 0xc9, 0x15, 0x20, 0xd6, 0xff, 0xa8,
    0x3b, 0xfc, 0xff, 0xff, 0xff, 0xff, 0xf7, 0x2f,
    0x0, 0x44, 0xc9, 0xf9, 0xf7, 0xc0, 0x3b, 0x0,

    /* U+0044 "D" */
    0xd0, 0xff, 0xff, 0xfd, 0xe2, 0x97, 0x19, 0x0,
    0xd0, 0xff, 0xff, 0xff, 0xff, 0xff, 0xe4, 0x1a,
    0xd0, 0xff, 0x68, 0x5, 0x49, 0xec, 0xff, 0x9c,
    0xd0, 0xff, 0x68, 0x0, 0x0, 0x70, 0xff, 0xe2,
    0xd0, 0xff, 0x68, 0x0, 0x0, 0x41, 0xff, 0xfa,
    0xd0, 0xff, 0x68, 0x0, 0x0, 0x3c, 0xff, 0xfc,
    0xd0, 0xff, 0x68, 0x0, 0x0, 0x3c, 0xff, 0xfc,
    0xd0, 0xff, 0x68, 0x0, 0x0, 0x3c, 0xff, 0xfc,
    0xd0, 0xff, 0x68, 0x0, 0x0, 0x3c, 0xff, 0xfc,
    0xd0, 0xff, 0x68, 0x0, 0x0, 0x3c, 0xff, 0xfc,
    0xd0, 0xff, 0x68, 0x0, 0x0, 0x41, 0xff, 0xfa,
    0xd0, 0xff, 0x68, 0x0, 0x0, 0x70, 0xff, 0xe2,
    0xd0, 0xff, 0x68, 0x4, 0x47, 0xec, 0xff, 0x9c,
    0xd0, 0xff, 0xff, 0xff, 0xff, 0xff, 0xe4, 0x1b,
    0xd0, 0xff, 0xff, 0xfd, 0xe4, 0x9a, 0x1a, 0x0,

    /* U+0045 "E" */
    0xa8, 0xff, 0xff, 0xff, 0xff, 0xff, 0xff, 0xd0,
    0xa8, 0xff, 0xff, 0xff, 0xff, 0xff, 0xff, 0xd0,
    0xa8, 0xff, 0x90, 0x0, 0x0, 0x0, 0x0, 0x0,
    0xa8, 0xff, 0x90, 0x0, 0x0, 0x0, 0x0, 0x0,
    0xa8, 0xff, 0x90, 0x0, 0x0, 0x0, 0x0, 0x0,
    0xa8, 0xff, 0x90, 0x0, 0x0, 0x0, 0x0, 0x0,
    0xa8, 0xff, 0xff, 0xff, 0xff, 0xff, 0xb0, 0x0,
    0xa8, 0xff, 0xff, 0xff, 0xff, 0xff, 0xb0, 0x0,
    0xa8, 0xff, 0x90, 0x0, 0x0, 0x0, 0x0, 0x0,
    0xa8, 0xff, 0x90, 0x0, 0x0, 0x0, 0x0, 0x0,
    0xa8, 0xff, 0x90, 0x0, 0x0, 0x0, 0x0, 0x0,
    0xa8, 0xff, 0x90, 0x0, 0x0, 0x0, 0x0, 0x0,
    0xa8, 0xff, 0x90, 0x0, 0x0, 0x0, 0x0, 0x0,
    0xa8, 0xff, 0xff, 0xff, 0xff, 0xff, 0xff, 0xd0,
    0xa8, 0xff, 0xff, 0xff, 0xff, 0xff, 0xff, 0xd0,

    /* U+0046 "F" */
    0x3c, 0xff, 0xff, 0xff, 0xff, 0xff, 0xff, 0xd0,
    0x3c, 0xff, 0xff, 0xff, 0xff, 0xff, 0xff, 0xd0,
    0x3c, 0xff, 0xff, 0x0, 0x0, 0x0, 0x0, 0x0,
    0x3c, 0xff, 0xff, 0x0, 0x0, 0x0, 0x0, 0x0,
    0x3c, 0xff, 0xff, 0x0, 0x0, 0x0, 0x0, 0x0,
    0x3c, 0xff, 0xff, 0x0, 0x0, 0x0, 0x0, 0x0,
    0x3c, 0xff, 0xff, 0xff, 0xff, 0xff, 0xb0, 0x0,
    0x3c, 0xff, 0xff, 0xff, 0xff, 0xff, 0xb0, 0x0,
    0x3c, 0xff, 0xff, 0x0, 0x0, 0x0, 0x0, 0x0,
    0x3c, 0xff, 0xff, 0x0, 0x0, 0x0, 0x0, 0x0,
    0x3c, 0xff, 0xff, 0x0, 0x0, 0x0, 0x0, 0x0,
    0x3c, 0xff, 0xff, 0x0, 0x0, 0x0, 0x0, 0x0,
    0x3c, 0xff, 0xff, 0x0, 0x0, 0x0, 0x0, 0x0,
    0x3c, 0xff, 0xff, 0x0, 0x0, 0x0, 0x0, 0x0,
    0x3c, 0xff, 0xff, 0x0, 0x0, 0x0, 0x0, 0x0,

    /* U+0047 "G" */
    0x0, 0x48, 0xcb, 0xf9, 0xf6, 0xc4, 0x44, 0x0,
    0x3c, 0xfc, 0xff, 0xff, 0xff, 0xff, 0xfb, 0x3a,
    0xb9, 0xff, 0xc7, 0x13, 0x1b, 0xc7, 0xff, 0xb0,
    0xef, 0xff, 0x53, 0x0, 0x0, 0x3f, 0xa0, 0x86,
    0xfc, 0xff, 0x3c, 0x0, 0x0, 0x0, 0x0, 0x0,
    0xfc, 0xff, 0x3c, 0x0, 0x0, 0x0, 0x0, 0x0,
    0xfc, 0xff, 0x3c, 0x0, 0xff, 0xff, 0xff, 0xd0,
    0xfc, 0xff, 0x3c, 0x0, 0xff, 0xff, 0xff, 0xd0,
    0xfc, 0xff, 0x3c, 0x0, 0x0, 0x68, 0xff, 0xd0,
    0xfc, 0xff, 0x3c, 0x0, 0x0, 0x68, 0xff, 0xd0,
    0xfc, 0xff, 0x3d, 0x0, 0x0, 0x6b, 0xff, 0xd0,
    0xf1, 0xff, 0x5b, 0x0, 0x0, 0x91, 0xff, 0xd0,
    0xc9, 0xff, 0xd5, 0x32, 0x45, 0xdf, 0xff, 0xd0,
    0x6a, 0xff, 0xff, 0xff, 0xff, 0x8b, 0xff, 0xd0,
    0x2, 0x87, 0xef, 0xee, 0x7e, 0x38, 0xff, 0xd0,

    /* U+0048 "H" */
    0xd0, 0xff, 0x68, 0x0, 0x0, 0x68, 0xff, 0xd0,
    0xd0, 0xff, 0x68, 0x0, 0x0, 0x68, 0xff, 0xd0,
    0xd0, 0xff, 0x68, 0x0, 0x0, 0x68, 0xff, 0xd0,
    0xd0, 0xff, 0x68, 0x0, 0x0, 0x68, 0xff, 0xd0,
    0xd0, 0xff, 0x68, 0x0, 0x0, 0x68, 0xff, 0xd0,
    0xd0, 0xff, 0x68, 0x0, 0x0, 0x68, 0xff, 0xd0,
    0xd0, 0xff, 0xff, 0xff, 0xff, 0xff, 0xff, 0xd0,
    0xd0, 0xff, 0xff, 0xff, 0xff, 0xff, 0xff, 0xd0,
    0xd0, 0xff, 0x68, 0x0, 0x0, 0x68, 0xff, 0xd0,
    0xd0, 0xff, 0x68, 0x0, 0x0, 0x68, 0xff, 0xd0,
    0xd0, 0xff, 0x68, 0x0, 0x0, 0x68, 0xff, 0xd0,
    0xd0, 0xff, 0x68, 0x0, 0x0, 0x68, 0xff, 0xd0,
    0xd0, 0xff, 0x68, 0x0, 0x0, 0x68, 0xff, 0xd0,
    0xd0, 0xff, 0x68, 0x0, 0x0, 0x68, 0xff, 0xd0,
    0xd0, 0xff, 0x68, 0x0, 0x0, 0x68, 0xff, 0xd0,

    /* U+0049 "I" */
    0x80, 0xff, 0xff, 0xff, 0xff, 0xff, 0xff, 0x80,
    0x80, 0xff, 0xff, 0xff, 0xff, 0xff, 0xff, 0x80,
    0x0, 0x0, 0x20, 0xff, 0xff, 0x20, 0x0, 0x0,
    0x0, 0x0, 0x20, 0xff, 0xff, 0x20, 0x0, 0x0,
    0x0, 0x0, 0x20, 0xff, 0xff, 0x20, 0x0, 0x0,
    0x0, 0x0, 0x20, 0xff, 0xff, 0x20, 0x0, 0x0,
    0x0, 0x0, 0x20, 0xff, 0xff, 0x20, 0x0, 0x0,
    0x0, 0x0, 0x20, 0xff, 0xff, 0x20, 0x0, 0x0,
    0x0, 0x0, 0x20, 0xff, 0xff, 0x20, 0x0, 0x0,
    0x0, 0x0, 0x20, 0xff, 0xff, 0x20, 0x0, 0x0,
    0x0, 0x0, 0x20, 0xff, 0xff, 0x20, 0x0, 0x0,
    0x0, 0x0, 0x20, 0xff, 0xff, 0x20, 0x0, 0x0,
    0x0, 0x0, 0x20, 0xff, 0xff, 0x20, 0x0, 0x0,
    0x80, 0xff, 0xff, 0xff, 0xff, 0xff, 0xff, 0x80,
    0x80, 0xff, 0xff, 0xff, 0xff, 0xff, 0xff, 0x80,

    /* U+004A "J" */
    0x0, 0x0, 0x0, 0x6c, 0xff, 0xff, 0xff, 0xff,
    0x34, 0x0, 0x0, 0x0, 0x6c, 0xff, 0xff, 0xff,
    0xff, 0x34, 0x0, 0x0, 0x0, 0x0, 0x0, 0x4,
    0xff, 0xff, 0x34, 0x0, 0x0, 0x0, 0x0, 0x0,
    0x4, 0xff, 0xff, 0x34, 0x0, 0x0, 0x0, 0x0,
    0x0, 0x4, 0xff, 0xff, 0x34, 0x0, 0x0, 0x0,
    0x0, 0x0, 0x4, 0xff, 0xff, 0x34, 0x0, 0x0,
    0x0, 0x0, 0x0, 0x4, 0xff, 0xff, 0x34, 0x0,
    0x0, 0x0, 0x0, 0x0, 0x4, 0xff, 0xff, 0x34,
    0x0, 0x0, 0x0, 0x0, 0x0, 0x4, 0xff, 0xff,
    0x34, 0x0, 0x0, 0x0, 0x0, 0x0, 0x4, 0xff,
    0xff, 0x34, 0x0, 0x0, 0x0, 0x0, 0x0, 0x5,
    0xff, 0xff, 0x34, 0x1e, 0xf4, 0xf4, 0x1e, 0x0,
    0x1d, 0xff, 0xff, 0x27, 0x3, 0xeb, 0xff, 0x8f,
    0xb, 0x90, 0xff, 0xf0, 0x5, 0x0, 0x74, 0xff,
    0xff, 0xff, 0xff, 0xff, 0x7a, 0x0, 0x0, 0x1,
    0x71, 0xde, 0xfe, 0xe1, 0x78, 0x1, 0x0,

    /* U+004B "K" */
    0x80, 0xff, 0xb8, 0x0, 0x0, 0x87, 0xff, 0xda,
    0x5, 0x80, 0xff, 0xb8, 0x0, 0x12, 0xf2, 0xff,
    0x55, 0x0, 0x80, 0xff, 0xb8, 0x0, 0x83, 0xff,
    0xca, 0x1, 0x0, 0x80, 0xff, 0xb8, 0x10, 0xf0,
    0xff, 0x41, 0x0, 0x0, 0x80, 0xff, 0xb8, 0x7e,
    0xff, 0xb8, 0x0, 0x0, 0x0, 0x80, 0xff, 0xc6,
    0xee, 0xfe, 0x2f, 0x0, 0x0, 0x0, 0x80, 0xff,
    0xff, 0xff, 0xa7, 0x0, 0x0, 0x0, 0x0, 0x80,
    0xff, 0xff, 0xff, 0xc0, 0x0, 0x0, 0x0, 0x0,
    0x80, 0xff, 0xff, 0xff, 0xff, 0x33, 0x0, 0x0,
    0x0, 0x80, 0xff, 0xf2, 0x94, 0xff, 0xa7, 0x0,
    0x0, 0x0, 0x80, 0xff, 0xb8, 0x1b, 0xfc, 0xfc,
    0x1f, 0x0, 0x0, 0x80, 0xff, 0xb8, 0x0, 0xad,
    0xff, 0x8e, 0x0, 0x0, 0x80, 0xff, 0xb8, 0x0,
    0x44, 0xff, 0xf3, 0x10, 0x0, 0x80, 0xff, 0xb8,
    0x0, 0x1, 0xd9, 0xff, 0x77, 0x0, 0x80, 0xff,
    0xb8, 0x0, 0x0, 0x71, 0xff, 0xe5, 0x5,

    /* U+004C "L" */
    0x3c, 0xff, 0xff, 0x0, 0x0, 0x0, 0x0, 0x0,
    0x3c, 0xff, 0xff, 0x0, 0x0, 0x0, 0x0, 0x0,
    0x3c, 0xff, 0xff, 0x0, 0x0, 0x0, 0x0, 0x0,
    0x3c, 0xff, 0xff, 0x0, 0x0, 0x0, 0x0, 0x0,
    0x3c, 0xff, 0xff, 0x0, 0x0, 0x0, 0x0, 0x0,
    0x3c, 0xff, 0xff, 0x0, 0x0, 0x0, 0x0, 0x0,
    0x3c, 0xff, 0xff, 0x0, 0x0, 0x0, 0x0, 0x0,
    0x3c, 0xff, 0xff, 0x0, 0x0, 0x0, 0x0, 0x0,
    0x3c, 0xff, 0xff, 0x0, 0x0, 0x0, 0x0, 0x0,
    0x3c, 0xff, 0xff, 0x0, 0x0, 0x0, 0x0, 0x0,
    0x3c, 0xff, 0xff, 0x0, 0x0, 0x0, 0x0, 0x0,
    0x3c, 0xff, 0xff, 0x0, 0x0, 0x0, 0x0, 0x0,
    0x3c, 0xff, 0xff, 0x0, 0x0, 0x0, 0x0, 0x0,
    0x3c, 0xff, 0xff, 0xff, 0xff, 0xff, 0xff, 0xf0,
    0x3c, 0xff, 0xff, 0xff, 0xff, 0xff, 0xff, 0xf0,

    /* U+004D "M" */
    0x38, 0xff, 0xfd, 0x11, 0x0, 0x0, 0x11, 0xfd,
    0xff, 0x38, 0x38, 0xff, 0xff, 0x51, 0x0, 0x0,
    0x51, 0xff, 0xff, 0x38, 0x38, 0xff, 0xff, 0x95,
    0x0, 0x0, 0x95, 0xff, 0xff, 0x38, 0x38, 0xff,
    0xf4, 0xd7, 0x0, 0x0, 0xd7, 0xf4, 0xff, 0x38,
    0x38, 0xff, 0xc9, 0xff, 0x1c, 0x1c, 0xff, 0xc9,
    0xff, 0x38, 0x38, 0xff, 0xa6, 0xf7, 0x60, 0x60,
    0xf7, 0xa6, 0xff, 0x38, 0x38, 0xff, 0xb8, 0xbc,
    0xa3, 0xa3, 0xbc, 0xb9, 0xff, 0x38, 0x38, 0xff,
    0xd2, 0x79, 0xe6, 0xe6, 0x79, 0xd2, 0xff, 0x38,
    0x38, 0xff, 0xe6, 0x35, 0xff, 0xff, 0x35, 0xe6,
    0xff, 0x38, 0x38, 0xff, 0xf6, 0x3, 0xef, 0xef,
    0x3, 0xf6, 0xff, 0x38, 0x38, 0xff, 0xfd, 0x0,
    0x5d, 0x5d, 0x0, 0xfd, 0xff, 0x38, 0x38, 0xff,
    0xff, 0x2, 0x0, 0x0, 0x2, 0xff, 0xff, 0x38,
    0x38, 0xff, 0xff, 0x4, 0x0, 0x0, 0x4, 0xff,
    0xff, 0x38, 0x38, 0xff, 0xff, 0x4, 0x0, 0x0,
    0x4, 0xff, 0xff, 0x38, 0x38, 0xff, 0xff, 0x4,
    0x0, 0x0, 0x4, 0xff, 0xff, 0x38,

    /* U+004E "N" */
    0xd0, 0xff, 0x7b, 0x0, 0x0, 0x68, 0xff, 0xd0,
    0xd0, 0xff, 0xd0, 0x0, 0x0, 0x68, 0xff, 0xd0,
    0xd0, 0xff, 0xff, 0x25, 0x0, 0x68, 0xff, 0xd0,
    0xd0, 0xff, 0xff, 0x7a, 0x0, 0x68, 0xff, 0xd0,
    0xd0, 0xff, 0xdd, 0xcf, 0x0, 0x68, 0xff, 0xd0,
    0xd0, 0xff, 0xa8, 0xff, 0x24, 0x68, 0xff, 0xd0,
    0xd0, 0xff, 0x6f, 0xff, 0x79, 0x67, 0xff, 0xd0,
    0xd0, 0xff, 0x61, 0xcc, 0xcf, 0x61, 0xff, 0xd0,
    0xd0, 0xff, 0x66, 0x78, 0xff, 0x71, 0xff, 0xd0,
    0xd0, 0xff, 0x68, 0x23, 0xff, 0xab, 0xff, 0xd0,
    0xd0, 0xff, 0x68, 0x0, 0xcd, 0xdd, 0xff, 0xd0,
    0xd0, 0xff, 0x68, 0x0, 0x79, 0xff, 0xff, 0xd0,
    0xd0, 0xff, 0x68, 0x0, 0x24, 0xff, 0xff, 0xd0,
    0xd0, 0xff, 0x68, 0x0, 0x0, 0xcf, 0xff, 0xd0,
    0xd0, 0xff, 0x68, 0x0, 0x0, 0x7b, 0xff, 0xd0,

    /* U+004F "O" */
    0x0, 0x45, 0xc7, 0xf9, 0xf9, 0xc7, 0x45, 0x0,
    0x3b, 0xfc, 0xff, 0xff, 0xff, 0xff, 0xfc, 0x3b,
    0xb6, 0xff, 0xcc, 0x19, 0x19, 0xcc, 0xff, 0xb6,
    0xef, 0xff, 0x56, 0x0, 0x0, 0x57, 0xff, 0xee,
    0xfc, 0xff, 0x3d, 0x0, 0x0, 0x3d, 0xff, 0xfc,
    0xfc, 0xff, 0x3c, 0x0, 0x0, 0x3c, 0xff, 0xfc,
    0xfc, 0xff, 0x3c, 0x0, 0x0, 0x3c, 0xff, 0xfc,
    0xfc, 0xff, 0x3c, 0x0, 0x0, 0x3c, 0xff, 0xfc,
    0xfc, 0xff, 0x3c, 0x0, 0x0, 0x3c, 0xff, 0xfc,
    0xfc, 0xff, 0x3c, 0x0, 0x0, 0x3c, 0xff, 0xfc,
    0xfc, 0xff, 0x3d, 0x0, 0x0, 0x3d, 0xff, 0xfc,
    0xee, 0xff, 0x58, 0x0, 0x0, 0x58, 0xff, 0xee,
    0xb6, 0xff, 0xce, 0x1a, 0x1a, 0xce, 0xff, 0xb6,
    0x39, 0xfb, 0xff, 0xff, 0xff, 0xff, 0xfb, 0x39,
    0x0, 0x40, 0xc4, 0xf8, 0xf8, 0xc4, 0x40, 0x0,

    /* U+0050 "P" */
    0x84, 0xff, 0xff, 0xff, 0xf9, 0xcb, 0x4e, 0x0,
    0x0, 0x84, 0xff, 0xff, 0xff, 0xff, 0xff, 0xfe,
    0x4c, 0x0, 0x84, 0xff, 0xb4, 0x0, 0x12, 0xb8,
    0xff, 0xd5, 0x0, 0x84, 0xff, 0xb4, 0x0, 0x0,
    0x36, 0xff, 0xff, 0x12, 0x84, 0xff, 0xb4, 0x0,
    0x0, 0x16, 0xff, 0xff, 0x22, 0x84, 0xff, 0xb4,
    0x0, 0x0, 0x36, 0xff, 0xff, 0x12, 0x84, 0xff,
    0xb4, 0x0, 0x11, 0xb7, 0xff, 0xd6, 0x0, 0x84,
    0xff, 0xff, 0xff, 0xff, 0xff, 0xfe, 0x4e, 0x0,
    0x84, 0xff, 0xff, 0xff, 0xf9, 0xcc, 0x51, 0x0,
    0x0, 0x84, 0xff, 0xb4, 0x0, 0x0, 0x0, 0x0,
    0x0, 0x0, 0x84, 0xff, 0xb4, 0x0, 0x0, 0x0,
    0x0, 0x0, 0x0, 0x84, 0xff, 0xb4, 0x0, 0x0,
    0x0, 0x0, 0x0, 0x0, 0x84, 0xff, 0xb4, 0x0,
    0x0, 0x0, 0x0, 0x0, 0x0, 0x84, 0xff, 0xb4,
    0x0, 0x0, 0x0, 0x0, 0x0, 0x0, 0x84, 0xff,
    0xb4, 0x0, 0x0, 0x0, 0x0, 0x0, 0x0,

    /* U+0051 "Q" */
    0x0, 0x40, 0xc3, 0xf8, 0xf8, 0xc3, 0x40, 0x0,
    0x38, 0xfb, 0xff, 0xff, 0xff, 0xff, 0xfb, 0x38,
    0xb2, 0xff, 0xcf, 0x1a, 0x1a, 0xcf, 0xff, 0xb2,
    0xec, 0xff, 0x59, 0x0, 0x0, 0x59, 0xff, 0xec,
    0xfc, 0xff, 0x3d, 0x0, 0x0, 0x3d, 0xff, 0xfb,
    0xfc, 0xff, 0x3c, 0x0, 0x0, 0x3c, 0xff, 0xfc,
    0xfc, 0xff, 0x3c, 0x0, 0x0, 0x3c, 0xff, 0xfc,
    0xfc, 0xff, 0x3c, 0x0, 0x0, 0x3c, 0xff, 0xfc,
    0xfc, 0xff, 0x3c, 0x0, 0x0, 0x3c, 0xff, 0xfc,
    0xfc, 0xff, 0x3c, 0x0, 0x0, 0x3c, 0xff, 0xfc,
    0xfc, 0xff, 0x3c, 0x0, 0x0, 0x3c, 0xff, 0xfc,
    0xf2, 0xff, 0x4a, 0x0, 0x0, 0x4a, 0xff, 0xf2,
    0xca, 0xff, 0xa1, 0x0, 0x0, 0xa1, 0xff, 0xc9,
    0x62, 0xff, 0xff, 0xc8, 0xc8, 0xff, 0xff, 0x5f,
    0x0, 0x83, 0xfa, 0xff, 0xff, 0xf9, 0x82, 0x0,
    0x0, 0x0, 0x10, 0xeb, 0xff, 0x5b, 0x0, 0x0,
    0x0, 0x0, 0x0, 0xbe, 0xff, 0xc0, 0x14, 0x0,
    0x0, 0x0, 0x0, 0x4a, 0xfe, 0xff, 0xff, 0x68,
    0x0, 0x0, 0x0, 0x0, 0x50, 0xcf, 0xfb, 0x68,

    /* U+0052 "R" */
    0xd0, 0xff, 0xff, 0xff, 0xf8, 0xc3, 0x3e, 0x0,
    0x0, 0xd0, 0xff, 0xff, 0xff, 0xff, 0xff, 0xf9,
    0x32, 0x0, 0xd0, 0xff, 0x68, 0x0, 0x18, 0xcd,
    0xff, 0xac, 0x0, 0xd0, 0xff, 0x68, 0x0, 0x0,
    0x5d, 0xff, 0xe7, 0x0, 0xd0, 0xff, 0x68, 0x0,
    0x0, 0x3f, 0xff, 0xfa, 0x0, 0xd0, 0xff, 0x68,
    0x0, 0x0, 0x5d, 0xff, 0xea, 0x0, 0xd0, 0xff,
    0x68, 0x0, 0x16, 0xcb, 0xff, 0xae, 0x0, 0xd0,
    0xff, 0xff, 0xff, 0xff, 0xff, 0xf8, 0x32, 0x0,
    0xd0, 0xff, 0xff, 0xff, 0xff, 0xe1, 0x3f, 0x0,
    0x0, 0xd0, 0xff, 0x68, 0x7a, 0xff, 0xe5, 0x5,
    0x0, 0x0, 0xd0, 0xff, 0x68, 0x13, 0xf6, 0xff,
    0x59, 0x0, 0x0, 0xd0, 0xff, 0x68, 0x0, 0x9a,
    0xff, 0xc8, 0x0, 0x0, 0xd0, 0xff, 0x68, 0x0,
    0x2b, 0xff, 0xff, 0x37, 0x0, 0xd0, 0xff, 0x68,
    0x0, 0x0, 0xba, 0xff, 0xa6, 0x0, 0xd0, 0xff,
    0x68, 0x0, 0x0, 0x4c, 0xff, 0xfb, 0x1b,

    /* U+0053 "S" */
    0x0, 0x0, 0x3d, 0xc3, 0xf7, 0xf8, 0xc5, 0x3f,
    0x0, 0x0, 0x2c, 0xf8, 0xff, 0xff, 0xff, 0xff,
    0xf9, 0x33, 0x0, 0x9f, 0xff, 0xd5, 0x1d, 0x1c,
    0xd0, 0xff, 0xa8, 0x0, 0xcc, 0xff, 0x73, 0x0,
    0x0, 0x68, 0xfc, 0xd2, 0x0, 0xbc, 0xff, 0x86,
    0x0, 0x0, 0x0, 0x0, 0x0, 0x0, 0x6f, 0xff,
    0xef, 0x2a, 0x0, 0x0, 0x0, 0x0, 0x0, 0x7,
    0xc6, 0xff, 0xf5, 0x79, 0x6, 0x0, 0x0, 0x0,
    0x0, 0xf, 0xb5, 0xff, 0xff, 0xd0, 0x20, 0x0,
    0x0, 0x0, 0x0, 0x1, 0x5f, 0xe8, 0xff, 0xe0,
    0x15, 0x0, 0x0, 0x0, 0x0, 0x0, 0x16, 0xdb,
    0xff, 0x98, 0x0, 0x0, 0x0, 0x0, 0x0, 0x0,
    0x5b, 0xff, 0xe8, 0x1, 0xfc, 0xff, 0x42, 0x0,
    0x0, 0x49, 0xff, 0xf7, 0x0, 0xd0, 0xff, 0xbb,
    0x16, 0x19, 0xc0, 0xff, 0xc6, 0x0, 0x50, 0xff,
    0xff, 0xff, 0xff, 0xff, 0xfd, 0x47, 0x0, 0x0,
    0x4c, 0xc8, 0xf9, 0xf9, 0xc8, 0x47, 0x0,

    /* U+0054 "T" */
    0xf0, 0xff, 0xff, 0xff, 0xff, 0xff, 0xff, 0xf0,
    0xf0, 0xff, 0xff, 0xff, 0xff, 0xff, 0xff, 0xf0,
    0x0, 0x0, 0x20, 0xff, 0xff, 0x20, 0x0, 0x0,
    0x0, 0x0, 0x20, 0xff, 0xff, 0x20, 0x0, 0x0,
    0x0, 0x0, 0x20, 0xff, 0xff, 0x20, 0x0, 0x0,
    0x0, 0x0, 0x20, 0xff, 0xff, 0x20, 0x0, 0x0,
    0x0, 0x0, 0x20, 0xff, 0xff, 0x20, 0x0, 0x0,
    0x0, 0x0, 0x20, 0xff, 0xff, 0x20, 0x0, 0x0,
    0x0, 0x0, 0x20, 0xff, 0xff, 0x20, 0x0, 0x0,
    0x0, 0x0, 0x20, 0xff, 0xff, 0x20, 0x0, 0x0,
    0x0, 0x0, 0x20, 0xff, 0xff, 0x20, 0x0, 0x0,
    0x0, 0x0, 0x20, 0xff, 0xff, 0x20, 0x0, 0x0,
    0x0, 0x0, 0x20, 0xff, 0xff, 0x20, 0x0, 0x0,
    0x0, 0x0, 0x20, 0xff, 0xff, 0x20, 0x0, 0x0,
    0x0, 0x0, 0x20, 0xff, 0xff, 0x20, 0x0, 0x0,

    /* U+0055 "U" */
    0xd0, 0xff, 0x68, 0x0, 0x0, 0x68, 0xff, 0xd0,
    0xd0, 0xff, 0x68, 0x0, 0x0, 0x68, 0xff, 0xd0,
    0xd0, 0xff, 0x68, 0x0, 0x0, 0x68, 0xff, 0xd0,
    0xd0, 0xff, 0x68, 0x0, 0x0, 0x68, 0xff, 0xd0,
    0xd0, 0xff, 0x68, 0x0, 0x0, 0x68, 0xff, 0xd0,
    0xd0, 0xff, 0x68, 0x0, 0x0, 0x68, 0xff, 0xd0,
    0xd0, 0xff, 0x68, 0x0, 0x0, 0x68, 0xff, 0xd0,
    0xd0, 0xff, 0x68, 0x0, 0x0, 0x68, 0xff, 0xd0,
    0xd0, 0xff, 0x68, 0x0, 0x0, 0x68, 0xff, 0xd0,
    0xd0, 0xff, 0x68, 0x0, 0x0, 0x68, 0xff, 0xd0,
    0xd0, 0xff, 0x69, 0x0, 0x0, 0x69, 0xff, 0xd0,
    0xc3, 0xff, 0x80, 0x0, 0x0, 0x80, 0xff, 0xc3,
    0x8e, 0xff, 0xe2, 0x21, 0x21, 0xe3, 0xff, 0x8e,
    0x1e, 0xf1, 0xff, 0xff, 0xff, 0xff, 0xf1, 0x1e,
    0x0, 0x33, 0xbf, 0xf7, 0xf7, 0xbf, 0x33, 0x0,

    /* U+0056 "V" */
    0x2a, 0xff, 0xff, 0x1a, 0x0, 0x0, 0x1a, 0xff,
    0xff, 0x2a, 0x3, 0xf4, 0xff, 0x49, 0x0, 0x0,
    0x49, 0xff, 0xf4, 0x3, 0x0, 0xc4, 0xff, 0x76,
    0x0, 0x0, 0x76, 0xff, 0xc4, 0x0, 0x0, 0x91,
    0xff, 0xa3, 0x0, 0x0, 0xa4, 0xff, 0x91, 0x0,
    0x0, 0x5e, 0xff, 0xd2, 0x0, 0x0, 0xd2, 0xff,
    0x5e, 0x0, 0x0, 0x2a, 0xff, 0xf9, 0x5, 0x5,
    0xf9, 0xff, 0x2b, 0x0, 0x0, 0x3, 0xf4, 0xff,
    0x2d, 0x2d, 0xff, 0xf5, 0x3, 0x0, 0x0, 0x0,
    0xc5, 0xff, 0x5a, 0x5a, 0xff, 0xc6, 0x0, 0x0,
    0x0, 0x0, 0x92, 0xff, 0x88, 0x88, 0xff, 0x93,
    0x0, 0x0, 0x0, 0x0, 0x5f, 0xff, 0xb6, 0xb6,
    0xff, 0x60, 0x0, 0x0, 0x0, 0x0, 0x2d, 0xff,
    0xe2, 0xe2, 0xff, 0x2d, 0x0, 0x0, 0x0, 0x0,
    0x3, 0xf7, 0xff, 0xff, 0xf7, 0x3, 0x0, 0x0,
    0x0, 0x0, 0x0, 0xc8, 0xff, 0xff, 0xc8, 0x0,
    0x0, 0x0, 0x0, 0x0, 0x0, 0x96, 0xff, 0xff,
    0x95, 0x0, 0x0, 0x0, 0x0, 0x0, 0x0, 0x62,
    0xff, 0xff, 0x62, 0x0, 0x0, 0x0,

    /* U+0057 "W" */
    0x7d, 0xff, 0xb9, 0x0, 0x0, 0x0, 0x0, 0xb9,
    0xff, 0x7d, 0x60, 0xff, 0xc4, 0x0, 0x0, 0x0,
    0x0, 0xc4, 0xff, 0x60, 0x42, 0xff, 0xcf, 0x0,
    0x0, 0x0, 0x0, 0xcf, 0xff, 0x42, 0x24, 0xff,
    0xd9, 0x0, 0x0, 0x0, 0x0, 0xd9, 0xff, 0x24,
    0x9, 0xff, 0xe4, 0x0, 0xf0, 0xf0, 0x0, 0xe5,
    0xff, 0x8, 0x0, 0xe9, 0xef, 0xc, 0xff, 0xff,
    0xc, 0xf0, 0xe9, 0x0, 0x0, 0xcc, 0xfa, 0x2c,
    0xff, 0xff, 0x2c, 0xfb, 0xcc, 0x0, 0x0, 0xae,
    0xff, 0x4d, 0xf7, 0xf7, 0x4d, 0xff, 0xae, 0x0,
    0x0, 0x90, 0xff, 0x78, 0xd5, 0xd5, 0x78, 0xff,
    0x90, 0x0, 0x0, 0x73, 0xff, 0x9f, 0xb3, 0xb3,
    0x9f, 0xff, 0x73, 0x0, 0x0, 0x55, 0xff, 0xc9,
    0x90, 0x90, 0xc9, 0xff, 0x55, 0x0, 0x0, 0x38,
    0xff, 0xf0, 0x6d, 0x6d, 0xf0, 0xff, 0x38, 0x0,
    0x0, 0x1a, 0xff, 0xff, 0x4b, 0x4b, 0xff, 0xff,
    0x1a, 0x0, 0x0, 0x2, 0xfa, 0xff, 0x28, 0x28,
    0xff, 0xfa, 0x2, 0x0, 0x0, 0x0, 0xe0, 0xfe,
    0x7, 0x7, 0xfe, 0xdf, 0x0, 0x0,

    /* U+0058 "X" */
    0x11, 0xf6, 0xff, 0x61, 0x0, 0x0, 0x61, 0xff,
    0xf5, 0x11, 0x0, 0x9c, 0xff, 0xc4, 0x0, 0x0,
    0xc4, 0xff, 0x9b, 0x0, 0x0, 0x31, 0xff, 0xff,
    0x28, 0x28, 0xff, 0xff, 0x2f, 0x0, 0x0, 0x0,
    0xc5, 0xff, 0x8b, 0x8b, 0xff, 0xc4, 0x0, 0x0,
    0x0, 0x0, 0x5a, 0xff, 0xe8, 0xe8, 0xff, 0x58,
    0x0, 0x0, 0x0, 0x0, 0x7, 0xea, 0xff, 0xff,
    0xe8, 0x5, 0x0, 0x0, 0x0, 0x0, 0x0, 0x85,
    0xff, 0xff, 0x81, 0x0, 0x0, 0x0, 0x0, 0x0,
    0x0, 0x33, 0xff, 0xff, 0x33, 0x0, 0x0, 0x0,
    0x0, 0x0, 0x0, 0x82, 0xff, 0xff, 0x84, 0x0,
    0x0, 0x0, 0x0, 0x0, 0x5, 0xe8, 0xff, 0xff,
    0xea, 0x6, 0x0, 0x0, 0x0, 0x0, 0x59, 0xff,
    0xe8, 0xe8, 0xff, 0x5a, 0x0, 0x0, 0x0, 0x0,
    0xc4, 0xff, 0x8b, 0x8b, 0xff, 0xc5, 0x0, 0x0,
    0x0, 0x31, 0xff, 0xff, 0x28, 0x28, 0xff, 0xff,
    0x31, 0x0, 0x0, 0x9b, 0xff, 0xc4, 0x0, 0x0,
    0xc4, 0xff, 0x9c, 0x0, 0x11, 0xf6, 0xff, 0x61,
    0x0, 0x0, 0x61, 0xff, 0xf6, 0x11,

    /* U+0059 "Y" */
    0x2a, 0xff, 0xff, 0x38, 0x0, 0x0, 0x38, 0xff,
    0xff, 0x29, 0x0, 0xcd, 0xff, 0x8d, 0x0, 0x0,
    0x8d, 0xff, 0xcd, 0x0, 0x0, 0x70, 0xff, 0xe2,
    0x1, 0x1, 0xe3, 0xff, 0x70, 0x0, 0x0, 0x18,
    0xfc, 0xff, 0x39, 0x39, 0xff, 0xfc, 0x18, 0x0,
    0x0, 0x0, 0xb7, 0xff, 0x8f, 0x90, 0xff, 0xb7,
    0x0, 0x0, 0x0, 0x0, 0x5a, 0xff, 0xe4, 0xe4,
    0xff, 0x5a, 0x0, 0x0, 0x0, 0x0, 0xa, 0xf4,
    0xff, 0xff, 0xf3, 0xa, 0x0, 0x0, 0x0, 0x0,
    0x0, 0xa1, 0xff, 0xff, 0xa1, 0x0, 0x0, 0x0,
    0x0, 0x0, 0x0, 0x45, 0xff, 0xff, 0x45, 0x0,
    0x0, 0x0, 0x0, 0x0, 0x0, 0x20, 0xff, 0xff,
    0x20, 0x0, 0x0, 0x0, 0x0, 0x0, 0x0, 0x20,
    0xff, 0xff, 0x20, 0x0, 0x0, 0x0, 0x0, 0x0,
    0x0, 0x20, 0xff, 0xff, 0x20, 0x0, 0x0, 0x0,
    0x0, 0x0, 0x0, 0x20, 0xff, 0xff, 0x20, 0x0,
    0x0, 0x0, 0x0, 0x0, 0x0, 0x20, 0xff, 0xff,
    0x20, 0x0, 0x0, 0x0, 0x0, 0x0, 0x0, 0x20,
    0xff, 0xff, 0x20, 0x0, 0x0, 0x0,

    /* U+005A "Z" */
    0xd0, 0xff, 0xff, 0xff, 0xff, 0xff, 0xff, 0xd0,
    0xd0, 0xff, 0xff, 0xff, 0xff, 0xff, 0xff, 0xd0,
    0x0, 0x0, 0x0, 0x0, 0xb, 0xed, 0xff, 0x95,
    0x0, 0x0, 0x0, 0x0, 0x6d, 0xff, 0xfd, 0x22,
    0x0, 0x0, 0x0, 0x4, 0xe0, 0xff, 0xa9, 0x0,
    0x0, 0x0, 0x0, 0x5a, 0xff, 0xff, 0x33, 0x0,
    0x0, 0x0, 0x1, 0xd0, 0xff, 0xbc, 0x0, 0x0,
    0x0, 0x0, 0x46, 0xff, 0xff, 0x46, 0x0, 0x0,
    0x0, 0x0, 0xbc, 0xff, 0xd0, 0x0, 0x0, 0x0,
    0x0, 0x33, 0xff, 0xff, 0x5a, 0x0, 0x0, 0x0,
    0x0, 0xaa, 0xff, 0xe0, 0x4, 0x0, 0x0, 0x0,
    0x22, 0xfd, 0xff, 0x6d, 0x0, 0x0, 0x0, 0x0,
    0x95, 0xff, 0xed, 0xb, 0x0, 0x0, 0x0, 0x0,
    0xd0, 0xff, 0xff, 0xff, 0xff, 0xff, 0xff, 0xd0,
    0xd0, 0xff, 0xff, 0xff, 0xff, 0xff, 0xff, 0xd0,

    /* U+005B "[" */
    0xbc, 0xff, 0xff, 0xff, 0xff, 0xff, 0x10, 0xbc,
    0xff, 0xff, 0xff, 0xff, 0xff, 0x10, 0xbc, 0xff,
    0x80, 0x0, 0x0, 0x0, 0x0, 0xbc, 0xff, 0x80,
    0x0, 0x0, 0x0, 0x0, 0xbc, 0xff, 0x80, 0x0,
    0x0, 0x0, 0x0, 0xbc, 0xff, 0x80, 0x0, 0x0,
    0x0, 0x0, 0xbc, 0xff, 0x80, 0x0, 0x0, 0x0,
    0x0, 0xbc, 0xff, 0x80, 0x0, 0x0, 0x0, 0x0,
    0xbc, 0xff, 0x80, 0x0, 0x0, 0x0, 0x0, 0xbc,
    0xff, 0x80, 0x0, 0x0, 0x0, 0x0, 0xbc, 0xff,
    0x80, 0x0, 0x0, 0x0, 0x0, 0xbc, 0xff, 0x80,
    0x0, 0x0, 0x0, 0x0, 0xbc, 0xff, 0x80, 0x0,
    0x0, 0x0, 0x0, 0xbc, 0xff, 0x80, 0x0, 0x0,
    0x0, 0x0, 0xbc, 0xff, 0x80, 0x0, 0x0, 0x0,
    0x0, 0xbc, 0xff, 0x80, 0x0, 0x0, 0x0, 0x0,
    0xbc, 0xff, 0x80, 0x0, 0x0, 0x0, 0x0, 0xbc,
    0xff, 0x80, 0x0, 0x0, 0x0, 0x0, 0xbc, 0xff,
    0xff, 0xff, 0xff, 0xff, 0x10, 0xbc, 0xff, 0xff,
    0xff, 0xff, 0xff, 0x10,

    /* U+005C "\\" */
    0xdc, 0xff, 0x6c, 0x0, 0x0, 0x0, 0x0, 0x0,
    0x92, 0xff, 0xb5, 0x0, 0x0, 0x0, 0x0, 0x0,
    0x49, 0xff, 0xf6, 0x9, 0x0, 0x0, 0x0, 0x0,
    0x9, 0xf7, 0xff, 0x47, 0x0, 0x0, 0x0, 0x0,
    0x0, 0xb7, 0xff, 0x91, 0x0, 0x0, 0x0, 0x0,
    0x0, 0x6e, 0xff, 0xd9, 0x0, 0x0, 0x0, 0x0,
    0x0, 0x24, 0xff, 0xff, 0x23, 0x0, 0x0, 0x0,
    0x0, 0x0, 0xdc, 0xff, 0x6d, 0x0, 0x0, 0x0,
    0x0, 0x0, 0x92, 0xff, 0xb5, 0x0, 0x0, 0x0,
    0x0, 0x0, 0x48, 0xff, 0xf7, 0x9, 0x0, 0x0,
    0x0, 0x0, 0x9, 0xf7, 0xff, 0x47, 0x0, 0x0,
    0x0, 0x0, 0x0, 0xb6, 0xff, 0x92, 0x0, 0x0,
    0x0, 0x0, 0x0, 0x6d, 0xff, 0xdb, 0x0, 0x0,
    0x0, 0x0, 0x0, 0x23, 0xff, 0xff, 0x24, 0x0,
    0x0, 0x0, 0x0, 0x0, 0xda, 0xff, 0x6d, 0x0,
    0x0, 0x0, 0x0, 0x0, 0x92, 0xff, 0xb6, 0x0,
    0x0, 0x0, 0x0, 0x0, 0x47, 0xff, 0xf7, 0x9,
    0x0, 0x0, 0x0, 0x0, 0x9, 0xf7, 0xff, 0x49,
    0x0, 0x0, 0x0, 0x0, 0x0, 0xb5, 0xff, 0x92,
    0x0, 0x0, 0x0, 0x0, 0x0, 0x6c, 0xff, 0xdc,

    /* U+005D "]" */
    0x10, 0xff, 0xff, 0xff, 0xff, 0xff, 0xbc, 0x10,
    0xff, 0xff, 0xff, 0xff, 0xff, 0xbc, 0x0, 0x0,
    0x0, 0x0, 0x80, 0xff, 0xbc, 0x0, 0x0, 0x0,
    0x0, 0x80, 0xff, 0xbc, 0x0, 0x0, 0x0, 0x0,
    0x80, 0xff, 0xbc, 0x0, 0x0, 0x0, 0x0, 0x80,
    0xff, 0xbc, 0x0, 0x0, 0x0, 0x0, 0x80, 0xff,
    0xbc, 0x0, 0x0, 0x0, 0x0, 0x80, 0xff, 0xbc,
    0x0, 0x0, 0x0, 0x0, 0x80, 0xff, 0xbc, 0x0,
    0x0, 0x0, 0x0, 0x80, 0xff, 0xbc, 0x0, 0x0,
    0x0, 0x0, 0x80, 0xff, 0xbc, 0x0, 0x0, 0x0,
    0x0, 0x80, 0xff, 0xbc, 0x0, 0x0, 0x0, 0x0,
    0x80, 0xff, 0xbc, 0x0, 0x0, 0x0, 0x0, 0x80,
    0xff, 0xbc, 0x0, 0x0, 0x0, 0x0, 0x80, 0xff,
    0xbc, 0x0, 0x0, 0x0, 0x0, 0x80, 0xff, 0xbc,
    0x0, 0x0, 0x0, 0x0, 0x80, 0xff, 0xbc, 0x0,
    0x0, 0x0, 0x0, 0x80, 0xff, 0xbc, 0x10, 0xff,
    0xff, 0xff, 0xff, 0xff, 0xbc, 0x10, 0xff, 0xff,
    0xff, 0xff, 0xff, 0xbc,

    /* U+005E "^" */
    0x0, 0x0, 0x0, 0x7d, 0xff, 0xff, 0x7d, 0x0,
    0x0, 0x0, 0x0, 0x0, 0x30, 0xfa, 0xff, 0xff,
    0xfa, 0x30, 0x0, 0x0, 0x0, 0x6, 0xd1, 0xff,
    0xa2, 0xa2, 0xff, 0xd0, 0x6, 0x0, 0x0, 0x83,
    0xff, 0xf1, 0x17, 0x17, 0xf1, 0xff, 0x83, 0x0,
    0x33, 0xfc, 0xff, 0x6e, 0x0, 0x0, 0x6e, 0xff,
    0xfc, 0x33, 0x20, 0xad, 0xd1, 0x4, 0x0, 0x0,
    0x4, 0xd1, 0xad, 0x20, 0x0, 0x0, 0xc, 0x0,
    0x0, 0x0, 0x0, 0xc, 0x0, 0x0,

    /* U+005F "_" */
    0xd0, 0xff, 0xff, 0xff, 0xff, 0xff, 0xff, 0xd0,
    0xd0, 0xff, 0xff, 0xff, 0xff, 0xff, 0xff, 0xd0,

    /* U+0060 "`" */
    0x0, 0x54, 0xb3, 0x4, 0x0, 0x0, 0x0, 0x3a,
    0xff, 0xff, 0x8a, 0x0, 0x0, 0x0, 0x0, 0x87,
    0xff, 0xff, 0x53, 0x0, 0x0, 0x0, 0x1, 0xa0,
    0xff, 0xf2, 0x27, 0x0, 0x0, 0x0, 0x5, 0xb7,
    0xff, 0xd0, 0x3, 0x0, 0x0, 0x0, 0xb, 0xb3,
    0x41, 0x0,

    /* U+0061 "a" */
    0x0, 0x5f, 0xd1, 0xfa, 0xf9, 0xc9, 0x47, 0x0,
    0x63, 0xff, 0xff, 0xff, 0xff, 0xff, 0xfc, 0x3d,
    0xc9, 0xff, 0xac, 0x10, 0x15, 0xbe, 0xff, 0xaa,
    0x1f, 0x24, 0xd, 0x0, 0x0, 0x6a, 0xff, 0xcd,
    0x0, 0x43, 0xbd, 0xf1, 0xff, 0xff, 0xff, 0xd0,
    0x50, 0xfe, 0xff, 0xff, 0xff, 0xff, 0xff, 0xd0,
    0xcf, 0xff, 0xaf, 0x1e, 0x1, 0x68, 0xff, 0xd0,
    0xf7, 0xff, 0x45, 0x0, 0x0, 0x7a, 0xff, 0xd0,
    0xe7, 0xff, 0xb3, 0x26, 0x39, 0xe2, 0xff, 0xd0,
    0x95, 0xff, 0xff, 0xff, 0xff, 0xd6, 0xff, 0xd0,
    0xd, 0xa3, 0xf1, 0xf2, 0x90, 0x6b, 0xff, 0xd0,

    /* U+0062 "b" */
    0xd0, 0xff, 0x68, 0x0, 0x0, 0x0, 0x0, 0x0,
    0xd0, 0xff, 0x68, 0x0, 0x0, 0x0, 0x0, 0x0,
    0xd0, 0xff, 0x68, 0x0, 0x0, 0x0, 0x0, 0x0,
    0xd0, 0xff, 0x68, 0x0, 0x0, 0x0, 0x0, 0x0,
    0xd0, 0xff, 0x6a, 0x8d, 0xf0, 0xef, 0x89, 0x2,
    0xd0, 0xff, 0xd1, 0xff, 0xff, 0xff, 0xff, 0x69,
    0xd0, 0xff, 0xe0, 0x20, 0x11, 0xc5, 0xff, 0xca,
    0xd0, 0xff, 0x7e, 0x0, 0x0, 0x55, 0xff, 0xf1,
    0xd0, 0xff, 0x68, 0x0, 0x0, 0x3d, 0xff, 0xfc,
    0xd0, 0xff, 0x68, 0x0, 0x0, 0x3c, 0xff, 0xfc,
    0xd0, 0xff, 0x68, 0x0, 0x0, 0x3d, 0xff, 0xfb,
    0xd0, 0xff, 0x7e, 0x0, 0x0, 0x55, 0xff, 0xf1,
    0xd0, 0xff, 0xe0, 0x21, 0x13, 0xc6, 0xff, 0xc9,
    0xd0, 0xff, 0xd1, 0xff, 0xff, 0xff, 0xff, 0x69,
    0xd0, 0xff, 0x6a, 0x8d, 0xf0, 0xef, 0x8a, 0x2,

    /* U+0063 "c" */
    0x0, 0x47, 0xc9, 0xf9, 0xf6, 0xbd, 0x33, 0x0,
    0x3c, 0xfc, 0xff, 0xff, 0xff, 0xff, 0xf4, 0x27,
    0xba, 0xff, 0xc9, 0x1a, 0x20, 0xd3, 0xff, 0x9b,
    0xef, 0xff, 0x55, 0x0, 0x0, 0x6a, 0xff, 0xd2,
    0xfc, 0xff, 0x3c, 0x0, 0x0, 0x0, 0x0, 0x0,
    0xfc, 0xff, 0x3c, 0x0, 0x0, 0x0, 0x0, 0x0,
    0xfc, 0xff, 0x3d, 0x0, 0x0, 0x1, 0x4, 0x3,
    0xef, 0xff, 0x55, 0x0, 0x0, 0x6e, 0xff, 0xd5,
    0xb9, 0xff, 0xca, 0x1b, 0x22, 0xd7, 0xff, 0xa1,
    0x3b, 0xfb, 0xff, 0xff, 0xff, 0xff, 0xf7, 0x2d,
    0x0, 0x43, 0xc7, 0xf9, 0xf7, 0xbf, 0x39, 0x0,

    /* U+0064 "d" */
    0x0, 0x0, 0x0, 0x0, 0x0, 0x68, 0xff, 0xd0,
    0x0, 0x0, 0x0, 0x0, 0x0, 0x68, 0xff, 0xd0,
    0x0, 0x0, 0x0, 0x0, 0x0, 0x68, 0xff, 0xd0,
    0x0, 0x0, 0x0, 0x0, 0x0, 0x68, 0xff, 0xd0,
    0x2, 0x89, 0xef, 0xf0, 0x8d, 0x6a, 0xff, 0xd0,
    0x69, 0xff, 0xff, 0xff, 0xff, 0xd1, 0xff, 0xd0,
    0xca, 0xff, 0xc5, 0x11, 0x20, 0xe0, 0xff, 0xd0,
    0xf1, 0xff, 0x55, 0x0, 0x0, 0x7f, 0xff, 0xd0,
    0xfc, 0xff, 0x3c, 0x0, 0x0, 0x68, 0xff, 0xd0,
    0xfc, 0xff, 0x3c, 0x0, 0x0, 0x68, 0xff, 0xd0,
    0xfc, 0xff, 0x3c, 0x0, 0x0, 0x69, 0xff, 0xd0,
    0xf1, 0xff, 0x55, 0x0, 0x0, 0x7f, 0xff, 0xd0,
    0xc9, 0xff, 0xc6, 0x13, 0x21, 0xe0, 0xff, 0xd0,
    0x69, 0xff, 0xff, 0xff, 0xff, 0xd1, 0xff, 0xd0,
    0x2, 0x8a, 0xef, 0xf0, 0x8d, 0x6a, 0xff, 0xd0,

    /* U+0065 "e" */
    0x0, 0x43, 0xc7, 0xf8, 0xf9, 0xca, 0x4d, 0x0,
    0x3a, 0xfb, 0xff, 0xff, 0xff, 0xff, 0xfe, 0x4c,
    0xb8, 0xff, 0xb9, 0x18, 0x18, 0xb9, 0xff, 0xc6,
    0xef, 0xff, 0x47, 0x0, 0x0, 0x47, 0xff, 0xf5,
    0xfc, 0xff, 0xff, 0xff, 0xff, 0xff, 0xff, 0xfc,
    0xfc, 0xff, 0xff, 0xff, 0xff, 0xff, 0xff, 0xfc,
    0xfc, 0xff, 0x3f, 0x0, 0x0, 0x0, 0x0, 0x0,
    0xee, 0xff, 0x64, 0x0, 0x0, 0x32, 0x98, 0x8b,
    0xb6, 0xff, 0xd8, 0x22, 0x12, 0xb8, 0xff, 0xc3,
    0x3a, 0xfb, 0xff, 0xff, 0xff, 0xff, 0xfd, 0x47,
    0x0, 0x43, 0xc3, 0xf8, 0xf9, 0xc8, 0x48, 0x0,

    /* U+0066 "f" */
    0x0, 0x0, 0x0, 0x79, 0xe7, 0xf9, 0xc6, 0x30,
    0x0, 0x0, 0x0, 0x54, 0xff, 0xff, 0xff, 0xff,
    0xe0, 0x4, 0x0, 0x0, 0xa1, 0xff, 0xb7, 0x24,
    0xf0, 0xf0, 0x2c, 0x0, 0x0, 0xb3, 0xff, 0x85,
    0x0, 0x0, 0x0, 0x0, 0x0, 0x0, 0xb4, 0xff,
    0x84, 0x0, 0x0, 0x0, 0x0, 0xd0, 0xff, 0xff,
    0xff, 0xff, 0xff, 0xff, 0x70, 0x0, 0xd0, 0xff,
    0xff, 0xff, 0xff, 0xff, 0xff, 0x70, 0x0, 0x0,
    0x0, 0xb4, 0xff, 0x84, 0x0, 0x0, 0x0, 0x0,
    0x0, 0x0, 0xb4, 0xff, 0x84, 0x0, 0x0, 0x0,
    0x0, 0x0, 0x0, 0xb4, 0xff, 0x84, 0x0, 0x0,
    0x0, 0x0, 0x0, 0x0, 0xb4, 0xff, 0x84, 0x0,
    0x0, 0x0, 0x0, 0x0, 0x0, 0xb4, 0xff, 0x84,
    0x0, 0x0, 0x0, 0x0, 0x0, 0x0, 0xb4, 0xff,
    0x84, 0x0, 0x0, 0x0, 0x0, 0x0, 0x0, 0xb4,
    0xff, 0x84, 0x0, 0x0, 0x0, 0x0, 0x0, 0x0,
    0xb4, 0xff, 0x84, 0x0, 0x0, 0x0, 0x0,

    /* U+0067 "g" */
    0x2, 0x89, 0xef, 0xf0, 0x8d, 0x6a, 0xff, 0xd0,
    0x69, 0xff, 0xff, 0xff, 0xff, 0xd1, 0xff, 0xd0,
    0xca, 0xff, 0xc5, 0x11, 0x20, 0xe0, 0xff, 0xd0,
    0xf1, 0xff, 0x55, 0x0, 0x0, 0x7f, 0xff, 0xd0,
    0xfc, 0xff, 0x3c, 0x0, 0x0, 0x68, 0xff, 0xd0,
    0xfc, 0xff, 0x3c, 0x0, 0x0, 0x68, 0xff, 0xd0,
    0xfc, 0xff, 0x3c, 0x0, 0x0, 0x69, 0xff, 0xd0,
    0xf1, 0xff, 0x55, 0x0, 0x0, 0x7f, 0xff, 0xd0,
    0xc9, 0xff, 0xc6, 0x13, 0x21, 0xe0, 0xff, 0xd0,
    0x69, 0xff, 0xff, 0xff, 0xff, 0xd1, 0xff, 0xd0,
    0x2, 0x8a, 0xef, 0xf0, 0x8d, 0x6a, 0xff, 0xd0,
    0x0, 0x0, 0x0, 0x0, 0x0, 0x77, 0xff, 0xc5,
    0xbe, 0xf0, 0x9a, 0xc, 0x22, 0xd9, 0xff, 0x94,
    0x67, 0xff, 0xff, 0xff, 0xff, 0xff, 0xf4, 0x23,
    0x0, 0x63, 0xd4, 0xfa, 0xf6, 0xbd, 0x33, 0x0,

    /* U+0068 "h" */
    0xd0, 0xff, 0x68, 0x0, 0x0, 0x0, 0x0, 0x0,
    0xd0, 0xff, 0x68, 0x0, 0x0, 0x0, 0x0, 0x0,
    0xd0, 0xff, 0x68, 0x0, 0x0, 0x0, 0x0, 0x0,
    0xd0, 0xff, 0x68, 0x0, 0x0, 0x0, 0x0, 0x0,
    0xd0, 0xff, 0x6a, 0x90, 0xf4, 0xea, 0x6e, 0x0,
    0xd0, 0xff, 0xd0, 0xff, 0xff, 0xff, 0xff, 0x3e,
    0xd0, 0xff, 0xe1, 0x21, 0x21, 0xe1, 0xff, 0x9b,
    0xd0, 0xff, 0x7d, 0x0, 0x0, 0x7d, 0xff, 0xc5,
    0xd0, 0xff, 0x69, 0x0, 0x0, 0x69, 0xff, 0xcf,
    0xd0, 0xff, 0x68, 0x0, 0x0, 0x68, 0xff, 0xd0,
    0xd0, 0xff, 0x68, 0x0, 0x0, 0x68, 0xff, 0xd0,
    0xd0, 0xff, 0x68, 0x0, 0x0, 0x68, 0xff, 0xd0,
    0xd0, 0xff, 0x68, 0x0, 0x0, 0x68, 0xff, 0xd0,
    0xd0, 0xff, 0x68, 0x0, 0x0, 0x68, 0xff, 0xd0,
    0xd0, 0xff, 0x68, 0x0, 0x0, 0x68, 0xff, 0xd0,

    /* U+0069 "i" */
    0x0, 0x0, 0x25, 0xde, 0xee, 0x49, 0x0, 0x0,
    0x0, 0x0, 0x78, 0xff, 0xff, 0xac, 0x0, 0x0,
    0x0, 0x0, 0x4c, 0xff, 0xff, 0x7f, 0x0, 0x0,
    0x0, 0x0, 0x0, 0x37, 0x46, 0x2, 0x0, 0x0,
    0x38, 0xff, 0xff, 0xff, 0xff, 0x44, 0x0, 0x0,
    0x38, 0xff, 0xff, 0xff, 0xff, 0x44, 0x0, 0x0,
    0x0, 0x0, 0x0, 0xfc, 0xff, 0x44, 0x0, 0x0,
    0x0, 0x0, 0x0, 0xfc, 0xff, 0x44, 0x0, 0x0,
    0x0, 0x0, 0x0, 0xfc, 0xff, 0x44, 0x0, 0x0,
    0x0, 0x0, 0x0, 0xfc, 0xff, 0x44, 0x0, 0x0,
    0x0, 0x0, 0x0, 0xfc, 0xff, 0x44, 0x0, 0x0,
    0x0, 0x0, 0x0, 0xfc, 0xff, 0x44, 0x0, 0x0,
    0x0, 0x0, 0x0, 0xfc, 0xff, 0x44, 0x0, 0x0,
    0x80, 0xff, 0xff, 0xff, 0xff, 0xff, 0xff, 0x80,
    0x80, 0xff, 0xff, 0xff, 0xff, 0xff, 0xff, 0x80,

    /* U+006A "j" */
    0x0, 0x0, 0x0, 0x0, 0x25, 0xde, 0xee, 0x49,
    0x0, 0x0, 0x0, 0x0, 0x78, 0xff, 0xff, 0xac,
    0x0, 0x0, 0x0, 0x0, 0x4c, 0xff, 0xff, 0x7f,
    0x0, 0x0, 0x0, 0x0, 0x0, 0x37, 0x46, 0x2,
    0x0, 0x0, 0x3c, 0xff, 0xff, 0xff, 0xff, 0x60,
    0x0, 0x0, 0x3c, 0xff, 0xff, 0xff, 0xff, 0x60,
    0x0, 0x0, 0x0, 0x0, 0x0, 0xdc, 0xff, 0x60,
    0x0, 0x0, 0x0, 0x0, 0x0, 0xdc, 0xff, 0x60,
    0x0, 0x0, 0x0, 0x0, 0x0, 0xdc, 0xff, 0x60,
    0x0, 0x0, 0x0, 0x0, 0x0, 0xdc, 0xff, 0x60,
    0x0, 0x0, 0x0, 0x0, 0x0, 0xdc, 0xff, 0x60,
    0x0, 0x0, 0x0, 0x0, 0x0, 0xdc, 0xff, 0x60,
    0x0, 0x0, 0x0, 0x0, 0x0, 0xdc, 0xff, 0x60,
    0x0, 0x0, 0x0, 0x0, 0x0, 0xdc, 0xff, 0x60,
    0x0, 0x0, 0x0, 0x0, 0x0, 0xdd, 0xff, 0x60,
    0x60, 0x68, 0x21, 0x0, 0x2, 0xf0, 0xff, 0x53,
    0xce, 0xff, 0xa4, 0x9, 0x61, 0xff, 0xff, 0x21,
    0x60, 0xff, 0xff, 0xff, 0xff, 0xff, 0xa8, 0x0,
    0x0, 0x66, 0xdb, 0xfc, 0xea, 0x94, 0xb, 0x0,

    /* U+006B "k" */
    0x80, 0xff, 0xb8, 0x0, 0x0, 0x0, 0x0, 0x0,
    0x0, 0x80, 0xff, 0xb8, 0x0, 0x0, 0x0, 0x0,
    0x0, 0x0, 0x80, 0xff, 0xb8, 0x0, 0x0, 0x0,
    0x0, 0x0, 0x0, 0x80, 0xff, 0xb8, 0x0, 0x0,
    0x0, 0x0, 0x0, 0x0, 0x80, 0xff, 0xb8, 0x0,
    0x0, 0xbb, 0xff, 0xc9, 0x4, 0x80, 0xff, 0xb8,
    0x0, 0x59, 0xff, 0xf6, 0x28, 0x0, 0x80, 0xff,
    0xb8, 0x10, 0xe8, 0xff, 0x6e, 0x0, 0x0, 0x80,
    0xff, 0xb8, 0x96, 0xff, 0xbd, 0x2, 0x0, 0x0,
    0x80, 0xff, 0xe4, 0xfe, 0xf2, 0x20, 0x0, 0x0,
    0x0, 0x80, 0xff, 0xff, 0xff, 0xea, 0xf, 0x0,
    0x0, 0x0, 0x80, 0xff, 0xff, 0xfc, 0xff, 0x8d,
    0x0, 0x0, 0x0, 0x80, 0xff, 0xed, 0x44, 0xfd,
    0xfa, 0x25, 0x0, 0x0, 0x80, 0xff, 0xb8, 0x0,
    0xa2, 0xff, 0xb3, 0x0, 0x0, 0x80, 0xff, 0xb8,
    0x0, 0x21, 0xfa, 0xff, 0x47, 0x0, 0x80, 0xff,
    0xb8, 0x0, 0x0, 0x93, 0xff, 0xd6, 0x4,

    /* U+006C "l" */
    0x38, 0xff, 0xff, 0xff, 0xff, 0x44, 0x0, 0x0,
    0x38, 0xff, 0xff, 0xff, 0xff, 0x44, 0x0, 0x0,
    0x0, 0x0, 0x0, 0xfc, 0xff, 0x44, 0x0, 0x0,
    0x0, 0x0, 0x0, 0xfc, 0xff, 0x44, 0x0, 0x0,
    0x0, 0x0, 0x0, 0xfc, 0xff, 0x44, 0x0, 0x0,
    0x0, 0x0, 0x0, 0xfc, 0xff, 0x44, 0x0, 0x0,
    0x0, 0x0, 0x0, 0xfc, 0xff, 0x44, 0x0, 0x0,
    0x0, 0x0, 0x0, 0xfc, 0xff, 0x44, 0x0, 0x0,
    0x0, 0x0, 0x0, 0xfc, 0xff, 0x44, 0x0, 0x0,
    0x0, 0x0, 0x0, 0xfc, 0xff, 0x44, 0x0, 0x0,
    0x0, 0x0, 0x0, 0xfc, 0xff, 0x44, 0x0, 0x0,
    0x0, 0x0, 0x0, 0xfc, 0xff, 0x44, 0x0, 0x0,
    0x0, 0x0, 0x0, 0xfc, 0xff, 0x44, 0x0, 0x0,
    0x80, 0xff, 0xff, 0xff, 0xff, 0xff, 0xff, 0x80,
    0x80, 0xff, 0xff, 0xff, 0xff, 0xff, 0xff, 0x80,

    /* U+006D "m" */
    0x38, 0xff, 0xe0, 0xc3, 0xf3, 0x5e, 0x97, 0xf6,
    0x7b, 0x0, 0x38, 0xff, 0xff, 0xd5, 0xff, 0xf2,
    0xd5, 0xff, 0xf9, 0xb, 0x38, 0xff, 0xe3, 0x11,
    0xff, 0xff, 0x11, 0xe3, 0xff, 0x31, 0x38, 0xff,
    0xd8, 0x4, 0xff, 0xff, 0x4, 0xd8, 0xff, 0x38,
    0x38, 0xff, 0xd8, 0x4, 0xff, 0xff, 0x4, 0xd8,
    0xff, 0x38, 0x38, 0xff, 0xd8, 0x4, 0xff, 0xff,
    0x4, 0xd8, 0xff, 0x38, 0x38, 0xff, 0xd8, 0x4,
    0xff, 0xff, 0x4, 0xd8, 0xff, 0x38, 0x38, 0xff,
    0xd8, 0x4, 0xff, 0xff, 0x4, 0xd8, 0xff, 0x38,
    0x38, 0xff, 0xd8, 0x4, 0xff, 0xff, 0x4, 0xd8,
    0xff, 0x38, 0x38, 0xff, 0xd8, 0x4, 0xff, 0xff,
    0x4, 0xd8, 0xff, 0x38, 0x38, 0xff, 0xd8, 0x4,
    0xff, 0xff, 0x4, 0xd8, 0xff, 0x38,

    /* U+006E "n" */
    0xd0, 0xff, 0x6d, 0x98, 0xf5, 0xea, 0x6e, 0x0,
    0xd0, 0xff, 0xdd, 0xf1, 0xf1, 0xff, 0xff, 0x3e,
    0xd0, 0xff, 0xd5, 0xb, 0xb, 0xd5, 0xff, 0x9b,
    0xd0, 0xff, 0x78, 0x0, 0x0, 0x78, 0xff, 0xc5,
    0xd0, 0xff, 0x68, 0x0, 0x0, 0x68, 0xff, 0xcf,
    0xd0, 0xff, 0x68, 0x0, 0x0, 0x68, 0xff, 0xd0,
    0xd0, 0xff, 0x68, 0x0, 0x0, 0x68, 0xff, 0xd0,
    0xd0, 0xff, 0x68, 0x0, 0x0, 0x68, 0xff, 0xd0,
    0xd0, 0xff, 0x68, 0x0, 0x0, 0x68, 0xff, 0xd0,
    0xd0, 0xff, 0x68, 0x0, 0x0, 0x68, 0xff, 0xd0,
    0xd0, 0xff, 0x68, 0x0, 0x0, 0x68, 0xff, 0xd0,

    /* U+006F "o" */
    0x0, 0x43, 0xc7, 0xf8, 0xf8, 0xc7, 0x43, 0x0,
    0x3a, 0xfb, 0xff, 0xff, 0xff, 0xff, 0xfb, 0x3a,
    0xb8, 0xff, 0xcb, 0x1c, 0x1c, 0xcb, 0xff, 0xb7,
    0xef, 0xff, 0x55, 0x0, 0x0, 0x55, 0xff, 0xef,
    0xfc, 0xff, 0x3c, 0x0, 0x0, 0x3d, 0xff, 0xfc,
    0xfc, 0xff, 0x3c, 0x0, 0x0, 0x3c, 0xff, 0xfc,
    0xfc, 0xff, 0x3d, 0x0, 0x0, 0x3d, 0xff, 0xfc,
    0xef, 0xff, 0x55, 0x0, 0x0, 0x55, 0xff, 0xef,
    0xb7, 0xff, 0xcc, 0x1c, 0x1c, 0xcc, 0xff, 0xb7,
    0x3a, 0xfb, 0xff, 0xff, 0xff, 0xff, 0xfb, 0x3a,
    0x0, 0x43, 0xc3, 0xf7, 0xf7, 0xc3, 0x43, 0x0,

    /* U+0070 "p" */
    0xd0, 0xff, 0x6c, 0x94, 0xf1, 0xef, 0x89, 0x2,
    0xd0, 0xff, 0xdd, 0xf0, 0xe9, 0xff, 0xff, 0x69,
    0xd0, 0xff, 0xd2, 0xc, 0x3, 0xb2, 0xff, 0xca,
    0xd0, 0xff, 0x79, 0x0, 0x0, 0x4f, 0xff, 0xf1,
    0xd0, 0xff, 0x68, 0x0, 0x0, 0x3c, 0xff, 0xfc,
    0xd0, 0xff, 0x68, 0x0, 0x0, 0x3c, 0xff, 0xfc,
    0xd0, 0xff, 0x69, 0x0, 0x0, 0x3d, 0xff, 0xfb,
    0xd0, 0xff, 0x82, 0x0, 0x0, 0x57, 0xff, 0xf1,
    0xd0, 0xff, 0xe4, 0x29, 0x19, 0xcb, 0xff, 0xc9,
    0xd0, 0xff, 0xcd, 0xff, 0xff, 0xff, 0xff, 0x69,
    0xd0, 0xff, 0x6a, 0x8b, 0xf0, 0xef, 0x8a, 0x2,
    0xd0, 0xff, 0x68, 0x0, 0x0, 0x0, 0x0, 0x0,
    0xd0, 0xff, 0x68, 0x0, 0x0, 0x0, 0x0, 0x0,
    0xd0, 0xff, 0x68, 0x0, 0x0, 0x0, 0x0, 0x0,
    0xd0, 0xff, 0x68, 0x0, 0x0, 0x0, 0x0, 0x0,

    /* U+0071 "q" */
    0x2, 0x89, 0xef, 0xf0, 0x8d, 0x6a, 0xff, 0xd0,
    0x69, 0xff, 0xff, 0xff, 0xff, 0xd1, 0xff, 0xd0,
    0xca, 0xff, 0xc5, 0x11, 0x20, 0xe0, 0xff, 0xd0,
    0xf1, 0xff, 0x55, 0x0, 0x0, 0x7f, 0xff, 0xd0,
    0xfc, 0xff, 0x3c, 0x0, 0x0, 0x68, 0xff, 0xd0,
    0xfc, 0xff, 0x3c, 0x0, 0x0, 0x68, 0xff, 0xd0,
    0xfc, 0xff, 0x3c, 0x0, 0x0, 0x69, 0xff, 0xd0,
    0xf1, 0xff, 0x55, 0x0, 0x0, 0x7f, 0xff, 0xd0,
    0xc9, 0xff, 0xc6, 0x13, 0x21, 0xe0, 0xff, 0xd0,
    0x69, 0xff, 0xff, 0xff, 0xff, 0xd1, 0xff, 0xd0,
    0x2, 0x8a, 0xef, 0xf0, 0x8d, 0x6a, 0xff, 0xd0,
    0x0, 0x0, 0x0, 0x0, 0x0, 0x68, 0xff, 0xd0,
    0x0, 0x0, 0x0, 0x0, 0x0, 0x68, 0xff, 0xd0,
    0x0, 0x0, 0x0, 0x0, 0x0, 0x68, 0xff, 0xd0,
    0x0, 0x0, 0x0, 0x0, 0x0, 0x68, 0xff, 0xd0,

    /* U+0072 "r" */
    0xb4, 0xff, 0x8c, 0x77, 0xf1, 0xe7, 0x4c, 0x0,
    0xb4, 0xff, 0xc9, 0xf3, 0xf0, 0xff, 0xea, 0x4,
    0xb4, 0xff, 0xf5, 0x1e, 0x2a, 0xff, 0xff, 0x28,
    0xb4, 0xff, 0xb3, 0x0, 0x4, 0x48, 0x48, 0xf,
    0xb4, 0xff, 0x92, 0x0, 0x0, 0x0, 0x0, 0x0,
    0xb4, 0xff, 0x8c, 0x0, 0x0, 0x0, 0x0, 0x0,
    0xb4, 0xff, 0x8c, 0x0, 0x0, 0x0, 0x0, 0x0,
    0xb4, 0xff, 0x8c, 0x0, 0x0, 0x0, 0x0, 0x0,
    0xb4, 0xff, 0x8c, 0x0, 0x0, 0x0, 0x0, 0x0,
    0xb4, 0xff, 0x8c, 0x0, 0x0, 0x0, 0x0, 0x0,
    0xb4, 0xff, 0x8c, 0x0, 0x0, 0x0, 0x0, 0x0,

    /* U+0073 "s" */
    0x0, 0x4e, 0xcb, 0xf6, 0xf9, 0xcc, 0x4d, 0x0,
    0x40, 0xfe, 0xff, 0xff, 0xff, 0xff, 0xfe, 0x41,
    0x9a, 0xff, 0xc7, 0x13, 0x12, 0xc1, 0xff, 0xa1,
    0x98, 0xff, 0xbc, 0x2, 0x0, 0xa, 0x14, 0xe,
    0x39, 0xfe, 0xff, 0xce, 0x7c, 0x21, 0x0, 0x0,
    0x0, 0x5e, 0xf3, 0xff, 0xff, 0xfc, 0x82, 0x0,
    0x0, 0x0, 0x13, 0x6c, 0xbf, 0xff, 0xff, 0x65,
    0xe, 0x10, 0x6, 0x0, 0x0, 0x96, 0xff, 0xc1,
    0xc9, 0xff, 0xa2, 0xd, 0x12, 0xac, 0xff, 0xbf,
    0x63, 0xff, 0xff, 0xff, 0xff, 0xff, 0xff, 0x5b,
    0x0, 0x5f, 0xd1, 0xfa, 0xf9, 0xd0, 0x5e, 0x0,

    /* U+0074 "t" */
    0x0, 0x4, 0xff, 0xff, 0x38, 0x0, 0x0, 0x0,
    0x0, 0x0, 0x4, 0xff, 0xff, 0x38, 0x0, 0x0,
    0x0, 0x0, 0x0, 0x4, 0xff, 0xff, 0x38, 0x0,
    0x0, 0x0, 0x0, 0x0, 0x4, 0xff, 0xff, 0x38,
    0x0, 0x0, 0x0, 0x0, 0x98, 0xff, 0xff, 0xff,
    0xff, 0xff, 0xff, 0x68, 0x0, 0x98, 0xff, 0xff,
    0xff, 0xff, 0xff, 0xff, 0x68, 0x0, 0x0, 0x4,
    0xff, 0xff, 0x38, 0x0, 0x0, 0x0, 0x0, 0x0,
    0x4, 0xff, 0xff, 0x38, 0x0, 0x0, 0x0, 0x0,
    0x0, 0x4, 0xff, 0xff, 0x38, 0x0, 0x0, 0x0,
    0x0, 0x0, 0x4, 0xff, 0xff, 0x38, 0x0, 0x0,
    0x0, 0x0, 0x0, 0x4, 0xff, 0xff, 0x38, 0x0,
    0xb, 0xc, 0x4, 0x0, 0x0, 0xfa, 0xff, 0x40,
    0x1, 0xf5, 0xff, 0x4a, 0x0, 0x0, 0xd6, 0xff,
    0x8b, 0x40, 0xff, 0xff, 0x22, 0x0, 0x0, 0x6f,
    0xff, 0xff, 0xff, 0xff, 0xbb, 0x0, 0x0, 0x0,
    0x2, 0x86, 0xec, 0xf8, 0xb3, 0x17, 0x0,

    /* U+0075 "u" */
    0xd0, 0xff, 0x68, 0x0, 0x0, 0x68, 0xff, 0xd0,
    0xd0, 0xff, 0x68, 0x0, 0x0, 0x68, 0xff, 0xd0,
    0xd0, 0xff, 0x68, 0x0, 0x0, 0x68, 0xff, 0xd0,
    0xd0, 0xff, 0x68, 0x0, 0x0, 0x68, 0xff, 0xd0,
    0xd0, 0xff, 0x68, 0x0, 0x0, 0x68, 0xff, 0xd0,
    0xd0, 0xff, 0x68, 0x0, 0x0, 0x68, 0xff, 0xd0,
    0xcf, 0xff, 0x69, 0x0, 0x0, 0x69, 0xff, 0xd0,
    0xc5, 0xff, 0x7e, 0x0, 0x0, 0x7e, 0xff, 0xd0,
    0x9b, 0xff, 0xe1, 0x21, 0x21, 0xe1, 0xff, 0xd0,
    0x3e, 0xff, 0xff, 0xff, 0xff, 0xcf, 0xff, 0xd0,
    0x0, 0x6e, 0xe9, 0xf4, 0x90, 0x6a, 0xff, 0xd0,

    /* U+0076 "v" */
    0x22, 0xff, 0xff, 0x30, 0x0, 0x0, 0x30, 0xff,
    0xff, 0x21, 0x0, 0xdd, 0xff, 0x6c, 0x0, 0x0,
    0x6d, 0xff, 0xdc, 0x0, 0x0, 0x96, 0xff, 0xac,
    0x0, 0x0, 0xac, 0xff, 0x96, 0x0, 0x0, 0x51,
    0xff, 0xe9, 0x1, 0x1, 0xea, 0xff, 0x51, 0x0,
    0x0, 0xf, 0xfc, 0xff, 0x27, 0x27, 0xff, 0xfc,
    0xf, 0x0, 0x0, 0x0, 0xc6, 0xff, 0x66, 0x67,
    0xff, 0xc6, 0x0, 0x0, 0x0, 0x0, 0x81, 0xff,
    0xa4, 0xa4, 0xff, 0x81, 0x0, 0x0, 0x0, 0x0,
    0x3b, 0xff, 0xe2, 0xe2, 0xff, 0x3b, 0x0, 0x0,
    0x0, 0x0, 0x4, 0xf1, 0xff, 0xff, 0xf1, 0x4,
    0x0, 0x0, 0x0, 0x0, 0x0, 0xb1, 0xff, 0xff,
    0xb1, 0x0, 0x0, 0x0, 0x0, 0x0, 0x0, 0x6b,
    0xff, 0xff, 0x6a, 0x0, 0x0, 0x0,

    /* U+0077 "w" */
    0x78, 0xff, 0xba, 0x0, 0x0, 0x0, 0x0, 0xbb,
    0xff, 0x78, 0x50, 0xff, 0xca, 0x0, 0x0, 0x0,
    0x0, 0xca, 0xff, 0x50, 0x28, 0xff, 0xda, 0x0,
    0x0, 0x0, 0x0, 0xda, 0xff, 0x27, 0x5, 0xfa,
    0xe6, 0x1, 0xe0, 0xe0, 0x1, 0xe7, 0xfa, 0x4,
    0x0, 0xd6, 0xf6, 0x1c, 0xff, 0xff, 0x1c, 0xf6,
    0xd6, 0x0, 0x0, 0xae, 0xff, 0x4b, 0xf9, 0xf9,
    0x4b, 0xff, 0xae, 0x0, 0x0, 0x86, 0xff, 0x82,
    0xce, 0xce, 0x82, 0xff, 0x86, 0x0, 0x0, 0x5e,
    0xff, 0xbb, 0x9e, 0x9e, 0xbb, 0xff, 0x5e, 0x0,
    0x0, 0x35, 0xff, 0xf2, 0x6d, 0x6d, 0xf2, 0xff,
    0x34, 0x0, 0x0, 0xd, 0xff, 0xff, 0x3e, 0x3e,
    0xff, 0xff, 0xd, 0x0, 0x0, 0x0, 0xe4, 0xff,
    0xf, 0xf, 0xff, 0xe4, 0x0, 0x0,

    /* U+0078 "x" */
    0x4, 0xd8, 0xff, 0xb1, 0x0, 0x0, 0xb1, 0xff,
    0xd8, 0x4, 0x0, 0x50, 0xff, 0xff, 0x30, 0x30,
    0xff, 0xff, 0x50, 0x0, 0x0, 0x0, 0xc5, 0xff,
    0xaa, 0xaa, 0xff, 0xc4, 0x0, 0x0, 0x0, 0x0,
    0x3b, 0xff, 0xfe, 0xfe, 0xff, 0x3a, 0x0, 0x0,
    0x0, 0x0, 0x0, 0xaf, 0xff, 0xff, 0xaf, 0x0,
    0x0, 0x0, 0x0, 0x0, 0x0, 0x46, 0xff, 0xff,
    0x46, 0x0, 0x0, 0x0, 0x0, 0x0, 0x0, 0xaf,
    0xff, 0xff, 0xaf, 0x0, 0x0, 0x0, 0x0, 0x0,
    0x3b, 0xff, 0xfe, 0xfe, 0xff, 0x3a, 0x0, 0x0,
    0x0, 0x0, 0xc5, 0xff, 0xaa, 0xaa, 0xff, 0xc4,
    0x0, 0x0, 0x0, 0x50, 0xff, 0xff, 0x30, 0x30,
    0xff, 0xff, 0x50, 0x0, 0x4, 0xd8, 0xff, 0xb1,
    0x0, 0x0, 0xb1, 0xff, 0xd8, 0x4,

    /* U+0079 "y" */
    0x2, 0xeb, 0xff, 0x5a, 0x0, 0x0, 0x58, 0xff,
    0xeb, 0x2, 0x0, 0xa7, 0xff, 0x95, 0x0, 0x0,
    0x91, 0xff, 0xa8, 0x0, 0x0, 0x60, 0xff, 0xd2,
    0x0, 0x0, 0xca, 0xff, 0x62, 0x0, 0x0, 0x1a,
    0xff, 0xfe, 0x10, 0x8, 0xfa, 0xff, 0x1d, 0x0,
    0x0, 0x0, 0xd3, 0xff, 0x4a, 0x3b, 0xff, 0xd7,
    0x0, 0x0, 0x0, 0x0, 0x8d, 0xff, 0x85, 0x72,
    0xff, 0x92, 0x0, 0x0, 0x0, 0x0, 0x46, 0xff,
    0xc2, 0xad, 0xff, 0x4d, 0x0, 0x0, 0x0, 0x0,
    0x9, 0xf7, 0xf8, 0xe9, 0xfa, 0xc, 0x0, 0x0,
    0x0, 0x0, 0x0, 0xba, 0xff, 0xff, 0xc2, 0x0,
    0x0, 0x0, 0x0, 0x0, 0x0, 0x72, 0xff, 0xff,
    0x7e, 0x0, 0x0, 0x0, 0x0, 0x0, 0x0, 0x33,
    0xff, 0xff, 0x38, 0x0, 0x0, 0x0, 0x0, 0x0,
    0x0, 0x57, 0xff, 0xef, 0x3, 0x0, 0x0, 0x0,
    0x0, 0x0, 0x0, 0x9d, 0xff, 0xad, 0x0, 0x0,
    0x0, 0x0, 0x0, 0x0, 0x0, 0xe1, 0xff, 0x68,
    0x0, 0x0, 0x0, 0x0, 0x0, 0x0, 0x28, 0xff,
    0xff, 0x22, 0x0, 0x0, 0x0, 0x0,

    /* U+007A "z" */
    0xd0, 0xff, 0xff, 0xff, 0xff, 0xff, 0xff, 0xd0,
    0xd0, 0xff, 0xff, 0xff, 0xff, 0xff, 0xff, 0xd0,
    0x0, 0x0, 0x0, 0x0, 0xc, 0xd9, 0xff, 0x70,
    0x0, 0x0, 0x0, 0x0, 0xa7, 0xff, 0xac, 0x1,
    0x0, 0x0, 0x0, 0x69, 0xff, 0xdd, 0xf, 0x0,
    0x0, 0x0, 0x32, 0xf8, 0xf8, 0x32, 0x0, 0x0,
    0x0, 0xf, 0xdd, 0xff, 0x69, 0x0, 0x0, 0x0,
    0x1, 0xac, 0xff, 0xa6, 0x0, 0x0, 0x0, 0x0,
    0x70, 0xff, 0xd8, 0xc, 0x0, 0x0, 0x0, 0x0,
    0xd0, 0xff, 0xff, 0xff, 0xff, 0xff, 0xff, 0xd0,
    0xd0, 0xff, 0xff, 0xff, 0xff, 0xff, 0xff, 0xd0,

    /* U+007B "{" */
    0x0, 0x0, 0x0, 0x10, 0x84, 0xd8, 0xf9, 0x10,
    0x0, 0x0, 0x1a, 0xdd, 0xff, 0xff, 0xff, 0x10,
    0x0, 0x0, 0xa1, 0xff, 0xe8, 0x4f, 0xb, 0x0,
    0x0, 0x0, 0xe5, 0xff, 0x61, 0x0, 0x0, 0x0,
    0x0, 0x0, 0xed, 0xff, 0x5c, 0x0, 0x0, 0x0,
    0x0, 0x0, 0xc1, 0xff, 0xae, 0x0, 0x0, 0x0,
    0x0, 0x0, 0x69, 0xff, 0xfa, 0xe, 0x0, 0x0,
    0x0, 0x0, 0x13, 0xff, 0xff, 0x35, 0x0, 0x0,
    0x0, 0x0, 0xf, 0xff, 0xff, 0x2e, 0x0, 0x0,
    0x1, 0x20, 0xa9, 0xff, 0xe2, 0x4, 0x0, 0x0,
    0x70, 0xff, 0xff, 0xe1, 0x34, 0x0, 0x0, 0x0,
    0x70, 0xff, 0xff, 0xe4, 0x41, 0x0, 0x0, 0x0,
    0x1, 0x1d, 0x9c, 0xff, 0xef, 0xb, 0x0, 0x0,
    0x0, 0x0, 0x8, 0xff, 0xff, 0x36, 0x0, 0x0,
    0x0, 0x0, 0x27, 0xff, 0xff, 0x27, 0x0, 0x0,
    0x0, 0x0, 0x8e, 0xff, 0xd8, 0x1, 0x0, 0x0,
    0x0, 0x0, 0xdd, 0xff, 0x72, 0x0, 0x0, 0x0,
    0x0, 0x0, 0xee, 0xff, 0x58, 0x0, 0x0, 0x0,
    0x0, 0x0, 0xb9, 0xff, 0xde, 0x49, 0xb, 0x0,
    0x0, 0x0, 0x2c, 0xed, 0xff, 0xff, 0xff, 0x10,
    0x0, 0x0, 0x0, 0x1b, 0x92, 0xdc, 0xfa, 0x10,

    /* U+007C "|" */
    0x4, 0x20, 0x20, 0x4, 0x20, 0xff, 0xff, 0x20,
    0x20, 0xff, 0xff, 0x20, 0x20, 0xff, 0xff, 0x20,
    0x20, 0xff, 0xff, 0x20, 0x20, 0xff, 0xff, 0x20,
    0x20, 0xff, 0xff, 0x20, 0x20, 0xff, 0xff, 0x20,
    0x20, 0xff, 0xff, 0x20, 0x20, 0xff, 0xff, 0x20,
    0x20, 0xff, 0xff, 0x20, 0x20, 0xff, 0xff, 0x20,
    0x20, 0xff, 0xff, 0x20, 0x20, 0xff, 0xff, 0x20,
    0x20, 0xff, 0xff, 0x20, 0x20, 0xff, 0xff, 0x20,
    0x20, 0xff, 0xff, 0x20, 0x20, 0xff, 0xff, 0x20,
    0x20, 0xff, 0xff, 0x20, 0x20, 0xff, 0xff, 0x20,
    0x20, 0xff, 0xff, 0x20,

    /* U+007D "}" */
    0x10, 0xfa, 0xdc, 0x89, 0x13, 0x0, 0x0, 0x0,
    0x10, 0xff, 0xff, 0xff, 0xe1, 0x1d, 0x0, 0x0,
    0x0, 0x8, 0x4f, 0xe7, 0xff, 0xa5, 0x0, 0x0,
    0x0, 0x0, 0x0, 0x63, 0xff, 0xea, 0x0, 0x0,
    0x0, 0x0, 0x0, 0x5b, 0xff, 0xed, 0x0, 0x0,
    0x0, 0x0, 0x0, 0xad, 0xff, 0xc2, 0x0, 0x0,
    0x0, 0x0, 0x10, 0xfc, 0xff, 0x65, 0x0, 0x0,
    0x0, 0x0, 0x38, 0xff, 0xff, 0x10, 0x0, 0x0,
    0x0, 0x0, 0x31, 0xff, 0xff, 0x11, 0x0, 0x0,
    0x0, 0x0, 0x4, 0xe0, 0xff, 0xac, 0x24, 0x3,
    0x0, 0x0, 0x0, 0x2f, 0xdc, 0xff, 0xff, 0x70,
    0x0, 0x0, 0x0, 0x44, 0xea, 0xff, 0xff, 0x70,
    0x0, 0x0, 0xc, 0xf3, 0xff, 0x95, 0x18, 0x0,
    0x0, 0x0, 0x38, 0xff, 0xff, 0x7, 0x0, 0x0,
    0x0, 0x0, 0x29, 0xff, 0xff, 0x29, 0x0, 0x0,
    0x0, 0x0, 0x1, 0xd7, 0xff, 0x92, 0x0, 0x0,
    0x0, 0x0, 0x0, 0x6f, 0xff, 0xdd, 0x0, 0x0,
    0x0, 0x0, 0x0, 0x56, 0xff, 0xef, 0x0, 0x0,
    0x0, 0x6, 0x43, 0xdc, 0xff, 0xbc, 0x0, 0x0,
    0x10, 0xff, 0xff, 0xff, 0xed, 0x2d, 0x0, 0x0,
    0x10, 0xfc, 0xdc, 0x8d, 0x18, 0x0, 0x0, 0x0,

    /* U+007E "~" */
    0x0, 0x9, 0xac, 0xfa, 0xb6, 0xd, 0x0, 0x5b,
    0xab, 0x49, 0x0, 0x9a, 0xff, 0xff, 0xff, 0xa5,
    0x1, 0xcf, 0xff, 0x97, 0x29, 0xfe, 0xff, 0x94,
    0xff, 0xff, 0x96, 0xff, 0xfe, 0x29, 0x98, 0xff,
    0xce, 0x0, 0xa5, 0xff, 0xff, 0xff, 0x98, 0x0,
    0x46, 0xaa, 0x5b, 0x0, 0xd, 0xb6, 0xfa, 0xac,
    0x9, 0x0,

    /* U+00B0 "°" */
    0x2, 0x93, 0xf1, 0xf1, 0x93, 0x2, 0x53, 0xff,
    0xca, 0xca, 0xff, 0x53, 0x7a, 0xff, 0x1e, 0x1e,
    0xff, 0x7a, 0x53, 0xff, 0xc5, 0xc5, 0xff, 0x53,
    0x3, 0x95, 0xf2, 0xf2, 0x95, 0x3,

    /* U+2103 "℃" */
    0x0, 0x3f, 0x5f, 0x1a, 0x0, 0x0, 0x0, 0x0,
    0x0, 0x0, 0x6c, 0xfc, 0xec, 0xe9, 0x10, 0x27,
    0xb4, 0xcd, 0x72, 0x0, 0xbc, 0x7c, 0x4, 0xe9,
    0x4b, 0xdb, 0xff, 0xff, 0xff, 0x5a, 0xab, 0xb4,
    0x57, 0xf7, 0x76, 0xff, 0xd7, 0x6b, 0xff, 0xba,
    0x2f, 0xdb, 0xfb, 0xa0, 0x6a, 0xff, 0xa3, 0x2b,
    0xff, 0xe1, 0x0, 0x0, 0x0, 0x0, 0x73, 0xff,
    0x98, 0x3, 0x14, 0x12, 0x0, 0x0, 0x0, 0x0,
    0x74, 0xff, 0x98, 0x0, 0x0, 0x0, 0x0, 0x0,
    0x0, 0x0, 0x74, 0xff, 0x98, 0x0, 0x0, 0x0,
    0x0, 0x0, 0x0, 0x0, 0x74, 0xff, 0x98, 0x0,
    0x0, 0x0, 0x0, 0x0, 0x0, 0x0, 0x74, 0xff,
    0x98, 0x0, 0x0, 0x0, 0x0, 0x0, 0x0, 0x0,
    0x74, 0xff, 0x98, 0x0, 0x0, 0x0, 0x0, 0x0,
    0x0, 0x0, 0x74, 0xff, 0x98, 0x0, 0x0, 0x0,
    0x0, 0x0, 0x0, 0x0, 0x6d, 0xff, 0x9d, 0x20,
    0xcc, 0xb6, 0x0, 0x0, 0x0, 0x0, 0x50, 0xff,
    0xc2, 0x48, 0xff, 0xcb, 0x0, 0x0, 0x0, 0x0,
    0xe, 0xf4, 0xff, 0xe8, 0xff, 0x7f, 0x0, 0x0,
    0x0, 0x0, 0x0, 0x5a, 0xf5, 0xff, 0xc0, 0xc,
    0x0, 0x0, 0x0, 0x0, 0x0, 0x0, 0xa, 0x1a,
    0x0, 0x0,

    /* U+4E3B "主" */
    0x0, 0x0, 0x0, 0x0, 0x0, 0x0, 0x0, 0x0,
    0x0, 0x0, 0x0, 0x0, 0x0, 0x0, 0x0, 0x0,
    0x0, 0x0, 0x0, 0x0, 0x0, 0x0, 0x0, 0x0,
    0x0, 0x1c, 0xbc, 0xa1, 0xf, 0x0, 0x0, 0x0,
    0x0, 0x0, 0x0, 0x0, 0x0, 0x0, 0x0, 0x0,
    0x0, 0x0, 0x0, 0x1, 0xb3, 0xff, 0xff, 0xdc,
    0x2e, 0x0, 0x0, 0x0, 0x0, 0x0, 0x0, 0x0,
    0x0, 0x0, 0x0, 0x0, 0x0, 0x0, 0x0, 0x4,
    0x8f, 0xff, 0xff, 0xf4, 0x47, 0x0, 0x0, 0x0,
    0x0, 0x0, 0x0, 0x0, 0x5, 0x38, 0x38, 0x38,
    0x38, 0x38, 0x38, 0x38, 0xa2, 0xff, 0xf8, 0x72,
    0x38, 0x38, 0x38, 0x38, 0x38, 0x3, 0x0, 0x18,
    0xff, 0xff, 0xff, 0xff, 0xff, 0xff, 0xff, 0xff,
    0xff, 0xff, 0xff, 0xff, 0xff, 0xff, 0xff, 0xff,
    0xc, 0x0, 0x18, 0xff, 0xff, 0xff, 0xff, 0xff,
    0xff, 0xff, 0xff, 0xff, 0xff, 0xff, 0xff, 0xff,
    0xff, 0xff, 0xff, 0xc, 0x0, 0x3, 0x24, 0x24,
    0x24, 0x24, 0x24, 0x24, 0x69, 0xff, 0xff, 0x6c,
    0x24, 0x24, 0x24, 0x24, 0x24, 0x24, 0x2, 0x0,
    0x0, 0x0, 0x0, 0x0, 0x0, 0x0, 0x0, 0x50,
    0xff, 0xff, 0x54, 0x0, 0x0, 0x0, 0x0, 0x0,
    0x0, 0x0, 0x0, 0x0, 0x0, 0x0, 0x0, 0x0,
    0x0, 0x0, 0x50, 0xff, 0xff, 0x54, 0x0, 0x0,
    0x0, 0x0, 0x0, 0x0, 0x0, 0x0, 0x0, 0x3,
    0x5c, 0x5c, 0x5c, 0x5c, 0x5c, 0x8f, 0xff, 0xff,
    0x92, 0x5c, 0x5c, 0x5c, 0x5c, 0x5c, 0xa, 0x0,
    0x0, 0x0, 0x8, 0xff, 0xff, 0xff, 0xff, 0xff,
    0xff, 0xff, 0xff, 0xff, 0xff, 0xff, 0xff, 0xff,
    0xff, 0x1c, 0x0, 0x0, 0x0, 0x8, 0xf4, 0xf4,
    0xf4, 0xf4, 0xf4, 0xf8, 0xff, 0xff, 0xf8, 0xf4,
    0xf4, 0xf4, 0xf4, 0xf4, 0x1b, 0x0, 0x0, 0x0,
    0x0, 0x0, 0x0, 0x0, 0x0, 0x0, 0x50, 0xff,
    0xff, 0x54, 0x0, 0x0, 0x0, 0x0, 0x0, 0x0,
    0x0, 0x0, 0x0, 0x0, 0x0, 0x0, 0x0, 0x0,
    0x0, 0x50, 0xff, 0xff, 0x54, 0x0, 0x0, 0x0,
    0x0, 0x0, 0x0, 0x0, 0x0, 0x0, 0x0, 0x0,
    0x0, 0x0, 0x0, 0x0, 0x50, 0xff, 0xff, 0x54,
    0x0, 0x0, 0x0, 0x0, 0x0, 0x0, 0x0, 0x0,
    0x32, 0x34, 0x34, 0x34, 0x34, 0x34, 0x34, 0x74,
    0xff, 0xff, 0x77, 0x34, 0x34, 0x34, 0x34, 0x34,
    0x34, 0x34, 0x2, 0xf4, 0xff, 0xff, 0xff, 0xff,
    0xff, 0xff, 0xff, 0xff, 0xff, 0xff, 0xff, 0xff,
    0xff, 0xff, 0xff, 0xff, 0xff, 0xc, 0xf4, 0xff,
    0xff, 0xff, 0xff, 0xff, 0xff, 0xff, 0xff, 0xff,
    0xff, 0xff, 0xff, 0xff, 0xff, 0xff, 0xff, 0xff,
    0xc, 0x26, 0x28, 0x28, 0x28, 0x28, 0x28, 0x28,
    0x28, 0x28, 0x28, 0x28, 0x28, 0x28, 0x28, 0x28,
    0x28, 0x28, 0x28, 0x2,

    /* U+5173 "关" */
    0x0, 0x0, 0x0, 0x0, 0x23, 0x9e, 0x84, 0x0,
    0x0, 0x0, 0x0, 0x0, 0x0, 0x53, 0xcc, 0x78,
    0x1b, 0x0, 0x0, 0x0, 0x0, 0x0, 0x0, 0x0,
    0x8c, 0xff, 0xfe, 0x3f, 0x0, 0x0, 0x0, 0x0,
    0x0, 0xc1, 0xff, 0xf9, 0x25, 0x0, 0x0, 0x0,
    0x0, 0x0, 0x0, 0x0, 0x8, 0xdc, 0xff, 0xd6,
    0x3, 0x0, 0x0, 0x0, 0x3f, 0xff, 0xff, 0x83,
    0x0, 0x0, 0x0, 0x0, 0x0, 0x0, 0x0, 0x0,
    0x0, 0x57, 0xff, 0xcc, 0x17, 0x0, 0x0, 0x3,
    0xcd, 0xff, 0xd8, 0x8, 0x0, 0x0, 0x0, 0x0,
    0x0, 0x0, 0x5f, 0xf4, 0xf4, 0xf5, 0xff, 0xf5,
    0xf4, 0xf4, 0xf4, 0xf6, 0xff, 0xff, 0xfa, 0xf4,
    0xf4, 0xd6, 0x0, 0x0, 0x0, 0x0, 0x64, 0xff,
    0xff, 0xff, 0xff, 0xff, 0xff, 0xff, 0xff, 0xff,
    0xff, 0xff, 0xff, 0xff, 0xff, 0xe0, 0x0, 0x0,
    0x0, 0x0, 0x2a, 0x6c, 0x6c, 0x6c, 0x6c, 0x6c,
    0x85, 0xff, 0xff, 0xcb, 0x6c, 0x6c, 0x6c, 0x6c,
    0x6c, 0x5f, 0x0, 0x0, 0x0, 0x0, 0x0, 0x0,
    0x0, 0x0, 0x0, 0x0, 0x2c, 0xff, 0xff, 0xa4,
    0x0, 0x0, 0x0, 0x0, 0x0, 0x0, 0x0, 0x0,
    0x0, 0x0, 0x0, 0x0, 0x0, 0x0, 0x0, 0x0,
    0x2c, 0xff, 0xff, 0xa4, 0x0, 0x0, 0x0, 0x0,
    0x0, 0x0, 0x0, 0x0, 0x0, 0xa7, 0xe4, 0xe4,
    0xe4, 0xe4, 0xe4, 0xe4, 0xe9, 0xff, 0xff, 0xf6,
    0xe4, 0xe4, 0xe4, 0xe4, 0xe4, 0xe4, 0xd2, 0x0,
    0x0, 0xbc, 0xff, 0xff, 0xff, 0xff, 0xff, 0xff,
    0xff, 0xff, 0xff, 0xff, 0xff, 0xff, 0xff, 0xff,
    0xff, 0xff, 0xec, 0x0, 0x0, 0x5b, 0x7c, 0x7c,
    0x7c, 0x7c, 0x7c, 0x7c, 0xe4, 0xff, 0xff, 0xff,
    0xaa, 0x7c, 0x7c, 0x7c, 0x7c, 0x7c, 0x72, 0x0,
    0x0, 0x0, 0x0, 0x0, 0x0, 0x0, 0x0, 0x45,
    0xff, 0xff, 0xff, 0xff, 0xde, 0x16, 0x0, 0x0,
    0x0, 0x0, 0x0, 0x0, 0x0, 0x0, 0x0, 0x0,
    0x0, 0x0, 0x38, 0xef, 0xff, 0xff, 0xb6, 0xff,
    0xff, 0xd6, 0x1f, 0x0, 0x0, 0x0, 0x0, 0x0,
    0x0, 0x0, 0x0, 0x0, 0x6, 0x79, 0xf9, 0xff,
    0xff, 0xb8, 0x3, 0x8c, 0xff, 0xff, 0xef, 0x5f,
    0x2, 0x0, 0x0, 0x0, 0x0, 0x0, 0x13, 0x71,
    0xe1, 0xff, 0xff, 0xff, 0xb1, 0xa, 0x0, 0x2,
    0x9d, 0xff, 0xff, 0xff, 0xd5, 0x6a, 0x16, 0x0,
    0x12, 0xb4, 0xfa, 0xff, 0xff, 0xff, 0xf3, 0x6f,
    0x1, 0x0, 0x0, 0x0, 0x1, 0x77, 0xfa, 0xff,
    0xff, 0xff, 0xff, 0x49, 0x0, 0x6f, 0xff, 0xff,
    0xf1, 0x8c, 0x17, 0x0, 0x0, 0x0, 0x0, 0x0,
    0x0, 0x0, 0x2b, 0xaf, 0xfe, 0xff, 0x9f, 0x0,
    0x0, 0x0, 0x7e, 0x5a, 0xa, 0x0, 0x0, 0x0,
    0x0, 0x0, 0x0, 0x0, 0x0, 0x0, 0x0, 0x0,
    0x21, 0x77, 0x11, 0x0,

    /* U+51C6 "准" */
    0x0, 0x0, 0x0, 0x0, 0x0, 0x0, 0x0, 0x0,
    0x49, 0x6c, 0x29, 0x0, 0xf, 0x78, 0x3a, 0x0,
    0x0, 0x0, 0x0, 0x0, 0x9, 0x67, 0xcf, 0x28,
    0x0, 0x0, 0x0, 0x0, 0xc7, 0xff, 0xa1, 0x0,
    0xc4, 0xff, 0xd8, 0x6, 0x0, 0x0, 0x0, 0x0,
    0x12, 0xee, 0xff, 0xb9, 0x0, 0x0, 0x0, 0x33,
    0xff, 0xff, 0x42, 0x0, 0x43, 0xff, 0xff, 0x6f,
    0x0, 0x0, 0x0, 0x0, 0x0, 0x71, 0xff, 0xff,
    0x4a, 0x0, 0x0, 0xb0, 0xff, 0xef, 0x4d, 0x4c,
    0x4c, 0xde, 0xfa, 0x8c, 0x4c, 0x4c, 0x4c, 0x5,
    0x0, 0x7, 0xe1, 0xff, 0xd5, 0x2, 0x40, 0xff,
    0xff, 0xff, 0xff, 0xff, 0xff, 0xff, 0xff, 0xff,
    0xff, 0xff, 0xff, 0x10, 0x0, 0x0, 0x66, 0xff,
    0xff, 0x49, 0xdb, 0xff, 0xff, 0xc9, 0xbc, 0xbc,
    0xcc, 0xff, 0xff, 0xc5, 0xbc, 0xbc, 0xbc, 0xc,
    0x0, 0x0, 0x8, 0x7d, 0x22, 0xa0, 0xff, 0xff,
    0xff, 0x30, 0x0, 0x0, 0x3c, 0xff, 0xff, 0x20,
    0x0, 0x0, 0x0, 0x0, 0x0, 0x0, 0x0, 0x1,
    0x89, 0xff, 0xff, 0xff, 0xff, 0xd3, 0xc8, 0xc8,
    0xd5, 0xff, 0xff, 0xcf, 0xc8, 0xc8, 0x8a, 0x0,
    0x0, 0x0, 0x0, 0x4, 0xa5, 0xff, 0xb6, 0xff,
    0xff, 0xff, 0xff, 0xff, 0xff, 0xff, 0xff, 0xff,
    0xff, 0xff, 0xb0, 0x0, 0x0, 0x0, 0x0, 0x13,
    0x6, 0x86, 0x17, 0xff, 0xff, 0x6b, 0x48, 0x48,
    0x73, 0xff, 0xff, 0x5f, 0x48, 0x48, 0x32, 0x0,
    0x0, 0x0, 0x0, 0xa2, 0xd4, 0x51, 0xc, 0xff,
    0xff, 0x30, 0x0, 0x0, 0x3c, 0xff, 0xff, 0x20,
    0x0, 0x0, 0x0, 0x0, 0x0, 0x0, 0xd, 0xf4,
    0xff, 0x9f, 0xc, 0xff, 0xff, 0xe3, 0xdc, 0xdc,
    0xe4, 0xff, 0xff, 0xe1, 0xdc, 0xdc, 0x90, 0x0,
    0x0, 0x0, 0x66, 0xff, 0xff, 0x41, 0xc, 0xff,
    0xff, 0xff, 0xff, 0xff, 0xff, 0xff, 0xff, 0xff,
    0xff, 0xff, 0xa8, 0x0, 0x0, 0x0, 0xcf, 0xff,
    0xe2, 0x2, 0xc, 0xff, 0xff, 0x5a, 0x34, 0x34,
    0x64, 0xff, 0xff, 0x4e, 0x34, 0x34, 0x22, 0x0,
    0x0, 0x3e, 0xff, 0xff, 0x87, 0x0, 0xc, 0xff,
    0xff, 0x30, 0x0, 0x0, 0x3c, 0xff, 0xff, 0x20,
    0x0, 0x0, 0x0, 0x0, 0x0, 0xb3, 0xff, 0xff,
    0x26, 0x0, 0xc, 0xff, 0xff, 0xe3, 0xdc, 0xdc,
    0xe4, 0xff, 0xff, 0xe1, 0xdc, 0xdc, 0xdc, 0x53,
    0x1d, 0xf9, 0xff, 0xbf, 0x0, 0x0, 0xc, 0xff,
    0xff, 0xff, 0xff, 0xff, 0xff, 0xff, 0xff, 0xff,
    0xff, 0xff, 0xff, 0x60, 0x0, 0x17, 0x7c, 0x4a,
    0x0, 0x0, 0xc, 0xff, 0xff, 0x6b, 0x48, 0x48,
    0x48, 0x48, 0x48, 0x48, 0x48, 0x48, 0x48, 0x1b,
    0x0, 0x0, 0x0, 0x0, 0x0, 0x0, 0xc, 0xff,
    0xff, 0x30, 0x0, 0x0, 0x0, 0x0, 0x0, 0x0,
    0x0, 0x0, 0x0, 0x0,

    /* U+529F "功" */
    0x0, 0x0, 0x0, 0x0, 0x0, 0x0, 0x0, 0x0,
    0x0, 0x0, 0x0, 0x68, 0xff, 0xff, 0xb, 0x0,
    0x0, 0x0, 0x0, 0x2, 0x1c, 0x1c, 0x1c, 0x1c,
    0x1c, 0x1c, 0x1c, 0xe, 0x0, 0x0, 0x68, 0xff,
    0xff, 0x8, 0x0, 0x0, 0x0, 0x0, 0x10, 0xff,
    0xff, 0xff, 0xff, 0xff, 0xff, 0xff, 0x80, 0x0,
    0x0, 0x6c, 0xff, 0xff, 0x4, 0x0, 0x0, 0x0,
    0x0, 0x10, 0xff, 0xff, 0xff, 0xff, 0xff, 0xff,
    0xff, 0x80, 0x0, 0x0, 0x6c, 0xff, 0xff, 0x1,
    0x0, 0x0, 0x0, 0x0, 0x4, 0x3c, 0x3c, 0x95,
    0xff, 0xf1, 0x3c, 0x3c, 0x53, 0xf4, 0xf4, 0xf9,
    0xff, 0xff, 0xf4, 0xf4, 0xf4, 0xf4, 0xf4, 0x0,
    0x0, 0x0, 0x74, 0xff, 0xec, 0x0, 0x0, 0x38,
    0xff, 0xff, 0xff, 0xff, 0xff, 0xff, 0xff, 0xff,
    0xff, 0xfa, 0x0, 0x0, 0x0, 0x74, 0xff, 0xec,
    0x0, 0x0, 0x13, 0x58, 0x58, 0xb2, 0xff, 0xec,
    0x58, 0x58, 0xa1, 0xff, 0xf2, 0x0, 0x0, 0x0,
    0x74, 0xff, 0xec, 0x0, 0x0, 0x0, 0x0, 0x0,
    0x9b, 0xff, 0xd1, 0x0, 0x0, 0x74, 0xff, 0xec,
    0x0, 0x0, 0x0, 0x74, 0xff, 0xec, 0x0, 0x0,
    0x0, 0x0, 0x0, 0xb6, 0xff, 0xb4, 0x0, 0x0,
    0x7c, 0xff, 0xe3, 0x0, 0x0, 0x0, 0x74, 0xff,
    0xec, 0x0, 0x0, 0x0, 0x0, 0x0, 0xdb, 0xff,
    0x92, 0x0, 0x0, 0x84, 0xff, 0xd9, 0x0, 0x0,
    0x0, 0x74, 0xff, 0xec, 0x0, 0x0, 0x0, 0x0,
    0xe, 0xfe, 0xff, 0x67, 0x0, 0x0, 0x8e, 0xff,
    0xcf, 0x0, 0x0, 0x0, 0x74, 0xff, 0xf1, 0x67,
    0xae, 0xb5, 0x0, 0x4c, 0xff, 0xff, 0x33, 0x0,
    0x0, 0x9a, 0xff, 0xc2, 0x0, 0x17, 0x54, 0xbd,
    0xff, 0xff, 0xff, 0xff, 0xe4, 0x0, 0xa3, 0xff,
    0xed, 0x3, 0x0, 0x0, 0xaa, 0xff, 0xb6, 0x3c,
    0xff, 0xff, 0xff, 0xff, 0xff, 0xff, 0xdf, 0x8d,
    0x1c, 0xf8, 0xff, 0x9c, 0x0, 0x0, 0x0, 0xbc,
    0xff, 0xa4, 0xd, 0xfd, 0xff, 0xff, 0xcd, 0x7e,
    0x2e, 0x0, 0x0, 0xaa, 0xff, 0xff, 0x31, 0x0,
    0x0, 0x0, 0xd8, 0xff, 0x8e, 0x0, 0x90, 0x66,
    0x1b, 0x0, 0x0, 0x0, 0x0, 0x72, 0xff, 0xff,
    0xaa, 0x0, 0x0, 0x0, 0x8, 0xf9, 0xff, 0x72,
    0x0, 0x0, 0x0, 0x0, 0x0, 0x0, 0x4, 0x85,
    0xff, 0xff, 0xe8, 0x17, 0x2b, 0x54, 0x4d, 0x8e,
    0xff, 0xff, 0x47, 0x0, 0x0, 0x0, 0x0, 0x0,
    0x0, 0x5f, 0xff, 0xff, 0xf0, 0x34, 0x0, 0x2e,
    0xff, 0xff, 0xff, 0xff, 0xe8, 0x9, 0x0, 0x0,
    0x0, 0x0, 0x0, 0x0, 0x0, 0x90, 0xda, 0x2c,
    0x0, 0x0, 0x0, 0xe6, 0xff, 0xf9, 0xc8, 0x37,
    0x0, 0x0, 0x0, 0x0, 0x0, 0x0, 0x0, 0x0,
    0x6, 0xb, 0x0, 0x0, 0x0, 0x0, 0x0, 0x0,
    0x0, 0x0, 0x0, 0x0,

    /* U+52A8 "动" */
    0x0, 0x0, 0x0, 0x0, 0x0, 0x0, 0x0, 0x0,
    0x0, 0x0, 0x0, 0x0, 0xa8, 0xff, 0xb8, 0x0,
    0x0, 0x0, 0x0, 0x0, 0x0, 0x16, 0x38, 0x38,
    0x38, 0x38, 0x38, 0x38, 0x38, 0x1b, 0x0, 0x0,
    0xac, 0xff, 0xb4, 0x0, 0x0, 0x0, 0x0, 0x0,
    0x0, 0x64, 0xff, 0xff, 0xff, 0xff, 0xff, 0xff,
    0xff, 0x7c, 0x0, 0x0, 0xac, 0xff, 0xb4, 0x0,
    0x0, 0x0, 0x0, 0x0, 0x0, 0x58, 0xe0, 0xe0,
    0xe0, 0xe0, 0xe0, 0xe0, 0xe0, 0x6d, 0x0, 0x0,
    0xaf, 0xff, 0xb1, 0x0, 0x0, 0x0, 0x0, 0x0,
    0x0, 0x0, 0x0, 0x0, 0x0, 0x0, 0x0, 0x0,
    0x0, 0x0, 0x7d, 0x88, 0xda, 0xff, 0xdb, 0x88,
    0x88, 0x88, 0x88, 0x6, 0x0, 0x0, 0x0, 0x0,
    0x0, 0x0, 0x0, 0x0, 0x0, 0x0, 0xec, 0xff,
    0xff, 0xff, 0xff, 0xff, 0xff, 0xff, 0xff, 0x4,
    0xb, 0xf4, 0xf4, 0xf4, 0xf4, 0xf4, 0xf4, 0xf4,
    0xf4, 0xce, 0x76, 0x80, 0xe3, 0xff, 0xc9, 0x80,
    0xad, 0xff, 0xfe, 0x0, 0xc, 0xff, 0xff, 0xff,
    0xff, 0xff, 0xff, 0xff, 0xff, 0xd8, 0x0, 0x0,
    0xd2, 0xff, 0x86, 0x0, 0x5e, 0xff, 0xf6, 0x0,
    0x3, 0x38, 0x38, 0xb9, 0xff, 0xd5, 0x38, 0x38,
    0x38, 0x2f, 0x0, 0x0, 0xe5, 0xff, 0x72, 0x0,
    0x66, 0xff, 0xf0, 0x0, 0x0, 0x0, 0x0, 0xd7,
    0xff, 0x90, 0x0, 0x15, 0x3c, 0x0, 0x0, 0x4,
    0xfc, 0xff, 0x58, 0x0, 0x6e, 0xff, 0xe8, 0x0,
    0x0, 0x0, 0x17, 0xff, 0xff, 0x47, 0x22, 0xfe,
    0xf4, 0xc, 0x0, 0x22, 0xff, 0xff, 0x37, 0x0,
    0x78, 0xff, 0xe0, 0x0, 0x0, 0x0, 0x5d, 0xff,
    0xf3, 0x7, 0x0, 0xcf, 0xff, 0x5f, 0x0, 0x4e,
    0xff, 0xff, 0x11, 0x0, 0x83, 0xff, 0xd5, 0x0,
    0x0, 0x0, 0xaa, 0xff, 0xa7, 0x0, 0x0, 0x8b,
    0xff, 0xb6, 0x0, 0x88, 0xff, 0xe1, 0x0, 0x0,
    0x92, 0xff, 0xca, 0x0, 0x0, 0x13, 0xf6, 0xff,
    0x9f, 0xa0, 0xe2, 0xff, 0xff, 0xfa, 0x10, 0xd5,
    0xff, 0xa3, 0x0, 0x0, 0xa2, 0xff, 0xba, 0x0,
    0x0, 0x9c, 0xff, 0xff, 0xff, 0xff, 0xff, 0xff,
    0xff, 0xff, 0x8f, 0xff, 0xff, 0x56, 0x0, 0x0,
    0xba, 0xff, 0xa9, 0x0, 0x0, 0xb1, 0xff, 0xff,
    0xfd, 0xc5, 0x7c, 0x34, 0x9c, 0xa8, 0xe8, 0xff,
    0xf1, 0xa, 0x0, 0x0, 0xe0, 0xff, 0x90, 0x0,
    0x0, 0x5e, 0xba, 0x5d, 0x13, 0x0, 0x0, 0x0,
    0x0, 0x64, 0xff, 0xff, 0x8c, 0x55, 0x4a, 0x6e,
    0xff, 0xff, 0x68, 0x0, 0x0, 0x1, 0x0, 0x0,
    0x0, 0x0, 0x0, 0x0, 0x5, 0xd0, 0xff, 0xe7,
    0xf, 0xc1, 0xff, 0xff, 0xff, 0xfa, 0x20, 0x0,
    0x0, 0x0, 0x0, 0x0, 0x0, 0x0, 0x0, 0x0,
    0x0, 0x14, 0xd6, 0x44, 0x0, 0x79, 0xfd, 0xfb,
    0xd5, 0x53, 0x0, 0x0, 0x0, 0x0, 0x0, 0x0,
    0x0, 0x0, 0x0, 0x0, 0x0, 0x0, 0xa, 0x0,
    0x0, 0x0, 0x0, 0x0, 0x0, 0x0, 0x0, 0x0,

    /* U+538B "压" */
    0x0, 0x0, 0xec, 0xff, 0xff, 0xff, 0xff, 0xff,
    0xff, 0xff, 0xff, 0xff, 0xff, 0xff, 0xff, 0xff,
    0xff, 0xff, 0xff, 0x24, 0x0, 0x0, 0xec, 0xff,
    0xff, 0xff, 0xff, 0xff, 0xff, 0xff, 0xff, 0xff,
    0xff, 0xff, 0xff, 0xff, 0xff, 0xff, 0xff, 0x24,
    0x0, 0x0, 0xec, 0xff, 0x8d, 0x4c, 0x4c, 0x4c,
    0x4c, 0x4c, 0x5e, 0x60, 0x57, 0x4c, 0x4c, 0x4c,
    0x4c, 0x4c, 0x4c, 0xb, 0x0, 0x0, 0xec, 0xff,
    0x5c, 0x0, 0x0, 0x0, 0x0, 0x0, 0xec, 0xff,
    0x8c, 0x0, 0x0, 0x0, 0x0, 0x0, 0x0, 0x0,
    0x0, 0x0, 0xec, 0xff, 0x5c, 0x0, 0x0, 0x0,
    0x0, 0x0, 0xec, 0xff, 0x8c, 0x0, 0x0, 0x0,
    0x0, 0x0, 0x0, 0x0, 0x0, 0x0, 0xec, 0xff,
    0x5c, 0x0, 0x0, 0x0, 0x0, 0x0, 0xec, 0xff,
    0x8c, 0x0, 0x0, 0x0, 0x0, 0x0, 0x0, 0x0,
    0x0, 0x0, 0xec, 0xff, 0x5c, 0x46, 0x54, 0x54,
    0x54, 0x54, 0xf3, 0xff, 0xb2, 0x54, 0x54, 0x54,
    0x54, 0x54, 0xd, 0x0, 0x0, 0x0, 0xef, 0xff,
    0x58, 0xd4, 0xff, 0xff, 0xff, 0xff, 0xff, 0xff,
    0xff, 0xff, 0xff, 0xff, 0xff, 0xff, 0x28, 0x0,
    0x0, 0x0, 0xf6, 0xff, 0x50, 0xca, 0xf4, 0xf4,
    0xf4, 0xf4, 0xff, 0xff, 0xfb, 0xf4, 0xf4, 0xf4,
    0xf4, 0xf4, 0x26, 0x0, 0x0, 0x3, 0xff, 0xff,
    0x46, 0x0, 0x0, 0x0, 0x0, 0x0, 0xec, 0xff,
    0x8c, 0x0, 0x13, 0x1a, 0x0, 0x0, 0x0, 0x0,
    0x0, 0x13, 0xff, 0xff, 0x31, 0x0, 0x0, 0x0,
    0x0, 0x0, 0xec, 0xff, 0x8c, 0x3f, 0xe9, 0xe8,
    0x33, 0x0, 0x0, 0x0, 0x0, 0x2e, 0xff, 0xff,
    0x18, 0x0, 0x0, 0x0, 0x0, 0x0, 0xec, 0xff,
    0x8c, 0x10, 0xc2, 0xff, 0xf2, 0x37, 0x0, 0x0,
    0x0, 0x54, 0xff, 0xf5, 0x1, 0x0, 0x0, 0x0,
    0x0, 0x0, 0xec, 0xff, 0x8c, 0x0, 0xb, 0xca,
    0xff, 0xc4, 0x0, 0x0, 0x0, 0x86, 0xff, 0xcc,
    0x0, 0x0, 0x0, 0x0, 0x0, 0x0, 0xec, 0xff,
    0x8c, 0x0, 0x0, 0x18, 0x9d, 0xf, 0x0, 0x0,
    0x0, 0xca, 0xff, 0x96, 0x34, 0x34, 0x34, 0x34,
    0x34, 0x34, 0xf0, 0xff, 0xa4, 0x34, 0x34, 0x34,
    0x34, 0x34, 0x2f, 0x0, 0x24, 0xff, 0xff, 0x60,
    0xff, 0xff, 0xff, 0xff, 0xff, 0xff, 0xff, 0xff,
    0xff, 0xff, 0xff, 0xff, 0xff, 0xff, 0xe8, 0x0,
    0x55, 0xfa, 0xf3, 0x17, 0xff, 0xff, 0xff, 0xff,
    0xff, 0xff, 0xff, 0xff, 0xff, 0xff, 0xff, 0xff,
    0xff, 0xff, 0xe8, 0x0, 0x0, 0x32, 0x71, 0x1,
    0x14, 0x14, 0x14, 0x14, 0x14, 0x14, 0x14, 0x14,
    0x14, 0x14, 0x14, 0x14, 0x14, 0x14, 0x12, 0x0,

    /* U+53E3 "口" */
    0xb, 0xc, 0xc, 0xc, 0xc, 0xc, 0xc, 0xc,
    0xc, 0xc, 0xc, 0xc, 0xc, 0xc, 0xc, 0xb,
    0xec, 0xff, 0xff, 0xff, 0xff, 0xff, 0xff, 0xff,
    0xff, 0xff, 0xff, 0xff, 0xff, 0xff, 0xff, 0xec,
    0xec, 0xff, 0xff, 0xff, 0xff, 0xff, 0xff, 0xff,
    0xff, 0xff, 0xff, 0xff, 0xff, 0xff, 0xff, 0xec,
    0xec, 0xff, 0xc0, 0x68, 0x68, 0x68, 0x68, 0x68,
    0x68, 0x68, 0x68, 0x68, 0x68, 0xd3, 0xff, 0xec,
    0xec, 0xff, 0x94, 0x0, 0x0, 0x0, 0x0, 0x0,
    0x0, 0x0, 0x0, 0x0, 0x0, 0xb4, 0xff, 0xec,
    0xec, 0xff, 0x94, 0x0, 0x0, 0x0, 0x0, 0x0,
    0x0, 0x0, 0x0, 0x0, 0x0, 0xb4, 0xff, 0xec,
    0xec, 0xff, 0x94, 0x0, 0x0, 0x0, 0x0, 0x0,
    0x0, 0x0, 0x0, 0x0, 0x0, 0xb4, 0xff, 0xec,
    0xec, 0xff, 0x94, 0x0, 0x0, 0x0, 0x0, 0x0,
    0x0, 0x0, 0x0, 0x0, 0x0, 0xb4, 0xff, 0xec,
    0xec, 0xff, 0x94, 0x0, 0x0, 0x0, 0x0, 0x0,
    0x0, 0x0, 0x0, 0x0, 0x0, 0xb4, 0xff, 0xec,
    0xec, 0xff, 0x94, 0x0, 0x0, 0x0, 0x0, 0x0,
    0x0, 0x0, 0x0, 0x0, 0x0, 0xb4, 0xff, 0xec,
    0xec, 0xff, 0x94, 0x0, 0x0, 0x0, 0x0, 0x0,
    0x0, 0x0, 0x0, 0x0, 0x0, 0xb4, 0xff, 0xec,
    0xec, 0xff, 0x94, 0x0, 0x0, 0x0, 0x0, 0x0,
    0x0, 0x0, 0x0, 0x0, 0x0, 0xb4, 0xff, 0xec,
    0xec, 0xff, 0x94, 0x0, 0x0, 0x0, 0x0, 0x0,
    0x0, 0x0, 0x0, 0x0, 0x0, 0xb4, 0xff, 0xec,
    0xec, 0xff, 0xcc, 0x84, 0x84, 0x84, 0x84, 0x84,
    0x84, 0x84, 0x84, 0x84, 0x84, 0xdb, 0xff, 0xec,
    0xec, 0xff, 0xff, 0xff, 0xff, 0xff, 0xff, 0xff,
    0xff, 0xff, 0xff, 0xff, 0xff, 0xff, 0xff, 0xec,
    0xec, 0xff, 0xfb, 0xf4, 0xf4, 0xf4, 0xf4, 0xf4,
    0xf4, 0xf4, 0xf4, 0xf4, 0xf4, 0xfc, 0xff, 0xec,
    0xec, 0xff, 0x94, 0x0, 0x0, 0x0, 0x0, 0x0,
    0x0, 0x0, 0x0, 0x0, 0x0, 0xb4, 0xff, 0xec,
    0xec, 0xff, 0x94, 0x0, 0x0, 0x0, 0x0, 0x0,
    0x0, 0x0, 0x0, 0x0, 0x0, 0xb4, 0xff, 0xec,
    0xb, 0xc, 0x7, 0x0, 0x0, 0x0, 0x0, 0x0,
    0x0, 0x0, 0x0, 0x0, 0x0, 0x0, 0x0, 0x0,

    /* U+540C "同" */
    0x6c, 0xff, 0xff, 0xff, 0xff, 0xff, 0xff, 0xff,
    0xff, 0xff, 0xff, 0xff, 0xff, 0xff, 0xff, 0xff,
    0xff, 0x70, 0x6c, 0xff, 0xff, 0xff, 0xff, 0xff,
    0xff, 0xff, 0xff, 0xff, 0xff, 0xff, 0xff, 0xff,
    0xff, 0xff, 0xff, 0x70, 0x6c, 0xff, 0xf1, 0x44,
    0x44, 0x44, 0x44, 0x44, 0x44, 0x44, 0x44, 0x44,
    0x44, 0x44, 0x44, 0xf1, 0xff, 0x70, 0x6c, 0xff,
    0xec, 0x0, 0x22, 0x24, 0x24, 0x24, 0x24, 0x24,
    0x24, 0x24, 0x24, 0x24, 0x3, 0xec, 0xff, 0x70,
    0x6c, 0xff, 0xec, 0x0, 0xf0, 0xff, 0xff, 0xff,
    0xff, 0xff, 0xff, 0xff, 0xff, 0xff, 0x14, 0xec,
    0xff, 0x70, 0x6c, 0xff, 0xec, 0x0, 0xd2, 0xe0,
    0xe0, 0xe0, 0xe0, 0xe0, 0xe0, 0xe0, 0xe0, 0xe0,
    0x12, 0xec, 0xff, 0x70, 0x6c, 0xff, 0xec, 0x0,
    0x0, 0x0, 0x0, 0x0, 0x0, 0x0, 0x0, 0x0,
    0x0, 0x0, 0x0, 0xec, 0xff, 0x70, 0x6c, 0xff,
    0xec, 0x0, 0x0, 0xec, 0xec, 0xec, 0xec, 0xec,
    0xec, 0xec, 0xec, 0x29, 0x0, 0xec, 0xff, 0x70,
    0x6c, 0xff, 0xec, 0x0, 0x0, 0xff, 0xff, 0xff,
    0xff, 0xff, 0xff, 0xff, 0xff, 0x2c, 0x0, 0xec,
    0xff, 0x70, 0x6c, 0xff, 0xec, 0x0, 0x0, 0xff,
    0xff, 0x3e, 0xc, 0xc, 0x17, 0xff, 0xff, 0x2c,
    0x0, 0xec, 0xff, 0x70, 0x6c, 0xff, 0xec, 0x0,
    0x0, 0xff, 0xff, 0x34, 0x0, 0x0, 0xc, 0xff,
    0xff, 0x2c, 0x0, 0xec, 0xff, 0x70, 0x6c, 0xff,
    0xec, 0x0, 0x0, 0xff, 0xff, 0x3e, 0xc, 0xc,
    0x17, 0xff, 0xff, 0x2c, 0x0, 0xec, 0xff, 0x70,
    0x6c, 0xff, 0xec, 0x0, 0x0, 0xff, 0xff, 0xff,
    0xff, 0xff, 0xff, 0xff, 0xff, 0x2c, 0x0, 0xec,
    0xff, 0x70, 0x6c, 0xff, 0xec, 0x0, 0x0, 0xff,
    0xff, 0xf3, 0xf0, 0xf0, 0xf0, 0xf0, 0xf0, 0x29,
    0x0, 0xec, 0xff, 0x70, 0x6c, 0xff, 0xec, 0x0,
    0x0, 0xff, 0xff, 0x34, 0x0, 0x0, 0x0, 0x0,
    0x0, 0x0, 0x0, 0xec, 0xff, 0x70, 0x6c, 0xff,
    0xec, 0x0, 0x0, 0x28, 0x28, 0x8, 0x0, 0x0,
    0x0, 0x0, 0x3e, 0x54, 0x57, 0xf8, 0xff, 0x6d,
    0x6c, 0xff, 0xec, 0x0, 0x0, 0x0, 0x0, 0x0,
    0x0, 0x0, 0x0, 0x0, 0x64, 0xff, 0xff, 0xff,
    0xff, 0x42, 0x6a, 0xfc, 0xe8, 0x0, 0x0, 0x0,
    0x0, 0x0, 0x0, 0x0, 0x0, 0x0, 0x15, 0xfb,
    0xf5, 0xd8, 0x7b, 0x1,

    /* U+542F "启" */
    0x0, 0x0, 0x0, 0x0, 0x0, 0x0, 0x0, 0x0,
    0x0, 0x0, 0x0, 0x0, 0x0, 0x0, 0x0, 0x0,
    0x0, 0x0, 0x0, 0x0, 0x0, 0x0, 0x0, 0x0,
    0x0, 0x0, 0x0, 0x3c, 0xb0, 0xe8, 0x1e, 0x0,
    0x0, 0x0, 0x0, 0x0, 0x0, 0x0, 0x0, 0x0,
    0x0, 0x0, 0x0, 0x0, 0x0, 0x0, 0x27, 0xff,
    0xff, 0x8e, 0x0, 0x0, 0x0, 0x0, 0x0, 0x0,
    0x0, 0x0, 0x0, 0x0, 0x44, 0x44, 0x44, 0x44,
    0x44, 0x44, 0xd8, 0xff, 0xf0, 0x45, 0x44, 0x44,
    0x44, 0x44, 0x3f, 0x0, 0x0, 0x0, 0x0, 0xff,
    0xff, 0xff, 0xff, 0xff, 0xff, 0xff, 0xff, 0xff,
    0xff, 0xff, 0xff, 0xff, 0xff, 0xec, 0x0, 0x0,
    0x0, 0x0, 0xff, 0xff, 0xf9, 0xf4, 0xf4, 0xf4,
    0xf4, 0xf4, 0xf4, 0xf4, 0xf4, 0xf4, 0xfa, 0xff,
    0xec, 0x0, 0x0, 0x0, 0x0, 0xff, 0xff, 0x74,
    0x0, 0x0, 0x0, 0x0, 0x0, 0x0, 0x0, 0x0,
    0x0, 0x80, 0xff, 0xec, 0x0, 0x0, 0x0, 0x0,
    0xff, 0xff, 0x88, 0x24, 0x24, 0x24, 0x24, 0x24,
    0x24, 0x24, 0x24, 0x24, 0x92, 0xff, 0xec, 0x0,
    0x0, 0x0, 0x0, 0xff, 0xff, 0xff, 0xff, 0xff,
    0xff, 0xff, 0xff, 0xff, 0xff, 0xff, 0xff, 0xff,
    0xff, 0xec, 0x0, 0x0, 0x0, 0x2, 0xff, 0xff,
    0xff, 0xff, 0xff, 0xff, 0xff, 0xff, 0xff, 0xff,
    0xff, 0xff, 0xff, 0xff, 0xec, 0x0, 0x0, 0x0,
    0x9, 0xff, 0xff, 0x75, 0x14, 0x14, 0x14, 0x14,
    0x14, 0x14, 0x14, 0x14, 0x14, 0x14, 0x14, 0x12,
    0x0, 0x0, 0x0, 0x18, 0xff, 0xff, 0x63, 0x40,
    0x40, 0x40, 0x40, 0x40, 0x40, 0x40, 0x40, 0x40,
    0x40, 0x40, 0x40, 0x18, 0x0, 0x0, 0x30, 0xff,
    0xff, 0x69, 0xff, 0xff, 0xff, 0xff, 0xff, 0xff,
    0xff, 0xff, 0xff, 0xff, 0xff, 0xff, 0x60, 0x0,
    0x0, 0x57, 0xff, 0xff, 0x49, 0xff, 0xff, 0xf7,
    0xf4, 0xf4, 0xf4, 0xf4, 0xf4, 0xf4, 0xf5, 0xff,
    0xff, 0x60, 0x0, 0x0, 0x8c, 0xff, 0xf7, 0x29,
    0xff, 0xff, 0x38, 0x0, 0x0, 0x0, 0x0, 0x0,
    0x0, 0x10, 0xff, 0xff, 0x60, 0x0, 0x0, 0xd5,
    0xff, 0xc5, 0x24, 0xff, 0xff, 0x38, 0x0, 0x0,
    0x0, 0x0, 0x0, 0x0, 0x10, 0xff, 0xff, 0x60,
    0x0, 0x34, 0xff, 0xff, 0x7f, 0x24, 0xff, 0xff,
    0x73, 0x4c, 0x4c, 0x4c, 0x4c, 0x4c, 0x4c, 0x57,
    0xff, 0xff, 0x60, 0x0, 0xb8, 0xff, 0xff, 0x28,
    0x24, 0xff, 0xff, 0xff, 0xff, 0xff, 0xff, 0xff,
    0xff, 0xff, 0xff, 0xff, 0xff, 0x60, 0x21, 0xee,
    0xff, 0xbb, 0x0, 0x24, 0xff, 0xff, 0xe7, 0xe0,
    0xe0, 0xe0, 0xe0, 0xe0, 0xe0, 0xe2, 0xff, 0xff,
    0x60, 0x0, 0x2a, 0xe1, 0x2d, 0x0, 0x24, 0xff,
    0xff, 0x38, 0x0, 0x0, 0x0, 0x0, 0x0, 0x0,
    0x10, 0xff, 0xff, 0x60, 0x0, 0x0, 0xb, 0x0,
    0x0, 0x0, 0x0, 0x0, 0x0, 0x0, 0x0, 0x0,
    0x0, 0x0, 0x0, 0x0, 0x0, 0x0, 0x0,

    /* U+56DE "回" */
    0x94, 0xff, 0xff, 0xff, 0xff, 0xff, 0xff, 0xff,
    0xff, 0xff, 0xff, 0xff, 0xff, 0xff, 0xff, 0xff,
    0xff, 0x98, 0x94, 0xff, 0xff, 0xff, 0xff, 0xff,
    0xff, 0xff, 0xff, 0xff, 0xff, 0xff, 0xff, 0xff,
    0xff, 0xff, 0xff, 0x98, 0x94, 0xff, 0xf5, 0x74,
    0x74, 0x74, 0x74, 0x74, 0x74, 0x74, 0x74, 0x74,
    0x74, 0x74, 0x76, 0xff, 0xff, 0x98, 0x94, 0xff,
    0xec, 0x0, 0x0, 0x0, 0x0, 0x0, 0x0, 0x0,
    0x0, 0x0, 0x0, 0x0, 0x4, 0xff, 0xff, 0x98,
    0x94, 0xff, 0xec, 0x0, 0xc, 0x4c, 0x4c, 0x4c,
    0x4c, 0x4c, 0x4c, 0x4c, 0x4c, 0x4, 0x4, 0xff,
    0xff, 0x98, 0x94, 0xff, 0xec, 0x0, 0x28, 0xff,
    0xff, 0xff, 0xff, 0xff, 0xff, 0xff, 0xff, 0xc,
    0x4, 0xff, 0xff, 0x98, 0x94, 0xff, 0xec, 0x0,
    0x28, 0xff, 0xff, 0xd1, 0xcc, 0xcc, 0xe0, 0xff,
    0xff, 0xc, 0x4, 0xff, 0xff, 0x98, 0x94, 0xff,
    0xec, 0x0, 0x28, 0xff, 0xff, 0x18, 0x0, 0x0,
    0x60, 0xff, 0xff, 0xc, 0x4, 0xff, 0xff, 0x98,
    0x94, 0xff, 0xec, 0x0, 0x28, 0xff, 0xff, 0x18,
    0x0, 0x0, 0x60, 0xff, 0xff, 0xc, 0x4, 0xff,
    0xff, 0x98, 0x94, 0xff, 0xec, 0x0, 0x28, 0xff,
    0xff, 0x18, 0x0, 0x0, 0x60, 0xff, 0xff, 0xc,
    0x4, 0xff, 0xff, 0x98, 0x94, 0xff, 0xec, 0x0,
    0x28, 0xff, 0xff, 0xf5, 0xf4, 0xf4, 0xf9, 0xff,
    0xff, 0xc, 0x4, 0xff, 0xff, 0x98, 0x94, 0xff,
    0xec, 0x0, 0x28, 0xff, 0xff, 0xff, 0xff, 0xff,
    0xff, 0xff, 0xff, 0xc, 0x4, 0xff, 0xff, 0x98,
    0x94, 0xff, 0xec, 0x0, 0x5, 0x20, 0x20, 0x20,
    0x20, 0x20, 0x20, 0x20, 0x20, 0x2, 0x4, 0xff,
    0xff, 0x98, 0x94, 0xff, 0xec, 0x0, 0x0, 0x0,
    0x0, 0x0, 0x0, 0x0, 0x0, 0x0, 0x0, 0x0,
    0x4, 0xff, 0xff, 0x98, 0x94, 0xff, 0xf3, 0x54,
    0x54, 0x54, 0x54, 0x54, 0x54, 0x54, 0x54, 0x54,
    0x54, 0x54, 0x57, 0xff, 0xff, 0x98, 0x94, 0xff,
    0xff, 0xff, 0xff, 0xff, 0xff, 0xff, 0xff, 0xff,
    0xff, 0xff, 0xff, 0xff, 0xff, 0xff, 0xff, 0x98,
    0x94, 0xff, 0xfe, 0xec, 0xec, 0xec, 0xec, 0xec,
    0xec, 0xec, 0xec, 0xec, 0xec, 0xec, 0xec, 0xff,
    0xff, 0x98, 0x94, 0xff, 0xec, 0x0, 0x0, 0x0,
    0x0, 0x0, 0x0, 0x0, 0x0, 0x0, 0x0, 0x0,
    0x4, 0xff, 0xff, 0x98,

    /* U+5929 "天" */
    0x0, 0x19, 0x84, 0x84, 0x84, 0x84, 0x84, 0x84,
    0x84, 0x84, 0x84, 0x84, 0x84, 0x84, 0x84, 0x84,
    0x84, 0x61, 0x0, 0x0, 0x0, 0x30, 0xff, 0xff,
    0xff, 0xff, 0xff, 0xff, 0xff, 0xff, 0xff, 0xff,
    0xff, 0xff, 0xff, 0xff, 0xff, 0xbc, 0x0, 0x0,
    0x0, 0x2e, 0xf4, 0xf4, 0xf4, 0xf4, 0xf4, 0xf4,
    0xfc, 0xff, 0xff, 0xf4, 0xf4, 0xf4, 0xf4, 0xf4,
    0xf4, 0xb3, 0x0, 0x0, 0x0, 0x0, 0x0, 0x0,
    0x0, 0x0, 0x0, 0x0, 0xa0, 0xff, 0xe4, 0x0,
    0x0, 0x0, 0x0, 0x0, 0x0, 0x0, 0x0, 0x0,
    0x0, 0x0, 0x0, 0x0, 0x0, 0x0, 0x0, 0x0,
    0xa0, 0xff, 0xe4, 0x0, 0x0, 0x0, 0x0, 0x0,
    0x0, 0x0, 0x0, 0x0, 0x0, 0x0, 0x0, 0x0,
    0x0, 0x0, 0x0, 0x0, 0xa4, 0xff, 0xe3, 0x0,
    0x0, 0x0, 0x0, 0x0, 0x0, 0x0, 0x0, 0x0,
    0x0, 0x7a, 0x84, 0x84, 0x84, 0x84, 0x84, 0x84,
    0xd8, 0xff, 0xf0, 0x84, 0x84, 0x84, 0x84, 0x84,
    0x84, 0x84, 0x44, 0x0, 0x0, 0xec, 0xff, 0xff,
    0xff, 0xff, 0xff, 0xff, 0xff, 0xff, 0xff, 0xff,
    0xff, 0xff, 0xff, 0xff, 0xff, 0xff, 0x84, 0x0,
    0x0, 0xe1, 0xf4, 0xf4, 0xf4, 0xf4, 0xf4, 0xf6,
    0xff, 0xff, 0xff, 0xfa, 0xf4, 0xf4, 0xf4, 0xf4,
    0xf4, 0xf4, 0x7e, 0x0, 0x0, 0x0, 0x0, 0x0,
    0x0, 0x0, 0x0, 0x65, 0xff, 0xff, 0xff, 0xc6,
    0x0, 0x0, 0x0, 0x0, 0x0, 0x0, 0x0, 0x0,
    0x0, 0x0, 0x0, 0x0, 0x0, 0x0, 0x4, 0xd8,
    0xff, 0xff, 0xff, 0xff, 0x56, 0x0, 0x0, 0x0,
    0x0, 0x0, 0x0, 0x0, 0x0, 0x0, 0x0, 0x0,
    0x0, 0x0, 0x79, 0xff, 0xff, 0x97, 0xd0, 0xff,
    0xeb, 0x1f, 0x0, 0x0, 0x0, 0x0, 0x0, 0x0,
    0x0, 0x0, 0x0, 0x0, 0x0, 0x4e, 0xfc, 0xff,
    0xed, 0x16, 0x3c, 0xfd, 0xff, 0xd6, 0x18, 0x0,
    0x0, 0x0, 0x0, 0x0, 0x0, 0x0, 0x0, 0x0,
    0x6b, 0xfb, 0xff, 0xfe, 0x4f, 0x0, 0x0, 0x7f,
    0xff, 0xff, 0xe0, 0x37, 0x0, 0x0, 0x0, 0x0,
    0x0, 0x0, 0x2e, 0xb9, 0xff, 0xff, 0xfe, 0x68,
    0x0, 0x0, 0x0, 0x1, 0x9e, 0xff, 0xff, 0xfd,
    0x9b, 0x24, 0x0, 0x0, 0x33, 0xb6, 0xff, 0xff,
    0xff, 0xee, 0x4d, 0x0, 0x0, 0x0, 0x0, 0x0,
    0x2, 0x86, 0xff, 0xff, 0xff, 0xfe, 0xc1, 0x19,
    0x12, 0xdd, 0xff, 0xfe, 0xa3, 0x18, 0x0, 0x0,
    0x0, 0x0, 0x0, 0x0, 0x0, 0x0, 0x3d, 0xcf,
    0xff, 0xff, 0x89, 0x0, 0x0, 0x3a, 0x93, 0x27,
    0x0, 0x0, 0x0, 0x0, 0x0, 0x0, 0x0, 0x0,
    0x0, 0x0, 0x0, 0x1, 0x4a, 0x97, 0x7, 0x0,

    /* U+5C0F "小" */
    0x0, 0x0, 0x0, 0x0, 0x0, 0x0, 0x0, 0x0,
    0x14, 0xff, 0xff, 0x88, 0x0, 0x0, 0x0, 0x0,
    0x0, 0x0, 0x0, 0x0, 0x0, 0x0, 0x0, 0x0,
    0x0, 0x0, 0x0, 0x0, 0x14, 0xff, 0xff, 0x88,
    0x0, 0x0, 0x0, 0x0, 0x0, 0x0, 0x0, 0x0,
    0x0, 0x0, 0x0, 0x0, 0x0, 0x0, 0x0, 0x0,
    0x14, 0xff, 0xff, 0x88, 0x0, 0x0, 0x0, 0x0,
    0x0, 0x0, 0x0, 0x0, 0x0, 0x0, 0x0, 0x0,
    0x0, 0x0, 0x0, 0x0, 0x14, 0xff, 0xff, 0x88,
    0x0, 0x0, 0x0, 0x0, 0x0, 0x0, 0x0, 0x0,
    0x0, 0x0, 0x0, 0x14, 0x1b, 0x0, 0x0, 0x0,
    0x14, 0xff, 0xff, 0x88, 0x0, 0x0, 0x1, 0x42,
    0x19, 0x0, 0x0, 0x0, 0x0, 0x0, 0x0, 0x76,
    0xff, 0xef, 0x40, 0x0, 0x14, 0xff, 0xff, 0x88,
    0x0, 0x18, 0xdd, 0xff, 0x9a, 0x0, 0x0, 0x0,
    0x0, 0x0, 0x0, 0xac, 0xff, 0xff, 0x19, 0x0,
    0x14, 0xff, 0xff, 0x88, 0x0, 0x0, 0xc0, 0xff,
    0xfb, 0x21, 0x0, 0x0, 0x0, 0x0, 0x1, 0xe8,
    0xff, 0xd6, 0x0, 0x0, 0x14, 0xff, 0xff, 0x88,
    0x0, 0x0, 0x44, 0xff, 0xff, 0x98, 0x0, 0x0,
    0x0, 0x0, 0x34, 0xff, 0xff, 0x91, 0x0, 0x0,
    0x14, 0xff, 0xff, 0x88, 0x0, 0x0, 0x1, 0xd2,
    0xff, 0xf7, 0x14, 0x0, 0x0, 0x0, 0x88, 0xff,
    0xff, 0x42, 0x0, 0x0, 0x14, 0xff, 0xff, 0x88,
    0x0, 0x0, 0x0, 0x69, 0xff, 0xff, 0x79, 0x0,
    0x0, 0x5, 0xe6, 0xff, 0xe8, 0x4, 0x0, 0x0,
    0x14, 0xff, 0xff, 0x88, 0x0, 0x0, 0x0, 0xe,
    0xf7, 0xff, 0xdd, 0x1, 0x0, 0x5f, 0xff, 0xff,
    0x88, 0x0, 0x0, 0x0, 0x14, 0xff, 0xff, 0x88,
    0x0, 0x0, 0x0, 0x0, 0xab, 0xff, 0xff, 0x3c,
    0xf, 0xe3, 0xff, 0xfb, 0x20, 0x0, 0x0, 0x0,
    0x14, 0xff, 0xff, 0x88, 0x0, 0x0, 0x0, 0x0,
    0x56, 0xff, 0xff, 0x8c, 0x17, 0x94, 0xfb, 0x92,
    0x0, 0x0, 0x0, 0x0, 0x14, 0xff, 0xff, 0x88,
    0x0, 0x0, 0x0, 0x0, 0x12, 0xfe, 0xff, 0xbf,
    0x0, 0x0, 0x2c, 0xd, 0x0, 0x0, 0x0, 0x0,
    0x14, 0xff, 0xff, 0x88, 0x0, 0x0, 0x0, 0x0,
    0x0, 0x9d, 0x5a, 0x7, 0x0, 0x0, 0x0, 0x0,
    0x0, 0x0, 0x0, 0x0, 0x14, 0xff, 0xff, 0x88,
    0x0, 0x0, 0x0, 0x0, 0x0, 0x0, 0x0, 0x0,
    0x0, 0x0, 0x0, 0x0, 0x0, 0x62, 0x76, 0x75,
    0x8f, 0xff, 0xff, 0x81, 0x0, 0x0, 0x0, 0x0,
    0x0, 0x0, 0x0, 0x0, 0x0, 0x0, 0x0, 0x0,
    0x0, 0x73, 0xff, 0xff, 0xff, 0xff, 0xff, 0x46,
    0x0, 0x0, 0x0, 0x0, 0x0, 0x0, 0x0, 0x0,
    0x0, 0x0, 0x0, 0x0, 0x0, 0x19, 0xfc, 0xf8,
    0xe8, 0xc0, 0x60, 0x0, 0x0, 0x0, 0x0, 0x0,
    0x0, 0x0, 0x0, 0x0,

    /* U+5C4F "屏" */
    0x0, 0x0, 0x80, 0xff, 0xff, 0xff, 0xff, 0xff,
    0xff, 0xff, 0xff, 0xff, 0xff, 0xff, 0xff, 0xff,
    0xff, 0xff, 0x8c, 0x0, 0x0, 0x0, 0x80, 0xff,
    0xff, 0xff, 0xff, 0xff, 0xff, 0xff, 0xff, 0xff,
    0xff, 0xff, 0xff, 0xff, 0xff, 0xff, 0x8c, 0x0,
    0x0, 0x0, 0x80, 0xff, 0xed, 0xc, 0xc, 0xc,
    0xc, 0xc, 0xc, 0xc, 0xc, 0xc, 0xc, 0x14,
    0xff, 0xff, 0x8c, 0x0, 0x0, 0x0, 0x80, 0xff,
    0xff, 0xf4, 0xf4, 0xf4, 0xf4, 0xf4, 0xf4, 0xf4,
    0xf4, 0xf4, 0xf4, 0xf4, 0xff, 0xff, 0x8c, 0x0,
    0x0, 0x0, 0x80, 0xff, 0xff, 0xff, 0xff, 0xff,
    0xff, 0xff, 0xff, 0xff, 0xff, 0xff, 0xff, 0xff,
    0xff, 0xff, 0x8c, 0x0, 0x0, 0x0, 0x80, 0xff,
    0xee, 0x14, 0x14, 0x86, 0xe8, 0xae, 0x14, 0x14,
    0x14, 0x14, 0xbe, 0xd1, 0x8c, 0x14, 0xb, 0x0,
    0x0, 0x0, 0x80, 0xff, 0xec, 0x0, 0x0, 0x70,
    0xff, 0xcd, 0x10, 0x0, 0x0, 0x28, 0xfe, 0xff,
    0x6d, 0x0, 0x0, 0x0, 0x0, 0x0, 0x80, 0xff,
    0xeb, 0x72, 0xec, 0xf0, 0xfa, 0xec, 0xec, 0xec,
    0xec, 0xf4, 0xff, 0xff, 0xed, 0xec, 0xb5, 0x0,
    0x0, 0x0, 0x84, 0xff, 0xe6, 0x7c, 0xff, 0xff,
    0xff, 0xff, 0xff, 0xff, 0xff, 0xff, 0xff, 0xff,
    0xff, 0xff, 0xc4, 0x0, 0x0, 0x0, 0x8b, 0xff,
    0xdc, 0x8, 0x10, 0x10, 0xed, 0xff, 0x6e, 0x10,
    0x10, 0x84, 0xff, 0xed, 0x10, 0x10, 0xc, 0x0,
    0x0, 0x0, 0x9a, 0xff, 0xcc, 0x0, 0x0, 0x0,
    0xec, 0xff, 0x64, 0x0, 0x0, 0x7c, 0xff, 0xec,
    0x0, 0x0, 0x0, 0x0, 0x0, 0x0, 0xb4, 0xff,
    0xb4, 0xc7, 0xd8, 0xd8, 0xfd, 0xff, 0xe8, 0xd8,
    0xd8, 0xeb, 0xff, 0xfd, 0xd8, 0xd8, 0xd8, 0x4a,
    0x0, 0x0, 0xda, 0xff, 0x94, 0xec, 0xff, 0xff,
    0xff, 0xff, 0xff, 0xff, 0xff, 0xff, 0xff, 0xff,
    0xff, 0xff, 0xff, 0x58, 0x0, 0x13, 0xfe, 0xff,
    0x69, 0x2c, 0x30, 0x96, 0xff, 0xff, 0x42, 0x30,
    0x30, 0x95, 0xff, 0xf0, 0x30, 0x30, 0x30, 0x11,
    0x0, 0x5d, 0xff, 0xff, 0x2f, 0x0, 0x28, 0xf2,
    0xff, 0xca, 0x0, 0x0, 0x0, 0x7c, 0xff, 0xec,
    0x0, 0x0, 0x0, 0x0, 0x0, 0xc7, 0xff, 0xe5,
    0x2, 0x55, 0xeb, 0xff, 0xff, 0x4c, 0x0, 0x0,
    0x0, 0x7c, 0xff, 0xec, 0x0, 0x0, 0x0, 0x0,
    0x33, 0xfd, 0xff, 0x86, 0x7, 0xbd, 0xff, 0xff,
    0x91, 0x0, 0x0, 0x0, 0x0, 0x7c, 0xff, 0xec,
    0x0, 0x0, 0x0, 0x0, 0x0, 0x3c, 0xd4, 0x16,
    0x0, 0x12, 0xd3, 0x67, 0x0, 0x0, 0x0, 0x0,
    0x0, 0x7c, 0xff, 0xec, 0x0, 0x0, 0x0, 0x0,
    0x0, 0x0, 0x3, 0x0, 0x0, 0x0, 0x1, 0x0,
    0x0, 0x0, 0x0, 0x0, 0x0, 0x0, 0x0, 0x0,
    0x0, 0x0, 0x0, 0x0,

    /* U+5DF2 "已" */
    0x54, 0xff, 0xff, 0xff, 0xff, 0xff, 0xff, 0xff,
    0xff, 0xff, 0xff, 0xff, 0xff, 0xff, 0xff, 0x94,
    0x0, 0x0, 0x0, 0x54, 0xff, 0xff, 0xff, 0xff,
    0xff, 0xff, 0xff, 0xff, 0xff, 0xff, 0xff, 0xff,
    0xff, 0xff, 0x94, 0x0, 0x0, 0x0, 0x20, 0x60,
    0x60, 0x60, 0x60, 0x60, 0x60, 0x60, 0x60, 0x60,
    0x60, 0x60, 0x60, 0xf4, 0xff, 0x94, 0x0, 0x0,
    0x0, 0x0, 0x3, 0x8, 0x8, 0x1, 0x0, 0x0,
    0x0, 0x0, 0x0, 0x0, 0x0, 0x0, 0xec, 0xff,
    0x94, 0x0, 0x0, 0x0, 0x0, 0x60, 0xff, 0xff,
    0x18, 0x0, 0x0, 0x0, 0x0, 0x0, 0x0, 0x0,
    0x0, 0xec, 0xff, 0x94, 0x0, 0x0, 0x0, 0x0,
    0x60, 0xff, 0xff, 0x18, 0x0, 0x0, 0x0, 0x0,
    0x0, 0x0, 0x0, 0x0, 0xec, 0xff, 0x94, 0x0,
    0x0, 0x0, 0x0, 0x60, 0xff, 0xff, 0x4b, 0x38,
    0x38, 0x38, 0x38, 0x38, 0x38, 0x38, 0x38, 0xf0,
    0xff, 0x94, 0x0, 0x0, 0x0, 0x0, 0x60, 0xff,
    0xff, 0xff, 0xff, 0xff, 0xff, 0xff, 0xff, 0xff,
    0xff, 0xff, 0xff, 0xff, 0x94, 0x0, 0x0, 0x0,
    0x0, 0x60, 0xff, 0xff, 0xff, 0xff, 0xff, 0xff,
    0xff, 0xff, 0xff, 0xff, 0xff, 0xff, 0xff, 0x94,
    0x0, 0x0, 0x0, 0x0, 0x60, 0xff, 0xff, 0x39,
    0x24, 0x24, 0x24, 0x24, 0x24, 0x24, 0x24, 0x24,
    0xe0, 0xf0, 0x8b, 0x0, 0x0, 0x0, 0x0, 0x60,
    0xff, 0xff, 0x18, 0x0, 0x0, 0x0, 0x0, 0x0,
    0x0, 0x0, 0x0, 0x0, 0x0, 0x0, 0x0, 0x0,
    0x0, 0x0, 0x60, 0xff, 0xff, 0x18, 0x0, 0x0,
    0x0, 0x0, 0x0, 0x0, 0x0, 0x0, 0x0, 0x0,
    0x2b, 0x51, 0x4, 0x0, 0x0, 0x60, 0xff, 0xff,
    0x18, 0x0, 0x0, 0x0, 0x0, 0x0, 0x0, 0x0,
    0x0, 0x0, 0x0, 0x61, 0xff, 0xeb, 0x1e, 0x0,
    0x5e, 0xff, 0xff, 0x1c, 0x0, 0x0, 0x0, 0x0,
    0x0, 0x0, 0x0, 0x0, 0x0, 0x0, 0x98, 0xff,
    0xfa, 0x7, 0x0, 0x4a, 0xff, 0xff, 0x8e, 0x37,
    0x2c, 0x2c, 0x2c, 0x2c, 0x2c, 0x2c, 0x2c, 0x30,
    0x64, 0xf6, 0xff, 0xc4, 0x0, 0x0, 0xf, 0xf3,
    0xff, 0xff, 0xff, 0xff, 0xff, 0xff, 0xff, 0xff,
    0xff, 0xff, 0xff, 0xff, 0xff, 0xff, 0x5f, 0x0,
    0x0, 0x0, 0x47, 0xd9, 0xff, 0xff, 0xff, 0xff,
    0xff, 0xff, 0xff, 0xff, 0xff, 0xff, 0xff, 0xf3,
    0x81, 0x1, 0x0, 0x0, 0x0, 0x0, 0x0, 0x14,
    0x2e, 0x37, 0x38, 0x38, 0x38, 0x38, 0x38, 0x38,
    0x37, 0x27, 0x5, 0x0, 0x0, 0x0,

    /* U+5E55 "幕" */
    0x0, 0x0, 0x0, 0x0, 0x0, 0x74, 0xff, 0xdc,
    0x0, 0x0, 0x0, 0x0, 0xf0, 0xff, 0x6c, 0x0,
    0x0, 0x0, 0x0, 0x0, 0x0, 0xc8, 0xff, 0xff,
    0xff, 0xff, 0xff, 0xff, 0xff, 0xff, 0xff, 0xff,
    0xff, 0xff, 0xff, 0xff, 0xff, 0xff, 0xc8, 0x0,
    0x0, 0xb5, 0xe8, 0xe8, 0xe8, 0xf3, 0xff, 0xfd,
    0xe8, 0xe8, 0xe8, 0xe8, 0xff, 0xff, 0xf2, 0xe8,
    0xe8, 0xe8, 0xb5, 0x0, 0x0, 0x0, 0x0, 0x24,
    0x24, 0x67, 0xb8, 0xa3, 0x24, 0x24, 0x24, 0x24,
    0xab, 0xb4, 0x61, 0x24, 0x24, 0x5, 0x0, 0x0,
    0x0, 0x0, 0x0, 0xff, 0xff, 0xff, 0xff, 0xff,
    0xff, 0xff, 0xff, 0xff, 0xff, 0xff, 0xff, 0xff,
    0xff, 0x20, 0x0, 0x0, 0x0, 0x0, 0x0, 0xff,
    0xff, 0x81, 0x4c, 0x4c, 0x4c, 0x4c, 0x4c, 0x4c,
    0x4c, 0x4c, 0x7f, 0xff, 0xff, 0x20, 0x0, 0x0,
    0x0, 0x0, 0x0, 0xff, 0xff, 0xf8, 0xf4, 0xf4,
    0xf4, 0xf4, 0xf4, 0xf4, 0xf4, 0xf4, 0xf7, 0xff,
    0xff, 0x20, 0x0, 0x0, 0x0, 0x0, 0x0, 0xff,
    0xff, 0x7f, 0x48, 0x48, 0x48, 0x48, 0x48, 0x48,
    0x48, 0x48, 0x7c, 0xff, 0xff, 0x20, 0x0, 0x0,
    0x0, 0x0, 0x0, 0xff, 0xff, 0xf8, 0xf4, 0xf4,
    0xf4, 0xf4, 0xf4, 0xf4, 0xf4, 0xf4, 0xf7, 0xff,
    0xff, 0x20, 0x0, 0x0, 0x0, 0x0, 0x0, 0x7c,
    0x7c, 0x7c, 0xcf, 0xff, 0xfa, 0x7e, 0x7c, 0x7c,
    0x7c, 0x7c, 0x7c, 0x7c, 0x7c, 0x10, 0x0, 0x0,
    0x3, 0xc0, 0xc0, 0xc0, 0xc0, 0xc0, 0xf7, 0xff,
    0xf1, 0xc0, 0xc0, 0xc0, 0xc0, 0xc0, 0xc0, 0xc0,
    0xc0, 0xc0, 0xc0, 0x0, 0x4, 0xff, 0xff, 0xff,
    0xff, 0xff, 0xff, 0xff, 0xff, 0xff, 0xff, 0xff,
    0xff, 0xff, 0xff, 0xff, 0xff, 0xff, 0xff, 0x0,
    0x1, 0x30, 0x30, 0x85, 0xfc, 0xff, 0xe9, 0x41,
    0x64, 0xff, 0xff, 0x3d, 0x34, 0xd5, 0xff, 0xe8,
    0x60, 0x30, 0x30, 0x0, 0x4, 0x4f, 0xc4, 0xff,
    0xff, 0xff, 0xe7, 0xd0, 0xdc, 0xff, 0xff, 0xd3,
    0xd0, 0xe1, 0xff, 0xff, 0xff, 0xb5, 0x58, 0x12,
    0x33, 0xf8, 0xff, 0xfb, 0xf9, 0xff, 0xff, 0xff,
    0xff, 0xff, 0xff, 0xff, 0xff, 0xff, 0xff, 0xff,
    0xfc, 0xff, 0xee, 0x24, 0x0, 0x72, 0x9b, 0x26,
    0xdc, 0xff, 0x77, 0xc, 0x49, 0xff, 0xff, 0x1b,
    0xc, 0x45, 0xff, 0xff, 0x32, 0x8b, 0x4f, 0x0,
    0x0, 0x0, 0x0, 0x0, 0xdc, 0xff, 0x70, 0x0,
    0x40, 0xff, 0xff, 0x10, 0x8f, 0xbb, 0xff, 0xff,
    0xc, 0x0, 0x0, 0x0, 0x0, 0x0, 0x0, 0x0,
    0xdc, 0xff, 0x70, 0x0, 0x40, 0xff, 0xff, 0x10,
    0x94, 0xff, 0xf6, 0x92, 0x0, 0x0, 0x0, 0x0,
    0x0, 0x0, 0x0, 0x0, 0xe, 0x10, 0x7, 0x0,
    0x40, 0xff, 0xff, 0x10, 0x5, 0x9, 0x1, 0x0,
    0x0, 0x0, 0x0, 0x0,

    /* U+5EA6 "度" */
    0x0, 0x0, 0x0, 0x0, 0x0, 0x0, 0x0, 0x0,
    0x0, 0x0, 0x0, 0xc, 0x0, 0x0, 0x0, 0x0,
    0x0, 0x0, 0x0, 0x0, 0x0, 0x0, 0x0, 0x0,
    0x0, 0x0, 0x0, 0x0, 0x0, 0x75, 0xe2, 0xe6,
    0x5, 0x0, 0x0, 0x0, 0x0, 0x0, 0x0, 0x0,
    0x0, 0x0, 0x3a, 0x44, 0x44, 0x44, 0x44, 0x44,
    0x44, 0x94, 0xff, 0xff, 0x75, 0x44, 0x44, 0x44,
    0x44, 0x44, 0x44, 0x1, 0x0, 0x0, 0xdc, 0xff,
    0xff, 0xff, 0xff, 0xff, 0xff, 0xff, 0xff, 0xff,
    0xff, 0xff, 0xff, 0xff, 0xff, 0xff, 0xff, 0x4,
    0x0, 0x0, 0xdc, 0xff, 0xfa, 0xf4, 0xf4, 0xf4,
    0xf4, 0xf4, 0xf4, 0xf4, 0xf4, 0xf4, 0xf4, 0xf4,
    0xf4, 0xf4, 0xf4, 0x4, 0x0, 0x0, 0xdc, 0xff,
    0x84, 0x0, 0x0, 0x33, 0x94, 0x88, 0x0, 0x0,
    0x0, 0x3e, 0x94, 0x88, 0x0, 0x0, 0x0, 0x0,
    0x0, 0x0, 0xdc, 0xff, 0x85, 0xc, 0xc, 0x60,
    0xff, 0xed, 0xc, 0xc, 0xc, 0x73, 0xff, 0xed,
    0xc, 0xc, 0xa, 0x0, 0x0, 0x0, 0xdc, 0xff,
    0x94, 0xff, 0xff, 0xff, 0xff, 0xff, 0xff, 0xff,
    0xff, 0xff, 0xff, 0xff, 0xff, 0xff, 0xd4, 0x0,
    0x0, 0x0, 0xdc, 0xff, 0x91, 0xdc, 0xdc, 0xe8,
    0xff, 0xfd, 0xdc, 0xdc, 0xdc, 0xeb, 0xff, 0xfd,
    0xdc, 0xdc, 0xb6, 0x0, 0x0, 0x0, 0xe1, 0xff,
    0x7e, 0x0, 0x0, 0x58, 0xff, 0xed, 0xc, 0xc,
    0xc, 0x73, 0xff, 0xec, 0x0, 0x0, 0x0, 0x0,
    0x0, 0x0, 0xe7, 0xff, 0x76, 0x0, 0x0, 0x58,
    0xff, 0xff, 0xff, 0xff, 0xff, 0xff, 0xff, 0xec,
    0x0, 0x0, 0x0, 0x0, 0x0, 0x0, 0xf3, 0xff,
    0x6a, 0x0, 0x0, 0x45, 0xc8, 0xc8, 0xc8, 0xc8,
    0xc8, 0xc8, 0xc8, 0xb8, 0x0, 0x0, 0x0, 0x0,
    0x0, 0x7, 0xff, 0xff, 0x58, 0x30, 0x34, 0x34,
    0x34, 0x34, 0x34, 0x34, 0x34, 0x34, 0x34, 0x34,
    0x2c, 0x0, 0x0, 0x0, 0x0, 0x1f, 0xff, 0xff,
    0x3f, 0xec, 0xff, 0xff, 0xff, 0xff, 0xff, 0xff,
    0xff, 0xff, 0xff, 0xff, 0xff, 0x8f, 0x0, 0x0,
    0x0, 0x42, 0xff, 0xff, 0x20, 0x9b, 0xbb, 0xfc,
    0xff, 0xb5, 0xa8, 0xa8, 0xa8, 0xad, 0xfb, 0xff,
    0xfa, 0x36, 0x0, 0x0, 0x0, 0x72, 0xff, 0xf6,
    0x2, 0x0, 0x2d, 0xed, 0xff, 0xd9, 0x3e, 0x0,
    0x2d, 0xc5, 0xff, 0xfd, 0x5e, 0x0, 0x0, 0x0,
    0x0, 0xb0, 0xff, 0xc4, 0x0, 0x0, 0x0, 0x2a,
    0xdc, 0xff, 0xff, 0xd3, 0xfe, 0xff, 0xed, 0x4b,
    0x0, 0x0, 0x0, 0x0, 0xa, 0xf5, 0xff, 0x85,
    0x25, 0x41, 0x62, 0x8c, 0xca, 0xff, 0xff, 0xff,
    0xff, 0xff, 0xd8, 0x93, 0x67, 0x44, 0x28, 0x8,
    0x66, 0xff, 0xff, 0x34, 0x8b, 0xff, 0xff, 0xff,
    0xff, 0xff, 0xd0, 0x9a, 0xe1, 0xff, 0xff, 0xff,
    0xff, 0xff, 0xd7, 0xc, 0x7, 0x5f, 0xae, 0x0,
    0x16, 0xcf, 0xae, 0x82, 0x51, 0x16, 0x0, 0x0,
    0x1, 0x2f, 0x6f, 0xa2, 0xd0, 0xf0, 0x3d, 0x0,

    /* U+5F00 "开" */
    0x0, 0x6c, 0xff, 0xff, 0xff, 0xff, 0xff, 0xff,
    0xff, 0xff, 0xff, 0xff, 0xff, 0xff, 0xff, 0xff,
    0xff, 0xff, 0x90, 0x0, 0x0, 0x6c, 0xff, 0xff,
    0xff, 0xff, 0xff, 0xff, 0xff, 0xff, 0xff, 0xff,
    0xff, 0xff, 0xff, 0xff, 0xff, 0xff, 0x90, 0x0,
    0x0, 0x1e, 0x48, 0x48, 0x48, 0xb0, 0xff, 0xf2,
    0x48, 0x48, 0x48, 0x48, 0xa4, 0xff, 0xff, 0x4b,
    0x48, 0x48, 0x29, 0x0, 0x0, 0x0, 0x0, 0x0,
    0x0, 0x90, 0xff, 0xec, 0x0, 0x0, 0x0, 0x0,
    0x80, 0xff, 0xff, 0x4, 0x0, 0x0, 0x0, 0x0,
    0x0, 0x0, 0x0, 0x0, 0x0, 0x90, 0xff, 0xec,
    0x0, 0x0, 0x0, 0x0, 0x80, 0xff, 0xff, 0x4,
    0x0, 0x0, 0x0, 0x0, 0x0, 0x0, 0x0, 0x0,
    0x0, 0x90, 0xff, 0xec, 0x0, 0x0, 0x0, 0x0,
    0x80, 0xff, 0xff, 0x4, 0x0, 0x0, 0x0, 0x0,
    0x0, 0x0, 0x0, 0x0, 0x0, 0x90, 0xff, 0xec,
    0x0, 0x0, 0x0, 0x0, 0x80, 0xff, 0xff, 0x4,
    0x0, 0x0, 0x0, 0x0, 0x12, 0xe0, 0xe0, 0xe0,
    0xe0, 0xf2, 0xff, 0xfe, 0xe0, 0xe0, 0xe0, 0xe0,
    0xf0, 0xff, 0xff, 0xe1, 0xe0, 0xe0, 0xe0, 0x20,
    0x14, 0xff, 0xff, 0xff, 0xff, 0xff, 0xff, 0xff,
    0xff, 0xff, 0xff, 0xff, 0xff, 0xff, 0xff, 0xff,
    0xff, 0xff, 0xff, 0x24, 0x8, 0x6c, 0x6c, 0x6c,
    0x6c, 0xe4, 0xff, 0xda, 0x6c, 0x6c, 0x6c, 0x6c,
    0xb6, 0xff, 0xff, 0x6e, 0x6c, 0x6c, 0x6c, 0xf,
    0x0, 0x0, 0x0, 0x0, 0x6, 0xf6, 0xff, 0x9c,
    0x0, 0x0, 0x0, 0x0, 0x80, 0xff, 0xff, 0x4,
    0x0, 0x0, 0x0, 0x0, 0x0, 0x0, 0x0, 0x0,
    0x4c, 0xff, 0xff, 0x64, 0x0, 0x0, 0x0, 0x0,
    0x80, 0xff, 0xff, 0x4, 0x0, 0x0, 0x0, 0x0,
    0x0, 0x0, 0x0, 0x0, 0xbb, 0xff, 0xfe, 0x1b,
    0x0, 0x0, 0x0, 0x0, 0x80, 0xff, 0xff, 0x4,
    0x0, 0x0, 0x0, 0x0, 0x0, 0x0, 0x0, 0x54,
    0xff, 0xff, 0xb9, 0x0, 0x0, 0x0, 0x0, 0x0,
    0x80, 0xff, 0xff, 0x4, 0x0, 0x0, 0x0, 0x0,
    0x0, 0x0, 0x2d, 0xef, 0xff, 0xff, 0x3a, 0x0,
    0x0, 0x0, 0x0, 0x0, 0x80, 0xff, 0xff, 0x4,
    0x0, 0x0, 0x0, 0x0, 0x0, 0x44, 0xed, 0xff,
    0xff, 0x91, 0x0, 0x0, 0x0, 0x0, 0x0, 0x0,
    0x80, 0xff, 0xff, 0x4, 0x0, 0x0, 0x0, 0x0,
    0x3, 0xb3, 0xff, 0xff, 0xb2, 0x5, 0x0, 0x0,
    0x0, 0x0, 0x0, 0x0, 0x80, 0xff, 0xff, 0x4,
    0x0, 0x0, 0x0, 0x0, 0x0, 0x5, 0xae, 0x92,
    0x4, 0x0, 0x0, 0x0, 0x0, 0x0, 0x0, 0x0,
    0x80, 0xff, 0xff, 0x4, 0x0, 0x0, 0x0, 0x0,
    0x0, 0x0, 0x2, 0x0, 0x0, 0x0, 0x0, 0x0,
    0x0, 0x0, 0x0, 0x0, 0x0, 0x0, 0x0, 0x0,
    0x0, 0x0, 0x0, 0x0,

    /* U+63A5 "接" */
    0x0, 0x0, 0x8, 0xff, 0xff, 0x2c, 0x0, 0x0,
    0x0, 0x0, 0x0, 0x3c, 0x9f, 0xad, 0x3, 0x0,
    0x0, 0x0, 0x0, 0x0, 0x0, 0x0, 0x8, 0xff,
    0xff, 0x2c, 0x0, 0x3, 0x10, 0x10, 0x10, 0x31,
    0xff, 0xff, 0x61, 0x10, 0x10, 0x10, 0xf, 0x0,
    0x0, 0x0, 0x8, 0xff, 0xff, 0x2c, 0x0, 0x2c,
    0xff, 0xff, 0xff, 0xff, 0xff, 0xff, 0xff, 0xff,
    0xff, 0xff, 0xf4, 0x0, 0x1, 0x10, 0x18, 0xff,
    0xff, 0x39, 0xd, 0x2a, 0xf4, 0xf4, 0xfa, 0xf6,
    0xf4, 0xf4, 0xf4, 0xfb, 0xf4, 0xf4, 0xe9, 0x0,
    0x14, 0xff, 0xff, 0xff, 0xff, 0xff, 0xd0, 0x0,
    0x0, 0x7d, 0xf9, 0x8a, 0x0, 0x0, 0x2c, 0xfe,
    0xd2, 0x17, 0x0, 0x0, 0x11, 0xd8, 0xd9, 0xff,
    0xff, 0xdf, 0xb0, 0x0, 0x0, 0x29, 0xfd, 0xf6,
    0x15, 0x0, 0xb9, 0xff, 0x93, 0x0, 0x0, 0x0,
    0x0, 0x0, 0x8, 0xff, 0xff, 0x2c, 0x0, 0x9c,
    0xd0, 0xd0, 0xf9, 0xe2, 0xd0, 0xd5, 0xff, 0xff,
    0xd8, 0xd0, 0xd0, 0x48, 0x0, 0x0, 0x8, 0xff,
    0xff, 0x2c, 0x0, 0xc0, 0xff, 0xff, 0xff, 0xff,
    0xff, 0xff, 0xff, 0xff, 0xff, 0xff, 0xff, 0x58,
    0x0, 0x0, 0x8, 0xff, 0xff, 0x70, 0x5a, 0x2a,
    0x38, 0x38, 0x38, 0xc6, 0xeb, 0x90, 0x38, 0x38,
    0x38, 0x38, 0x38, 0x13, 0x5, 0x35, 0x7b, 0xff,
    0xff, 0xff, 0xc8, 0x0, 0x0, 0x0, 0x24, 0xfd,
    0xff, 0x4e, 0x0, 0x0, 0x0, 0x0, 0x0, 0x0,
    0x49, 0xff, 0xff, 0xff, 0xff, 0xfb, 0xb9, 0xf4,
    0xf4, 0xf4, 0xf9, 0xff, 0xff, 0xf5, 0xf4, 0xf4,
    0xf4, 0xf4, 0xf4, 0x95, 0x11, 0xfe, 0xec, 0xff,
    0xff, 0x35, 0xc, 0xff, 0xff, 0xff, 0xff, 0xff,
    0xff, 0xff, 0xff, 0xff, 0xff, 0xff, 0xff, 0x9c,
    0x0, 0x31, 0xa, 0xff, 0xff, 0x2c, 0x1, 0x10,
    0x12, 0xd2, 0xff, 0xb2, 0x10, 0x10, 0x3d, 0xff,
    0xff, 0x4c, 0x10, 0xa, 0x0, 0x0, 0x8, 0xff,
    0xff, 0x2c, 0x0, 0x0, 0x67, 0xff, 0xff, 0x8a,
    0x10, 0x0, 0xa5, 0xff, 0xe8, 0x5, 0x0, 0x0,
    0x0, 0x0, 0x8, 0xff, 0xff, 0x2c, 0x0, 0x2,
    0xb2, 0xff, 0xff, 0xff, 0xf5, 0xaf, 0xff, 0xff,
    0x77, 0x0, 0x0, 0x0, 0x0, 0x0, 0x8, 0xff,
    0xff, 0x2c, 0x0, 0x0, 0x0, 0x23, 0x8c, 0xef,
    0xff, 0xff, 0xff, 0xfb, 0x36, 0x0, 0x0, 0x0,
    0x0, 0x38, 0x45, 0xff, 0xff, 0x29, 0x0, 0x9,
    0x2c, 0x5b, 0x9a, 0xec, 0xff, 0xff, 0xff, 0xff,
    0xff, 0xa6, 0x1d, 0x0, 0x0, 0xb3, 0xff, 0xff,
    0xfb, 0xe, 0x21, 0xfa, 0xff, 0xff, 0xff, 0xff,
    0xe7, 0x78, 0x65, 0xde, 0xff, 0xff, 0xd8, 0x4,
    0x0, 0x6d, 0xf5, 0xd3, 0x5b, 0x0, 0x0, 0xaa,
    0xed, 0xbd, 0x84, 0x41, 0x4, 0x0, 0x0, 0x5,
    0x6d, 0xe9, 0x37, 0x0, 0x0, 0x0, 0x0, 0x0,
    0x0, 0x0, 0x0, 0x6, 0x0, 0x0, 0x0, 0x0,
    0x0, 0x0, 0x0, 0x0, 0x0, 0x7, 0x0, 0x0,

    /* U+63A7 "控" */
    0x0, 0x0, 0x0, 0x0, 0x0, 0x0, 0x0, 0x0,
    0x0, 0x0, 0x0, 0x0, 0x0, 0x2, 0x0, 0x0,
    0x0, 0x0, 0x0, 0x0, 0x0, 0x0, 0x10, 0xff,
    0xff, 0x24, 0x0, 0x0, 0x0, 0x0, 0x0, 0x51,
    0xc9, 0xe2, 0x7, 0x0, 0x0, 0x0, 0x0, 0x0,
    0x0, 0x0, 0x10, 0xff, 0xff, 0x24, 0x0, 0x0,
    0x0, 0x0, 0x0, 0x3c, 0xff, 0xff, 0x58, 0x0,
    0x0, 0x0, 0x0, 0x0, 0x0, 0x0, 0x10, 0xff,
    0xff, 0x24, 0x0, 0x69, 0x98, 0x98, 0x98, 0x99,
    0xfc, 0xff, 0xd7, 0x98, 0x98, 0x98, 0x98, 0x24,
    0x5, 0x40, 0x4c, 0xff, 0xff, 0x5b, 0x36, 0xb0,
    0xff, 0xff, 0xff, 0xff, 0xff, 0xff, 0xff, 0xff,
    0xff, 0xff, 0xff, 0x3c, 0x14, 0xff, 0xff, 0xff,
    0xff, 0xff, 0xd8, 0xb0, 0xff, 0xbc, 0x84, 0x84,
    0x84, 0x84, 0x84, 0x84, 0x86, 0xff, 0xff, 0x3c,
    0x13, 0xf4, 0xf5, 0xff, 0xff, 0xf6, 0xce, 0xb0,
    0xff, 0x74, 0x3a, 0x67, 0xe, 0x0, 0x4b, 0x4d,
    0x4, 0xff, 0xff, 0x3c, 0x0, 0x0, 0x10, 0xff,
    0xff, 0x24, 0x0, 0x19, 0x24, 0x4e, 0xf1, 0xff,
    0x9c, 0x2c, 0xfa, 0xff, 0x8c, 0x1d, 0x18, 0x6,
    0x0, 0x0, 0x10, 0xff, 0xff, 0x24, 0x0, 0x4,
    0x79, 0xfb, 0xff, 0xbc, 0x8, 0x0, 0x61, 0xf8,
    0xff, 0xc5, 0x1b, 0x0, 0x0, 0x0, 0x10, 0xff,
    0xff, 0x24, 0x1e, 0x66, 0xff, 0xff, 0xac, 0x8,
    0x0, 0x0, 0x0, 0x37, 0xe6, 0xff, 0xa4, 0x0,
    0x0, 0x0, 0x12, 0xff, 0xff, 0xe7, 0xe7, 0x1,
    0xbc, 0x83, 0xd, 0xc, 0xc, 0xc, 0xc, 0xc,
    0x2a, 0xab, 0xc, 0x0, 0x21, 0x9e, 0xeb, 0xff,
    0xff, 0xff, 0xf8, 0xf, 0xd8, 0xff, 0xff, 0xff,
    0xff, 0xff, 0xff, 0xff, 0xff, 0xff, 0x14, 0x0,
    0x2b, 0xff, 0xff, 0xff, 0xff, 0x79, 0x10, 0x0,
    0xd8, 0xff, 0xff, 0xff, 0xff, 0xff, 0xff, 0xff,
    0xff, 0xff, 0x14, 0x0, 0x3, 0xcb, 0x86, 0xff,
    0xff, 0x24, 0x0, 0x0, 0xe, 0x10, 0x10, 0x2e,
    0xff, 0xff, 0x57, 0x10, 0x10, 0x10, 0x1, 0x0,
    0x0, 0x0, 0x10, 0xff, 0xff, 0x24, 0x0, 0x0,
    0x0, 0x0, 0x0, 0x20, 0xff, 0xff, 0x4c, 0x0,
    0x0, 0x0, 0x0, 0x0, 0x0, 0x0, 0x10, 0xff,
    0xff, 0x24, 0x0, 0x0, 0x0, 0x0, 0x0, 0x20,
    0xff, 0xff, 0x4c, 0x0, 0x0, 0x0, 0x0, 0x0,
    0x0, 0x0, 0x10, 0xff, 0xff, 0x24, 0x0, 0x0,
    0x0, 0x0, 0x0, 0x20, 0xff, 0xff, 0x4c, 0x0,
    0x0, 0x0, 0x0, 0x0, 0x0, 0x30, 0x44, 0xff,
    0xff, 0x21, 0x54, 0xf4, 0xf4, 0xf4, 0xf4, 0xf6,
    0xff, 0xff, 0xf8, 0xf4, 0xf4, 0xf4, 0xf4, 0x82,
    0x0, 0xc3, 0xff, 0xff, 0xf8, 0x9, 0x58, 0xff,
    0xff, 0xff, 0xff, 0xff, 0xff, 0xff, 0xff, 0xff,
    0xff, 0xff, 0xff, 0x88, 0x0, 0x80, 0xf8, 0xd4,
    0x5c, 0x0, 0xc, 0x24, 0x24, 0x24, 0x24, 0x24,
    0x24, 0x24, 0x24, 0x24, 0x24, 0x24, 0x24, 0x13,

    /* U+6563 "散" */
    0x0, 0x0, 0x0, 0x0, 0x0, 0x0, 0x0, 0x0,
    0x0, 0x0, 0x0, 0x0, 0x1d, 0x16, 0x0, 0x0,
    0x0, 0x0, 0x0, 0x0, 0x0, 0x0, 0xc, 0xff,
    0xff, 0x20, 0x20, 0xff, 0xff, 0x14, 0x0, 0x0,
    0xac, 0xff, 0xa3, 0x0, 0x0, 0x0, 0x0, 0x0,
    0x0, 0x0, 0xc, 0xff, 0xff, 0x20, 0x20, 0xff,
    0xff, 0x14, 0x0, 0x0, 0xcc, 0xff, 0x83, 0x0,
    0x0, 0x0, 0x0, 0x0, 0x0, 0xce, 0xf1, 0xff,
    0xff, 0xf2, 0xf2, 0xff, 0xff, 0xf1, 0xd2, 0x1,
    0xf4, 0xff, 0x5a, 0x0, 0x0, 0x0, 0x0, 0x0,
    0x0, 0xdc, 0xff, 0xff, 0xff, 0xff, 0xff, 0xff,
    0xff, 0xff, 0xe0, 0x22, 0xff, 0xff, 0x95, 0x78,
    0x78, 0x78, 0x78, 0x31, 0x0, 0xa, 0x17, 0xff,
    0xff, 0x2b, 0x2b, 0xff, 0xff, 0x1f, 0xb, 0x57,
    0xff, 0xff, 0xff, 0xff, 0xff, 0xff, 0xff, 0x68,
    0x2, 0xc, 0x17, 0xff, 0xff, 0x2b, 0x2b, 0xff,
    0xff, 0x1f, 0x9, 0x95, 0xff, 0xfd, 0xf8, 0xf9,
    0xff, 0xff, 0xf9, 0x65, 0x24, 0xff, 0xff, 0xff,
    0xff, 0xff, 0xff, 0xff, 0xff, 0xff, 0xc9, 0xe2,
    0xff, 0xbe, 0x0, 0x3c, 0xff, 0xff, 0x11, 0x0,
    0x22, 0xf4, 0xf4, 0xf4, 0xf4, 0xf4, 0xf4, 0xf4,
    0xf4, 0xf4, 0xf1, 0xff, 0xff, 0xef, 0x2, 0x5f,
    0xff, 0xe9, 0x0, 0x0, 0x0, 0x0, 0xb, 0xc,
    0xc, 0xc, 0xc, 0xc, 0xc, 0xb, 0xbd, 0xff,
    0xff, 0xff, 0x2e, 0x8b, 0xff, 0xbb, 0x0, 0x0,
    0x0, 0x0, 0xe8, 0xff, 0xff, 0xff, 0xff, 0xff,
    0xff, 0xf0, 0xc9, 0xff, 0xe8, 0xff, 0x75, 0xc4,
    0xff, 0x85, 0x0, 0x0, 0x0, 0x0, 0xe8, 0xff,
    0xd3, 0xc0, 0xc0, 0xd3, 0xff, 0xec, 0x22, 0xcb,
    0x5a, 0xff, 0xd4, 0xfc, 0xff, 0x44, 0x0, 0x0,
    0x0, 0x0, 0xe8, 0xff, 0xa3, 0x7c, 0x7c, 0xa3,
    0xff, 0xec, 0x0, 0xa, 0xd, 0xf9, 0xff, 0xff,
    0xef, 0x6, 0x0, 0x0, 0x0, 0x0, 0xe8, 0xff,
    0xff, 0xff, 0xff, 0xff, 0xff, 0xec, 0x0, 0x0,
    0x0, 0xac, 0xff, 0xff, 0x97, 0x0, 0x0, 0x0,
    0x0, 0x0, 0xe8, 0xff, 0x73, 0x38, 0x38, 0x73,
    0xff, 0xec, 0x0, 0x0, 0x0, 0x89, 0xff, 0xff,
    0x58, 0x0, 0x0, 0x0, 0x0, 0x0, 0xe8, 0xff,
    0xff, 0xff, 0xff, 0xff, 0xff, 0xec, 0x0, 0x0,
    0x3c, 0xfa, 0xff, 0xff, 0xe0, 0x13, 0x0, 0x0,
    0x0, 0x0, 0xe8, 0xff, 0xcd, 0xb8, 0xb8, 0xcd,
    0xff, 0xec, 0x0, 0x39, 0xef, 0xff, 0xea, 0xfe,
    0xff, 0xc4, 0xc, 0x0, 0x0, 0x0, 0xe8, 0xff,
    0x4c, 0x0, 0x0, 0x4e, 0xff, 0xef, 0x79, 0xf9,
    0xff, 0xf5, 0x33, 0x8c, 0xff, 0xff, 0xd2, 0x2a,
    0x0, 0x0, 0xe8, 0xff, 0x4c, 0x5, 0xdd, 0xf9,
    0xff, 0xe1, 0xc5, 0xff, 0xef, 0x3e, 0x0, 0x4,
    0xb7, 0xff, 0xea, 0x21, 0x0, 0x0, 0xe8, 0xff,
    0x4c, 0x0, 0x9d, 0xf9, 0xd8, 0x56, 0x28, 0xc6,
    0x25, 0x0, 0x0, 0x0, 0x8, 0xa4, 0x4a, 0x0,
    0x0, 0x0, 0x0, 0x0, 0x0, 0x0, 0x0, 0x0,
    0x0, 0x0, 0x0, 0x1, 0x0, 0x0, 0x0, 0x0,
    0x0, 0x0, 0x0, 0x0,

    /* U+65B0 "新" */
    0x0, 0x0, 0x0, 0x0, 0x0, 0x1, 0x4, 0x0,
    0x0, 0x0, 0x0, 0x0, 0x0, 0x0, 0x0, 0x0,
    0x0, 0x0, 0x0, 0x0, 0x0, 0x0, 0x0, 0x0,
    0x97, 0xed, 0x78, 0x0, 0x0, 0x0, 0x0, 0x0,
    0x0, 0x0, 0x2, 0x3c, 0x9b, 0x57, 0x0, 0x0,
    0x0, 0x0, 0x0, 0x0, 0x85, 0xff, 0xdf, 0x1,
    0x0, 0x0, 0x0, 0x28, 0x61, 0xa2, 0xe8, 0xff,
    0xff, 0xfe, 0x67, 0x0, 0x0, 0xc4, 0xff, 0xff,
    0xff, 0xff, 0xff, 0xff, 0xff, 0xff, 0x40, 0xe8,
    0xff, 0xff, 0xff, 0xf6, 0xb9, 0x6e, 0x1a, 0x0,
    0x0, 0xb8, 0xf0, 0xf3, 0xf3, 0xf0, 0xf0, 0xfa,
    0xf0, 0xf0, 0x3c, 0xe8, 0xff, 0x86, 0x36, 0x5,
    0x0, 0x0, 0x0, 0x0, 0x0, 0x0, 0x73, 0xf1,
    0x6e, 0x0, 0x6, 0xf2, 0xe6, 0x2f, 0x0, 0xe8,
    0xff, 0x34, 0x0, 0x0, 0x0, 0x0, 0x0, 0x0,
    0x0, 0x0, 0x5a, 0xff, 0xc0, 0x0, 0x4a, 0xff,
    0xe3, 0x3, 0x0, 0xe8, 0xff, 0x34, 0x0, 0x0,
    0x0, 0x0, 0x0, 0x0, 0x9, 0x70, 0x89, 0xff,
    0xd2, 0x70, 0xc3, 0xff, 0xc4, 0x70, 0x3f, 0xe8,
    0xff, 0x6a, 0x44, 0x44, 0x44, 0x44, 0x44, 0x18,
    0x14, 0xff, 0xff, 0xff, 0xff, 0xff, 0xff, 0xff,
    0xff, 0xff, 0x90, 0xe8, 0xff, 0xff, 0xff, 0xff,
    0xff, 0xff, 0xff, 0x5c, 0xb, 0x88, 0x88, 0x88,
    0xa8, 0xff, 0xf5, 0x88, 0x88, 0x88, 0x4d, 0xe8,
    0xff, 0xf6, 0xf4, 0xff, 0xff, 0xf9, 0xf4, 0x58,
    0x0, 0xb, 0xc, 0xc, 0x4d, 0xff, 0xe9, 0xc,
    0xc, 0xc, 0x3, 0xea, 0xff, 0x32, 0x0, 0xe8,
    0xff, 0x6c, 0x0, 0x0, 0x0, 0xf4, 0xff, 0xff,
    0xff, 0xff, 0xff, 0xff, 0xff, 0xff, 0x3c, 0xee,
    0xff, 0x2d, 0x0, 0xe8, 0xff, 0x6c, 0x0, 0x0,
    0x0, 0xf0, 0xfc, 0xfc, 0xfd, 0xff, 0xff, 0xfc,
    0xfc, 0xfc, 0x3b, 0xf9, 0xff, 0x22, 0x0, 0xe8,
    0xff, 0x6c, 0x0, 0x0, 0x0, 0x0, 0x34, 0x18,
    0x44, 0xff, 0xe8, 0x3, 0x65, 0x7, 0x8, 0xff,
    0xff, 0x10, 0x0, 0xe8, 0xff, 0x6c, 0x0, 0x0,
    0x0, 0x6, 0xe7, 0xfe, 0x62, 0xff, 0xe8, 0x8b,
    0xff, 0x71, 0x24, 0xff, 0xf5, 0x0, 0x0, 0xe8,
    0xff, 0x6c, 0x0, 0x0, 0x0, 0x66, 0xff, 0xbd,
    0x44, 0xff, 0xe8, 0x28, 0xfd, 0xea, 0x59, 0xff,
    0xd3, 0x0, 0x0, 0xe8, 0xff, 0x6c, 0x0, 0x0,
    0x18, 0xeb, 0xff, 0x45, 0x44, 0xff, 0xe8, 0x0,
    0xab, 0xfe, 0xd0, 0xff, 0xa3, 0x0, 0x0, 0xe8,
    0xff, 0x6c, 0x0, 0x0, 0x4, 0x8b, 0xb7, 0x0,
    0x46, 0xff, 0xe8, 0x0, 0x37, 0x43, 0xe5, 0xff,
    0x64, 0x0, 0x0, 0xe8, 0xff, 0x6c, 0x0, 0x0,
    0x0, 0x0, 0x8, 0xbf, 0xf7, 0xff, 0xd4, 0x0,
    0x0, 0x42, 0xff, 0xfb, 0x17, 0x0, 0x0, 0xe8,
    0xff, 0x6c, 0x0, 0x0, 0x0, 0x0, 0x0, 0x7a,
    0xf9, 0xd9, 0x4e, 0x0, 0x0, 0x0, 0x4d, 0x8e,
    0x0, 0x0, 0x0, 0xe8, 0xff, 0x6c, 0x0, 0x0,

    /* U+65E0 "无" */
    0x0, 0x0, 0xd6, 0xf4, 0xf4, 0xf4, 0xf4, 0xf4,
    0xf4, 0xf4, 0xf4, 0xf4, 0xf4, 0xf4, 0xf4, 0xf4,
    0xf4, 0xf4, 0x1b, 0x0, 0x0, 0x0, 0xe0, 0xff,
    0xff, 0xff, 0xff, 0xff, 0xff, 0xff, 0xff, 0xff,
    0xff, 0xff, 0xff, 0xff, 0xff, 0xff, 0x1c, 0x0,
    0x0, 0x0, 0x54, 0x60, 0x60, 0x60, 0x60, 0x60,
    0xc0, 0xff, 0xe6, 0x60, 0x60, 0x60, 0x60, 0x60,
    0x60, 0x60, 0xb, 0x0, 0x0, 0x0, 0x0, 0x0,
    0x0, 0x0, 0x0, 0x0, 0xa2, 0xff, 0xcb, 0x0,
    0x0, 0x0, 0x0, 0x0, 0x0, 0x0, 0x0, 0x0,
    0x0, 0x0, 0x0, 0x0, 0x0, 0x0, 0x0, 0x0,
    0xb2, 0xff, 0xba, 0x0, 0x0, 0x0, 0x0, 0x0,
    0x0, 0x0, 0x0, 0x0, 0x0, 0x4, 0x4, 0x4,
    0x4, 0x4, 0x4, 0x4, 0xc9, 0xff, 0xa5, 0x4,
    0x4, 0x4, 0x4, 0x4, 0x4, 0x4, 0x4, 0x1,
    0x14, 0xff, 0xff, 0xff, 0xff, 0xff, 0xff, 0xff,
    0xff, 0xff, 0xff, 0xff, 0xff, 0xff, 0xff, 0xff,
    0xff, 0xff, 0xff, 0x34, 0x14, 0xff, 0xff, 0xff,
    0xff, 0xff, 0xff, 0xff, 0xff, 0xff, 0xff, 0xff,
    0xff, 0xff, 0xff, 0xff, 0xff, 0xff, 0xff, 0x34,
    0x7, 0x58, 0x58, 0x58, 0x58, 0x58, 0x58, 0x95,
    0xff, 0xff, 0xff, 0xff, 0xbe, 0x58, 0x58, 0x58,
    0x58, 0x58, 0x58, 0x12, 0x0, 0x0, 0x0, 0x0,
    0x0, 0x0, 0x0, 0xa0, 0xff, 0xea, 0xf2, 0xff,
    0x9c, 0x0, 0x0, 0x0, 0x0, 0x0, 0x0, 0x0,
    0x0, 0x0, 0x0, 0x0, 0x0, 0x0, 0x11, 0xf5,
    0xff, 0x9b, 0xf0, 0xff, 0x9c, 0x0, 0x0, 0x0,
    0x0, 0x0, 0x0, 0x0, 0x0, 0x0, 0x0, 0x0,
    0x0, 0x0, 0x87, 0xff, 0xff, 0x39, 0xf0, 0xff,
    0x9c, 0x0, 0x0, 0x0, 0x0, 0x0, 0x0, 0x0,
    0x0, 0x0, 0x0, 0x0, 0x0, 0x30, 0xf9, 0xff,
    0xc0, 0x0, 0xf0, 0xff, 0x9c, 0x0, 0x0, 0x0,
    0x0, 0x51, 0x2, 0x0, 0x0, 0x0, 0x0, 0x0,
    0x1d, 0xe1, 0xff, 0xfc, 0x32, 0x0, 0xf0, 0xff,
    0x9c, 0x0, 0x0, 0x0, 0x0, 0xf6, 0xdd, 0x3c,
    0x0, 0x0, 0x0, 0x30, 0xe1, 0xff, 0xff, 0x78,
    0x0, 0x0, 0xef, 0xff, 0x9c, 0x0, 0x0, 0x0,
    0x10, 0xff, 0xff, 0x4b, 0x0, 0xc, 0x83, 0xf9,
    0xff, 0xff, 0x96, 0x1, 0x0, 0x0, 0xe3, 0xff,
    0xd6, 0x5f, 0x5c, 0x5c, 0x96, 0xff, 0xff, 0x21,
    0x1f, 0xea, 0xff, 0xff, 0xfd, 0x7e, 0x1, 0x0,
    0x0, 0x0, 0xaf, 0xff, 0xff, 0xff, 0xff, 0xff,
    0xff, 0xff, 0xd4, 0x0, 0x0, 0x74, 0xff, 0xd0,
    0x3b, 0x0, 0x0, 0x0, 0x0, 0x0, 0x23, 0xbc,
    0xf5, 0xff, 0xff, 0xff, 0xfc, 0xcf, 0x35, 0x0,
    0x0, 0x2, 0x47, 0x2, 0x0, 0x0, 0x0, 0x0,
    0x0, 0x0, 0x0, 0x0, 0x0, 0x0, 0x0, 0x0,
    0x0, 0x0, 0x0, 0x0,

    /* U+65F6 "时" */
    0x0, 0x0, 0x0, 0x0, 0x0, 0x0, 0x0, 0x0,
    0x0, 0x0, 0x0, 0x0, 0x0, 0x48, 0xff, 0xff,
    0x28, 0x0, 0x0, 0x2f, 0x34, 0x34, 0x34, 0x34,
    0x34, 0x34, 0x0, 0x0, 0x0, 0x0, 0x0, 0x0,
    0x48, 0xff, 0xff, 0x28, 0x0, 0x0, 0xe8, 0xff,
    0xff, 0xff, 0xff, 0xff, 0xff, 0x0, 0x0, 0x0,
    0x0, 0x0, 0x0, 0x48, 0xff, 0xff, 0x28, 0x0,
    0x0, 0xe8, 0xff, 0xf6, 0xf0, 0xf4, 0xff, 0xff,
    0x5, 0x14, 0x14, 0x14, 0x14, 0x14, 0x56, 0xff,
    0xff, 0x39, 0x14, 0x4, 0xe8, 0xff, 0x58, 0x0,
    0x3c, 0xff, 0xff, 0x44, 0xff, 0xff, 0xff, 0xff,
    0xff, 0xff, 0xff, 0xff, 0xff, 0xff, 0x34, 0xe8,
    0xff, 0x58, 0x0, 0x3c, 0xff, 0xff, 0x44, 0xff,
    0xff, 0xff, 0xff, 0xff, 0xff, 0xff, 0xff, 0xff,
    0xff, 0x34, 0xe8, 0xff, 0x58, 0x0, 0x3c, 0xff,
    0xff, 0x3, 0xc, 0xc, 0xc, 0xc, 0xc, 0x51,
    0xff, 0xff, 0x32, 0xc, 0x2, 0xe8, 0xff, 0xf8,
    0xf4, 0xf7, 0xff, 0xff, 0x0, 0xe, 0x83, 0x28,
    0x0, 0x0, 0x48, 0xff, 0xff, 0x28, 0x0, 0x0,
    0xe8, 0xff, 0xff, 0xff, 0xff, 0xff, 0xff, 0x0,
    0xca, 0xff, 0xcd, 0x5, 0x0, 0x48, 0xff, 0xff,
    0x28, 0x0, 0x0, 0xe8, 0xff, 0x70, 0x24, 0x58,
    0xff, 0xff, 0x0, 0x47, 0xff, 0xff, 0x82, 0x0,
    0x48, 0xff, 0xff, 0x28, 0x0, 0x0, 0xe8, 0xff,
    0x58, 0x0, 0x3c, 0xff, 0xff, 0x0, 0x0, 0xa6,
    0xff, 0xfb, 0x32, 0x48, 0xff, 0xff, 0x28, 0x0,
    0x0, 0xe8, 0xff, 0x58, 0x0, 0x3c, 0xff, 0xff,
    0x0, 0x0, 0x18, 0xf1, 0xff, 0xb9, 0x48, 0xff,
    0xff, 0x28, 0x0, 0x0, 0xe8, 0xff, 0x63, 0x10,
    0x48, 0xff, 0xff, 0x0, 0x0, 0x0, 0x77, 0x9d,
    0x15, 0x48, 0xff, 0xff, 0x28, 0x0, 0x0, 0xe8,
    0xff, 0xff, 0xff, 0xff, 0xff, 0xff, 0x0, 0x0,
    0x0, 0x0, 0x0, 0x0, 0x48, 0xff, 0xff, 0x28,
    0x0, 0x0, 0xe8, 0xff, 0xff, 0xff, 0xff, 0xff,
    0xff, 0x0, 0x0, 0x0, 0x0, 0x0, 0x0, 0x48,
    0xff, 0xff, 0x28, 0x0, 0x0, 0xe8, 0xff, 0x65,
    0x14, 0x14, 0x14, 0x14, 0x0, 0x0, 0x0, 0x0,
    0x0, 0x0, 0x48, 0xff, 0xff, 0x28, 0x0, 0x0,
    0xd2, 0xe8, 0x50, 0x0, 0x0, 0x0, 0x0, 0x0,
    0x0, 0xa, 0x6a, 0x64, 0x60, 0x9b, 0xff, 0xff,
    0x21, 0x0, 0x0, 0x0, 0x0, 0x0, 0x0, 0x0,
    0x0, 0x0, 0x0, 0x0, 0x0, 0xca, 0xff, 0xff,
    0xff, 0xff, 0xea, 0x5, 0x0, 0x0, 0x0, 0x0,
    0x0, 0x0, 0x0, 0x0, 0x0, 0x0, 0x0, 0x0,
    0x77, 0xfc, 0xf5, 0xe3, 0xb1, 0x35, 0x0, 0x0,
    0x0,

    /* U+66F4 "更" */
    0x0, 0xb0, 0xff, 0xff, 0xff, 0xff, 0xff, 0xff,
    0xff, 0xff, 0xff, 0xff, 0xff, 0xff, 0xff, 0xff,
    0xff, 0xff, 0xec, 0x0, 0x0, 0xb0, 0xff, 0xff,
    0xff, 0xff, 0xff, 0xff, 0xff, 0xff, 0xff, 0xff,
    0xff, 0xff, 0xff, 0xff, 0xff, 0xff, 0xec, 0x0,
    0x0, 0x19, 0x24, 0x24, 0x24, 0x24, 0x24, 0x24,
    0x24, 0xfd, 0xff, 0x99, 0x24, 0x24, 0x24, 0x24,
    0x24, 0x24, 0x21, 0x0, 0x0, 0x0, 0x0, 0xd9,
    0xe4, 0xe4, 0xe4, 0xe4, 0xe4, 0xff, 0xff, 0xf3,
    0xe4, 0xe4, 0xe4, 0xe4, 0xe4, 0x96, 0x0, 0x0,
    0x0, 0x0, 0x0, 0xf4, 0xff, 0xff, 0xff, 0xff,
    0xff, 0xff, 0xff, 0xff, 0xff, 0xff, 0xff, 0xff,
    0xff, 0xa8, 0x0, 0x0, 0x0, 0x0, 0x0, 0xf4,
    0xff, 0x5c, 0xc, 0xc, 0xc, 0xfc, 0xff, 0x8e,
    0xc, 0xc, 0xc, 0xbb, 0xff, 0xa8, 0x0, 0x0,
    0x0, 0x0, 0x0, 0xf4, 0xff, 0xd8, 0xc4, 0xc4,
    0xc4, 0xff, 0xff, 0xe4, 0xc4, 0xc4, 0xc4, 0xef,
    0xff, 0xa8, 0x0, 0x0, 0x0, 0x0, 0x0, 0xf4,
    0xff, 0xff, 0xff, 0xff, 0xff, 0xff, 0xff, 0xff,
    0xff, 0xff, 0xff, 0xff, 0xff, 0xa8, 0x0, 0x0,
    0x0, 0x0, 0x0, 0xf4, 0xff, 0x5c, 0xc, 0xc,
    0xc, 0xfc, 0xff, 0x8e, 0xc, 0xc, 0xc, 0xbb,
    0xff, 0xa8, 0x0, 0x0, 0x0, 0x0, 0x0, 0xf4,
    0xff, 0x7a, 0x38, 0x38, 0x39, 0xff, 0xff, 0xa0,
    0x38, 0x38, 0x38, 0xc8, 0xff, 0xa8, 0x0, 0x0,
    0x0, 0x0, 0x0, 0xf4, 0xff, 0xff, 0xff, 0xff,
    0xff, 0xff, 0xff, 0xff, 0xff, 0xff, 0xff, 0xff,
    0xff, 0xa8, 0x0, 0x0, 0x0, 0x0, 0x0, 0xaf,
    0xc5, 0xe3, 0xb8, 0xb8, 0xd6, 0xff, 0xff, 0xc6,
    0xb8, 0xb8, 0xb8, 0xb8, 0xb8, 0x79, 0x0, 0x0,
    0x0, 0x0, 0x0, 0x55, 0xf1, 0xf7, 0x40, 0x0,
    0xba, 0xff, 0xf3, 0x9, 0x0, 0x0, 0x0, 0x0,
    0x0, 0x0, 0x0, 0x0, 0x0, 0x0, 0x0, 0x11,
    0xdb, 0xff, 0xf8, 0xaa, 0xff, 0xff, 0x8f, 0x0,
    0x0, 0x0, 0x0, 0x0, 0x0, 0x0, 0x0, 0x0,
    0x0, 0x0, 0x0, 0x0, 0x21, 0xe5, 0xff, 0xff,
    0xff, 0xf4, 0x23, 0x0, 0x0, 0x0, 0x0, 0x0,
    0x0, 0x0, 0x0, 0x0, 0x0, 0x6, 0x35, 0x75,
    0xc3, 0xff, 0xff, 0xff, 0xff, 0xff, 0xfe, 0xd4,
    0xa8, 0x89, 0x76, 0x6a, 0x62, 0x5c, 0x58, 0x37,
    0x2, 0xbd, 0xff, 0xff, 0xff, 0xff, 0xf1, 0x88,
    0xa4, 0xf3, 0xff, 0xff, 0xff, 0xff, 0xff, 0xff,
    0xff, 0xff, 0xff, 0x3e, 0x0, 0x1f, 0xf5, 0xf6,
    0xb7, 0x63, 0xd, 0x0, 0x0, 0x7, 0x3e, 0x74,
    0x9b, 0xb7, 0xcf, 0xe2, 0xf0, 0xfb, 0xdb, 0x0,
    0x0, 0x0, 0x1f, 0x5, 0x0, 0x0, 0x0, 0x0,
    0x0, 0x0, 0x0, 0x0, 0x0, 0x0, 0x0, 0x0,
    0x0, 0x0, 0x1, 0x0,

    /* U+672A "未" */
    0x0, 0x0, 0x0, 0x0, 0x0, 0x0, 0x0, 0x0,
    0x4c, 0xff, 0xff, 0x44, 0x0, 0x0, 0x0, 0x0,
    0x0, 0x0, 0x0, 0x0, 0x0, 0x0, 0x0, 0x0,
    0x0, 0x0, 0x0, 0x0, 0x4c, 0xff, 0xff, 0x44,
    0x0, 0x0, 0x0, 0x0, 0x0, 0x0, 0x0, 0x0,
    0x0, 0x0, 0x0, 0x0, 0x0, 0x0, 0x0, 0x0,
    0x4c, 0xff, 0xff, 0x44, 0x0, 0x0, 0x0, 0x0,
    0x0, 0x0, 0x0, 0x0, 0x0, 0x0, 0x6a, 0xfc,
    0xfc, 0xfc, 0xfc, 0xfc, 0xfd, 0xff, 0xff, 0xfd,
    0xfc, 0xfc, 0xfc, 0xfc, 0xfc, 0x8a, 0x0, 0x0,
    0x0, 0x0, 0x6c, 0xff, 0xff, 0xff, 0xff, 0xff,
    0xff, 0xff, 0xff, 0xff, 0xff, 0xff, 0xff, 0xff,
    0xff, 0x8c, 0x0, 0x0, 0x0, 0x0, 0x2c, 0x68,
    0x68, 0x68, 0x68, 0x68, 0x95, 0xff, 0xff, 0x90,
    0x68, 0x68, 0x68, 0x68, 0x68, 0x39, 0x0, 0x0,
    0x0, 0x0, 0x0, 0x0, 0x0, 0x0, 0x0, 0x0,
    0x4c, 0xff, 0xff, 0x44, 0x0, 0x0, 0x0, 0x0,
    0x0, 0x0, 0x0, 0x0, 0x0, 0xb, 0xc, 0xc,
    0xc, 0xc, 0xc, 0xc, 0x54, 0xff, 0xff, 0x4d,
    0xc, 0xc, 0xc, 0xc, 0xc, 0xc, 0xc, 0x0,
    0x0, 0xec, 0xff, 0xff, 0xff, 0xff, 0xff, 0xff,
    0xff, 0xff, 0xff, 0xff, 0xff, 0xff, 0xff, 0xff,
    0xff, 0xff, 0xff, 0x0, 0x0, 0xec, 0xff, 0xff,
    0xff, 0xff, 0xff, 0xff, 0xff, 0xff, 0xff, 0xff,
    0xff, 0xff, 0xff, 0xff, 0xff, 0xff, 0xff, 0x0,
    0x0, 0x51, 0x58, 0x58, 0x58, 0x58, 0x58, 0xca,
    0xff, 0xff, 0xff, 0xff, 0xc7, 0x58, 0x58, 0x58,
    0x58, 0x58, 0x58, 0x0, 0x0, 0x0, 0x0, 0x0,
    0x0, 0x0, 0x66, 0xff, 0xff, 0xff, 0xff, 0xff,
    0xff, 0x62, 0x0, 0x0, 0x0, 0x0, 0x0, 0x0,
    0x0, 0x0, 0x0, 0x0, 0x0, 0x6c, 0xfe, 0xff,
    0xee, 0xff, 0xff, 0xe5, 0xff, 0xfd, 0x63, 0x0,
    0x0, 0x0, 0x0, 0x0, 0x0, 0x0, 0x0, 0x6,
    0x92, 0xff, 0xff, 0xd8, 0x5f, 0xff, 0xff, 0x54,
    0xd5, 0xff, 0xff, 0x87, 0x3, 0x0, 0x0, 0x0,
    0x0, 0x0, 0x2d, 0xcc, 0xff, 0xff, 0xdb, 0x1c,
    0x4c, 0xff, 0xff, 0x44, 0x1b, 0xdc, 0xff, 0xff,
    0xc2, 0x22, 0x0, 0x0, 0x1a, 0x93, 0xfb, 0xff,
    0xff, 0xc9, 0x16, 0x0, 0x4c, 0xff, 0xff, 0x44,
    0x0, 0x18, 0xcf, 0xff, 0xff, 0xf7, 0x87, 0x12,
    0x27, 0xed, 0xff, 0xff, 0x9a, 0x8, 0x0, 0x0,
    0x4c, 0xff, 0xff, 0x44, 0x0, 0x0, 0xb, 0xa5,
    0xff, 0xff, 0xe5, 0x20, 0x0, 0x43, 0xdd, 0x4c,
    0x0, 0x0, 0x0, 0x0, 0x4c, 0xff, 0xff, 0x44,
    0x0, 0x0, 0x0, 0x0, 0x5a, 0xe5, 0x39, 0x0,
    0x0, 0x0, 0x3, 0x0, 0x0, 0x0, 0x0, 0x0,
    0x4c, 0xff, 0xff, 0x44, 0x0, 0x0, 0x0, 0x0,
    0x0, 0x5, 0x0, 0x0,

    /* U+6821 "校" */
    0x0, 0x0, 0x0, 0x0, 0x0, 0x0, 0x0, 0x0,
    0x0, 0x0, 0x0, 0x0, 0x5, 0x10, 0x0, 0x0,
    0x0, 0x0, 0x0, 0x0, 0x0, 0x0, 0x0, 0xd8,
    0xff, 0x5c, 0x0, 0x0, 0x0, 0x0, 0x0, 0x75,
    0xeb, 0xc6, 0x3, 0x0, 0x0, 0x0, 0x0, 0x0,
    0x0, 0x0, 0x0, 0xd8, 0xff, 0x5c, 0x0, 0x0,
    0x0, 0x0, 0x0, 0x45, 0xff, 0xff, 0x65, 0x0,
    0x0, 0x0, 0x0, 0x0, 0x0, 0x0, 0x0, 0xd8,
    0xff, 0x5c, 0x0, 0x7, 0x34, 0x34, 0x34, 0x34,
    0xd4, 0xf1, 0x82, 0x34, 0x34, 0x34, 0x32, 0x0,
    0x3, 0xc, 0xc, 0xda, 0xff, 0x64, 0xc, 0x28,
    0xff, 0xff, 0xff, 0xff, 0xff, 0xff, 0xff, 0xff,
    0xff, 0xff, 0xf8, 0x0, 0x38, 0xff, 0xff, 0xff,
    0xff, 0xff, 0xff, 0x80, 0xff, 0xff, 0xff, 0xff,
    0xff, 0xff, 0xff, 0xff, 0xff, 0xff, 0xf8, 0x0,
    0x38, 0xff, 0xff, 0xff, 0xff, 0xff, 0xff, 0x5c,
    0x0, 0x1f, 0xce, 0x64, 0x7, 0x0, 0x4b, 0xef,
    0x5b, 0x0, 0x0, 0x0, 0xb, 0x30, 0x77, 0xff,
    0xff, 0x7d, 0x30, 0x11, 0x6, 0xc2, 0xff, 0xed,
    0x17, 0x0, 0xac, 0xff, 0xfc, 0x4f, 0x0, 0x0,
    0x0, 0x0, 0x90, 0xff, 0xff, 0xc7, 0x2, 0x0,
    0x9e, 0xff, 0xff, 0x4e, 0x0, 0x0, 0x7, 0xbe,
    0xff, 0xf6, 0x32, 0x0, 0x0, 0x0, 0xd7, 0xff,
    0xff, 0xff, 0x6c, 0x90, 0xff, 0xff, 0x94, 0x11,
    0x0, 0x0, 0x1b, 0x25, 0xdd, 0xff, 0xd9, 0x3,
    0x0, 0x29, 0xff, 0xff, 0xff, 0xff, 0xf0, 0x98,
    0xff, 0xf7, 0xff, 0x86, 0x0, 0x0, 0xa1, 0xfe,
    0xd7, 0xf6, 0x59, 0x0, 0x0, 0x86, 0xff, 0xfe,
    0xff, 0xc6, 0xff, 0x9b, 0x44, 0x62, 0xff, 0xee,
    0xf, 0x12, 0xf6, 0xff, 0x84, 0x1e, 0x0, 0x0,
    0x8, 0xe9, 0xed, 0xdb, 0xff, 0x67, 0xf0, 0x5c,
    0x0, 0x9, 0xea, 0xff, 0x8d, 0x88, 0xff, 0xfd,
    0x21, 0x0, 0x0, 0x0, 0x74, 0xff, 0x9f, 0xd8,
    0xff, 0x5c, 0x40, 0x0, 0x0, 0x0, 0x70, 0xff,
    0xfd, 0xfa, 0xff, 0xa0, 0x0, 0x0, 0x0, 0x0,
    0xa7, 0xff, 0x41, 0xd8, 0xff, 0x5c, 0x0, 0x0,
    0x0, 0x0, 0x6, 0xd4, 0xff, 0xff, 0xf0, 0x1a,
    0x0, 0x0, 0x0, 0x0, 0x2d, 0xd2, 0x1, 0xd8,
    0xff, 0x5c, 0x0, 0x0, 0x0, 0x0, 0x1d, 0xd8,
    0xff, 0xff, 0xf0, 0x4a, 0x0, 0x0, 0x0, 0x0,
    0x0, 0x28, 0x0, 0xd8, 0xff, 0x5c, 0x0, 0x0,
    0x0, 0x4b, 0xe9, 0xff, 0xff, 0xfe, 0xff, 0xff,
    0x9d, 0x18, 0x0, 0x0, 0x0, 0x0, 0x0, 0xd8,
    0xff, 0x5c, 0x0, 0x36, 0xb3, 0xff, 0xff, 0xfd,
    0x6c, 0x4f, 0xf5, 0xff, 0xff, 0xf8, 0xa1, 0x1e,
    0x0, 0x0, 0x0, 0xd8, 0xff, 0x5c, 0xc, 0xd5,
    0xff, 0xff, 0xdb, 0x3b, 0x0, 0x0, 0x26, 0xc4,
    0xff, 0xff, 0xba, 0x3, 0x0, 0x0, 0x0, 0xd8,
    0xff, 0x5c, 0x0, 0x28, 0xd7, 0x6f, 0x6, 0x0,
    0x0, 0x0, 0x0, 0x1, 0x4f, 0xb8, 0x1c, 0x0,
    0x0, 0x0, 0x0, 0x0, 0x0, 0x0, 0x0, 0x0,
    0x0, 0x0, 0x0, 0x0, 0x0, 0x0, 0x0, 0x0,
    0x0, 0x0, 0x0, 0x0,

    /* U+6B65 "步" */
    0x0, 0x0, 0x0, 0x0, 0x0, 0x0, 0x0, 0x0,
    0x0, 0xd0, 0xff, 0xc4, 0x0, 0x0, 0x0, 0x0,
    0x0, 0x0, 0x0, 0x0, 0x0, 0x0, 0x29, 0xb0,
    0xb0, 0x24, 0x0, 0x0, 0xd0, 0xff, 0xd7, 0x50,
    0x50, 0x50, 0x50, 0x50, 0x2c, 0x0, 0x0, 0x0,
    0x0, 0x3c, 0xff, 0xff, 0x34, 0x0, 0x0, 0xd0,
    0xff, 0xff, 0xff, 0xff, 0xff, 0xff, 0xff, 0x8c,
    0x0, 0x0, 0x0, 0x0, 0x3c, 0xff, 0xff, 0x34,
    0x0, 0x0, 0xd0, 0xff, 0xfd, 0xf4, 0xf4, 0xf4,
    0xf4, 0xf4, 0x85, 0x0, 0x0, 0x0, 0x0, 0x3c,
    0xff, 0xff, 0x34, 0x0, 0x0, 0xd0, 0xff, 0xc4,
    0x0, 0x0, 0x0, 0x0, 0x0, 0x0, 0x0, 0x0,
    0x38, 0x38, 0x67, 0xff, 0xff, 0x61, 0x38, 0x38,
    0xdb, 0xff, 0xd1, 0x38, 0x38, 0x38, 0x38, 0x38,
    0x38, 0x35, 0x0, 0xff, 0xff, 0xff, 0xff, 0xff,
    0xff, 0xff, 0xff, 0xff, 0xff, 0xff, 0xff, 0xff,
    0xff, 0xff, 0xff, 0xff, 0xf4, 0x0, 0xff, 0xff,
    0xff, 0xff, 0xff, 0xff, 0xff, 0xff, 0xff, 0xff,
    0xff, 0xff, 0xff, 0xff, 0xff, 0xff, 0xff, 0xf4,
    0x0, 0xc, 0xc, 0xc, 0xc, 0x44, 0x14, 0xc,
    0x23, 0xff, 0xff, 0x7e, 0xc, 0xc, 0xc, 0x1e,
    0xd, 0xc, 0xb, 0x0, 0x0, 0x0, 0x0, 0x4f,
    0xff, 0xf2, 0x53, 0x18, 0xff, 0xff, 0x78, 0x0,
    0x0, 0x3, 0xcc, 0xd0, 0x58, 0x0, 0x0, 0x0,
    0x0, 0x44, 0xf6, 0xff, 0xd5, 0xb, 0x18, 0xff,
    0xff, 0x78, 0x0, 0x0, 0x7b, 0xff, 0xff, 0x89,
    0x0, 0x0, 0x0, 0x65, 0xfa, 0xff, 0xe9, 0x22,
    0x0, 0x18, 0xff, 0xff, 0x78, 0x0, 0x5b, 0xfe,
    0xff, 0xd8, 0xb, 0x0, 0x0, 0x57, 0xff, 0xff,
    0xeb, 0x2d, 0x0, 0x0, 0x18, 0xff, 0xff, 0x79,
    0x74, 0xfe, 0xff, 0xf0, 0x2b, 0x0, 0x0, 0x0,
    0x0, 0x85, 0xd9, 0x25, 0x0, 0x0, 0x0, 0x16,
    0xec, 0xf9, 0xf0, 0xff, 0xff, 0xef, 0x39, 0x0,
    0x0, 0x0, 0x0, 0x0, 0x0, 0xb, 0x0, 0x0,
    0x0, 0x1, 0x3b, 0xa5, 0xfc, 0xff, 0xff, 0xd5,
    0x2a, 0x0, 0x0, 0x0, 0x0, 0x0, 0x0, 0x0,
    0x0, 0x1a, 0x53, 0x94, 0xe0, 0xff, 0xff, 0xff,
    0xf9, 0x86, 0x9, 0x0, 0x0, 0x0, 0x0, 0x0,
    0x2, 0x8a, 0xbe, 0xe9, 0xff, 0xff, 0xff, 0xff,
    0xff, 0xf0, 0x8f, 0x1e, 0x0, 0x0, 0x0, 0x0,
    0x0, 0x0, 0x0, 0x0, 0x72, 0xff, 0xff, 0xff,
    0xff, 0xe5, 0xa1, 0x52, 0x8, 0x0, 0x0, 0x0,
    0x0, 0x0, 0x0, 0x0, 0x0, 0x0, 0x0, 0xa,
    0xaf, 0x8a, 0x5a, 0x25, 0x0, 0x0, 0x0, 0x0,
    0x0, 0x0, 0x0, 0x0, 0x0, 0x0, 0x0, 0x0,
    0x0,

    /* U+6C14 "气" */
    0x0, 0x0, 0x0, 0x0, 0x62, 0xd0, 0x92, 0xc,
    0x0, 0x0, 0x0, 0x0, 0x0, 0x0, 0x0, 0x0,
    0x0, 0x0, 0x0, 0x0, 0x0, 0x0, 0x0, 0x0,
    0xcb, 0xff, 0xd8, 0x1, 0x0, 0x0, 0x0, 0x0,
    0x0, 0x0, 0x0, 0x0, 0x0, 0x0, 0x0, 0x0,
    0x0, 0x0, 0x0, 0x44, 0xff, 0xff, 0xff, 0xff,
    0xff, 0xff, 0xff, 0xff, 0xff, 0xff, 0xff, 0xff,
    0xff, 0xff, 0xa0, 0x0, 0x0, 0x0, 0x3, 0xcf,
    0xff, 0xff, 0xff, 0xff, 0xff, 0xff, 0xff, 0xff,
    0xff, 0xff, 0xff, 0xff, 0xff, 0xff, 0xa0, 0x0,
    0x0, 0x0, 0x77, 0xff, 0xff, 0x6c, 0x10, 0x10,
    0x10, 0x10, 0x10, 0x10, 0x10, 0x10, 0x10, 0x10,
    0xf, 0x4, 0x3, 0x0, 0x0, 0x3f, 0xfb, 0xff,
    0xc3, 0xce, 0xff, 0xff, 0xff, 0xff, 0xff, 0xff,
    0xff, 0xff, 0xff, 0xff, 0xf4, 0x0, 0x0, 0x0,
    0x37, 0xf0, 0xff, 0xf3, 0x25, 0xbc, 0xec, 0xec,
    0xec, 0xec, 0xec, 0xec, 0xec, 0xec, 0xec, 0xec,
    0xe1, 0x0, 0x0, 0x0, 0x42, 0xdd, 0xfc, 0x5a,
    0xc, 0xc, 0xc, 0xc, 0xc, 0xc, 0xc, 0xc,
    0xc, 0xc, 0xc, 0x8, 0x0, 0x0, 0x0, 0x0,
    0x0, 0xb, 0x42, 0xfc, 0xff, 0xff, 0xff, 0xff,
    0xff, 0xff, 0xff, 0xff, 0xff, 0xff, 0xff, 0xb6,
    0x0, 0x0, 0x0, 0x0, 0x0, 0x0, 0x0, 0xfc,
    0xff, 0xff, 0xff, 0xff, 0xff, 0xff, 0xff, 0xff,
    0xff, 0xff, 0xff, 0xb9, 0x0, 0x0, 0x0, 0x0,
    0x0, 0x0, 0x0, 0x4, 0x4, 0x4, 0x4, 0x4,
    0x4, 0x4, 0x4, 0x4, 0x4, 0xaf, 0xff, 0xc3,
    0x0, 0x0, 0x0, 0x0, 0x0, 0x0, 0x0, 0x0,
    0x0, 0x0, 0x0, 0x0, 0x0, 0x0, 0x0, 0x0,
    0x0, 0x9e, 0xff, 0xce, 0x0, 0x0, 0x0, 0x0,
    0x0, 0x0, 0x0, 0x0, 0x0, 0x0, 0x0, 0x0,
    0x0, 0x0, 0x0, 0x0, 0x0, 0x87, 0xff, 0xe2,
    0x0, 0x0, 0x0, 0x0, 0x0, 0x0, 0x0, 0x0,
    0x0, 0x0, 0x0, 0x0, 0x0, 0x0, 0x0, 0x0,
    0x0, 0x6b, 0xff, 0xfc, 0x5, 0x2, 0x0, 0x0,
    0x0, 0x0, 0x0, 0x0, 0x0, 0x0, 0x0, 0x0,
    0x0, 0x0, 0x0, 0x0, 0x0, 0x42, 0xff, 0xff,
    0x2d, 0x28, 0x6f, 0x0, 0x0, 0x0, 0x0, 0x0,
    0x0, 0x0, 0x0, 0x0, 0x0, 0x0, 0x0, 0x0,
    0x0, 0xd, 0xfb, 0xff, 0x75, 0x37, 0xff, 0x54,
    0x0, 0x0, 0x0, 0x0, 0x0, 0x0, 0x0, 0x0,
    0x0, 0x0, 0x0, 0x0, 0x0, 0x0, 0xb6, 0xff,
    0xea, 0xa2, 0xff, 0x55, 0x0, 0x0, 0x0, 0x0,
    0x0, 0x0, 0x0, 0x0, 0x0, 0x0, 0x0, 0x0,
    0x0, 0x0, 0x39, 0xfd, 0xff, 0xff, 0xff, 0x1e,
    0x0, 0x0, 0x0, 0x0, 0x0, 0x0, 0x0, 0x0,
    0x0, 0x0, 0x0, 0x0, 0x0, 0x0, 0x0, 0x59,
    0xe1, 0xf7, 0x89, 0x0,

    /* U+6D41 "流" */
    0x0, 0x0, 0x0, 0x0, 0x0, 0x0, 0x0, 0x0,
    0x0, 0x0, 0x0, 0x0, 0x12, 0xf, 0x0, 0x0,
    0x0, 0x0, 0x0, 0x0, 0x0, 0x0, 0x95, 0xa3,
    0x24, 0x0, 0x0, 0x0, 0x0, 0x0, 0x0, 0xba,
    0xff, 0x8d, 0x0, 0x0, 0x0, 0x0, 0x0, 0x0,
    0x0, 0x4a, 0xff, 0xff, 0xfa, 0x83, 0x4, 0x0,
    0x0, 0x0, 0x0, 0x87, 0xff, 0xed, 0x7, 0x0,
    0x0, 0x0, 0x0, 0x0, 0x0, 0x1, 0x57, 0xe5,
    0xff, 0xfd, 0x9c, 0xcc, 0xcc, 0xcc, 0xcc, 0xdd,
    0xff, 0xff, 0xd5, 0xcc, 0xcc, 0xcc, 0xc2, 0x0,
    0x0, 0x0, 0x0, 0x10, 0xaa, 0x81, 0x84, 0xff,
    0xff, 0xff, 0xff, 0xff, 0xff, 0xff, 0xff, 0xff,
    0xff, 0xff, 0xf4, 0x0, 0x0, 0x0, 0x0, 0x0,
    0x1, 0x3, 0x2d, 0x58, 0x58, 0x8e, 0xff, 0xff,
    0x95, 0x58, 0x66, 0xe8, 0xa3, 0x58, 0x54, 0x0,
    0x0, 0xe, 0xd, 0x0, 0x0, 0x0, 0x0, 0x0,
    0xc, 0xdb, 0xff, 0xce, 0x4, 0x0, 0x9e, 0xff,
    0xf2, 0x25, 0x0, 0x0, 0x0, 0xa6, 0xee, 0x79,
    0x9, 0x0, 0x0, 0x5, 0xa9, 0xff, 0xfb, 0x30,
    0xa, 0x17, 0x44, 0xfc, 0xff, 0xce, 0x6, 0x0,
    0x22, 0xed, 0xff, 0xff, 0xde, 0x3d, 0x2d, 0xe3,
    0xff, 0xff, 0xfd, 0xfa, 0xff, 0xff, 0xff, 0xff,
    0xff, 0xff, 0x86, 0x0, 0x0, 0xc, 0x7f, 0xf7,
    0xff, 0x4a, 0xd, 0xfb, 0xff, 0xff, 0xff, 0xff,
    0xfa, 0xea, 0xd8, 0xc6, 0xd1, 0xff, 0xfb, 0x1a,
    0x0, 0x0, 0x0, 0x25, 0x6f, 0x0, 0x0, 0x5a,
    0x5e, 0x48, 0x20, 0x1c, 0x18, 0x9, 0x9, 0x18,
    0x1c, 0x9e, 0x37, 0x0, 0x0, 0x0, 0x0, 0x0,
    0x10, 0x1, 0x0, 0x18, 0xff, 0xff, 0x10, 0xb4,
    0xff, 0x64, 0x5c, 0xff, 0xd4, 0x0, 0x0, 0x0,
    0x0, 0x0, 0x0, 0x0, 0x9f, 0x96, 0x1, 0x18,
    0xff, 0xff, 0x10, 0xb4, 0xff, 0x64, 0x5c, 0xff,
    0xd4, 0x0, 0x0, 0x0, 0x0, 0x0, 0x0, 0x27,
    0xfc, 0xff, 0x5e, 0x21, 0xff, 0xff, 0xb, 0xb4,
    0xff, 0x64, 0x5c, 0xff, 0xd4, 0x0, 0x0, 0x0,
    0x0, 0x0, 0x0, 0xae, 0xff, 0xf2, 0x12, 0x3d,
    0xff, 0xf8, 0x1, 0xb4, 0xff, 0x64, 0x5c, 0xff,
    0xd4, 0x0, 0x0, 0x0, 0x0, 0x0, 0x3e, 0xff,
    0xff, 0x83, 0x0, 0x77, 0xff, 0xd9, 0x0, 0xb4,
    0xff, 0x64, 0x5c, 0xff, 0xd4, 0xf, 0x31, 0x0,
    0x0, 0x3, 0xd1, 0xff, 0xef, 0x10, 0x7, 0xde,
    0xff, 0x9f, 0x0, 0xb4, 0xff, 0x64, 0x5c, 0xff,
    0xd4, 0x1f, 0xfd, 0x68, 0x0, 0x70, 0xff, 0xff,
    0x78, 0x1, 0x98, 0xff, 0xff, 0x3f, 0x0, 0xb4,
    0xff, 0x64, 0x5b, 0xff, 0xd7, 0x31, 0xff, 0x76,
    0x0, 0xc1, 0xff, 0xe3, 0x9, 0x59, 0xff, 0xff,
    0xb2, 0x0, 0x0, 0xac, 0xf4, 0x5f, 0x47, 0xff,
    0xff, 0xee, 0xff, 0x55, 0x0, 0xc, 0xb1, 0x5c,
    0x0, 0x0, 0x8f, 0xcd, 0x11, 0x0, 0x0, 0x0,
    0x0, 0x0, 0x7, 0xb6, 0xfd, 0xfe, 0xbe, 0xa,
    0x0, 0x0, 0x2, 0x1, 0x0, 0x0, 0x3, 0xc,
    0x0, 0x0, 0x0, 0x0, 0x0, 0x0, 0x0, 0x0,
    0x0, 0x0, 0x0, 0x0,

    /* U+6E05 "清" */
    0x0, 0x0, 0x4a, 0x2d, 0x0, 0x0, 0x0, 0x0,
    0x0, 0x0, 0x0, 0xfc, 0xff, 0x68, 0x0, 0x0,
    0x0, 0x0, 0x0, 0x0, 0x0, 0x3b, 0xf8, 0xfc,
    0x8d, 0xa, 0x6b, 0x98, 0x98, 0x98, 0x98, 0xfe,
    0xff, 0xc2, 0x98, 0x98, 0x98, 0x98, 0x24, 0x0,
    0x0, 0x36, 0xd3, 0xff, 0xff, 0xb9, 0xb4, 0xff,
    0xff, 0xff, 0xff, 0xff, 0xff, 0xff, 0xff, 0xff,
    0xff, 0xff, 0x3c, 0x0, 0x0, 0x0, 0x7, 0x93,
    0xf8, 0x36, 0x19, 0x2c, 0x2c, 0x2c, 0x2c, 0xfd,
    0xff, 0x82, 0x2c, 0x2c, 0x2c, 0x28, 0x8, 0x0,
    0x0, 0x0, 0x0, 0x0, 0x21, 0x0, 0x28, 0xff,
    0xff, 0xff, 0xff, 0xff, 0xff, 0xff, 0xff, 0xff,
    0xff, 0xb4, 0x0, 0x0, 0x0, 0x2e, 0x14, 0x0,
    0x0, 0x0, 0x16, 0x8c, 0x8c, 0x8c, 0x8c, 0xfe,
    0xff, 0xbb, 0x8c, 0x8c, 0x8c, 0x62, 0x0, 0x0,
    0x1b, 0xe9, 0xf2, 0x72, 0x4, 0x43, 0x98, 0x98,
    0x98, 0x98, 0x98, 0xfe, 0xff, 0xc2, 0x98, 0x98,
    0x98, 0x98, 0x98, 0xc, 0x47, 0xea, 0xff, 0xff,
    0xcc, 0x7d, 0xff, 0xff, 0xff, 0xff, 0xff, 0xff,
    0xff, 0xff, 0xff, 0xff, 0xff, 0xff, 0xff, 0x14,
    0x0, 0x11, 0xa4, 0xff, 0xa4, 0x12, 0x28, 0x34,
    0x34, 0x34, 0x34, 0x34, 0x34, 0x34, 0x34, 0x34,
    0x34, 0x2e, 0x28, 0x3, 0x0, 0x0, 0x0, 0x5b,
    0xc, 0x0, 0x0, 0xfc, 0xff, 0xff, 0xff, 0xff,
    0xff, 0xff, 0xff, 0xff, 0xff, 0x80, 0x0, 0x0,
    0x0, 0x0, 0x0, 0x7, 0xb, 0x0, 0x0, 0xfc,
    0xff, 0xc6, 0xb4, 0xb4, 0xb4, 0xb4, 0xb4, 0xee,
    0xff, 0x80, 0x0, 0x0, 0x0, 0x0, 0x0, 0x59,
    0xdb, 0x39, 0x0, 0xfc, 0xff, 0x8f, 0x6c, 0x6c,
    0x6c, 0x6c, 0x6c, 0xdd, 0xff, 0x80, 0x0, 0x0,
    0x0, 0x0, 0x0, 0xc1, 0xff, 0xbf, 0x0, 0xfc,
    0xff, 0xff, 0xff, 0xff, 0xff, 0xff, 0xff, 0xff,
    0xff, 0x80, 0x0, 0x0, 0x0, 0x0, 0x2e, 0xff,
    0xff, 0x5f, 0x0, 0xfc, 0xff, 0x51, 0x1c, 0x1c,
    0x1c, 0x1c, 0x1c, 0xcb, 0xff, 0x80, 0x0, 0x0,
    0x0, 0x0, 0xa2, 0xff, 0xf0, 0xa, 0x0, 0xfc,
    0xff, 0xf7, 0xf4, 0xf4, 0xf4, 0xf4, 0xf4, 0xfd,
    0xff, 0x80, 0x0, 0x0, 0x0, 0x21, 0xfb, 0xff,
    0x93, 0x0, 0x0, 0xfc, 0xff, 0xc9, 0xb8, 0xb8,
    0xb8, 0xb8, 0xb8, 0xef, 0xff, 0x80, 0x0, 0x0,
    0x0, 0x9d, 0xff, 0xff, 0x29, 0x0, 0x0, 0xfc,
    0xff, 0x3c, 0x0, 0x0, 0x1, 0x2, 0x0, 0xca,
    0xff, 0x80, 0x0, 0x0, 0x0, 0x81, 0xfb, 0xba,
    0x0, 0x0, 0x0, 0xfc, 0xff, 0x3c, 0x0, 0x0,
    0x6, 0xe9, 0xfc, 0xff, 0xff, 0x6d, 0x0, 0x0,
    0x0, 0x0, 0x2e, 0x35, 0x0, 0x0, 0x0, 0xfc,
    0xff, 0x3c, 0x0, 0x0, 0x0, 0xa1, 0xff, 0xf4,
    0xb0, 0x12, 0x0, 0x0, 0x0, 0x0, 0x0, 0x0,
    0x0, 0x0, 0x0, 0x8, 0x8, 0x2, 0x0, 0x0,
    0x0, 0x2, 0x3, 0x0, 0x0, 0x0, 0x0, 0x0,

    /* U+6E29 "温" */
    0x0, 0x0, 0x33, 0x4d, 0x1, 0x0, 0x0, 0x0,
    0x0, 0x0, 0x0, 0x0, 0x0, 0x0, 0x0, 0x0,
    0x0, 0x0, 0x0, 0x0, 0x0, 0x15, 0xe3, 0xff,
    0xce, 0x47, 0x0, 0xa4, 0xff, 0xff, 0xff, 0xff,
    0xff, 0xff, 0xff, 0xff, 0xff, 0x60, 0x0, 0x0,
    0x0, 0x13, 0x88, 0xf6, 0xff, 0xff, 0x62, 0xa4,
    0xff, 0xfc, 0xf4, 0xf4, 0xf4, 0xf4, 0xf4, 0xff,
    0xff, 0x60, 0x0, 0x0, 0x0, 0x0, 0x0, 0x1d,
    0xad, 0xcc, 0x7, 0xa4, 0xff, 0xa5, 0xc, 0xc,
    0xc, 0xc, 0xc, 0xfc, 0xff, 0x60, 0x0, 0x0,
    0x0, 0x0, 0x0, 0x0, 0x0, 0xd, 0x0, 0xa4,
    0xff, 0xff, 0xff, 0xff, 0xff, 0xff, 0xff, 0xff,
    0xff, 0x60, 0x0, 0x0, 0x0, 0x20, 0x5, 0x0,
    0x0, 0x0, 0x0, 0xa4, 0xff, 0xea, 0xc4, 0xc4,
    0xc4, 0xc4, 0xc4, 0xff, 0xff, 0x60, 0x0, 0x0,
    0x17, 0xea, 0xe5, 0x70, 0x8, 0x0, 0x0, 0xa4,
    0xff, 0xa5, 0xc, 0xc, 0xc, 0xc, 0xc, 0xfc,
    0xff, 0x60, 0x0, 0x0, 0x4f, 0xec, 0xff, 0xff,
    0xe0, 0x23, 0x0, 0xa4, 0xff, 0xff, 0xff, 0xff,
    0xff, 0xff, 0xff, 0xff, 0xff, 0x60, 0x0, 0x0,
    0x0, 0xd, 0x84, 0xf9, 0xcc, 0x4, 0x0, 0x92,
    0xe4, 0xe4, 0xe4, 0xe4, 0xe4, 0xe4, 0xe4, 0xe4,
    0xe4, 0x56, 0x0, 0x0, 0x0, 0x0, 0x0, 0x2e,
    0x27, 0x0, 0x0, 0x0, 0x0, 0x0, 0x0, 0x0,
    0x0, 0x0, 0x0, 0x0, 0x0, 0x0, 0x0, 0x0,
    0x0, 0x0, 0x0, 0x2, 0x20, 0x0, 0x45, 0xf4,
    0xf4, 0xf4, 0xf4, 0xf4, 0xf4, 0xf4, 0xf4, 0xf4,
    0xf4, 0xf4, 0xf, 0x0, 0x0, 0x0, 0x0, 0x55,
    0xee, 0x49, 0x48, 0xff, 0xff, 0xff, 0xff, 0xff,
    0xff, 0xff, 0xff, 0xff, 0xff, 0xff, 0x10, 0x0,
    0x0, 0x0, 0x2, 0xd1, 0xff, 0xb2, 0x48, 0xff,
    0xde, 0x14, 0xff, 0xc8, 0x2e, 0xff, 0xae, 0x41,
    0xff, 0xff, 0x10, 0x0, 0x0, 0x0, 0x5a, 0xff,
    0xff, 0x3d, 0x48, 0xff, 0xdc, 0x4, 0xff, 0xc4,
    0x20, 0xff, 0xa8, 0x34, 0xff, 0xff, 0x10, 0x0,
    0x0, 0x6, 0xde, 0xff, 0xc1, 0x0, 0x48, 0xff,
    0xdc, 0x4, 0xff, 0xc4, 0x20, 0xff, 0xa8, 0x34,
    0xff, 0xff, 0x10, 0x0, 0x0, 0x75, 0xff, 0xff,
    0x42, 0x0, 0x48, 0xff, 0xdc, 0x4, 0xff, 0xc4,
    0x20, 0xff, 0xa8, 0x34, 0xff, 0xff, 0x10, 0x0,
    0x17, 0xf3, 0xff, 0xbd, 0x0, 0xc2, 0xf7, 0xff,
    0xfe, 0xf4, 0xff, 0xfd, 0xf6, 0xff, 0xfc, 0xf6,
    0xff, 0xff, 0xf5, 0x35, 0x1, 0x66, 0xf3, 0x36,
    0x0, 0xcc, 0xff, 0xff, 0xff, 0xff, 0xff, 0xff,
    0xff, 0xff, 0xff, 0xff, 0xff, 0xff, 0xff, 0x38,
    0x0, 0x0, 0x13, 0x0, 0x0, 0x16, 0x1c, 0x1c,
    0x1c, 0x1c, 0x1c, 0x1c, 0x1c, 0x1c, 0x1c, 0x1c,
    0x1c, 0x1c, 0x1c, 0x6,

    /* U+70B9 "点" */
    0x0, 0x0, 0x0, 0x0, 0x0, 0x0, 0x0, 0x0,
    0x54, 0xff, 0xff, 0x20, 0x0, 0x0, 0x0, 0x0,
    0x0, 0x0, 0x0, 0x0, 0x0, 0x0, 0x0, 0x0,
    0x0, 0x0, 0x0, 0x0, 0x54, 0xff, 0xff, 0x51,
    0x38, 0x38, 0x38, 0x38, 0x38, 0x38, 0x12, 0x0,
    0x0, 0x0, 0x0, 0x0, 0x0, 0x0, 0x0, 0x0,
    0x54, 0xff, 0xff, 0xff, 0xff, 0xff, 0xff, 0xff,
    0xff, 0xff, 0x50, 0x0, 0x0, 0x0, 0x0, 0x0,
    0x0, 0x0, 0x0, 0x0, 0x54, 0xff, 0xff, 0xff,
    0xff, 0xff, 0xff, 0xff, 0xff, 0xff, 0x50, 0x0,
    0x0, 0x0, 0x0, 0x0, 0x0, 0x0, 0x0, 0x0,
    0x54, 0xff, 0xff, 0x24, 0x4, 0x4, 0x4, 0x4,
    0x4, 0x4, 0x1, 0x0, 0x0, 0x0, 0x0, 0x17,
    0x18, 0x18, 0x18, 0x18, 0x64, 0xff, 0xff, 0x35,
    0x18, 0x18, 0x18, 0x18, 0x18, 0x0, 0x0, 0x0,
    0x0, 0x0, 0x0, 0xf0, 0xff, 0xff, 0xff, 0xff,
    0xff, 0xff, 0xff, 0xff, 0xff, 0xff, 0xff, 0xff,
    0xff, 0x0, 0x0, 0x0, 0x0, 0x0, 0x0, 0xf0,
    0xff, 0xff, 0xff, 0xff, 0xff, 0xff, 0xff, 0xff,
    0xff, 0xff, 0xff, 0xff, 0xff, 0x0, 0x0, 0x0,
    0x0, 0x0, 0x0, 0xf0, 0xff, 0x71, 0x20, 0x20,
    0x20, 0x20, 0x20, 0x20, 0x20, 0x20, 0x86, 0xff,
    0xff, 0x0, 0x0, 0x0, 0x0, 0x0, 0x0, 0xf0,
    0xff, 0x5c, 0x0, 0x0, 0x0, 0x0, 0x0, 0x0,
    0x0, 0x0, 0x74, 0xff, 0xff, 0x0, 0x0, 0x0,
    0x0, 0x0, 0x0, 0xf0, 0xff, 0x88, 0x44, 0x44,
    0x44, 0x44, 0x44, 0x44, 0x44, 0x44, 0x99, 0xff,
    0xff, 0x0, 0x0, 0x0, 0x0, 0x0, 0x0, 0xf0,
    0xff, 0xff, 0xff, 0xff, 0xff, 0xff, 0xff, 0xff,
    0xff, 0xff, 0xff, 0xff, 0xff, 0x0, 0x0, 0x0,
    0x0, 0x0, 0x0, 0xe5, 0xf4, 0xf4, 0xf4, 0xf4,
    0xf4, 0xf4, 0xf4, 0xf4, 0xf4, 0xf4, 0xf4, 0xf4,
    0xf4, 0x0, 0x0, 0x0, 0x0, 0x0, 0x0, 0x22,
    0x0, 0x0, 0x0, 0x0, 0x0, 0x0, 0x0, 0x0,
    0x0, 0x0, 0x0, 0x7, 0x42, 0x0, 0x0, 0x0,
    0x0, 0x0, 0x3f, 0xff, 0xe4, 0x32, 0x53, 0xa4,
    0x88, 0x0, 0x38, 0xbe, 0xde, 0x8, 0x29, 0xef,
    0xff, 0x64, 0x0, 0x0, 0x0, 0x1, 0xc5, 0xff,
    0xe1, 0x4, 0x75, 0xff, 0xe8, 0x0, 0x15, 0xfb,
    0xff, 0x62, 0x0, 0xab, 0xff, 0xf2, 0x1d, 0x0,
    0x0, 0x67, 0xff, 0xff, 0x63, 0x0, 0x56, 0xff,
    0xff, 0xd, 0x0, 0xb4, 0xff, 0xc7, 0x0, 0x1d,
    0xf5, 0xff, 0xb0, 0x0, 0x20, 0xf5, 0xff, 0xc6,
    0x2, 0x0, 0x40, 0xff, 0xff, 0x2c, 0x0, 0x63,
    0xff, 0xff, 0x1a, 0x0, 0x81, 0xff, 0xff, 0x2b,
    0x0, 0x23, 0x93, 0x1d, 0x0, 0x0, 0x24, 0x9b,
    0x7c, 0x16, 0x0, 0x19, 0x70, 0x2d, 0x1, 0x0,
    0x11, 0x83, 0x22, 0x0,

    /* U+70ED "热" */
    0x0, 0x0, 0x0, 0x30, 0xec, 0xec, 0x0, 0x0,
    0x0, 0x0, 0x31, 0xff, 0xff, 0x11, 0x0, 0x0,
    0x0, 0x0, 0x0, 0x0, 0x0, 0x0, 0x0, 0x34,
    0xff, 0xff, 0x0, 0x0, 0x0, 0x0, 0x34, 0xff,
    0xff, 0xb, 0x0, 0x0, 0x0, 0x0, 0x0, 0x0,
    0x0, 0x22, 0x28, 0x54, 0xff, 0xff, 0x28, 0x28,
    0xc, 0x10, 0x43, 0xff, 0xff, 0x16, 0x10, 0x10,
    0x10, 0x1, 0x0, 0x0, 0x0, 0xdc, 0xff, 0xff,
    0xff, 0xff, 0xff, 0xff, 0xa4, 0xff, 0xff, 0xff,
    0xff, 0xff, 0xff, 0xff, 0xff, 0x7, 0x0, 0x0,
    0x0, 0xdc, 0xff, 0xff, 0xff, 0xff, 0xff, 0xff,
    0x9d, 0xf4, 0xf8, 0xff, 0xff, 0xf4, 0xf7, 0xff,
    0xfc, 0x0, 0x0, 0x0, 0x0, 0x7, 0x8, 0x3a,
    0xff, 0xff, 0x8, 0x8, 0x1, 0x0, 0x57, 0xff,
    0xe2, 0x0, 0x3b, 0xff, 0xf4, 0x0, 0x0, 0x0,
    0x0, 0x0, 0x0, 0x34, 0xff, 0xff, 0x68, 0xa3,
    0x4, 0x9, 0x72, 0xff, 0xca, 0x0, 0x3e, 0xff,
    0xed, 0x0, 0x0, 0x0, 0xd, 0x4c, 0x82, 0xc1,
    0xff, 0xff, 0xff, 0xff, 0x5d, 0xed, 0xd4, 0xff,
    0xa8, 0x0, 0x40, 0xff, 0xe8, 0x0, 0x0, 0x0,
    0x30, 0xff, 0xff, 0xff, 0xff, 0xff, 0xdc, 0x9c,
    0xb7, 0xff, 0xff, 0xff, 0x89, 0x0, 0x3b, 0xff,
    0xe4, 0x0, 0x0, 0x0, 0x5, 0xf8, 0xe0, 0xb9,
    0xff, 0xff, 0x0, 0x0, 0x1, 0x89, 0xff, 0xff,
    0xff, 0x98, 0x3e, 0xff, 0xe5, 0xb, 0x5, 0x0,
    0x0, 0x18, 0x0, 0x34, 0xff, 0xff, 0x0, 0x0,
    0x6, 0xce, 0xff, 0xf7, 0xff, 0xff, 0xae, 0xff,
    0xef, 0x3b, 0xda, 0x4a, 0x0, 0x1b, 0x42, 0x69,
    0xff, 0xff, 0x0, 0x6, 0xa6, 0xff, 0xff, 0x4f,
    0x62, 0xe6, 0x1b, 0xf3, 0xff, 0x9b, 0xff, 0x7c,
    0x0, 0x27, 0xff, 0xff, 0xff, 0xdf, 0x0, 0x7e,
    0xff, 0xff, 0x98, 0x0, 0x0, 0xd, 0x0, 0xa3,
    0xff, 0xff, 0xff, 0x39, 0x0, 0x0, 0xca, 0xd6,
    0xaf, 0x39, 0x0, 0x5, 0xc4, 0x8e, 0x3, 0x0,
    0x0, 0x0, 0x0, 0x14, 0xa5, 0xc6, 0x73, 0x0,
    0x0, 0x0, 0x12, 0xac, 0x6c, 0x18, 0x0, 0x14,
    0x29, 0x0, 0x3, 0x25, 0x49, 0x0, 0x8, 0x60,
    0xc3, 0x2c, 0x0, 0x0, 0x0, 0x0, 0x8b, 0xff,
    0xfb, 0x1e, 0x61, 0xff, 0xe2, 0x0, 0x35, 0xff,
    0xff, 0x34, 0xe, 0xe1, 0xff, 0xd1, 0x5, 0x0,
    0x0, 0x2c, 0xfa, 0xff, 0x96, 0x0, 0x40, 0xff,
    0xff, 0xe, 0x1, 0xe5, 0xff, 0x90, 0x0, 0x4e,
    0xff, 0xff, 0x7d, 0x0, 0x7, 0xce, 0xff, 0xef,
    0x15, 0x0, 0x27, 0xff, 0xff, 0x2f, 0x0, 0x9c,
    0xff, 0xdc, 0x0, 0x0, 0xb9, 0xff, 0xf7, 0x1b,
    0x12, 0x80, 0xe4, 0x5f, 0x0, 0x0, 0x15, 0xd2,
    0xad, 0x25, 0x0, 0x55, 0xa6, 0x76, 0x1, 0x0,
    0x32, 0xe3, 0x76, 0xe, 0x0, 0x0, 0x3, 0x0,
    0x0, 0x0, 0x0, 0x0, 0x0, 0x0, 0x0, 0x0,
    0x0, 0x0, 0x0, 0x0, 0x0, 0x3, 0x0, 0x0,

    /* U+7387 "率" */
    0x0, 0x0, 0x0, 0x0, 0x0, 0x0, 0x0, 0x0,
    0x57, 0xac, 0xc8, 0xe, 0x0, 0x0, 0x0, 0x0,
    0x0, 0x0, 0x0, 0x0, 0x0, 0x26, 0x3c, 0x3c,
    0x3c, 0x3c, 0x3c, 0x3c, 0x84, 0xff, 0xff, 0x9e,
    0x3c, 0x3c, 0x3c, 0x3c, 0x3c, 0x3c, 0x35, 0x0,
    0x0, 0xa0, 0xff, 0xff, 0xff, 0xff, 0xff, 0xff,
    0xff, 0xff, 0xff, 0xff, 0xff, 0xff, 0xff, 0xff,
    0xff, 0xff, 0xe0, 0x0, 0x0, 0x99, 0xf4, 0xf4,
    0xf4, 0xf4, 0xf4, 0xf4, 0xfd, 0xff, 0xfb, 0xf4,
    0xf4, 0xf4, 0xf4, 0xf4, 0xf4, 0xf4, 0xd6, 0x0,
    0x0, 0x0, 0x49, 0x55, 0x0, 0x0, 0x0, 0x33,
    0xf9, 0xf3, 0x2e, 0x26, 0xc5, 0x53, 0x1, 0x16,
    0xa3, 0x2b, 0x0, 0x0, 0x0, 0x4b, 0xfd, 0xff,
    0xb3, 0x17, 0x36, 0xe7, 0xff, 0xb1, 0x7c, 0xe1,
    0xff, 0xad, 0x15, 0xce, 0xff, 0xed, 0x16, 0x0,
    0x0, 0x0, 0x64, 0xf7, 0xff, 0xbc, 0x8e, 0xff,
    0xff, 0xff, 0xff, 0xff, 0xb8, 0x11, 0xd1, 0xff,
    0xed, 0x32, 0x0, 0x0, 0x0, 0x0, 0x0, 0x31,
    0xac, 0x11, 0x37, 0xc0, 0xae, 0xfd, 0xff, 0xb5,
    0x23, 0x0, 0x3d, 0xb3, 0x26, 0x0, 0x0, 0x0,
    0x0, 0x0, 0x0, 0x15, 0x75, 0xc5, 0x2, 0x20,
    0xcd, 0xff, 0x9f, 0xb3, 0xff, 0x57, 0x9c, 0xbb,
    0x30, 0x0, 0x0, 0x0, 0x3, 0x45, 0xa9, 0xf9,
    0xff, 0xf8, 0x87, 0xf0, 0xff, 0xed, 0xa8, 0xd6,
    0xff, 0xff, 0xe9, 0xff, 0xfd, 0x92, 0xd, 0x0,
    0x7, 0xdb, 0xff, 0xf9, 0x92, 0x19, 0xdf, 0xff,
    0xff, 0xff, 0xff, 0xff, 0xfd, 0xff, 0x8d, 0x8d,
    0xfe, 0xff, 0xb2, 0x0, 0x0, 0x44, 0x94, 0x1d,
    0x0, 0x0, 0x6a, 0x82, 0x81, 0xb9, 0x9f, 0x32,
    0x2e, 0xbb, 0x4e, 0x0, 0x4a, 0xa3, 0xd, 0x0,
    0x5, 0x20, 0x20, 0x20, 0x20, 0x20, 0x20, 0x20,
    0x5f, 0xff, 0xff, 0x5f, 0x20, 0x20, 0x20, 0x20,
    0x20, 0x20, 0x20, 0x5, 0x24, 0xff, 0xff, 0xff,
    0xff, 0xff, 0xff, 0xff, 0xff, 0xff, 0xff, 0xff,
    0xff, 0xff, 0xff, 0xff, 0xff, 0xff, 0xff, 0x28,
    0x24, 0xff, 0xff, 0xff, 0xff, 0xff, 0xff, 0xff,
    0xff, 0xff, 0xff, 0xff, 0xff, 0xff, 0xff, 0xff,
    0xff, 0xff, 0xff, 0x28, 0x3, 0x18, 0x18, 0x18,
    0x18, 0x18, 0x18, 0x18, 0x59, 0xff, 0xff, 0x59,
    0x18, 0x18, 0x18, 0x18, 0x18, 0x18, 0x18, 0x4,
    0x0, 0x0, 0x0, 0x0, 0x0, 0x0, 0x0, 0x0,
    0x48, 0xff, 0xff, 0x48, 0x0, 0x0, 0x0, 0x0,
    0x0, 0x0, 0x0, 0x0, 0x0, 0x0, 0x0, 0x0,
    0x0, 0x0, 0x0, 0x0, 0x48, 0xff, 0xff, 0x48,
    0x0, 0x0, 0x0, 0x0, 0x0, 0x0, 0x0, 0x0,
    0x0, 0x0, 0x0, 0x0, 0x0, 0x0, 0x0, 0x0,
    0x48, 0xff, 0xff, 0x48, 0x0, 0x0, 0x0, 0x0,
    0x0, 0x0, 0x0, 0x0,

    /* U+7535 "电" */
    0x0, 0x0, 0x0, 0x0, 0x0, 0x0, 0x90, 0xff,
    0xff, 0x4, 0x0, 0x0, 0x0, 0x0, 0x0, 0x0,
    0x0, 0x0, 0x0, 0x0, 0x0, 0x0, 0x0, 0x0,
    0x90, 0xff, 0xff, 0x4, 0x0, 0x0, 0x0, 0x0,
    0x0, 0x0, 0x0, 0x0, 0x16, 0x18, 0x18, 0x18,
    0x18, 0x18, 0x9b, 0xff, 0xff, 0x1c, 0x18, 0x18,
    0x18, 0x18, 0x18, 0x9, 0x0, 0x0, 0xec, 0xff,
    0xff, 0xff, 0xff, 0xff, 0xff, 0xff, 0xff, 0xff,
    0xff, 0xff, 0xff, 0xff, 0xff, 0x60, 0x0, 0x0,
    0xec, 0xff, 0xff, 0xff, 0xff, 0xff, 0xff, 0xff,
    0xff, 0xff, 0xff, 0xff, 0xff, 0xff, 0xff, 0x60,
    0x0, 0x0, 0xec, 0xff, 0xaa, 0x3c, 0x3c, 0x3c,
    0xaa, 0xff, 0xff, 0x3f, 0x3c, 0x3c, 0x48, 0xff,
    0xff, 0x60, 0x0, 0x0, 0xec, 0xff, 0x90, 0x0,
    0x0, 0x0, 0x90, 0xff, 0xff, 0x4, 0x0, 0x0,
    0x10, 0xff, 0xff, 0x60, 0x0, 0x0, 0xec, 0xff,
    0xfb, 0xf4, 0xf4, 0xf4, 0xfb, 0xff, 0xff, 0xf4,
    0xf4, 0xf4, 0xf5, 0xff, 0xff, 0x60, 0x0, 0x0,
    0xec, 0xff, 0xff, 0xff, 0xff, 0xff, 0xff, 0xff,
    0xff, 0xff, 0xff, 0xff, 0xff, 0xff, 0xff, 0x60,
    0x0, 0x0, 0xec, 0xff, 0xaa, 0x3c, 0x3c, 0x3c,
    0xaa, 0xff, 0xff, 0x3f, 0x3c, 0x3c, 0x48, 0xff,
    0xff, 0x60, 0x0, 0x0, 0xec, 0xff, 0x90, 0x0,
    0x0, 0x0, 0x90, 0xff, 0xff, 0x4, 0x0, 0x0,
    0x10, 0xff, 0xff, 0x60, 0x0, 0x0, 0xec, 0xff,
    0xfb, 0xf4, 0xf4, 0xf4, 0xfb, 0xff, 0xff, 0xf4,
    0xf4, 0xf4, 0xf5, 0xff, 0xff, 0x60, 0x0, 0x0,
    0xec, 0xff, 0xff, 0xff, 0xff, 0xff, 0xff, 0xff,
    0xff, 0xff, 0xff, 0xff, 0xff, 0xff, 0xff, 0x60,
    0x0, 0x0, 0xec, 0xff, 0xbe, 0x68, 0x68, 0x68,
    0xbe, 0xff, 0xff, 0x6a, 0x68, 0x68, 0x68, 0x68,
    0x75, 0xb9, 0x29, 0x0, 0xb5, 0xc4, 0x6e, 0x0,
    0x0, 0x0, 0x90, 0xff, 0xff, 0x4, 0x0, 0x0,
    0x0, 0x0, 0x29, 0xff, 0xff, 0x44, 0x0, 0x0,
    0x0, 0x0, 0x0, 0x0, 0x88, 0xff, 0xff, 0xb,
    0x0, 0x0, 0x0, 0x0, 0x52, 0xff, 0xff, 0x29,
    0x0, 0x0, 0x0, 0x0, 0x0, 0x0, 0x6d, 0xff,
    0xff, 0x9b, 0x6c, 0x6c, 0x6c, 0x6e, 0xd4, 0xff,
    0xf0, 0x3, 0x0, 0x0, 0x0, 0x0, 0x0, 0x0,
    0x29, 0xfe, 0xff, 0xff, 0xff, 0xff, 0xff, 0xff,
    0xff, 0xff, 0x95, 0x0, 0x0, 0x0, 0x0, 0x0,
    0x0, 0x0, 0x0, 0x62, 0xd8, 0xfb, 0xff, 0xff,
    0xff, 0xff, 0xf2, 0xa3, 0xd, 0x0,

    /* U+754C "界" */
    0x0, 0x0, 0x18, 0xff, 0xff, 0xff, 0xff, 0xff,
    0xff, 0xff, 0xff, 0xff, 0xff, 0xff, 0xff, 0xff,
    0xff, 0x14, 0x0, 0x0, 0x0, 0x0, 0x18, 0xff,
    0xff, 0xf5, 0xf0, 0xf0, 0xf4, 0xff, 0xff, 0xf3,
    0xf0, 0xf0, 0xf7, 0xff, 0xff, 0x14, 0x0, 0x0,
    0x0, 0x0, 0x18, 0xff, 0xff, 0x48, 0x0, 0x0,
    0x38, 0xff, 0xff, 0x34, 0x0, 0x0, 0x6c, 0xff,
    0xff, 0x14, 0x0, 0x0, 0x0, 0x0, 0x18, 0xff,
    0xff, 0xf7, 0xf4, 0xf4, 0xf7, 0xff, 0xff, 0xf6,
    0xf4, 0xf4, 0xf9, 0xff, 0xff, 0x14, 0x0, 0x0,
    0x0, 0x0, 0x18, 0xff, 0xff, 0xe3, 0xd8, 0xd8,
    0xe1, 0xff, 0xff, 0xe0, 0xd8, 0xd8, 0xe9, 0xff,
    0xff, 0x14, 0x0, 0x0, 0x0, 0x0, 0x18, 0xff,
    0xff, 0x48, 0x0, 0x0, 0x38, 0xff, 0xff, 0x34,
    0x0, 0x0, 0x6c, 0xff, 0xff, 0x14, 0x0, 0x0,
    0x0, 0x0, 0x18, 0xff, 0xff, 0xec, 0xe4, 0xe4,
    0xea, 0xff, 0xff, 0xea, 0xe4, 0xe4, 0xf0, 0xff,
    0xff, 0x14, 0x0, 0x0, 0x0, 0x0, 0x18, 0xff,
    0xff, 0xff, 0xff, 0xff, 0xff, 0xff, 0xff, 0xff,
    0xff, 0xff, 0xff, 0xff, 0xff, 0x14, 0x0, 0x0,
    0x0, 0x0, 0x1, 0xc, 0xc, 0x78, 0xff, 0xff,
    0xbd, 0xd, 0xc, 0x98, 0xff, 0xfc, 0x65, 0xc,
    0xc, 0x1, 0x0, 0x0, 0x0, 0x0, 0x0, 0xe,
    0x9d, 0xff, 0xff, 0xe2, 0x17, 0x0, 0x0, 0xc,
    0xd8, 0xff, 0xff, 0x95, 0xd, 0x0, 0x0, 0x0,
    0x0, 0x8, 0x67, 0xe6, 0xff, 0xff, 0xf2, 0x41,
    0x8, 0x0, 0x0, 0x1, 0x33, 0xed, 0xff, 0xff,
    0xe9, 0x73, 0x13, 0x0, 0x15, 0xe2, 0xff, 0xff,
    0xff, 0xcb, 0xff, 0xff, 0x58, 0x0, 0x0, 0x14,
    0xff, 0xff, 0xe5, 0xff, 0xff, 0xff, 0xe3, 0xf,
    0x0, 0x5a, 0xff, 0xd0, 0x52, 0x27, 0xff, 0xff,
    0x55, 0x0, 0x0, 0x14, 0xff, 0xff, 0x51, 0x56,
    0xd0, 0xfd, 0x3e, 0x0, 0x0, 0x0, 0x2f, 0x1,
    0x0, 0x58, 0xff, 0xff, 0x39, 0x0, 0x0, 0x14,
    0xff, 0xff, 0x50, 0x0, 0x0, 0x22, 0x0, 0x0,
    0x0, 0x0, 0x0, 0x0, 0x13, 0xda, 0xff, 0xf1,
    0x9, 0x0, 0x0, 0x14, 0xff, 0xff, 0x50, 0x0,
    0x0, 0x0, 0x0, 0x0, 0x0, 0x0, 0x2, 0x50,
    0xde, 0xff, 0xff, 0x7c, 0x0, 0x0, 0x0, 0x14,
    0xff, 0xff, 0x50, 0x0, 0x0, 0x0, 0x0, 0x0,
    0x0, 0x0, 0x82, 0xff, 0xff, 0xff, 0xa5, 0x3,
    0x0, 0x0, 0x0, 0x14, 0xff, 0xff, 0x50, 0x0,
    0x0, 0x0, 0x0, 0x0, 0x0, 0x0, 0x3, 0xb9,
    0xe1, 0x63, 0x1, 0x0, 0x0, 0x0, 0x0, 0x14,
    0xff, 0xff, 0x50, 0x0, 0x0, 0x0, 0x0, 0x0,
    0x0, 0x0, 0x0, 0xd, 0x4, 0x0, 0x0, 0x0,
    0x0, 0x0, 0x0, 0x0, 0x0, 0x0, 0x0, 0x0,
    0x0, 0x0, 0x0, 0x0,

    /* U+77E5 "知" */
    0x0, 0x0, 0x5e, 0x9d, 0x5c, 0x0, 0x0, 0x0,
    0x0, 0x0, 0x0, 0x0, 0x0, 0x0, 0x0, 0x0,
    0x0, 0x0, 0x0, 0x0, 0x0, 0xae, 0xff, 0xb4,
    0x0, 0x0, 0x0, 0x0, 0x0, 0x6, 0x14, 0x14,
    0x14, 0x14, 0x14, 0x14, 0x14, 0x8, 0x0, 0x4,
    0xef, 0xff, 0x9f, 0x44, 0x44, 0x44, 0x44, 0x30,
    0x48, 0xff, 0xff, 0xff, 0xff, 0xff, 0xff, 0xff,
    0x60, 0x0, 0x45, 0xff, 0xff, 0xff, 0xff, 0xff,
    0xff, 0xff, 0xb4, 0x48, 0xff, 0xff, 0xff, 0xff,
    0xff, 0xff, 0xff, 0x60, 0x0, 0xaa, 0xff, 0xfc,
    0xfb, 0xff, 0xff, 0xf4, 0xf4, 0xac, 0x48, 0xff,
    0xff, 0x36, 0x2c, 0x36, 0xff, 0xff, 0x60, 0x34,
    0xfe, 0xff, 0x66, 0x8c, 0xff, 0xe4, 0x0, 0x0,
    0x0, 0x48, 0xff, 0xff, 0xc, 0x0, 0xc, 0xff,
    0xff, 0x60, 0x36, 0xd8, 0xe0, 0x8, 0x8c, 0xff,
    0xe4, 0x0, 0x0, 0x0, 0x48, 0xff, 0xff, 0xc,
    0x0, 0xc, 0xff, 0xff, 0x60, 0x4, 0x19, 0x3d,
    0x10, 0x93, 0xff, 0xe6, 0x10, 0x10, 0x10, 0x4b,
    0xff, 0xff, 0xc, 0x0, 0xc, 0xff, 0xff, 0x60,
    0x44, 0xff, 0xff, 0xff, 0xff, 0xff, 0xff, 0xff,
    0xff, 0xff, 0x78, 0xff, 0xff, 0xc, 0x0, 0xc,
    0xff, 0xff, 0x60, 0x44, 0xff, 0xff, 0xff, 0xff,
    0xff, 0xff, 0xff, 0xff, 0xff, 0x78, 0xff, 0xff,
    0xc, 0x0, 0xc, 0xff, 0xff, 0x60, 0xe, 0x34,
    0x34, 0x34, 0xd0, 0xff, 0xbc, 0x34, 0x34, 0x34,
    0x52, 0xff, 0xff, 0xc, 0x0, 0xc, 0xff, 0xff,
    0x60, 0x0, 0x0, 0x0, 0x3, 0xf1, 0xff, 0xe4,
    0x1f, 0x0, 0x0, 0x48, 0xff, 0xff, 0xc, 0x0,
    0xc, 0xff, 0xff, 0x60, 0x0, 0x0, 0x0, 0x3f,
    0xff, 0xff, 0xff, 0xd6, 0x11, 0x0, 0x48, 0xff,
    0xff, 0xc, 0x0, 0xc, 0xff, 0xff, 0x60, 0x0,
    0x0, 0x0, 0xa2, 0xff, 0xf6, 0xf4, 0xff, 0xbe,
    0x5, 0x48, 0xff, 0xff, 0xc, 0x0, 0xc, 0xff,
    0xff, 0x60, 0x0, 0x0, 0x2e, 0xfc, 0xff, 0x99,
    0x55, 0xff, 0xff, 0x9b, 0x48, 0xff, 0xff, 0x58,
    0x50, 0x58, 0xff, 0xff, 0x60, 0x0, 0xe, 0xd3,
    0xff, 0xf6, 0x1f, 0x0, 0x8e, 0xff, 0xfe, 0x70,
    0xff, 0xff, 0xff, 0xff, 0xff, 0xff, 0xff, 0x60,
    0x15, 0xc6, 0xff, 0xff, 0x72, 0x0, 0x0, 0x6,
    0xcd, 0x76, 0x48, 0xff, 0xff, 0xf5, 0xf4, 0xf5,
    0xff, 0xff, 0x60, 0x2a, 0xe2, 0xff, 0x99, 0x1,
    0x0, 0x0, 0x0, 0x1a, 0x0, 0x48, 0xff, 0xff,
    0xc, 0x0, 0xb, 0xec, 0xec, 0x59, 0x0, 0x22,
    0x73, 0x1, 0x0, 0x0, 0x0, 0x0, 0x0, 0x0,
    0x10, 0x38, 0x38, 0x3, 0x0, 0x0, 0x0, 0x0,
    0x0,

    /* U+7CFB "系" */
    0x0, 0x0, 0x0, 0x0, 0x0, 0x0, 0x0, 0x0,
    0x0, 0x0, 0x0, 0x0, 0x0, 0x0, 0x9, 0x2f,
    0x0, 0x0, 0x0, 0x0, 0x0, 0x0, 0x0, 0x0,
    0x0, 0x9, 0x1d, 0x34, 0x4e, 0x6c, 0x8c, 0xb0,
    0xd8, 0xfd, 0xff, 0x65, 0x0, 0x0, 0x0, 0x8,
    0xc9, 0xda, 0xe7, 0xf6, 0xff, 0xff, 0xff, 0xff,
    0xff, 0xff, 0xff, 0xff, 0xff, 0xff, 0xea, 0x22,
    0x0, 0x0, 0x0, 0xbe, 0xff, 0xff, 0xff, 0xff,
    0xff, 0xff, 0xff, 0xef, 0xcd, 0xab, 0x84, 0x5a,
    0x28, 0x1, 0x0, 0x0, 0x0, 0x0, 0x31, 0x48,
    0x3d, 0x2e, 0x8e, 0xff, 0xff, 0xbb, 0x8, 0x0,
    0x0, 0x70, 0x1f, 0x0, 0x0, 0x0, 0x0, 0x0,
    0x0, 0x0, 0x0, 0x0, 0x7b, 0xff, 0xff, 0xb3,
    0x8, 0x0, 0x1, 0x8b, 0xff, 0xdb, 0x17, 0x0,
    0x0, 0x0, 0x0, 0x0, 0x0, 0xb, 0xa3, 0xff,
    0xff, 0x96, 0x8, 0x12, 0x1f, 0xa7, 0xff, 0xff,
    0xd5, 0x24, 0x0, 0x0, 0x0, 0x0, 0x0, 0x1,
    0xd8, 0xff, 0xff, 0xff, 0xf7, 0xff, 0xff, 0xff,
    0xff, 0xff, 0xa5, 0xc, 0x0, 0x0, 0x0, 0x0,
    0x0, 0x0, 0x0, 0xa6, 0xff, 0xff, 0xef, 0xe9,
    0xff, 0xff, 0xff, 0xed, 0x58, 0x7, 0x5b, 0x4,
    0x0, 0x0, 0x0, 0x0, 0x0, 0x0, 0x23, 0x25,
    0x8, 0x58, 0xe3, 0xff, 0xff, 0xa3, 0x16, 0x5,
    0xcf, 0xff, 0xa7, 0x2, 0x0, 0x0, 0x0, 0x0,
    0x0, 0x0, 0x48, 0xca, 0xff, 0xff, 0xcf, 0x3e,
    0xb, 0x1e, 0x2e, 0x7c, 0xff, 0xff, 0x92, 0x0,
    0x0, 0x0, 0x0, 0x67, 0xcd, 0xff, 0xff, 0xff,
    0xff, 0xec, 0xfa, 0xff, 0xff, 0xff, 0xff, 0xff,
    0xff, 0xff, 0x67, 0x0, 0x0, 0x0, 0xad, 0xff,
    0xff, 0xff, 0xff, 0xff, 0xff, 0xff, 0xff, 0xdf,
    0xbf, 0xa9, 0x94, 0xb1, 0xff, 0xf9, 0x2e, 0x0,
    0x0, 0x4e, 0x9c, 0x74, 0x55, 0x3a, 0x24, 0x2e,
    0xff, 0xff, 0x50, 0x0, 0x0, 0x2, 0x5, 0xcc,
    0xcd, 0x2e, 0x0, 0x0, 0x0, 0x0, 0x89, 0xbd,
    0x62, 0xa, 0x20, 0xff, 0xff, 0x50, 0xa, 0x88,
    0xe2, 0x46, 0x18, 0x3, 0x0, 0x0, 0x0, 0x1,
    0x84, 0xff, 0xff, 0xc0, 0x6, 0x20, 0xff, 0xff,
    0x50, 0x3d, 0xee, 0xff, 0xfe, 0x7d, 0x1, 0x0,
    0x0, 0x10, 0xab, 0xff, 0xff, 0xce, 0x10, 0x0,
    0x20, 0xff, 0xff, 0x50, 0x0, 0x22, 0xd3, 0xff,
    0xff, 0xa9, 0x7, 0x9, 0xce, 0xff, 0xff, 0xc2,
    0x16, 0x44, 0x3e, 0x5a, 0xff, 0xff, 0x4f, 0x0,
    0x0, 0xd, 0xbc, 0xff, 0xff, 0x9e, 0x0, 0x16,
    0xbe, 0x9b, 0x7, 0x0, 0xc7, 0xff, 0xff, 0xff,
    0xff, 0x32, 0x0, 0x0, 0x0, 0x7, 0xb7, 0x9b,
    0xe, 0x0, 0x0, 0x2, 0x0, 0x0, 0x0, 0x6c,
    0xff, 0xfe, 0xdf, 0x7c, 0x0, 0x0, 0x0, 0x0,
    0x0, 0x2, 0x0, 0x0, 0x0, 0x0, 0x0, 0x0,
    0x0, 0x0, 0x5, 0xe, 0x3, 0x0, 0x0, 0x0,
    0x0, 0x0, 0x0, 0x0, 0x0, 0x0, 0x0,

    /* U+7EA7 "级" */
    0x0, 0x0, 0x0, 0x0, 0x1d, 0x0, 0x0, 0x0,
    0x0, 0x0, 0x0, 0x0, 0x0, 0x0, 0x0, 0x0,
    0x0, 0x0, 0x0, 0x0, 0x0, 0x0, 0x0, 0x1c,
    0xfc, 0xaf, 0x1c, 0x0, 0x0, 0x0, 0x0, 0x0,
    0x0, 0x0, 0x0, 0x0, 0x0, 0x0, 0x0, 0x0,
    0x0, 0x0, 0x0, 0x7f, 0xff, 0xf2, 0xf, 0x0,
    0xe9, 0xf4, 0xf4, 0xf4, 0xf4, 0xf4, 0xf4, 0xf4,
    0xf4, 0x29, 0x0, 0x0, 0x0, 0x0, 0x9, 0xea,
    0xff, 0x85, 0x0, 0x0, 0xf4, 0xff, 0xff, 0xff,
    0xff, 0xff, 0xff, 0xff, 0xeb, 0x1, 0x0, 0x0,
    0x0, 0x0, 0x70, 0xff, 0xec, 0x10, 0x8, 0x0,
    0x48, 0x4f, 0xff, 0xff, 0x85, 0x4c, 0xd3, 0xff,
    0xab, 0x0, 0x0, 0x0, 0x0, 0x11, 0xeb, 0xff,
    0x62, 0x1d, 0xe8, 0x68, 0x2, 0x12, 0xff, 0xff,
    0x42, 0x5, 0xf4, 0xff, 0x66, 0x0, 0x0, 0x0,
    0x0, 0xa8, 0xff, 0xb8, 0x5, 0xa7, 0xff, 0xe3,
    0xa, 0x23, 0xff, 0xff, 0x30, 0x3b, 0xff, 0xff,
    0x20, 0x0, 0x0, 0x0, 0x6e, 0xff, 0xff, 0xf6,
    0xff, 0xff, 0xff, 0x53, 0x0, 0x39, 0xff, 0xff,
    0x16, 0x80, 0xff, 0xfe, 0xd8, 0xda, 0x80, 0x0,
    0x34, 0xff, 0xff, 0xff, 0xff, 0xff, 0xac, 0x0,
    0x0, 0x53, 0xff, 0xff, 0xc, 0xca, 0xff, 0xff,
    0xff, 0xff, 0xc3, 0x0, 0x0, 0x5c, 0x2b, 0x98,
    0xff, 0xe5, 0x13, 0x0, 0x0, 0x73, 0xff, 0xff,
    0x5c, 0x37, 0x38, 0x38, 0xe0, 0xff, 0x84, 0x0,
    0x0, 0x0, 0x4d, 0xff, 0xfc, 0x4e, 0x52, 0x58,
    0x0, 0x98, 0xff, 0xff, 0xcf, 0x1, 0x0, 0x25,
    0xff, 0xff, 0x3a, 0x0, 0x0, 0x37, 0xf3, 0xff,
    0xfa, 0xfd, 0xff, 0xaa, 0x0, 0xc6, 0xff, 0xff,
    0xff, 0x54, 0x0, 0x88, 0xff, 0xe1, 0x1, 0x0,
    0x3f, 0xf4, 0xff, 0xff, 0xff, 0xfd, 0xc5, 0x5e,
    0x8, 0xf8, 0xff, 0xde, 0xff, 0xe1, 0x1f, 0xef,
    0xff, 0x7a, 0x0, 0x0, 0x1e, 0xff, 0xf5, 0xae,
    0x5d, 0x14, 0x0, 0x14, 0x48, 0xff, 0xff, 0x35,
    0xf1, 0xff, 0xeb, 0xff, 0xf1, 0x12, 0x0, 0x0,
    0x0, 0x55, 0xc, 0x0, 0x13, 0x6e, 0xd0, 0xc5,
    0xa1, 0xff, 0xd9, 0x0, 0x65, 0xff, 0xff, 0xff,
    0x77, 0x0, 0x0, 0x0, 0x0, 0x7, 0x4f, 0xac,
    0xf9, 0xff, 0xff, 0xf9, 0xf6, 0xff, 0x86, 0x0,
    0x3b, 0xfd, 0xff, 0xff, 0x7e, 0x0, 0x0, 0x0,
    0x1b, 0xef, 0xff, 0xff, 0xff, 0xe5, 0x7a, 0xa7,
    0xff, 0xfe, 0x26, 0x56, 0xf6, 0xff, 0xff, 0xff,
    0xff, 0xaa, 0x14, 0x0, 0x1, 0xeb, 0xff, 0xc4,
    0x59, 0x5, 0x3a, 0xfc, 0xff, 0xbb, 0xa6, 0xff,
    0xff, 0xf0, 0x49, 0xc3, 0xff, 0xff, 0xee, 0x3e,
    0x0, 0x62, 0x2e, 0x0, 0x0, 0x0, 0x4c, 0xe8,
    0xf9, 0x27, 0x78, 0xff, 0xda, 0x2c, 0x0, 0x6,
    0x91, 0xfe, 0xb8, 0x3, 0x0, 0x0, 0x0, 0x0,
    0x0, 0x0, 0x0, 0x13, 0x50, 0x0, 0x0, 0x58,
    0xb, 0x0, 0x0, 0x0, 0x0, 0x37, 0x17, 0x0,

    /* U+7EBF "线" */
    0x0, 0x0, 0x0, 0x0, 0x7d, 0x73, 0xb, 0x0,
    0x0, 0x0, 0x0, 0x76, 0xff, 0xec, 0x4, 0x84,
    0x37, 0x0, 0x0, 0x0, 0x0, 0x0, 0x0, 0x7,
    0xeb, 0xff, 0xa0, 0x0, 0x0, 0x0, 0x0, 0x73,
    0xff, 0xec, 0x73, 0xff, 0xfd, 0x83, 0x2, 0x0,
    0x0, 0x0, 0x0, 0x5f, 0xff, 0xff, 0x32, 0x0,
    0x0, 0x0, 0x0, 0x6c, 0xff, 0xf0, 0x1, 0x6d,
    0xfa, 0xa8, 0x4, 0x0, 0x0, 0x0, 0x3, 0xd6,
    0xff, 0xa9, 0x0, 0x0, 0x0, 0x0, 0x0, 0x61,
    0xff, 0xf8, 0x28, 0x51, 0xa8, 0xa4, 0x43, 0x0,
    0x0, 0x0, 0x63, 0xff, 0xf5, 0x1f, 0x6b, 0x54,
    0x11, 0x65, 0x8b, 0xc8, 0xff, 0xff, 0xff, 0xff,
    0xff, 0xff, 0x86, 0x0, 0x0, 0x16, 0xea, 0xff,
    0x71, 0x15, 0xf0, 0xff, 0x86, 0xff, 0xff, 0xff,
    0xff, 0xff, 0xfe, 0xe0, 0xb8, 0x90, 0x48, 0x0,
    0xb, 0xcc, 0xff, 0xfa, 0xa0, 0xcc, 0xff, 0xea,
    0x11, 0xcc, 0xb0, 0xa1, 0xff, 0xff, 0x31, 0x0,
    0x0, 0x0, 0x0, 0x0, 0x0, 0xda, 0xff, 0xff,
    0xff, 0xff, 0xff, 0x57, 0x0, 0x0, 0x0, 0x1b,
    0xff, 0xff, 0x4c, 0x38, 0x66, 0x96, 0xac, 0x0,
    0x0, 0x71, 0x9f, 0x85, 0xfc, 0xff, 0xa6, 0x0,
    0x1, 0x22, 0x4f, 0x82, 0xff, 0xff, 0xff, 0xff,
    0xff, 0xff, 0xff, 0xf, 0x0, 0x0, 0x1, 0xac,
    0xff, 0xda, 0xe, 0x0, 0x99, 0xff, 0xff, 0xff,
    0xff, 0xff, 0xff, 0xf4, 0xc6, 0x96, 0x66, 0xd,
    0x0, 0x0, 0x82, 0xff, 0xfc, 0x74, 0x75, 0x9b,
    0x6d, 0xff, 0xea, 0xba, 0xe2, 0xff, 0xb1, 0x2,
    0xa, 0xaa, 0x56, 0x4, 0x0, 0x90, 0xff, 0xff,
    0xff, 0xff, 0xff, 0xf1, 0x11, 0x1a, 0x0, 0x0,
    0x92, 0xff, 0xd5, 0x2, 0xa6, 0xff, 0xf2, 0x1e,
    0x0, 0xb3, 0xff, 0xff, 0xfa, 0xcd, 0x9a, 0x61,
    0x0, 0x0, 0x0, 0x0, 0x5f, 0xff, 0xfe, 0xa4,
    0xff, 0xff, 0x53, 0x0, 0x0, 0x4d, 0x81, 0x3c,
    0x8, 0x0, 0x0, 0x22, 0x0, 0x0, 0x0, 0x0,
    0x20, 0xff, 0xff, 0xff, 0xff, 0x73, 0x0, 0x0,
    0x0, 0x0, 0x0, 0x2, 0x3a, 0x8a, 0xda, 0xfd,
    0x9, 0x0, 0x0, 0x1, 0x5b, 0xfb, 0xff, 0xfd,
    0x6c, 0xd, 0x10, 0x0, 0x0, 0x55, 0xa2, 0xeb,
    0xff, 0xff, 0xff, 0xf3, 0x24, 0x4, 0x55, 0xce,
    0xff, 0xff, 0xff, 0xf7, 0x1a, 0x30, 0xd6, 0x30,
    0x0, 0xc9, 0xff, 0xff, 0xfb, 0xb4, 0x59, 0x23,
    0x8f, 0xe7, 0xff, 0xff, 0xff, 0xa7, 0xf7, 0xff,
    0xc3, 0x9a, 0xff, 0x7a, 0x0, 0x90, 0xc2, 0x69,
    0x14, 0x0, 0x0, 0x3, 0xbe, 0xff, 0xff, 0xb7,
    0x36, 0x0, 0x78, 0xff, 0xff, 0xff, 0xff, 0x35,
    0x0, 0x2, 0x0, 0x0, 0x0, 0x0, 0x0, 0x0,
    0x20, 0x8f, 0x2b, 0x0, 0x0, 0x0, 0x1, 0x7f,
    0xee, 0xf4, 0x8c, 0x0,

    /* U+7EDF "统" */
    0x0, 0x0, 0x0, 0x35, 0xc0, 0x49, 0x1, 0x0,
    0x0, 0x0, 0x0, 0x24, 0x8d, 0xc9, 0x1b, 0x0,
    0x0, 0x0, 0x0, 0x0, 0x0, 0x0, 0x0, 0x8d,
    0xff, 0xff, 0x39, 0x0, 0x0, 0x0, 0x0, 0x18,
    0xfc, 0xff, 0x87, 0x0, 0x0, 0x0, 0x0, 0x0,
    0x0, 0x0, 0x8, 0xeb, 0xff, 0xc9, 0x0, 0x3,
    0x30, 0x30, 0x30, 0x30, 0xcb, 0xfa, 0xab, 0x30,
    0x30, 0x30, 0x30, 0x6, 0x0, 0x0, 0x66, 0xff,
    0xff, 0x47, 0x0, 0x10, 0xff, 0xff, 0xff, 0xff,
    0xff, 0xff, 0xff, 0xff, 0xff, 0xff, 0xff, 0x20,
    0x0, 0x6, 0xdf, 0xff, 0xb9, 0x21, 0x85, 0x17,
    0xf4, 0xf4, 0xf4, 0xff, 0xff, 0xff, 0xf4, 0xf4,
    0xf4, 0xf4, 0xf4, 0x1f, 0x0, 0x7b, 0xff, 0xf8,
    0x27, 0x9d, 0xff, 0xd6, 0x6, 0x0, 0x51, 0xff,
    0xff, 0x84, 0x0, 0x28, 0x67, 0x0, 0x0, 0x0,
    0x53, 0xfb, 0xff, 0xd5, 0x9c, 0xfc, 0xff, 0x9b,
    0x0, 0x1e, 0xee, 0xff, 0xc9, 0x5, 0x24, 0xfc,
    0xff, 0x46, 0x0, 0x0, 0x52, 0xff, 0xff, 0xff,
    0xff, 0xff, 0xef, 0x16, 0xa, 0xca, 0xff, 0xf4,
    0x23, 0x3, 0x18, 0xb8, 0xff, 0xe1, 0xa, 0x0,
    0x8, 0xf0, 0xd5, 0xe0, 0xff, 0xff, 0x64, 0x41,
    0xda, 0xff, 0xff, 0xf4, 0xe8, 0xfd, 0xff, 0xff,
    0xff, 0xff, 0x83, 0x0, 0x0, 0x9, 0x16, 0xe9,
    0xff, 0xb8, 0x1, 0x3a, 0xff, 0xff, 0xff, 0xff,
    0xff, 0xff, 0xfe, 0xe5, 0xdc, 0xff, 0xf5, 0x16,
    0x0, 0x6, 0xc0, 0xff, 0xf3, 0x5a, 0x77, 0x4c,
    0xce, 0xb1, 0xd0, 0xb0, 0x4c, 0x43, 0x61, 0x5b,
    0x10, 0xef, 0xa1, 0x16, 0x12, 0xb1, 0xff, 0xff,
    0xff, 0xff, 0xff, 0x71, 0x0, 0x33, 0xff, 0xff,
    0x26, 0x60, 0xff, 0xfc, 0x0, 0x14, 0x0, 0x0,
    0x35, 0xff, 0xff, 0xff, 0xff, 0xe7, 0xad, 0x3e,
    0x0, 0x46, 0xff, 0xff, 0x13, 0x60, 0xff, 0xfc,
    0x0, 0x0, 0x0, 0x0, 0x0, 0xd3, 0xac, 0x64,
    0x24, 0x0, 0x0, 0x8, 0x0, 0x69, 0xff, 0xf6,
    0x1, 0x60, 0xff, 0xfc, 0x0, 0x0, 0x0, 0x0,
    0x0, 0x6, 0x0, 0x0, 0x18, 0x71, 0xcd, 0x97,
    0x0, 0xab, 0xff, 0xcc, 0x0, 0x60, 0xff, 0xfc,
    0x0, 0x75, 0x67, 0x10, 0x0, 0x15, 0x64, 0xbb,
    0xfd, 0xff, 0xff, 0xcb, 0x27, 0xfa, 0xff, 0x85,
    0x0, 0x60, 0xff, 0xfc, 0x0, 0x9b, 0xff, 0x6a,
    0x32, 0xfd, 0xff, 0xff, 0xff, 0xde, 0x78, 0x3c,
    0xdc, 0xff, 0xfa, 0x22, 0x0, 0x5f, 0xff, 0xfe,
    0x8, 0xbc, 0xff, 0x4f, 0x8, 0xfa, 0xfa, 0xac,
    0x46, 0x2, 0x40, 0xf9, 0xff, 0xff, 0x75, 0x0,
    0x0, 0x48, 0xff, 0xff, 0xff, 0xff, 0xfe, 0x1a,
    0x0, 0x57, 0x15, 0x0, 0x0, 0x0, 0x1, 0xb3,
    0xf9, 0x73, 0x0, 0x0, 0x0, 0x7, 0xb8, 0xfc,
    0xff, 0xf8, 0x85, 0x0, 0x0, 0x0, 0x0, 0x0,
    0x0, 0x0, 0x0, 0x1d, 0x23, 0x0, 0x0, 0x0,
    0x0, 0x0, 0x0, 0x0, 0x0, 0x0, 0x0, 0x0,

    /* U+7F51 "网" */
    0x74, 0xff, 0xff, 0xff, 0xff, 0xff, 0xff, 0xff,
    0xff, 0xff, 0xff, 0xff, 0xff, 0xff, 0xff, 0xff,
    0xff, 0x7c, 0x74, 0xff, 0xff, 0xff, 0xff, 0xff,
    0xff, 0xff, 0xff, 0xff, 0xff, 0xff, 0xff, 0xff,
    0xff, 0xff, 0xff, 0x7c, 0x74, 0xff, 0xf4, 0x40,
    0x40, 0x40, 0x40, 0x40, 0x40, 0x40, 0x40, 0x40,
    0x40, 0x40, 0x40, 0xf1, 0xff, 0x7c, 0x74, 0xff,
    0xf0, 0x0, 0x0, 0x0, 0x67, 0xc1, 0x6d, 0x0,
    0x0, 0x4, 0xc6, 0xab, 0x14, 0xec, 0xff, 0x7c,
    0x74, 0xff, 0xf0, 0x10, 0x23, 0x0, 0x98, 0xff,
    0x87, 0x1d, 0x4, 0x20, 0xff, 0xfe, 0x7, 0xec,
    0xff, 0x7c, 0x74, 0xff, 0xf4, 0xc0, 0xde, 0x17,
    0xbe, 0xff, 0x8d, 0xe9, 0x9d, 0x46, 0xff, 0xde,
    0x0, 0xec, 0xff, 0x7c, 0x74, 0xff, 0xf4, 0xca,
    0xff, 0xc9, 0xef, 0xff, 0x66, 0xf6, 0xff, 0xd3,
    0xff, 0xb2, 0x0, 0xec, 0xff, 0x7c, 0x74, 0xff,
    0xf0, 0x1a, 0xe5, 0xff, 0xff, 0xf6, 0x5, 0x58,
    0xff, 0xff, 0xff, 0x80, 0x0, 0xec, 0xff, 0x7c,
    0x74, 0xff, 0xf0, 0x0, 0x3b, 0xfb, 0xff, 0xc5,
    0x0, 0x0, 0x97, 0xff, 0xff, 0x48, 0x0, 0xec,
    0xff, 0x7c, 0x74, 0xff, 0xf0, 0x0, 0x0, 0xc1,
    0xff, 0xfa, 0x39, 0x0, 0x3c, 0xff, 0xff, 0xad,
    0x0, 0xec, 0xff, 0x7c, 0x74, 0xff, 0xf0, 0x0,
    0x1a, 0xfc, 0xff, 0xff, 0xe0, 0xe, 0x97, 0xff,
    0xff, 0xff, 0x4c, 0xec, 0xff, 0x7c, 0x74, 0xff,
    0xf0, 0x0, 0x88, 0xff, 0xd2, 0xe5, 0xfd, 0x50,
    0xf4, 0xff, 0xc9, 0xff, 0xd6, 0xed, 0xff, 0x7c,
    0x74, 0xff, 0xf0, 0x1d, 0xf4, 0xff, 0x5b, 0x4b,
    0x73, 0x92, 0xff, 0xd8, 0x12, 0xf0, 0x83, 0xec,
    0xff, 0x7c, 0x74, 0xff, 0xf2, 0xbf, 0xff, 0xd2,
    0x2, 0x0, 0x45, 0xfe, 0xff, 0x55, 0x0, 0x31,
    0x0, 0xec, 0xff, 0x7c, 0x74, 0xff, 0xfa, 0xeb,
    0xfc, 0x38, 0x0, 0x7, 0xd6, 0xff, 0xb5, 0x0,
    0x0, 0x0, 0x0, 0xec, 0xff, 0x7c, 0x74, 0xff,
    0xf0, 0x18, 0x58, 0x0, 0x0, 0x0, 0x12, 0x98,
    0x15, 0x39, 0x64, 0x5d, 0x65, 0xfb, 0xff, 0x76,
    0x74, 0xff, 0xf0, 0x0, 0x0, 0x0, 0x0, 0x0,
    0x0, 0x0, 0x0, 0x32, 0xff, 0xff, 0xff, 0xff,
    0xff, 0x45, 0x74, 0xff, 0xf0, 0x0, 0x0, 0x0,
    0x0, 0x0, 0x0, 0x0, 0x0, 0x0, 0xd5, 0xf8,
    0xed, 0xc8, 0x66, 0x0,

    /* U+7F6E "置" */
    0x0, 0xe8, 0xff, 0xff, 0xff, 0xff, 0xff, 0xff,
    0xff, 0xff, 0xff, 0xff, 0xff, 0xff, 0xff, 0xff,
    0xff, 0x4, 0x0, 0x0, 0xe8, 0xff, 0xc1, 0x98,
    0xbf, 0xff, 0xed, 0x98, 0x98, 0xf6, 0xff, 0xb5,
    0x98, 0xc2, 0xff, 0xff, 0x4, 0x0, 0x0, 0xe8,
    0xff, 0xbc, 0x90, 0xba, 0xff, 0xeb, 0x90, 0x90,
    0xf6, 0xff, 0xb0, 0x90, 0xbe, 0xff, 0xff, 0x4,
    0x0, 0x0, 0xe8, 0xff, 0xff, 0xff, 0xff, 0xff,
    0xff, 0xff, 0xff, 0xff, 0xff, 0xff, 0xff, 0xff,
    0xff, 0xff, 0x4, 0x0, 0x14, 0x27, 0x28, 0x28,
    0x28, 0x28, 0x28, 0x7d, 0xff, 0xff, 0x30, 0x28,
    0x28, 0x28, 0x28, 0x28, 0x28, 0xd, 0x0, 0xb4,
    0xff, 0xff, 0xff, 0xff, 0xff, 0xff, 0xff, 0xff,
    0xff, 0xff, 0xff, 0xff, 0xff, 0xff, 0xff, 0xff,
    0x78, 0x0, 0x7c, 0xb0, 0xb0, 0xb0, 0xb0, 0xb0,
    0xb0, 0xe3, 0xff, 0xe5, 0xb0, 0xb0, 0xb0, 0xb0,
    0xb0, 0xb0, 0xb0, 0x53, 0x0, 0x0, 0x0, 0x55,
    0x84, 0x84, 0x84, 0x84, 0xd9, 0xff, 0xcd, 0x84,
    0x84, 0x84, 0x84, 0x84, 0x50, 0x0, 0x0, 0x0,
    0x0, 0x0, 0xa4, 0xff, 0xfc, 0xf4, 0xf4, 0xf4,
    0xf4, 0xf4, 0xf4, 0xf4, 0xf4, 0xfd, 0xff, 0x9c,
    0x0, 0x0, 0x0, 0x0, 0x0, 0xa4, 0xff, 0xbd,
    0x4c, 0x4c, 0x4c, 0x4c, 0x4c, 0x4c, 0x4c, 0x4c,
    0xd6, 0xff, 0x9c, 0x0, 0x0, 0x0, 0x0, 0x0,
    0xa4, 0xff, 0xfd, 0xf8, 0xf8, 0xf8, 0xf8, 0xf8,
    0xf8, 0xf8, 0xf8, 0xfe, 0xff, 0x9c, 0x0, 0x0,
    0x0, 0x0, 0x0, 0xa4, 0xff, 0xb7, 0x3c, 0x3c,
    0x3c, 0x3c, 0x3c, 0x3c, 0x3c, 0x3c, 0xd2, 0xff,
    0x9c, 0x0, 0x0, 0x0, 0x0, 0x0, 0xa4, 0xff,
    0xfc, 0xf4, 0xf4, 0xf4, 0xf4, 0xf4, 0xf4, 0xf4,
    0xf4, 0xfd, 0xff, 0x9c, 0x0, 0x0, 0x0, 0x0,
    0x0, 0xa4, 0xff, 0xc3, 0x5c, 0x5c, 0x5c, 0x5c,
    0x5c, 0x5c, 0x5c, 0x5c, 0xda, 0xff, 0x9c, 0x0,
    0x0, 0x0, 0x0, 0x0, 0xa4, 0xff, 0xe2, 0xb0,
    0xb0, 0xb0, 0xb0, 0xb0, 0xb0, 0xb0, 0xb0, 0xed,
    0xff, 0x9c, 0x0, 0x0, 0x0, 0xa1, 0xa4, 0xdf,
    0xff, 0xde, 0xa4, 0xa4, 0xa4, 0xa4, 0xa4, 0xa4,
    0xa4, 0xa4, 0xea, 0xff, 0xdc, 0xa4, 0xa4, 0xa,
    0xfc, 0xff, 0xff, 0xff, 0xff, 0xff, 0xff, 0xff,
    0xff, 0xff, 0xff, 0xff, 0xff, 0xff, 0xff, 0xff,
    0xff, 0xff, 0x10, 0xc, 0xc, 0xc, 0xc, 0xc,
    0xc, 0xc, 0xc, 0xc, 0xc, 0xc, 0xc, 0xc,
    0xc, 0xc, 0xc, 0xc, 0xc, 0x1,

    /* U+81F3 "至" */
    0x0, 0x90, 0xff, 0xff, 0xff, 0xff, 0xff, 0xff,
    0xff, 0xff, 0xff, 0xff, 0xff, 0xff, 0xff, 0xff,
    0xff, 0xff, 0x78, 0x0, 0x0, 0x90, 0xff, 0xff,
    0xff, 0xff, 0xff, 0xff, 0xff, 0xff, 0xff, 0xff,
    0xff, 0xff, 0xff, 0xff, 0xff, 0xff, 0x78, 0x0,
    0x0, 0x22, 0x3c, 0x3c, 0x3c, 0x8e, 0xff, 0xff,
    0xbb, 0x3c, 0x3c, 0x3c, 0x59, 0xc1, 0x52, 0x3c,
    0x3c, 0x3c, 0x1c, 0x0, 0x0, 0x0, 0x0, 0x0,
    0x45, 0xf8, 0xff, 0xc8, 0xc, 0x0, 0x0, 0x19,
    0xe8, 0xff, 0xe5, 0x3c, 0x0, 0x0, 0x0, 0x0,
    0x0, 0x0, 0x0, 0x56, 0xf8, 0xff, 0xc9, 0xf,
    0x0, 0x0, 0x0, 0x2, 0x32, 0xe2, 0xff, 0xfa,
    0x62, 0x0, 0x0, 0x0, 0x0, 0x0, 0x81, 0xff,
    0xff, 0xff, 0xe8, 0xe6, 0xec, 0xf3, 0xfa, 0xff,
    0xff, 0xff, 0xff, 0xff, 0xff, 0x80, 0x0, 0x0,
    0x0, 0x0, 0x5a, 0xff, 0xff, 0xff, 0xff, 0xff,
    0xff, 0xff, 0xff, 0xff, 0xff, 0xff, 0xf7, 0xf6,
    0xff, 0xff, 0x6e, 0x0, 0x0, 0x0, 0xf, 0x95,
    0x72, 0x5e, 0x4e, 0x42, 0x3d, 0x40, 0x35, 0x1b,
    0xc, 0x2, 0x0, 0x1c, 0xec, 0xc1, 0x16, 0x0,
    0x0, 0x0, 0x0, 0x0, 0x0, 0x0, 0x0, 0x0,
    0x50, 0xff, 0xff, 0x30, 0x0, 0x0, 0x0, 0x0,
    0x30, 0x5, 0x0, 0x0, 0x0, 0x0, 0x4, 0x14,
    0x14, 0x14, 0x14, 0x14, 0x5e, 0xff, 0xff, 0x40,
    0x14, 0x14, 0x14, 0x14, 0x14, 0x5, 0x0, 0x0,
    0x0, 0x0, 0x38, 0xff, 0xff, 0xff, 0xff, 0xff,
    0xff, 0xff, 0xff, 0xff, 0xff, 0xff, 0xff, 0xff,
    0xff, 0x44, 0x0, 0x0, 0x0, 0x0, 0x38, 0xff,
    0xff, 0xff, 0xff, 0xff, 0xff, 0xff, 0xff, 0xff,
    0xff, 0xff, 0xff, 0xff, 0xff, 0x44, 0x0, 0x0,
    0x0, 0x0, 0x7, 0x20, 0x20, 0x20, 0x20, 0x20,
    0x66, 0xff, 0xff, 0x4a, 0x20, 0x20, 0x20, 0x20,
    0x20, 0x9, 0x0, 0x0, 0x0, 0x0, 0x0, 0x0,
    0x0, 0x0, 0x0, 0x0, 0x50, 0xff, 0xff, 0x30,
    0x0, 0x0, 0x0, 0x0, 0x0, 0x0, 0x0, 0x0,
    0x2, 0x18, 0x18, 0x18, 0x18, 0x18, 0x18, 0x18,
    0x61, 0xff, 0xff, 0x44, 0x18, 0x18, 0x18, 0x18,
    0x18, 0x18, 0x18, 0x3, 0x14, 0xff, 0xff, 0xff,
    0xff, 0xff, 0xff, 0xff, 0xff, 0xff, 0xff, 0xff,
    0xff, 0xff, 0xff, 0xff, 0xff, 0xff, 0xff, 0x20,
    0x14, 0xff, 0xff, 0xff, 0xff, 0xff, 0xff, 0xff,
    0xff, 0xff, 0xff, 0xff, 0xff, 0xff, 0xff, 0xff,
    0xff, 0xff, 0xff, 0x20, 0x3, 0x24, 0x24, 0x24,
    0x24, 0x24, 0x24, 0x24, 0x24, 0x24, 0x24, 0x24,
    0x24, 0x24, 0x24, 0x24, 0x24, 0x24, 0x24, 0x5,

    /* U+8BBE "设" */
    0x0, 0x0, 0x0, 0x2a, 0x0, 0x0, 0x0, 0x0,
    0x0, 0x0, 0x0, 0x0, 0x0, 0x0, 0x0, 0x0,
    0x0, 0x0, 0x0, 0x0, 0x0, 0x0, 0x75, 0xff,
    0x88, 0x1, 0x0, 0x0, 0x0, 0xdc, 0xff, 0xff,
    0xff, 0xff, 0xff, 0xff, 0x58, 0x0, 0x0, 0x0,
    0x0, 0x0, 0x7e, 0xff, 0xff, 0x9c, 0x2, 0x0,
    0x0, 0xdc, 0xff, 0xff, 0xff, 0xff, 0xff, 0xff,
    0x58, 0x0, 0x0, 0x0, 0x0, 0x0, 0x0, 0x6b,
    0xff, 0xff, 0x72, 0x0, 0x0, 0xe3, 0xff, 0x83,
    0x38, 0x38, 0xf0, 0xff, 0x58, 0x0, 0x0, 0x0,
    0x0, 0x0, 0x0, 0x0, 0x76, 0xc4, 0xc, 0x0,
    0x13, 0xfe, 0xff, 0x44, 0x0, 0x0, 0xec, 0xff,
    0x58, 0x0, 0x0, 0x0, 0x0, 0x0, 0x0, 0x0,
    0x0, 0x8, 0x0, 0x0, 0x9a, 0xff, 0xf5, 0xb,
    0x0, 0x0, 0xe9, 0xff, 0x5f, 0x0, 0x5, 0x0,
    0x35, 0xa8, 0xa8, 0xa8, 0xa8, 0x42, 0x20, 0xb1,
    0xff, 0xff, 0x7e, 0x0, 0x0, 0x0, 0xcc, 0xff,
    0xfd, 0xf9, 0xd9, 0x0, 0x50, 0xff, 0xff, 0xff,
    0xff, 0x64, 0xf, 0xcf, 0xff, 0x93, 0x2, 0x0,
    0x0, 0x0, 0x44, 0xd4, 0xef, 0xf0, 0xd5, 0x0,
    0x2b, 0x88, 0x88, 0xf7, 0xff, 0x64, 0x0, 0x41,
    0x83, 0x44, 0x44, 0x44, 0x44, 0x44, 0x44, 0x44,
    0x4e, 0xe, 0x0, 0x0, 0x0, 0x0, 0x0, 0xec,
    0xff, 0x64, 0x0, 0x84, 0xff, 0xff, 0xff, 0xff,
    0xff, 0xff, 0xff, 0xff, 0xff, 0xea, 0x3, 0x0,
    0x0, 0x0, 0x0, 0xec, 0xff, 0x64, 0x0, 0x7e,
    0xf6, 0xff, 0xf7, 0xf4, 0xf4, 0xf4, 0xf4, 0xff,
    0xff, 0xac, 0x0, 0x0, 0x0, 0x0, 0x0, 0xec,
    0xff, 0x64, 0x0, 0x0, 0xb4, 0xff, 0x90, 0x0,
    0x0, 0x0, 0x49, 0xff, 0xff, 0x3c, 0x0, 0x0,
    0x0, 0x0, 0x0, 0xec, 0xff, 0x64, 0x3a, 0x15,
    0x40, 0xff, 0xff, 0x51, 0x0, 0x1a, 0xe5, 0xff,
    0xb4, 0x0, 0x0, 0x0, 0x0, 0x0, 0x0, 0xec,
    0xff, 0xac, 0xf6, 0x74, 0x0, 0x95, 0xff, 0xf8,
    0x68, 0xd5, 0xff, 0xed, 0x1c, 0x0, 0x0, 0x0,
    0x0, 0x0, 0x0, 0xee, 0xff, 0xff, 0xff, 0x97,
    0x0, 0x7, 0xc4, 0xff, 0xff, 0xff, 0xf6, 0x3d,
    0x0, 0x0, 0x0, 0x0, 0x0, 0x0, 0x24, 0xff,
    0xff, 0xff, 0x8e, 0x2, 0x2, 0x45, 0xc3, 0xff,
    0xff, 0xff, 0xec, 0x73, 0x13, 0x0, 0x0, 0x0,
    0x0, 0x0, 0xaf, 0xff, 0xfe, 0x70, 0x47, 0x97,
    0xe3, 0xff, 0xff, 0xff, 0xc7, 0xfc, 0xff, 0xff,
    0xf9, 0xb9, 0x75, 0xd, 0x0, 0x0, 0x40, 0xf9,
    0x57, 0x0, 0x52, 0xff, 0xff, 0xfe, 0xb8, 0x40,
    0x0, 0x2d, 0xae, 0xfe, 0xff, 0xff, 0xa5, 0x0,
    0x0, 0x0, 0x0, 0x30, 0x0, 0x0, 0x2, 0xa6,
    0x71, 0x1d, 0x0, 0x0, 0x0, 0x0, 0x0, 0x1e,
    0x78, 0xb8, 0x11, 0x0,

    /* U+8BF7 "请" */
    0x0, 0x0, 0x2f, 0x60, 0x0, 0x0, 0x0, 0x0,
    0x0, 0x0, 0x0, 0x24, 0xff, 0xff, 0x3c, 0x0,
    0x0, 0x0, 0x0, 0x0, 0x0, 0x26, 0xef, 0xff,
    0x81, 0x0, 0x0, 0x59, 0xa8, 0xa8, 0xa8, 0xb4,
    0xff, 0xff, 0xbd, 0xa8, 0xa8, 0xa8, 0x74, 0x0,
    0x0, 0x1, 0x92, 0xff, 0xff, 0x95, 0x1, 0x88,
    0xff, 0xff, 0xff, 0xff, 0xff, 0xff, 0xff, 0xff,
    0xff, 0xff, 0xb0, 0x0, 0x0, 0x0, 0x0, 0x8c,
    0xff, 0xec, 0x1c, 0x6, 0x33, 0x34, 0x34, 0x50,
    0xff, 0xff, 0x64, 0x34, 0x34, 0x34, 0xc, 0x0,
    0x0, 0x0, 0x0, 0x1, 0x8e, 0x30, 0x0, 0x0,
    0xf8, 0xff, 0xff, 0xff, 0xff, 0xff, 0xff, 0xff,
    0xff, 0xff, 0x18, 0x0, 0x0, 0x0, 0x0, 0x0,
    0x0, 0x0, 0x0, 0x0, 0x61, 0x64, 0x64, 0x7a,
    0xff, 0xff, 0x89, 0x64, 0x64, 0x64, 0x9, 0x0,
    0x58, 0xf4, 0xf4, 0xf4, 0xf4, 0x5c, 0x1a, 0xcc,
    0xcc, 0xcc, 0xcc, 0xd3, 0xff, 0xff, 0xd8, 0xcc,
    0xcc, 0xcc, 0xcc, 0x40, 0x5c, 0xff, 0xff, 0xff,
    0xff, 0x60, 0x1e, 0xec, 0xec, 0xec, 0xec, 0xec,
    0xec, 0xec, 0xec, 0xec, 0xec, 0xec, 0xec, 0x4a,
    0x20, 0x58, 0x58, 0xf3, 0xff, 0x60, 0x0, 0x0,
    0x3a, 0x4c, 0x4c, 0x4c, 0x4c, 0x4c, 0x4c, 0x4c,
    0x4c, 0x47, 0x0, 0x0, 0x0, 0x0, 0x0, 0xec,
    0xff, 0x60, 0x0, 0x0, 0xc4, 0xff, 0xff, 0xff,
    0xff, 0xff, 0xff, 0xff, 0xff, 0xf0, 0x0, 0x0,
    0x0, 0x0, 0x0, 0xec, 0xff, 0x60, 0x0, 0x0,
    0xc4, 0xff, 0xb8, 0x7c, 0x7c, 0x7c, 0x7c, 0xa7,
    0xff, 0xf0, 0x0, 0x0, 0x0, 0x0, 0x0, 0xec,
    0xff, 0x60, 0x0, 0x0, 0xc4, 0xff, 0xba, 0x80,
    0x80, 0x80, 0x80, 0xaa, 0xff, 0xf0, 0x0, 0x0,
    0x0, 0x0, 0x0, 0xec, 0xff, 0x60, 0x12, 0x11,
    0xc4, 0xff, 0xff, 0xff, 0xff, 0xff, 0xff, 0xff,
    0xff, 0xf0, 0x0, 0x0, 0x0, 0x0, 0x0, 0xec,
    0xff, 0x85, 0xda, 0x5f, 0xc4, 0xff, 0x7b, 0xc,
    0xc, 0xc, 0xc, 0x5c, 0xff, 0xf0, 0x0, 0x0,
    0x0, 0x0, 0x0, 0xec, 0xff, 0xff, 0xff, 0xb6,
    0xc4, 0xff, 0xcc, 0xa0, 0xa0, 0xa0, 0xa0, 0xc0,
    0xff, 0xf0, 0x0, 0x0, 0x0, 0x0, 0xf, 0xfb,
    0xff, 0xff, 0xdc, 0x2b, 0xc4, 0xff, 0xf9, 0xf4,
    0xf4, 0xf4, 0xf4, 0xf8, 0xff, 0xf0, 0x0, 0x0,
    0x0, 0x0, 0x99, 0xff, 0xff, 0xbd, 0x12, 0x0,
    0xc4, 0xff, 0x74, 0x0, 0x0, 0x3, 0x0, 0x59,
    0xff, 0xf0, 0x0, 0x0, 0x0, 0x0, 0x73, 0xff,
    0x96, 0x4, 0x0, 0x0, 0xc4, 0xff, 0x74, 0x0,
    0x0, 0x81, 0xfd, 0xff, 0xff, 0xdb, 0x0, 0x0,
    0x0, 0x0, 0x5, 0x71, 0x0, 0x0, 0x0, 0x0,
    0xc4, 0xff, 0x74, 0x0, 0x0, 0x30, 0xff, 0xfd,
    0xd4, 0x4a, 0x0, 0x0, 0x0, 0x0, 0x0, 0x0,
    0x0, 0x0, 0x0, 0x0, 0x6, 0x8, 0x4, 0x0,
    0x0, 0x0, 0x4, 0x1, 0x0, 0x0, 0x0, 0x0,

    /* U+8FD4 "返" */
    0x0, 0x0, 0x5a, 0x35, 0x0, 0x0, 0x0, 0x0,
    0x0, 0x0, 0x3, 0x16, 0x30, 0x50, 0x71, 0x9a,
    0xd0, 0xb8, 0xa, 0x0, 0x0, 0x9b, 0xff, 0xee,
    0x2c, 0x0, 0x0, 0x59, 0xe1, 0xee, 0xfe, 0xff,
    0xff, 0xff, 0xff, 0xff, 0xff, 0xff, 0xc0, 0x8,
    0x0, 0x31, 0xf3, 0xff, 0xe8, 0x23, 0x0, 0x68,
    0xff, 0xff, 0xff, 0xff, 0xff, 0xec, 0xd0, 0xac,
    0x82, 0x53, 0x1a, 0x0, 0x0, 0x0, 0x48, 0xfc,
    0xff, 0x9f, 0x0, 0x68, 0xff, 0xfa, 0x2a, 0x1a,
    0x7, 0x0, 0x0, 0x0, 0x0, 0x0, 0x0, 0x0,
    0x0, 0x0, 0x0, 0x70, 0x79, 0x3, 0x0, 0x68,
    0xff, 0xfb, 0x5c, 0x5c, 0x5c, 0x5c, 0x5c, 0x5c,
    0x60, 0x3e, 0x3, 0x0, 0x0, 0x0, 0x0, 0x0,
    0x0, 0x0, 0x0, 0x68, 0xff, 0xff, 0xff, 0xff,
    0xff, 0xff, 0xff, 0xff, 0xff, 0xff, 0x58, 0x0,
    0x0, 0x0, 0x0, 0x0, 0x0, 0x0, 0x0, 0x6d,
    0xff, 0xfd, 0xc8, 0xc8, 0xc8, 0xc8, 0xc8, 0xe3,
    0xff, 0xff, 0x19, 0x0, 0x2e, 0xf4, 0xf4, 0xf4,
    0xf4, 0x6f, 0x0, 0x76, 0xff, 0xea, 0x4, 0x61,
    0x4, 0x0, 0x0, 0xbc, 0xff, 0xc8, 0x0, 0x0,
    0x30, 0xff, 0xff, 0xff, 0xff, 0x74, 0x0, 0x87,
    0xff, 0xdc, 0xb5, 0xff, 0xb8, 0xd, 0x3d, 0xff,
    0xff, 0x65, 0x0, 0x0, 0xe, 0x4c, 0x4c, 0xf8,
    0xff, 0x74, 0x0, 0xa6, 0xff, 0xb8, 0x81, 0xff,
    0xff, 0xd4, 0xd8, 0xff, 0xe5, 0x9, 0x0, 0x0,
    0x0, 0x0, 0x0, 0xf4, 0xff, 0x74, 0x0, 0xd8,
    0xff, 0x94, 0x0, 0x70, 0xff, 0xff, 0xff, 0xff,
    0x5c, 0x0, 0x0, 0x0, 0x0, 0x0, 0x0, 0xf4,
    0xff, 0x74, 0x1c, 0xff, 0xff, 0x5f, 0x0, 0x1,
    0xb7, 0xff, 0xff, 0xf8, 0x2f, 0x0, 0x0, 0x0,
    0x0, 0x0, 0x0, 0xf4, 0xff, 0x74, 0x7f, 0xff,
    0xff, 0x1b, 0x12, 0xac, 0xff, 0xff, 0xff, 0xff,
    0xee, 0x32, 0x0, 0x0, 0x0, 0x0, 0x0, 0xf4,
    0xff, 0x90, 0xf1, 0xff, 0xc4, 0x79, 0xed, 0xff,
    0xff, 0xd9, 0x7b, 0xff, 0xff, 0xee, 0x2b, 0x0,
    0x0, 0x0, 0x8, 0xf6, 0xff, 0x96, 0xc4, 0xff,
    0x4f, 0x91, 0xff, 0xff, 0xad, 0x12, 0x0, 0x75,
    0xff, 0xf1, 0x36, 0x0, 0x4, 0x76, 0xee, 0xff,
    0xff, 0xd6, 0x3f, 0x5d, 0x0, 0xf, 0xc4, 0x4f,
    0x0, 0x0, 0x0, 0x0, 0x87, 0x3a, 0x0, 0x0,
    0x6e, 0xff, 0xff, 0x96, 0x62, 0xf4, 0xff, 0xc5,
    0x7d, 0x59, 0x46, 0x3a, 0x38, 0x3d, 0x44, 0x50,
    0x63, 0x7c, 0x98, 0x47, 0xf, 0xed, 0xe6, 0x9,
    0x0, 0x2d, 0xd3, 0xff, 0xff, 0xff, 0xff, 0xff,
    0xff, 0xff, 0xff, 0xff, 0xff, 0xff, 0xff, 0x1f,
    0x0, 0x72, 0x77, 0x0, 0x0, 0x0, 0x4, 0x5b,
    0xb3, 0xe7, 0xff, 0xff, 0xff, 0xff, 0xff, 0xff,
    0xfd, 0xf2, 0xc8, 0x0, 0x0, 0x7, 0xf, 0x0,
    0x0, 0x0, 0x0, 0x0, 0x0, 0x0, 0x6, 0x14,
    0x18, 0x15, 0x10, 0x8, 0x1, 0x0, 0x0, 0x0,

    /* U+8FDE "连" */
    0x0, 0x0, 0x31, 0x59, 0x0, 0x0, 0x0, 0x0,
    0x0, 0x13, 0xb9, 0x75, 0x21, 0x0, 0x0, 0x0,
    0x0, 0x0, 0x0, 0x0, 0x0, 0x48, 0xfb, 0xfc,
    0x44, 0x0, 0x0, 0x0, 0x0, 0x5a, 0xff, 0xff,
    0x48, 0x0, 0x0, 0x0, 0x0, 0x0, 0x0, 0x0,
    0x0, 0x6, 0xc6, 0xff, 0xee, 0x20, 0x69, 0xd8,
    0xd8, 0xee, 0xff, 0xff, 0xdb, 0xd8, 0xd8, 0xd8,
    0xd8, 0xd8, 0x9b, 0x0, 0x0, 0x0, 0x1e, 0xef,
    0xff, 0xc4, 0x7c, 0xff, 0xff, 0xff, 0xff, 0xff,
    0xff, 0xff, 0xff, 0xff, 0xff, 0xff, 0xb8, 0x0,
    0x0, 0x0, 0x0, 0x60, 0xe2, 0x43, 0x1b, 0x38,
    0xa4, 0xff, 0xf7, 0x43, 0x4f, 0x54, 0x4b, 0x38,
    0x38, 0x38, 0x28, 0x0, 0x0, 0x0, 0x0, 0x1,
    0xf, 0x0, 0x0, 0xc, 0xea, 0xff, 0x92, 0x0,
    0xd0, 0xff, 0xac, 0x0, 0x0, 0x0, 0x0, 0x0,
    0xb, 0x30, 0x30, 0x30, 0x30, 0x11, 0x0, 0x90,
    0xff, 0xfa, 0x37, 0x20, 0xd6, 0xff, 0xb7, 0x20,
    0x20, 0x20, 0x3, 0x0, 0x38, 0xff, 0xff, 0xff,
    0xff, 0x5c, 0x22, 0xff, 0xff, 0xff, 0xff, 0xff,
    0xff, 0xff, 0xff, 0xff, 0xff, 0xff, 0x18, 0x0,
    0x38, 0xff, 0xff, 0xff, 0xff, 0x5c, 0x0, 0xca,
    0xff, 0xff, 0xff, 0xff, 0xff, 0xff, 0xff, 0xff,
    0xff, 0xff, 0x18, 0x0, 0x2, 0x8, 0x8, 0xf1,
    0xff, 0x5c, 0x0, 0x2a, 0x25, 0x19, 0x18, 0x18,
    0xd5, 0xff, 0xb4, 0x18, 0x18, 0x18, 0x2, 0x0,
    0x0, 0x0, 0x0, 0xf0, 0xff, 0x5c, 0x16, 0x20,
    0x20, 0x20, 0x20, 0x20, 0xd6, 0xff, 0xb7, 0x20,
    0x20, 0x20, 0x1e, 0x0, 0x0, 0x0, 0x0, 0xf0,
    0xff, 0x5c, 0xb0, 0xff, 0xff, 0xff, 0xff, 0xff,
    0xff, 0xff, 0xff, 0xff, 0xff, 0xff, 0xf0, 0x0,
    0x0, 0x0, 0x0, 0xf0, 0xff, 0x5c, 0xb0, 0xff,
    0xff, 0xff, 0xff, 0xff, 0xff, 0xff, 0xff, 0xff,
    0xff, 0xff, 0xf0, 0x0, 0x0, 0x0, 0x0, 0xf0,
    0xff, 0x5c, 0x16, 0x20, 0x20, 0x20, 0x20, 0x20,
    0xd6, 0xff, 0xb7, 0x20, 0x20, 0x20, 0x1e, 0x0,
    0x0, 0x0, 0x37, 0xf8, 0xff, 0x6a, 0x0, 0x0,
    0x0, 0x0, 0x0, 0x0, 0xd0, 0xff, 0xac, 0x0,
    0x0, 0x0, 0x0, 0x0, 0x3, 0x88, 0xfe, 0xff,
    0xff, 0xf9, 0x78, 0x4, 0x0, 0x0, 0x0, 0x0,
    0xc6, 0xf4, 0xa4, 0x0, 0x0, 0x0, 0x0, 0x6,
    0x89, 0xff, 0xff, 0xc0, 0x8a, 0xfd, 0xff, 0xe2,
    0x93, 0x6a, 0x56, 0x4a, 0x48, 0x4d, 0x56, 0x66,
    0x80, 0xa6, 0xd5, 0x7c, 0x3a, 0xfe, 0xef, 0x15,
    0x0, 0x4b, 0xec, 0xff, 0xff, 0xff, 0xff, 0xff,
    0xff, 0xff, 0xff, 0xff, 0xff, 0xff, 0xff, 0x37,
    0x0, 0x9c, 0x79, 0x0, 0x0, 0x0, 0x12, 0x7a,
    0xc8, 0xf6, 0xff, 0xff, 0xff, 0xff, 0xff, 0xff,
    0xfe, 0xf3, 0xe6, 0x5, 0x0, 0x14, 0xc, 0x0,
    0x0, 0x0, 0x0, 0x0, 0x0, 0x0, 0xe, 0x1a,
    0x1c, 0x17, 0x10, 0x8, 0x1, 0x0, 0x0, 0x0,

    /* U+914D "配" */
    0x28, 0xff, 0xff, 0xff, 0xff, 0xff, 0xff, 0xff,
    0xff, 0xff, 0x3c, 0xff, 0xff, 0xff, 0xff, 0xff,
    0xff, 0xff, 0xec, 0x0, 0x28, 0xff, 0xff, 0xff,
    0xff, 0xff, 0xff, 0xff, 0xff, 0xff, 0x3c, 0xff,
    0xff, 0xff, 0xff, 0xff, 0xff, 0xff, 0xec, 0x0,
    0x4, 0x1c, 0x1c, 0x83, 0xff, 0x46, 0xff, 0x8e,
    0x1c, 0x1c, 0x13, 0x50, 0x50, 0x50, 0x50, 0x50,
    0x95, 0xff, 0xec, 0x0, 0x0, 0x99, 0xc4, 0xdf,
    0xff, 0xd0, 0xff, 0xe2, 0xc4, 0x7b, 0x0, 0x0,
    0x0, 0x0, 0x0, 0x0, 0x64, 0xff, 0xec, 0x0,
    0x0, 0xc8, 0xff, 0xff, 0xff, 0xff, 0xff, 0xff,
    0xff, 0xa0, 0x0, 0x0, 0x0, 0x0, 0x0, 0x0,
    0x64, 0xff, 0xec, 0x0, 0x0, 0xc8, 0xff, 0x51,
    0xff, 0x79, 0xe1, 0x70, 0xff, 0xa0, 0x8, 0x30,
    0x30, 0x30, 0x30, 0x30, 0x81, 0xff, 0xec, 0x0,
    0x0, 0xc8, 0xff, 0x20, 0xff, 0x54, 0xd8, 0x48,
    0xff, 0xa0, 0x2c, 0xff, 0xff, 0xff, 0xff, 0xff,
    0xff, 0xff, 0xec, 0x0, 0x0, 0xc8, 0xff, 0x29,
    0xff, 0x4b, 0xd8, 0x48, 0xff, 0xa0, 0x2c, 0xff,
    0xff, 0xff, 0xff, 0xff, 0xff, 0xff, 0xec, 0x0,
    0x0, 0xc8, 0xff, 0x4b, 0xde, 0x48, 0xda, 0x4c,
    0xff, 0xa0, 0x2c, 0xff, 0xff, 0x73, 0x3c, 0x3c,
    0x89, 0xff, 0xec, 0x0, 0x0, 0xc8, 0xff, 0xb2,
    0x97, 0x2b, 0xfe, 0xff, 0xff, 0xa0, 0x2c, 0xff,
    0xff, 0x48, 0x0, 0x0, 0x3f, 0xa0, 0x94, 0x0,
    0x0, 0xc8, 0xff, 0x56, 0x17, 0x0, 0x1a, 0x65,
    0xff, 0xa0, 0x2c, 0xff, 0xff, 0x48, 0x0, 0x0,
    0x0, 0x0, 0x0, 0x0, 0x0, 0xc8, 0xff, 0xa5,
    0xa0, 0xa0, 0xa0, 0xbb, 0xff, 0xa0, 0x2c, 0xff,
    0xff, 0x48, 0x0, 0x0, 0x0, 0x0, 0x0, 0x0,
    0x0, 0xc8, 0xff, 0xff, 0xff, 0xff, 0xff, 0xff,
    0xff, 0xa0, 0x2c, 0xff, 0xff, 0x48, 0x0, 0x0,
    0x0, 0x6a, 0x76, 0x18, 0x0, 0xc8, 0xff, 0x17,
    0xc, 0xc, 0xc, 0x51, 0xff, 0xa0, 0x2c, 0xff,
    0xff, 0x48, 0x0, 0x0, 0x0, 0x89, 0xff, 0xa9,
    0x0, 0xc8, 0xff, 0xac, 0xa8, 0xa8, 0xa8, 0xc1,
    0xff, 0xa0, 0x2c, 0xff, 0xff, 0x48, 0x0, 0x0,
    0x0, 0xa1, 0xff, 0x8e, 0x0, 0xc8, 0xff, 0xff,
    0xff, 0xff, 0xff, 0xff, 0xff, 0xa0, 0x21, 0xff,
    0xff, 0x8b, 0x3c, 0x3c, 0x43, 0xe5, 0xff, 0x62,
    0x0, 0xc8, 0xff, 0x3e, 0x34, 0x34, 0x34, 0x6d,
    0xff, 0xa0, 0x3, 0xed, 0xff, 0xff, 0xff, 0xff,
    0xff, 0xff, 0xfb, 0x1b, 0x0, 0xc8, 0xff, 0xc,
    0x0, 0x0, 0x0, 0x40, 0xe4, 0x8f, 0x0, 0x4f,
    0xda, 0xfd, 0xff, 0xff, 0xff, 0xe6, 0x63, 0x0,
    0x0, 0x22, 0x2c, 0x2, 0x0, 0x0, 0x0, 0x0,
    0x0, 0x0, 0x0, 0x0, 0x0, 0x0, 0x0, 0x0,
    0x0, 0x0, 0x0, 0x0,

    /* U+95F4 "间" */
    0x0, 0x2b, 0xab, 0x1e, 0x0, 0x0, 0x0, 0x0,
    0x0, 0x0, 0x0, 0x0, 0x0, 0x0, 0x0, 0x0,
    0x0, 0x0, 0xf, 0xed, 0xff, 0xd9, 0x13, 0x10,
    0xff, 0xff, 0xff, 0xff, 0xff, 0xff, 0xff, 0xff,
    0xff, 0xff, 0xff, 0xec, 0x0, 0x4e, 0xff, 0xff,
    0xb6, 0x10, 0xff, 0xff, 0xff, 0xff, 0xff, 0xff,
    0xff, 0xff, 0xff, 0xff, 0xff, 0xec, 0x0, 0x0,
    0x93, 0xff, 0x9c, 0x9, 0x3c, 0x3c, 0x3c, 0x3c,
    0x3c, 0x3c, 0x3c, 0x3c, 0x3c, 0xaa, 0xff, 0xec,
    0x0, 0x0, 0x10, 0x53, 0x0, 0x0, 0x0, 0x0,
    0x0, 0x0, 0x0, 0x0, 0x0, 0x0, 0x0, 0x90,
    0xff, 0xec, 0x89, 0xf4, 0xe1, 0x0, 0x2, 0x28,
    0x28, 0x28, 0x28, 0x28, 0x28, 0x28, 0x28, 0x8,
    0x0, 0x90, 0xff, 0xec, 0x90, 0xff, 0xec, 0x0,
    0xc, 0xff, 0xff, 0xff, 0xff, 0xff, 0xff, 0xff,
    0xff, 0x34, 0x0, 0x90, 0xff, 0xec, 0x90, 0xff,
    0xec, 0x0, 0xc, 0xff, 0xff, 0xca, 0xc4, 0xc4,
    0xc7, 0xff, 0xff, 0x34, 0x0, 0x90, 0xff, 0xec,
    0x90, 0xff, 0xec, 0x0, 0xc, 0xff, 0xff, 0x18,
    0x0, 0x0, 0xc, 0xff, 0xff, 0x34, 0x0, 0x90,
    0xff, 0xec, 0x90, 0xff, 0xec, 0x0, 0xc, 0xff,
    0xff, 0xcd, 0xc8, 0xc8, 0xcb, 0xff, 0xff, 0x34,
    0x0, 0x90, 0xff, 0xec, 0x90, 0xff, 0xec, 0x0,
    0xc, 0xff, 0xff, 0xff, 0xff, 0xff, 0xff, 0xff,
    0xff, 0x34, 0x0, 0x90, 0xff, 0xec, 0x90, 0xff,
    0xec, 0x0, 0xc, 0xff, 0xff, 0x39, 0x24, 0x24,
    0x2e, 0xff, 0xff, 0x34, 0x0, 0x90, 0xff, 0xec,
    0x90, 0xff, 0xec, 0x0, 0xc, 0xff, 0xff, 0x18,
    0x0, 0x0, 0xc, 0xff, 0xff, 0x34, 0x0, 0x90,
    0xff, 0xec, 0x90, 0xff, 0xec, 0x0, 0xc, 0xff,
    0xff, 0xe3, 0xe0, 0xe0, 0xe2, 0xff, 0xff, 0x34,
    0x0, 0x90, 0xff, 0xec, 0x90, 0xff, 0xec, 0x0,
    0xc, 0xff, 0xff, 0xff, 0xff, 0xff, 0xff, 0xff,
    0xff, 0x34, 0x0, 0x90, 0xff, 0xec, 0x90, 0xff,
    0xec, 0x0, 0x1, 0xc, 0xc, 0xc, 0xc, 0xc,
    0xc, 0xc, 0xc, 0x2, 0x0, 0x90, 0xff, 0xec,
    0x90, 0xff, 0xec, 0x0, 0x0, 0x0, 0x0, 0x0,
    0x0, 0x0, 0x0, 0x0, 0x0, 0x14, 0x1d, 0xa3,
    0xff, 0xeb, 0x90, 0xff, 0xec, 0x0, 0x0, 0x0,
    0x0, 0x0, 0x0, 0x0, 0x0, 0x0, 0x0, 0x59,
    0xff, 0xff, 0xff, 0xd1, 0x90, 0xff, 0xec, 0x0,
    0x0, 0x0, 0x0, 0x0, 0x0, 0x0, 0x0, 0x0,
    0x0, 0xb, 0xf9, 0xf2, 0xc9, 0x40,

    /* U+9664 "除" */
    0x0, 0x0, 0x0, 0x0, 0x0, 0x0, 0x0, 0x0,
    0x0, 0x0, 0x0, 0x0, 0x0, 0x0, 0x0, 0x0,
    0x0, 0x0, 0x0, 0x0, 0x0, 0x0, 0x0, 0x4,
    0x0, 0x0, 0x0, 0x0, 0x0, 0x0, 0xa4, 0xb5,
    0x3a, 0x0, 0x0, 0x0, 0x0, 0x0, 0xec, 0xff,
    0xff, 0xff, 0xff, 0xae, 0x1a, 0x0, 0x0, 0x0,
    0x5e, 0xff, 0xff, 0x5c, 0x0, 0x0, 0x0, 0x0,
    0x0, 0xec, 0xff, 0xff, 0xff, 0xff, 0xff, 0x1f,
    0x0, 0x0, 0x4c, 0xf9, 0xff, 0xff, 0xf0, 0x40,
    0x0, 0x0, 0x0, 0x0, 0xec, 0xff, 0x4d, 0x70,
    0xff, 0xce, 0x0, 0x0, 0x63, 0xfa, 0xff, 0xb2,
    0xb2, 0xff, 0xfb, 0x73, 0x2, 0x0, 0x0, 0xec,
    0xff, 0x30, 0x93, 0xff, 0x7c, 0x14, 0xa7, 0xff,
    0xff, 0xae, 0x7, 0x6, 0xa4, 0xff, 0xff, 0xc8,
    0x37, 0x0, 0xec, 0xff, 0x30, 0xd8, 0xff, 0x56,
    0xf0, 0xff, 0xfd, 0x82, 0x2, 0x0, 0x0, 0x1,
    0x7a, 0xfd, 0xff, 0xf4, 0x24, 0xec, 0xff, 0x56,
    0xff, 0xd5, 0x0, 0x8d, 0xf1, 0xfe, 0xf4, 0xf4,
    0xf4, 0xf4, 0xf4, 0xf4, 0xf8, 0xdc, 0x4e, 0x0,
    0xec, 0xff, 0x48, 0xef, 0xf9, 0x27, 0x5, 0x3a,
    0xff, 0xff, 0xff, 0xff, 0xff, 0xff, 0xff, 0xf4,
    0x6, 0x0, 0x0, 0xec, 0xff, 0x30, 0x7c, 0xff,
    0x9b, 0x0, 0x5, 0x1c, 0x1c, 0x1c, 0xee, 0xff,
    0x72, 0x1c, 0x1b, 0x0, 0x0, 0x0, 0xec, 0xff,
    0x30, 0x30, 0xff, 0xe5, 0x26, 0x38, 0x38, 0x38,
    0x38, 0xf0, 0xff, 0x83, 0x38, 0x38, 0x38, 0x32,
    0x0, 0xec, 0xff, 0x30, 0xb, 0xff, 0xff, 0xb5,
    0xff, 0xff, 0xff, 0xff, 0xff, 0xff, 0xff, 0xff,
    0xff, 0xff, 0xe4, 0x0, 0xec, 0xff, 0x30, 0x23,
    0xff, 0xff, 0xae, 0xf4, 0xf4, 0xf4, 0xf4, 0xff,
    0xff, 0xf9, 0xf4, 0xf4, 0xf4, 0xd9, 0x0, 0xec,
    0xff, 0xa6, 0xf3, 0xff, 0xe4, 0x0, 0x1a, 0x34,
    0x2, 0x0, 0xec, 0xff, 0x60, 0x5, 0x55, 0x2,
    0x0, 0x0, 0xec, 0xff, 0x7f, 0xff, 0xf5, 0x59,
    0x0, 0x99, 0xff, 0xab, 0x0, 0xec, 0xff, 0x61,
    0xc7, 0xff, 0x7e, 0x0, 0x0, 0xec, 0xff, 0x3c,
    0x2a, 0xa, 0x0, 0x2d, 0xfc, 0xff, 0x41, 0x0,
    0xec, 0xff, 0x60, 0x51, 0xff, 0xfb, 0x32, 0x0,
    0xec, 0xff, 0x30, 0x0, 0x0, 0x8, 0xce, 0xff,
    0xb0, 0x0, 0x0, 0xec, 0xff, 0x60, 0x0, 0xae,
    0xff, 0xcb, 0x1, 0xec, 0xff, 0x30, 0x0, 0x0,
    0x76, 0xff, 0xf0, 0x2a, 0x22, 0x24, 0xf2, 0xff,
    0x5f, 0x0, 0x20, 0xf9, 0xfd, 0x33, 0xec, 0xff,
    0x30, 0x0, 0x0, 0x2, 0x7f, 0x52, 0x12, 0xf6,
    0xff, 0xff, 0xff, 0x41, 0x0, 0x0, 0x68, 0x2f,
    0x0, 0xec, 0xff, 0x30, 0x0, 0x0, 0x0, 0x0,
    0x0, 0x0, 0xb0, 0xf9, 0xe1, 0x87, 0x2, 0x0,
    0x0, 0x0, 0x0, 0x0,

    /* U+9694 "隔" */
    0x0, 0x0, 0x0, 0x0, 0x2, 0x0, 0x0, 0x0,
    0x0, 0x0, 0x0, 0x0, 0x0, 0x0, 0x0, 0x0,
    0x0, 0x0, 0xe5, 0xf8, 0xf8, 0xf8, 0xfb, 0xa1,
    0x97, 0xff, 0xff, 0xff, 0xff, 0xff, 0xff, 0xff,
    0xff, 0xff, 0xff, 0xe8, 0xec, 0xff, 0xff, 0xff,
    0xff, 0xff, 0x9f, 0xff, 0xff, 0xff, 0xff, 0xff,
    0xff, 0xff, 0xff, 0xff, 0xff, 0xe8, 0xec, 0xff,
    0x4a, 0x73, 0xff, 0xc8, 0x2, 0x74, 0x90, 0x90,
    0x90, 0x90, 0x90, 0x90, 0x90, 0x90, 0x85, 0x4,
    0xec, 0xff, 0x24, 0x93, 0xff, 0x70, 0x0, 0xcc,
    0xff, 0xff, 0xff, 0xff, 0xff, 0xff, 0xff, 0xff,
    0xec, 0x0, 0xec, 0xff, 0x24, 0xd7, 0xfc, 0x18,
    0x0, 0xcc, 0xff, 0x3e, 0xc, 0xc, 0xc, 0xc,
    0x41, 0xff, 0xec, 0x0, 0xec, 0xff, 0x45, 0xff,
    0xbf, 0x0, 0x0, 0xcc, 0xff, 0xe0, 0xd8, 0xd8,
    0xd8, 0xd8, 0xe1, 0xff, 0xec, 0x0, 0xec, 0xff,
    0x2f, 0xdf, 0xfa, 0x2a, 0x0, 0x8c, 0xb0, 0xb0,
    0xb0, 0xb0, 0xb0, 0xb0, 0xb0, 0xb0, 0xa2, 0x0,
    0xec, 0xff, 0x24, 0x6a, 0xff, 0xa1, 0x45, 0xa4,
    0xa4, 0xa4, 0xa4, 0xa4, 0xa4, 0xa4, 0xa4, 0xa4,
    0xa4, 0x5f, 0xec, 0xff, 0x24, 0x26, 0xff, 0xe9,
    0x6c, 0xff, 0xff, 0xff, 0xff, 0xff, 0xff, 0xff,
    0xff, 0xff, 0xff, 0x94, 0xec, 0xff, 0x24, 0x7,
    0xff, 0xff, 0x79, 0xff, 0x90, 0x48, 0x9d, 0x22,
    0x20, 0x71, 0x49, 0x90, 0xff, 0x94, 0xec, 0xff,
    0x24, 0x1d, 0xff, 0xff, 0x7b, 0xff, 0x80, 0x82,
    0xff, 0x61, 0x8, 0xf0, 0xe3, 0x86, 0xff, 0x94,
    0xec, 0xff, 0x94, 0xf2, 0xff, 0xed, 0x6c, 0xff,
    0x80, 0x10, 0xf1, 0xd7, 0x61, 0xff, 0x64, 0x80,
    0xff, 0x94, 0xec, 0xff, 0x4d, 0xff, 0xff, 0x74,
    0x6c, 0xff, 0x80, 0x90, 0xdf, 0xb5, 0xe1, 0xff,
    0x9e, 0x80, 0xff, 0x94, 0xec, 0xff, 0x29, 0x48,
    0x23, 0x0, 0x6c, 0xff, 0x80, 0xe1, 0xf4, 0xff,
    0xff, 0xf5, 0xf0, 0x80, 0xff, 0x94, 0xec, 0xff,
    0x24, 0x0, 0x0, 0x0, 0x6c, 0xff, 0x80, 0x0,
    0x0, 0xfc, 0xff, 0xc, 0x0, 0x80, 0xff, 0x94,
    0xec, 0xff, 0x24, 0x0, 0x0, 0x0, 0x6c, 0xff,
    0x80, 0x0, 0x0, 0xfc, 0xff, 0xc, 0x0, 0x81,
    0xff, 0x94, 0xec, 0xff, 0x24, 0x0, 0x0, 0x0,
    0x6c, 0xff, 0x80, 0x0, 0x0, 0xfc, 0xff, 0xc,
    0xb7, 0xf3, 0xff, 0x88, 0xec, 0xff, 0x24, 0x0,
    0x0, 0x0, 0x6c, 0xff, 0x80, 0x0, 0x0, 0xfc,
    0xff, 0xc, 0x8e, 0xff, 0xd8, 0x2c, 0x0, 0x0,
    0x0, 0x0, 0x0, 0x0, 0x7, 0x10, 0x8, 0x0,
    0x0, 0x0, 0x0, 0x0, 0x7, 0x9, 0x0, 0x0,

    /* U+9762 "面" */
    0xff, 0xff, 0xff, 0xff, 0xff, 0xff, 0xff, 0xff,
    0xff, 0xff, 0xff, 0xff, 0xff, 0xff, 0xff, 0xff,
    0xff, 0xff, 0x14, 0xff, 0xff, 0xff, 0xff, 0xff,
    0xff, 0xff, 0xff, 0xff, 0xff, 0xff, 0xff, 0xff,
    0xff, 0xff, 0xff, 0xff, 0xff, 0x14, 0x44, 0x44,
    0x44, 0x44, 0x44, 0x44, 0x44, 0xcf, 0xff, 0xf7,
    0x46, 0x44, 0x44, 0x44, 0x44, 0x44, 0x44, 0x44,
    0x5, 0x0, 0x0, 0x0, 0x0, 0x0, 0x0, 0x0,
    0xe2, 0xff, 0xaf, 0x0, 0x0, 0x0, 0x0, 0x0,
    0x0, 0x0, 0x0, 0x0, 0x2e, 0xf4, 0xf4, 0xf4,
    0xf4, 0xf4, 0xf4, 0xff, 0xff, 0xfa, 0xf4, 0xf4,
    0xf4, 0xf4, 0xf4, 0xf4, 0xf4, 0x26, 0x0, 0x30,
    0xff, 0xff, 0xff, 0xff, 0xff, 0xff, 0xff, 0xff,
    0xff, 0xff, 0xff, 0xff, 0xff, 0xff, 0xff, 0xff,
    0x28, 0x0, 0x30, 0xff, 0xff, 0x5b, 0x40, 0xdf,
    0xff, 0x7c, 0x40, 0x40, 0xb2, 0xff, 0xac, 0x40,
    0x76, 0xff, 0xff, 0x28, 0x0, 0x30, 0xff, 0xff,
    0x24, 0x0, 0xd4, 0xff, 0x58, 0xc, 0xc, 0x9d,
    0xff, 0x90, 0x0, 0x48, 0xff, 0xff, 0x28, 0x0,
    0x30, 0xff, 0xff, 0x24, 0x0, 0xd4, 0xff, 0xff,
    0xff, 0xff, 0xff, 0xff, 0x90, 0x0, 0x48, 0xff,
    0xff, 0x28, 0x0, 0x30, 0xff, 0xff, 0x24, 0x0,
    0xd4, 0xff, 0xe5, 0xd8, 0xd8, 0xf0, 0xff, 0x90,
    0x0, 0x48, 0xff, 0xff, 0x28, 0x0, 0x30, 0xff,
    0xff, 0x24, 0x0, 0xd4, 0xff, 0x50, 0x0, 0x0,
    0x98, 0xff, 0x90, 0x0, 0x48, 0xff, 0xff, 0x28,
    0x0, 0x30, 0xff, 0xff, 0x24, 0x0, 0xd4, 0xff,
    0xe2, 0xd4, 0xd4, 0xee, 0xff, 0x90, 0x0, 0x48,
    0xff, 0xff, 0x28, 0x0, 0x30, 0xff, 0xff, 0x24,
    0x0, 0xd4, 0xff, 0xff, 0xff, 0xff, 0xff, 0xff,
    0x90, 0x0, 0x48, 0xff, 0xff, 0x28, 0x0, 0x30,
    0xff, 0xff, 0x24, 0x0, 0xd4, 0xff, 0x58, 0xc,
    0xc, 0x9d, 0xff, 0x90, 0x0, 0x48, 0xff, 0xff,
    0x28, 0x0, 0x30, 0xff, 0xff, 0x5e, 0x44, 0xe0,
    0xff, 0x7f, 0x44, 0x44, 0xb4, 0xff, 0xae, 0x44,
    0x79, 0xff, 0xff, 0x28, 0x0, 0x30, 0xff, 0xff,
    0xff, 0xff, 0xff, 0xff, 0xff, 0xff, 0xff, 0xff,
    0xff, 0xff, 0xff, 0xff, 0xff, 0xff, 0x28, 0x0,
    0x30, 0xff, 0xff, 0xf6, 0xf4, 0xf4, 0xf4, 0xf4,
    0xf4, 0xf4, 0xf4, 0xf4, 0xf4, 0xf4, 0xf7, 0xff,
    0xff, 0x28, 0x0, 0x30, 0xff, 0xff, 0x24, 0x0,
    0x0, 0x0, 0x0, 0x0, 0x0, 0x0, 0x0, 0x0,
    0x0, 0x48, 0xff, 0xff, 0x28, 0x0,

    /* U+9875 "页" */
    0x0, 0x94, 0xff, 0xff, 0xff, 0xff, 0xff, 0xff,
    0xff, 0xff, 0xff, 0xff, 0xff, 0xff, 0xff, 0xff,
    0xff, 0xff, 0xec, 0x0, 0x0, 0x94, 0xff, 0xff,
    0xff, 0xff, 0xff, 0xff, 0xff, 0xff, 0xff, 0xff,
    0xff, 0xff, 0xff, 0xff, 0xff, 0xff, 0xec, 0x0,
    0x0, 0x23, 0x3c, 0x3c, 0x3c, 0x3c, 0x3c, 0x3c,
    0xdc, 0xff, 0xdd, 0x3c, 0x3c, 0x3c, 0x3c, 0x3c,
    0x3c, 0x3c, 0x37, 0x0, 0x0, 0x0, 0x0, 0x4,
    0x4, 0x4, 0x4, 0x1b, 0xfe, 0xff, 0x67, 0x4,
    0x4, 0x4, 0x4, 0x4, 0x4, 0x2, 0x0, 0x0,
    0x0, 0x0, 0x0, 0xf0, 0xff, 0xff, 0xff, 0xff,
    0xff, 0xff, 0xff, 0xff, 0xff, 0xff, 0xff, 0xff,
    0xff, 0x6c, 0x0, 0x0, 0x0, 0x0, 0x0, 0xf0,
    0xff, 0xff, 0xff, 0xff, 0xff, 0xff, 0xff, 0xff,
    0xff, 0xff, 0xff, 0xff, 0xff, 0x6c, 0x0, 0x0,
    0x0, 0x0, 0x0, 0xf0, 0xff, 0x9b, 0x30, 0x30,
    0x30, 0x30, 0x30, 0x30, 0x30, 0x30, 0x51, 0xff,
    0xff, 0x6c, 0x0, 0x0, 0x0, 0x0, 0x0, 0xf0,
    0xff, 0x84, 0x0, 0x0, 0x17, 0xf8, 0xf8, 0x5d,
    0x0, 0x0, 0x28, 0xff, 0xff, 0x6c, 0x0, 0x0,
    0x0, 0x0, 0x0, 0xf0, 0xff, 0x84, 0x0, 0x0,
    0x18, 0xff, 0xff, 0x60, 0x0, 0x0, 0x28, 0xff,
    0xff, 0x6c, 0x0, 0x0, 0x0, 0x0, 0x0, 0xf0,
    0xff, 0x84, 0x0, 0x0, 0x18, 0xff, 0xff, 0x60,
    0x0, 0x0, 0x28, 0xff, 0xff, 0x6c, 0x0, 0x0,
    0x0, 0x0, 0x0, 0xf0, 0xff, 0x84, 0x0, 0x0,
    0x19, 0xff, 0xff, 0x5f, 0x0, 0x0, 0x28, 0xff,
    0xff, 0x6c, 0x0, 0x0, 0x0, 0x0, 0x0, 0xf0,
    0xff, 0x84, 0x0, 0x0, 0x37, 0xff, 0xff, 0x4f,
    0x0, 0x0, 0x28, 0xff, 0xff, 0x6c, 0x0, 0x0,
    0x0, 0x0, 0x0, 0xf0, 0xff, 0x84, 0x0, 0x0,
    0xa3, 0xff, 0xfd, 0x24, 0x5f, 0xb, 0x28, 0xff,
    0xff, 0x6c, 0x0, 0x0, 0x0, 0x0, 0x0, 0x47,
    0x4c, 0x27, 0x5, 0x89, 0xff, 0xff, 0xa6, 0xb4,
    0xff, 0xf0, 0x91, 0x55, 0x3c, 0x19, 0x0, 0x0,
    0x0, 0x0, 0x0, 0x0, 0xd, 0x63, 0xd9, 0xff,
    0xff, 0xcd, 0x16, 0x67, 0xdf, 0xff, 0xff, 0xf8,
    0x92, 0x17, 0x0, 0x0, 0x2, 0x3f, 0x76, 0xb5,
    0xf7, 0xff, 0xff, 0xfe, 0x9b, 0xd, 0x0, 0x0,
    0x5, 0x64, 0xdf, 0xff, 0xff, 0xf4, 0x77, 0x4,
    0x0, 0x8d, 0xff, 0xff, 0xff, 0xf4, 0xa0, 0x2d,
    0x0, 0x0, 0x0, 0x0, 0x0, 0x0, 0x6, 0x70,
    0xef, 0xff, 0xb6, 0x2, 0x0, 0x5, 0xaa, 0x8f,
    0x4c, 0x9, 0x0, 0x0, 0x0, 0x0, 0x0, 0x0,
    0x0, 0x0, 0x0, 0x0, 0x17, 0x95, 0x12, 0x0,

    /* U+9AD8 "高" */
    0x0, 0x0, 0x0, 0x0, 0x0, 0x0, 0x0, 0x0,
    0xf, 0x3d, 0x0, 0x0, 0x0, 0x0, 0x0, 0x0,
    0x0, 0x0, 0x0, 0x0, 0x0, 0x0, 0x0, 0x0,
    0x0, 0x79, 0xfd, 0xff, 0x26, 0x0, 0x0, 0x0,
    0x0, 0x0, 0x0, 0x0, 0x51, 0x58, 0x58, 0x58,
    0x58, 0x58, 0x58, 0x8c, 0xff, 0xff, 0xa8, 0x58,
    0x58, 0x58, 0x58, 0x58, 0x58, 0x49, 0xec, 0xff,
    0xff, 0xff, 0xff, 0xff, 0xff, 0xff, 0xff, 0xff,
    0xff, 0xff, 0xff, 0xff, 0xff, 0xff, 0xff, 0xd4,
    0xa2, 0xb0, 0xb0, 0xb0, 0xb0, 0xb0, 0xb0, 0xb0,
    0xb0, 0xb0, 0xb0, 0xb0, 0xb0, 0xb0, 0xb0, 0xb0,
    0xb0, 0x92, 0x0, 0x0, 0x26, 0x90, 0x90, 0x90,
    0x90, 0x90, 0x90, 0x90, 0x90, 0x90, 0x90, 0x90,
    0x90, 0x41, 0x0, 0x0, 0x0, 0x0, 0x44, 0xff,
    0xff, 0xff, 0xff, 0xff, 0xff, 0xff, 0xff, 0xff,
    0xff, 0xff, 0xff, 0x74, 0x0, 0x0, 0x0, 0x0,
    0x44, 0xff, 0xff, 0x2e, 0xc, 0xc, 0xc, 0xc,
    0xc, 0xc, 0x1f, 0xff, 0xff, 0x74, 0x0, 0x0,
    0x0, 0x0, 0x44, 0xff, 0xff, 0xb1, 0xa4, 0xa4,
    0xa4, 0xa4, 0xa4, 0xa4, 0xab, 0xff, 0xff, 0x74,
    0x0, 0x0, 0x0, 0x0, 0x41, 0xf4, 0xf4, 0xf4,
    0xf4, 0xf4, 0xf4, 0xf4, 0xf4, 0xf4, 0xf4, 0xf4,
    0xf4, 0x6f, 0x0, 0x0, 0x1a, 0x44, 0x44, 0x44,
    0x44, 0x44, 0x44, 0x44, 0x44, 0x44, 0x44, 0x44,
    0x44, 0x44, 0x44, 0x44, 0x44, 0x1a, 0x60, 0xff,
    0xff, 0xff, 0xff, 0xff, 0xff, 0xff, 0xff, 0xff,
    0xff, 0xff, 0xff, 0xff, 0xff, 0xff, 0xff, 0x60,
    0x60, 0xff, 0xfc, 0xa8, 0xa8, 0xa8, 0xa8, 0xa8,
    0xa8, 0xa8, 0xa8, 0xa8, 0xa8, 0xa8, 0xac, 0xff,
    0xff, 0x60, 0x60, 0xff, 0xf4, 0x0, 0x53, 0xa0,
    0xa0, 0xa0, 0xa0, 0xa0, 0xa0, 0xa0, 0xa0, 0x23,
    0xc, 0xff, 0xff, 0x60, 0x60, 0xff, 0xf4, 0x0,
    0x84, 0xff, 0xff, 0xff, 0xff, 0xff, 0xff, 0xff,
    0xff, 0x38, 0xc, 0xff, 0xff, 0x60, 0x60, 0xff,
    0xf4, 0x0, 0x84, 0xff, 0xb8, 0xc, 0xc, 0xc,
    0xc, 0xe2, 0xff, 0x38, 0xc, 0xff, 0xff, 0x60,
    0x60, 0xff, 0xf4, 0x0, 0x84, 0xff, 0xe9, 0xb4,
    0xb4, 0xb4, 0xb4, 0xf7, 0xff, 0x38, 0xc, 0xff,
    0xff, 0x60, 0x60, 0xff, 0xf4, 0x0, 0x84, 0xff,
    0xfc, 0xf4, 0xf4, 0xf4, 0xf4, 0xf4, 0xfb, 0x38,
    0xd, 0xff, 0xff, 0x60, 0x60, 0xff, 0xf4, 0x0,
    0x5b, 0xb0, 0x7c, 0x0, 0x0, 0x0, 0x0, 0x0,
    0x4d, 0xe4, 0xe4, 0xff, 0xff, 0x4a, 0x60, 0xff,
    0xf4, 0x0, 0x0, 0x0, 0x0, 0x0, 0x0, 0x0,
    0x0, 0x0, 0x4, 0xd3, 0xd7, 0xc6, 0x7e, 0x3
};


/*---------------------
 *  GLYPH DESCRIPTION
 *--------------------*/

static const lv_font_fmt_txt_glyph_dsc_t glyph_dsc[] = {
    {.bitmap_index = 0, .adv_w = 0, .box_w = 0, .box_h = 0, .ofs_x = 0, .ofs_y = 0} /* id = 0 reserved */,
    {.bitmap_index = 0, .adv_w = 160, .box_w = 0, .box_h = 0, .ofs_x = 0, .ofs_y = 0},
    {.bitmap_index = 0, .adv_w = 160, .box_w = 4, .box_h = 15, .ofs_x = 3, .ofs_y = 0},
    {.bitmap_index = 60, .adv_w = 160, .box_w = 8, .box_h = 7, .ofs_x = 1, .ofs_y = 9},
    {.bitmap_index = 116, .adv_w = 160, .box_w = 10, .box_h = 15, .ofs_x = 0, .ofs_y = 0},
    {.bitmap_index = 266, .adv_w = 160, .box_w = 9, .box_h = 20, .ofs_x = 0, .ofs_y = -2},
    {.bitmap_index = 446, .adv_w = 160, .box_w = 10, .box_h = 15, .ofs_x = 0, .ofs_y = 0},
    {.bitmap_index = 596, .adv_w = 160, .box_w = 9, .box_h = 15, .ofs_x = 1, .ofs_y = 0},
    {.bitmap_index = 731, .adv_w = 160, .box_w = 4, .box_h = 7, .ofs_x = 3, .ofs_y = 9},
    {.bitmap_index = 759, .adv_w = 160, .box_w = 7, .box_h = 22, .ofs_x = 2, .ofs_y = -4},
    {.bitmap_index = 913, .adv_w = 160, .box_w = 7, .box_h = 22, .ofs_x = 1, .ofs_y = -4},
    {.bitmap_index = 1067, .adv_w = 160, .box_w = 10, .box_h = 9, .ofs_x = 0, .ofs_y = 8},
    {.bitmap_index = 1157, .adv_w = 160, .box_w = 8, .box_h = 9, .ofs_x = 1, .ofs_y = 2},
    {.bitmap_index = 1229, .adv_w = 160, .box_w = 5, .box_h = 10, .ofs_x = 2, .ofs_y = -5},
    {.bitmap_index = 1279, .adv_w = 160, .box_w = 8, .box_h = 2, .ofs_x = 1, .ofs_y = 6},
    {.bitmap_index = 1295, .adv_w = 160, .box_w = 4, .box_h = 5, .ofs_x = 3, .ofs_y = 0},
    {.bitmap_index = 1315, .adv_w = 160, .box_w = 8, .box_h = 20, .ofs_x = 1, .ofs_y = -3},
    {.bitmap_index = 1475, .adv_w = 160, .box_w = 8, .box_h = 15, .ofs_x = 1, .ofs_y = 0},
    {.bitmap_index = 1595, .adv_w = 160, .box_w = 6, .box_h = 15, .ofs_x = 1, .ofs_y = 0},
    {.bitmap_index = 1685, .adv_w = 160, .box_w = 8, .box_h = 15, .ofs_x = 1, .ofs_y = 0},
    {.bitmap_index = 1805, .adv_w = 160, .box_w = 10, .box_h = 15, .ofs_x = 0, .ofs_y = 0},
    {.bitmap_index = 1955, .adv_w = 160, .box_w = 8, .box_h = 15, .ofs_x = 1, .ofs_y = 0},
    {.bitmap_index = 2075, .adv_w = 160, .box_w = 8, .box_h = 15, .ofs_x = 1, .ofs_y = 0},
    {.bitmap_index = 2195, .adv_w = 160, .box_w = 8, .box_h = 15, .ofs_x = 1, .ofs_y = 0},
    {.bitmap_index = 2315, .adv_w = 160, .box_w = 8, .box_h = 15, .ofs_x = 1, .ofs_y = 0},
    {.bitmap_index = 2435, .adv_w = 160, .box_w = 8, .box_h = 15, .ofs_x = 1, .ofs_y = 0},
    {.bitmap_index = 2555, .adv_w = 160, .box_w = 8, .box_h = 15, .ofs_x = 1, .ofs_y = 0},
    {.bitmap_index = 2675, .adv_w = 160, .box_w = 4, .box_h = 11, .ofs_x = 3, .ofs_y = 0},
    {.bitmap_index = 2719, .adv_w = 160, .box_w = 5, .box_h = 16, .ofs_x = 2, .ofs_y = -5},
    {.bitmap_index = 2799, .adv_w = 160, .box_w = 9, .box_h = 12, .ofs_x = 1, .ofs_y = 1},
    {.bitmap_index = 2907, .adv_w = 160, .box_w = 8, .box_h = 6, .ofs_x = 1, .ofs_y = 4},
    {.bitmap_index = 2955, .adv_w = 160, .box_w = 9, .box_h = 12, .ofs_x = 0, .ofs_y = 1},
    {.bitmap_index = 3063, .adv_w = 160, .box_w = 8, .box_h = 15, .ofs_x = 1, .ofs_y = 0},
    {.bitmap_index = 3183, .adv_w = 160, .box_w = 8, .box_h = 17, .ofs_x = 1, .ofs_y = -2},
    {.bitmap_index = 3319, .adv_w = 160, .box_w = 10, .box_h = 15, .ofs_x = 0, .ofs_y = 0},
    {.bitmap_index = 3469, .adv_w = 160, .box_w = 9, .box_h = 15, .ofs_x = 1, .ofs_y = 0},
    {.bitmap_index = 3604, .adv_w = 160, .box_w = 8, .box_h = 15, .ofs_x = 1, .ofs_y = 0},
    {.bitmap_index = 3724, .adv_w = 160, .box_w = 8, .box_h = 15, .ofs_x = 1, .ofs_y = 0},
    {.bitmap_index = 3844, .adv_w = 160, .box_w = 8, .box_h = 15, .ofs_x = 1, .ofs_y = 0},
    {.bitmap_index = 3964, .adv_w = 160, .box_w = 8, .box_h = 15, .ofs_x = 1, .ofs_y = 0},
    {.bitmap_index = 4084, .adv_w = 160, .box_w = 8, .box_h = 15, .ofs_x = 1, .ofs_y = 0},
    {.bitmap_index = 4204, .adv_w = 160, .box_w = 8, .box_h = 15, .ofs_x = 1, .ofs_y = 0},
    {.bitmap_index = 4324, .adv_w = 160, .box_w = 8, .box_h = 15, .ofs_x = 1, .ofs_y = 0},
    {.bitmap_index = 4444, .adv_w = 160, .box_w = 9, .box_h = 15, .ofs_x = 0, .ofs_y = 0},
    {.bitmap_index = 4579, .adv_w = 160, .box_w = 9, .box_h = 15, .ofs_x = 1, .ofs_y = 0},
    {.bitmap_index = 4714, .adv_w = 160, .box_w = 8, .box_h = 15, .ofs_x = 1, .ofs_y = 0},
    {.bitmap_index = 4834, .adv_w = 160, .box_w = 10, .box_h = 15, .ofs_x = 0, .ofs_y = 0},
    {.bitmap_index = 4984, .adv_w = 160, .box_w = 8, .box_h = 15, .ofs_x = 1, .ofs_y = 0},
    {.bitmap_index = 5104, .adv_w = 160, .box_w = 8, .box_h = 15, .ofs_x = 1, .ofs_y = 0},
    {.bitmap_index = 5224, .adv_w = 160, .box_w = 9, .box_h = 15, .ofs_x = 1, .ofs_y = 0},
    {.bitmap_index = 5359, .adv_w = 160, .box_w = 8, .box_h = 19, .ofs_x = 1, .ofs_y = -4},
    {.bitmap_index = 5511, .adv_w = 160, .box_w = 9, .box_h = 15, .ofs_x = 1, .ofs_y = 0},
    {.bitmap_index = 5646, .adv_w = 160, .box_w = 9, .box_h = 15, .ofs_x = 0, .ofs_y = 0},
    {.bitmap_index = 5781, .adv_w = 160, .box_w = 8, .box_h = 15, .ofs_x = 1, .ofs_y = 0},
    {.bitmap_index = 5901, .adv_w = 160, .box_w = 8, .box_h = 15, .ofs_x = 1, .ofs_y = 0},
    {.bitmap_index = 6021, .adv_w = 160, .box_w = 10, .box_h = 15, .ofs_x = 0, .ofs_y = 0},
    {.bitmap_index = 6171, .adv_w = 160, .box_w = 10, .box_h = 15, .ofs_x = 0, .ofs_y = 0},
    {.bitmap_index = 6321, .adv_w = 160, .box_w = 10, .box_h = 15, .ofs_x = 0, .ofs_y = 0},
    {.bitmap_index = 6471, .adv_w = 160, .box_w = 10, .box_h = 15, .ofs_x = 0, .ofs_y = 0},
    {.bitmap_index = 6621, .adv_w = 160, .box_w = 8, .box_h = 15, .ofs_x = 1, .ofs_y = 0},
    {.bitmap_index = 6741, .adv_w = 160, .box_w = 7, .box_h = 20, .ofs_x = 2, .ofs_y = -3},
    {.bitmap_index = 6881, .adv_w = 160, .box_w = 8, .box_h = 20, .ofs_x = 1, .ofs_y = -3},
    {.bitmap_index = 7041, .adv_w = 160, .box_w = 7, .box_h = 20, .ofs_x = 1, .ofs_y = -3},
    {.bitmap_index = 7181, .adv_w = 160, .box_w = 10, .box_h = 7, .ofs_x = 0, .ofs_y = 8},
    {.bitmap_index = 7251, .adv_w = 160, .box_w = 8, .box_h = 2, .ofs_x = 1, .ofs_y = -2},
    {.bitmap_index = 7267, .adv_w = 160, .box_w = 7, .box_h = 6, .ofs_x = 1, .ofs_y = 11},
    {.bitmap_index = 7309, .adv_w = 160, .box_w = 8, .box_h = 11, .ofs_x = 1, .ofs_y = 0},
    {.bitmap_index = 7397, .adv_w = 160, .box_w = 8, .box_h = 15, .ofs_x = 1, .ofs_y = 0},
    {.bitmap_index = 7517, .adv_w = 160, .box_w = 8, .box_h = 11, .ofs_x = 1, .ofs_y = 0},
    {.bitmap_index = 7605, .adv_w = 160, .box_w = 8, .box_h = 15, .ofs_x = 1, .ofs_y = 0},
    {.bitmap_index = 7725, .adv_w = 160, .box_w = 8, .box_h = 11, .ofs_x = 1, .ofs_y = 0},
    {.bitmap_index = 7813, .adv_w = 160, .box_w = 9, .box_h = 15, .ofs_x = 1, .ofs_y = 0},
    {.bitmap_index = 7948, .adv_w = 160, .box_w = 8, .box_h = 15, .ofs_x = 1, .ofs_y = -4},
    {.bitmap_index = 8068, .adv_w = 160, .box_w = 8, .box_h = 15, .ofs_x = 1, .ofs_y = 0},
    {.bitmap_index = 8188, .adv_w = 160, .box_w = 8, .box_h = 15, .ofs_x = 1, .ofs_y = 0},
    {.bitmap_index = 8308, .adv_w = 160, .box_w = 8, .box_h = 19, .ofs_x = 0, .ofs_y = -4},
    {.bitmap_index = 8460, .adv_w = 160, .box_w = 9, .box_h = 15, .ofs_x = 1, .ofs_y = 0},
    {.bitmap_index = 8595, .adv_w = 160, .box_w = 8, .box_h = 15, .ofs_x = 1, .ofs_y = 0},
    {.bitmap_index = 8715, .adv_w = 160, .box_w = 10, .box_h = 11, .ofs_x = 0, .ofs_y = 0},
    {.bitmap_index = 8825, .adv_w = 160, .box_w = 8, .box_h = 11, .ofs_x = 1, .ofs_y = 0},
    {.bitmap_index = 8913, .adv_w = 160, .box_w = 8, .box_h = 11, .ofs_x = 1, .ofs_y = 0},
    {.bitmap_index = 9001, .adv_w = 160, .box_w = 8, .box_h = 15, .ofs_x = 1, .ofs_y = -4},
    {.bitmap_index = 9121, .adv_w = 160, .box_w = 8, .box_h = 15, .ofs_x = 1, .ofs_y = -4},
    {.bitmap_index = 9241, .adv_w = 160, .box_w = 8, .box_h = 11, .ofs_x = 2, .ofs_y = 0},
    {.bitmap_index = 9329, .adv_w = 160, .box_w = 8, .box_h = 11, .ofs_x = 1, .ofs_y = 0},
    {.bitmap_index = 9417, .adv_w = 160, .box_w = 9, .box_h = 15, .ofs_x = 1, .ofs_y = 0},
    {.bitmap_index = 9552, .adv_w = 160, .box_w = 8, .box_h = 11, .ofs_x = 1, .ofs_y = 0},
    {.bitmap_index = 9640, .adv_w = 160, .box_w = 10, .box_h = 11, .ofs_x = 0, .ofs_y = 0},
    {.bitmap_index = 9750, .adv_w = 160, .box_w = 10, .box_h = 11, .ofs_x = 0, .ofs_y = 0},
    {.bitmap_index = 9860, .adv_w = 160, .box_w = 10, .box_h = 11, .ofs_x = 0, .ofs_y = 0},
    {.bitmap_index = 9970, .adv_w = 160, .box_w = 10, .box_h = 15, .ofs_x = 0, .ofs_y = -4},
    {.bitmap_index = 10120, .adv_w = 160, .box_w = 8, .box_h = 11, .ofs_x = 1, .ofs_y = 0},
    {.bitmap_index = 10208, .adv_w = 160, .box_w = 8, .box_h = 21, .ofs_x = 1, .ofs_y = -3},
    {.bitmap_index = 10376, .adv_w = 160, .box_w = 4, .box_h = 21, .ofs_x = 3, .ofs_y = -3},
    {.bitmap_index = 10460, .adv_w = 160, .box_w = 8, .box_h = 21, .ofs_x = 1, .ofs_y = -3},
    {.bitmap_index = 10628, .adv_w = 160, .box_w = 10, .box_h = 5, .ofs_x = 0, .ofs_y = 4},
    {.bitmap_index = 10678, .adv_w = 160, .box_w = 6, .box_h = 5, .ofs_x = 2, .ofs_y = 11},
    {.bitmap_index = 10708, .adv_w = 160, .box_w = 10, .box_h = 17, .ofs_x = 0, .ofs_y = -1},
    {.bitmap_index = 10878, .adv_w = 320, .box_w = 19, .box_h = 20, .ofs_x = 1, .ofs_y = -2},
    {.bitmap_index = 11258, .adv_w = 320, .box_w = 20, .box_h = 19, .ofs_x = 0, .ofs_y = -2},
    {.bitmap_index = 11638, .adv_w = 320, .box_w = 20, .box_h = 19, .ofs_x = 0, .ofs_y = -2},
    {.bitmap_index = 12018, .adv_w = 320, .box_w = 19, .box_h = 20, .ofs_x = 0, .ofs_y = -3},
    {.bitmap_index = 12398, .adv_w = 320, .box_w = 20, .box_h = 20, .ofs_x = 0, .ofs_y = -3},
    {.bitmap_index = 12798, .adv_w = 320, .box_w = 20, .box_h = 18, .ofs_x = 0, .ofs_y = -2},
    {.bitmap_index = 13158, .adv_w = 320, .box_w = 16, .box_h = 19, .ofs_x = 2, .ofs_y = -3},
    {.bitmap_index = 13462, .adv_w = 320, .box_w = 18, .box_h = 18, .ofs_x = 1, .ofs_y = -2},
    {.bitmap_index = 13786, .adv_w = 320, .box_w = 19, .box_h = 21, .ofs_x = 0, .ofs_y = -3},
    {.bitmap_index = 14185, .adv_w = 320, .box_w = 18, .box_h = 18, .ofs_x = 1, .ofs_y = -2},
    {.bitmap_index = 14509, .adv_w = 320, .box_w = 20, .box_h = 18, .ofs_x = 0, .ofs_y = -2},
    {.bitmap_index = 14869, .adv_w = 320, .box_w = 20, .box_h = 19, .ofs_x = 0, .ofs_y = -2},
    {.bitmap_index = 15249, .adv_w = 320, .box_w = 20, .box_h = 19, .ofs_x = 0, .ofs_y = -3},
    {.bitmap_index = 15629, .adv_w = 320, .box_w = 19, .box_h = 18, .ofs_x = 1, .ofs_y = -2},
    {.bitmap_index = 15971, .adv_w = 320, .box_w = 20, .box_h = 19, .ofs_x = 0, .ofs_y = -2},
    {.bitmap_index = 16351, .adv_w = 320, .box_w = 20, .box_h = 20, .ofs_x = 0, .ofs_y = -2},
    {.bitmap_index = 16751, .adv_w = 320, .box_w = 20, .box_h = 19, .ofs_x = 0, .ofs_y = -3},
    {.bitmap_index = 17131, .adv_w = 320, .box_w = 20, .box_h = 20, .ofs_x = 0, .ofs_y = -3},
    {.bitmap_index = 17531, .adv_w = 320, .box_w = 20, .box_h = 20, .ofs_x = 0, .ofs_y = -2},
    {.bitmap_index = 17931, .adv_w = 320, .box_w = 20, .box_h = 21, .ofs_x = 0, .ofs_y = -3},
    {.bitmap_index = 18351, .adv_w = 320, .box_w = 20, .box_h = 20, .ofs_x = 0, .ofs_y = -2},
    {.bitmap_index = 18751, .adv_w = 320, .box_w = 20, .box_h = 19, .ofs_x = 0, .ofs_y = -3},
    {.bitmap_index = 19131, .adv_w = 320, .box_w = 19, .box_h = 19, .ofs_x = 1, .ofs_y = -2},
    {.bitmap_index = 19492, .adv_w = 320, .box_w = 20, .box_h = 19, .ofs_x = 0, .ofs_y = -3},
    {.bitmap_index = 19872, .adv_w = 320, .box_w = 20, .box_h = 19, .ofs_x = 0, .ofs_y = -2},
    {.bitmap_index = 20252, .adv_w = 320, .box_w = 20, .box_h = 21, .ofs_x = 0, .ofs_y = -3},
    {.bitmap_index = 20672, .adv_w = 320, .box_w = 19, .box_h = 19, .ofs_x = 0, .ofs_y = -2},
    {.bitmap_index = 21033, .adv_w = 320, .box_w = 20, .box_h = 19, .ofs_x = 0, .ofs_y = -2},
    {.bitmap_index = 21413, .adv_w = 320, .box_w = 20, .box_h = 21, .ofs_x = 0, .ofs_y = -3},
    {.bitmap_index = 21833, .adv_w = 320, .box_w = 20, .box_h = 20, .ofs_x = 0, .ofs_y = -3},
    {.bitmap_index = 22233, .adv_w = 320, .box_w = 20, .box_h = 19, .ofs_x = 0, .ofs_y = -2},
    {.bitmap_index = 22613, .adv_w = 320, .box_w = 20, .box_h = 19, .ofs_x = 0, .ofs_y = -2},
    {.bitmap_index = 22993, .adv_w = 320, .box_w = 20, .box_h = 20, .ofs_x = 0, .ofs_y = -3},
    {.bitmap_index = 23393, .adv_w = 320, .box_w = 20, .box_h = 19, .ofs_x = 0, .ofs_y = -2},
    {.bitmap_index = 23773, .adv_w = 320, .box_w = 18, .box_h = 19, .ofs_x = 2, .ofs_y = -2},
    {.bitmap_index = 24115, .adv_w = 320, .box_w = 20, .box_h = 19, .ofs_x = 0, .ofs_y = -3},
    {.bitmap_index = 24495, .adv_w = 320, .box_w = 19, .box_h = 19, .ofs_x = 0, .ofs_y = -2},
    {.bitmap_index = 24856, .adv_w = 320, .box_w = 19, .box_h = 21, .ofs_x = 0, .ofs_y = -3},
    {.bitmap_index = 25255, .adv_w = 320, .box_w = 20, .box_h = 20, .ofs_x = 0, .ofs_y = -2},
    {.bitmap_index = 25655, .adv_w = 320, .box_w = 20, .box_h = 19, .ofs_x = 0, .ofs_y = -2},
    {.bitmap_index = 26035, .adv_w = 320, .box_w = 20, .box_h = 20, .ofs_x = 0, .ofs_y = -3},
    {.bitmap_index = 26435, .adv_w = 320, .box_w = 18, .box_h = 18, .ofs_x = 1, .ofs_y = -2},
    {.bitmap_index = 26759, .adv_w = 320, .box_w = 19, .box_h = 18, .ofs_x = 1, .ofs_y = -2},
    {.bitmap_index = 27101, .adv_w = 320, .box_w = 20, .box_h = 18, .ofs_x = 0, .ofs_y = -2},
    {.bitmap_index = 27461, .adv_w = 320, .box_w = 20, .box_h = 19, .ofs_x = 0, .ofs_y = -2},
    {.bitmap_index = 27841, .adv_w = 320, .box_w = 20, .box_h = 20, .ofs_x = 0, .ofs_y = -3},
    {.bitmap_index = 28241, .adv_w = 320, .box_w = 20, .box_h = 20, .ofs_x = 0, .ofs_y = -3},
    {.bitmap_index = 28641, .adv_w = 320, .box_w = 20, .box_h = 20, .ofs_x = 0, .ofs_y = -3},
    {.bitmap_index = 29041, .adv_w = 320, .box_w = 20, .box_h = 19, .ofs_x = 0, .ofs_y = -3},
    {.bitmap_index = 29421, .adv_w = 320, .box_w = 18, .box_h = 19, .ofs_x = 1, .ofs_y = -2},
    {.bitmap_index = 29763, .adv_w = 320, .box_w = 19, .box_h = 20, .ofs_x = 1, .ofs_y = -2},
    {.bitmap_index = 30143, .adv_w = 320, .box_w = 18, .box_h = 20, .ofs_x = 1, .ofs_y = -3},
    {.bitmap_index = 30503, .adv_w = 320, .box_w = 19, .box_h = 18, .ofs_x = 1, .ofs_y = -2},
    {.bitmap_index = 30845, .adv_w = 320, .box_w = 20, .box_h = 18, .ofs_x = 0, .ofs_y = -2},
    {.bitmap_index = 31205, .adv_w = 320, .box_w = 18, .box_h = 20, .ofs_x = 1, .ofs_y = -2}
};

/*---------------------
 *  CHARACTER MAPPING
 *--------------------*/

static const uint16_t unicode_list_1[] = {
    0x0, 0x2053, 0x4d8b, 0x50c3, 0x5116, 0x51ef, 0x51f8, 0x52db,
    0x5333, 0x535c, 0x537f, 0x562e, 0x5879, 0x5b5f, 0x5b9f, 0x5d42,
    0x5da5, 0x5df6, 0x5e50, 0x62f5, 0x62f7, 0x64b3, 0x6500, 0x6530,
    0x6546, 0x6644, 0x667a, 0x6771, 0x6ab5, 0x6b64, 0x6c91, 0x6d55,
    0x6d79, 0x7009, 0x703d, 0x72d7, 0x7485, 0x749c, 0x7735, 0x7c4b,
    0x7df7, 0x7e0f, 0x7e2f, 0x7ea1, 0x7ebe, 0x8143, 0x8b0e, 0x8b47,
    0x8f24, 0x8f2e, 0x909d, 0x9544, 0x95b4, 0x95e4, 0x96b2, 0x97c5,
    0x9a28
};

/*Collect the unicode lists and glyph_id offsets*/
static const lv_font_fmt_txt_cmap_t cmaps[] =
{
    {
        .range_start = 32, .range_length = 95, .glyph_id_start = 1,
        .unicode_list = NULL, .glyph_id_ofs_list = NULL, .list_length = 0, .type = LV_FONT_FMT_TXT_CMAP_FORMAT0_TINY
    },
    {
        .range_start = 176, .range_length = 39465, .glyph_id_start = 96,
        .unicode_list = unicode_list_1, .glyph_id_ofs_list = NULL, .list_length = 57, .type = LV_FONT_FMT_TXT_CMAP_SPARSE_TINY
    }
};



/*--------------------
 *  ALL CUSTOM DATA
 *--------------------*/

#if LVGL_VERSION_MAJOR == 8
/*Store all the custom data of the font*/
static  lv_font_fmt_txt_glyph_cache_t cache;
#endif

#if LVGL_VERSION_MAJOR >= 8
static const lv_font_fmt_txt_dsc_t font_dsc = {
#else
static lv_font_fmt_txt_dsc_t font_dsc = {
#endif
    .glyph_bitmap = glyph_bitmap,
    .glyph_dsc = glyph_dsc,
    .cmaps = cmaps,
    .kern_dsc = NULL,
    .kern_scale = 0,
    .cmap_num = 2,
    .bpp = 8,
    .kern_classes = 0,
    .bitmap_format = 0,
#if LVGL_VERSION_MAJOR == 8
    .cache = &cache
#endif
};



/*-----------------
 *  PUBLIC FONT
 *----------------*/

/*Initialize a public general font descriptor*/
#if LVGL_VERSION_MAJOR >= 8
const lv_font_t ui_font_ASCII20MONO = {
#else
lv_font_t ui_font_ASCII20MONO = {
#endif
    .get_glyph_dsc = lv_font_get_glyph_dsc_fmt_txt,    /*Function pointer to get glyph's data*/
    .get_glyph_bitmap = lv_font_get_bitmap_fmt_txt,    /*Function pointer to get glyph's bitmap*/
    .line_height = 23,          /*The maximum line height required by the font*/
    .base_line = 5,             /*Baseline measured from the bottom of the line*/
#if !(LVGL_VERSION_MAJOR == 6 && LVGL_VERSION_MINOR == 0)
    .subpx = LV_FONT_SUBPX_NONE,
#endif
#if LV_VERSION_CHECK(7, 4, 0) || LVGL_VERSION_MAJOR >= 8
    .underline_position = -1,
    .underline_thickness = 1,
#endif
    .dsc = &font_dsc,          /*The custom font data. Will be accessed by `get_glyph_bitmap/dsc` */
#if LV_VERSION_CHECK(8, 2, 0) || LVGL_VERSION_MAJOR >= 9
    .fallback = NULL,
#endif
    .user_data = NULL,
};



#endif /*#if UI_FONT_ASCII20MONO*/

